City,Operating Margin,Price per Unit,Product_Men's Athletic Footwear,Product_Men's Street Footwear,Product_Women's Apparel,Product_Women's Athletic Footwear,Product_Women's Street Footwear,Region_Northeast,Region_South,Region_Southeast,Region_West,Retailer ID,Retailer_Foot Locker,Retailer_Kohl's,Retailer_Sports Direct,Retailer_Walmart,Retailer_West Gear,Sales Method_Online,Sales Method_Outlet,State,inv_day,inv_month,inv_year,Units Sold
33.0,0.42,47.0,0.0,0.0,0.0,0.0,0.0,0.0,0.0,0.0,0.0,1185732.0,1.0,0.0,0.0,0.0,0.0,1.0,0.0,22.0,2.0,11.0,2020.0,19
23.0,0.5,49.0,1.0,0.0,0.0,0.0,0.0,0.0,0.0,0.0,0.0,1185732.0,0.0,0.0,0.0,0.0,1.0,1.0,0.0,13.0,9.0,7.0,2021.0,84
5.0,0.5499999999999999,39.0,0.0,0.0,0.0,1.0,0.0,0.0,0.0,0.0,0.0,1189833.0,0.0,1.0,0.0,0.0,0.0,1.0,0.0,25.0,1.0,3.0,2021.0,119
38.0,0.35,25.000000000000007,0.0,0.0,0.0,0.0,1.0,0.0,0.0,0.0,0.0,1185732.0,1.0,0.0,0.0,0.0,0.0,0.0,1.0,26.0,10.0,6.0,2021.0,75
17.0,0.4,20.000000000000004,0.0,0.0,1.0,0.0,0.0,0.0,0.0,0.0,0.0,1185732.0,1.0,0.0,0.0,0.0,0.0,0.0,0.0,14.0,5.0,3.0,2021.0,250
33.0,0.3,44.99999999999999,0.0,0.0,0.0,0.0,0.0,0.0,0.0,0.0,0.0,1185732.0,1.0,0.0,0.0,0.0,0.0,0.0,1.0,22.0,14.0,12.0,2020.0,75
50.0,0.44999999999999996,59.0,0.0,0.0,0.0,1.0,0.0,0.0,0.0,0.0,0.0,1197831.0,1.0,0.0,0.0,0.0,0.0,1.0,0.0,15.0,12.0,12.0,2021.0,90
50.0,0.35,10.000000000000002,0.0,0.0,0.0,0.0,1.0,0.0,0.0,0.0,0.0,1197831.0,0.0,1.0,0.0,0.0,0.0,1.0,0.0,15.0,12.0,3.0,2021.0,250
18.0,0.4,30.0,0.0,1.0,0.0,0.0,0.0,0.0,0.0,0.0,0.0,1185732.0,1.0,0.0,0.0,0.0,0.0,0.0,0.0,21.0,18.0,1.0,2021.0,625
50.0,0.5,47.0,0.0,0.0,0.0,0.0,1.0,0.0,0.0,0.0,0.0,1197831.0,0.0,1.0,0.0,0.0,0.0,1.0,0.0,15.0,13.0,8.0,2021.0,102
18.0,0.51,53.0,1.0,0.0,0.0,0.0,0.0,0.0,0.0,0.0,0.0,1185732.0,0.0,0.0,1.0,0.0,0.0,1.0,0.0,21.0,15.0,7.0,2021.0,189
49.0,0.44999999999999996,34.0,1.0,0.0,0.0,0.0,0.0,0.0,0.0,0.0,0.0,1185732.0,1.0,0.0,0.0,0.0,0.0,1.0,0.0,24.0,17.0,3.0,2021.0,87
23.0,0.52,24.0,0.0,0.0,1.0,0.0,0.0,0.0,0.0,0.0,0.0,1185732.0,0.0,0.0,0.0,0.0,1.0,1.0,0.0,13.0,9.0,3.0,2021.0,74
32.0,0.35,30.00000000000001,1.0,0.0,0.0,0.0,0.0,0.0,0.0,0.0,0.0,1185732.0,0.0,0.0,0.0,0.0,1.0,0.0,0.0,48.0,4.0,9.0,2021.0,250
5.0,0.3,45.0,1.0,0.0,0.0,0.0,0.0,0.0,0.0,0.0,0.0,1189833.0,0.0,1.0,0.0,0.0,0.0,0.0,1.0,25.0,22.0,1.0,2021.0,425
5.0,0.45,45.0,0.0,1.0,0.0,0.0,0.0,0.0,0.0,0.0,0.0,1189833.0,0.0,1.0,0.0,0.0,0.0,0.0,1.0,25.0,8.0,2.0,2021.0,675
33.0,0.3,45.00000000000001,1.0,0.0,0.0,0.0,0.0,0.0,0.0,0.0,0.0,1185732.0,1.0,0.0,0.0,0.0,0.0,0.0,1.0,22.0,23.0,11.0,2020.0,300
14.0,0.51,24.0,0.0,0.0,0.0,1.0,0.0,0.0,0.0,0.0,0.0,1185732.0,0.0,0.0,0.0,0.0,0.0,1.0,0.0,34.0,9.0,9.0,2021.0,113
50.0,0.35,35.0,1.0,0.0,0.0,0.0,0.0,0.0,0.0,0.0,0.0,1197831.0,0.0,1.0,0.0,0.0,0.0,1.0,0.0,15.0,14.0,6.0,2021.0,325
48.0,0.35,50.0,0.0,0.0,0.0,0.0,0.0,0.0,0.0,0.0,0.0,1185732.0,1.0,0.0,0.0,0.0,0.0,1.0,0.0,40.0,12.0,8.0,2021.0,175
17.0,0.43,39.0,0.0,0.0,0.0,0.0,1.0,0.0,0.0,0.0,0.0,1185732.0,1.0,0.0,0.0,0.0,0.0,1.0,0.0,14.0,6.0,8.0,2021.0,61
17.0,0.3,50.0,0.0,1.0,0.0,0.0,0.0,0.0,0.0,0.0,0.0,1185732.0,1.0,0.0,0.0,0.0,0.0,0.0,0.0,14.0,5.0,7.0,2021.0,550
23.0,0.55,36.0,0.0,1.0,0.0,0.0,0.0,0.0,0.0,0.0,0.0,1185732.0,0.0,0.0,0.0,0.0,1.0,1.0,0.0,13.0,10.0,6.0,2021.0,155
33.0,0.41,44.0,0.0,0.0,0.0,0.0,1.0,0.0,0.0,0.0,0.0,1185732.0,1.0,0.0,0.0,0.0,0.0,1.0,0.0,22.0,24.0,12.0,2020.0,56
33.0,0.49000000000000005,36.0,0.0,0.0,0.0,1.0,0.0,0.0,0.0,0.0,0.0,1185732.0,1.0,0.0,0.0,0.0,0.0,1.0,0.0,22.0,13.0,11.0,2020.0,13
49.0,0.35,25.0,0.0,0.0,0.0,0.0,0.0,0.0,0.0,0.0,0.0,1185732.0,1.0,0.0,0.0,0.0,0.0,0.0,0.0,24.0,19.0,9.0,2021.0,275
5.0,0.39999999999999997,40.0,0.0,0.0,0.0,1.0,0.0,0.0,0.0,0.0,0.0,1189833.0,0.0,1.0,0.0,0.0,0.0,0.0,1.0,25.0,1.0,3.0,2021.0,425
33.0,0.3,45.0,1.0,0.0,0.0,0.0,0.0,0.0,0.0,0.0,0.0,1185732.0,1.0,0.0,0.0,0.0,0.0,0.0,1.0,22.0,23.0,12.0,2020.0,275
17.0,0.42,14.0,0.0,0.0,0.0,1.0,0.0,0.0,0.0,0.0,0.0,1185732.0,1.0,0.0,0.0,0.0,0.0,1.0,0.0,14.0,5.0,3.0,2021.0,28
50.0,0.35,30.000000000000004,0.0,0.0,1.0,0.0,0.0,0.0,0.0,0.0,0.0,1197831.0,0.0,1.0,0.0,0.0,0.0,1.0,0.0,15.0,13.0,4.0,2021.0,300
33.0,0.45,35.0,0.0,1.0,0.0,0.0,0.0,0.0,0.0,0.0,0.0,1189833.0,0.0,1.0,0.0,0.0,0.0,0.0,1.0,22.0,28.0,12.0,2020.0,475
50.0,0.35,25.000000000000007,0.0,0.0,0.0,0.0,0.0,0.0,0.0,0.0,0.0,1197831.0,0.0,1.0,0.0,0.0,0.0,1.0,0.0,15.0,12.0,9.0,2021.0,225
33.0,0.48000000000000004,43.0,0.0,1.0,0.0,0.0,0.0,0.0,0.0,0.0,0.0,1185732.0,1.0,0.0,0.0,0.0,0.0,1.0,0.0,22.0,4.0,12.0,2020.0,113
13.0,0.6,49.0,0.0,0.0,1.0,0.0,0.0,0.0,0.0,0.0,0.0,1185732.0,1.0,0.0,0.0,0.0,0.0,1.0,0.0,12.0,23.0,6.0,2021.0,65
48.0,0.44,43.0,0.0,0.0,0.0,0.0,1.0,0.0,0.0,0.0,0.0,1185732.0,0.0,0.0,1.0,0.0,0.0,1.0,0.0,40.0,12.0,11.0,2021.0,57
50.0,0.3,30.000000000000004,0.0,0.0,0.0,0.0,1.0,0.0,0.0,0.0,0.0,1185732.0,1.0,0.0,0.0,0.0,0.0,1.0,0.0,15.0,12.0,1.0,2021.0,275
18.0,0.47,29.0,1.0,0.0,0.0,0.0,0.0,0.0,0.0,0.0,0.0,1185732.0,1.0,0.0,0.0,0.0,0.0,1.0,0.0,21.0,18.0,1.0,2021.0,123
32.0,0.44999999999999996,48.0,0.0,0.0,0.0,1.0,0.0,0.0,0.0,0.0,0.0,1185732.0,0.0,0.0,0.0,0.0,1.0,1.0,0.0,48.0,2.0,12.0,2021.0,73
23.0,0.4,35.0,1.0,0.0,0.0,0.0,0.0,0.0,0.0,0.0,0.0,1185732.0,0.0,0.0,0.0,0.0,1.0,0.0,0.0,13.0,10.0,11.0,2021.0,325
23.0,0.35,30.000000000000004,0.0,0.0,0.0,1.0,0.0,0.0,0.0,0.0,0.0,1185732.0,0.0,0.0,0.0,0.0,1.0,0.0,0.0,13.0,10.0,2.0,2021.0,125
38.0,0.4,45.0,0.0,1.0,0.0,0.0,0.0,0.0,0.0,0.0,0.0,1185732.0,1.0,0.0,0.0,0.0,0.0,0.0,1.0,26.0,26.0,6.0,2021.0,550
19.0,0.3,20.000000000000004,0.0,0.0,0.0,0.0,1.0,0.0,0.0,0.0,0.0,1185732.0,0.0,0.0,1.0,0.0,0.0,1.0,0.0,33.0,9.0,4.0,2021.0,150
14.0,0.55,23.0,0.0,0.0,0.0,0.0,1.0,0.0,0.0,0.0,0.0,1185732.0,0.0,0.0,0.0,0.0,0.0,1.0,0.0,34.0,9.0,9.0,2021.0,138
48.0,0.49,53.0,0.0,1.0,0.0,0.0,0.0,0.0,0.0,0.0,0.0,1185732.0,0.0,0.0,1.0,0.0,0.0,1.0,0.0,40.0,12.0,11.0,2021.0,104
33.0,0.45,60.0,0.0,0.0,1.0,0.0,0.0,0.0,0.0,0.0,0.0,1185732.0,1.0,0.0,0.0,0.0,0.0,0.0,0.0,22.0,15.0,11.0,2020.0,175
13.0,0.45999999999999996,47.0,0.0,0.0,0.0,0.0,0.0,0.0,0.0,0.0,0.0,1185732.0,1.0,0.0,0.0,0.0,0.0,1.0,0.0,12.0,10.0,7.0,2021.0,56
19.0,0.4,30.000000000000004,0.0,0.0,1.0,0.0,0.0,0.0,0.0,0.0,0.0,1185732.0,0.0,0.0,1.0,0.0,0.0,1.0,0.0,33.0,8.0,3.0,2021.0,225
19.0,0.44999999999999996,46.0,1.0,0.0,0.0,0.0,0.0,0.0,0.0,0.0,0.0,1185732.0,1.0,0.0,0.0,0.0,0.0,1.0,0.0,33.0,8.0,12.0,2021.0,75
38.0,0.35,25.0,0.0,0.0,0.0,0.0,1.0,0.0,0.0,0.0,0.0,1185732.0,1.0,0.0,0.0,0.0,0.0,0.0,1.0,26.0,29.0,5.0,2021.0,175
19.0,0.35,40.0,0.0,1.0,0.0,0.0,0.0,0.0,0.0,0.0,0.0,1185732.0,0.0,0.0,1.0,0.0,0.0,0.0,0.0,33.0,10.0,9.0,2021.0,475
38.0,0.5,35.0,0.0,0.0,1.0,0.0,0.0,0.0,0.0,0.0,0.0,1185732.0,1.0,0.0,0.0,0.0,0.0,0.0,1.0,26.0,1.0,6.0,2021.0,200
23.0,0.51,23.0,0.0,1.0,0.0,0.0,0.0,0.0,0.0,0.0,0.0,1185732.0,0.0,0.0,0.0,0.0,1.0,1.0,0.0,13.0,9.0,3.0,2021.0,151
23.0,0.51,41.0,0.0,0.0,0.0,0.0,0.0,0.0,0.0,0.0,0.0,1185732.0,0.0,0.0,0.0,0.0,1.0,1.0,0.0,13.0,17.0,1.0,2021.0,54
5.0,0.5700000000000001,34.0,0.0,1.0,0.0,0.0,0.0,0.0,0.0,0.0,0.0,1189833.0,0.0,1.0,0.0,0.0,0.0,1.0,0.0,25.0,3.0,1.0,2021.0,158
5.0,0.45,45.0,0.0,0.0,0.0,0.0,1.0,0.0,0.0,0.0,0.0,1189833.0,0.0,1.0,0.0,0.0,0.0,0.0,1.0,25.0,5.0,1.0,2021.0,450
19.0,0.4,42.0,1.0,0.0,0.0,0.0,0.0,0.0,0.0,0.0,0.0,1185732.0,0.0,0.0,1.0,0.0,0.0,1.0,0.0,33.0,9.0,8.0,2021.0,90
50.0,0.35,40.0,0.0,1.0,0.0,0.0,0.0,0.0,0.0,0.0,0.0,1197831.0,0.0,1.0,0.0,0.0,0.0,1.0,0.0,15.0,14.0,6.0,2021.0,575
49.0,0.5,45.0,0.0,0.0,1.0,0.0,0.0,0.0,0.0,0.0,0.0,1185732.0,1.0,0.0,0.0,0.0,0.0,0.0,0.0,24.0,18.0,6.0,2021.0,525
48.0,0.35,60.0,0.0,1.0,0.0,0.0,0.0,0.0,0.0,0.0,0.0,1185732.0,0.0,0.0,1.0,0.0,0.0,1.0,0.0,40.0,11.0,12.0,2021.0,500
13.0,0.35,50.0,0.0,0.0,0.0,0.0,0.0,0.0,0.0,0.0,0.0,1185732.0,1.0,0.0,0.0,0.0,0.0,0.0,1.0,12.0,4.0,7.0,2021.0,175
48.0,0.3,25.000000000000007,0.0,0.0,0.0,0.0,1.0,0.0,0.0,0.0,0.0,1185732.0,0.0,0.0,1.0,0.0,0.0,1.0,0.0,40.0,9.0,2.0,2021.0,225
50.0,0.35,20.0,0.0,0.0,0.0,1.0,0.0,0.0,0.0,0.0,0.0,1197831.0,0.0,1.0,0.0,0.0,0.0,1.0,0.0,15.0,14.0,2.0,2021.0,150
5.0,0.43,54.0,1.0,0.0,0.0,0.0,0.0,0.0,0.0,0.0,0.0,1189833.0,0.0,1.0,0.0,0.0,0.0,1.0,0.0,25.0,9.0,2.0,2021.0,188
17.0,0.35,45.00000000000001,1.0,0.0,0.0,0.0,0.0,0.0,0.0,0.0,0.0,1185732.0,1.0,0.0,0.0,0.0,0.0,0.0,0.0,14.0,5.0,7.0,2021.0,300
49.0,0.4,30.000000000000004,0.0,0.0,0.0,1.0,0.0,0.0,0.0,0.0,0.0,1185732.0,1.0,0.0,0.0,0.0,0.0,0.0,0.0,24.0,17.0,7.0,2021.0,375
23.0,0.35,19.999999999999996,0.0,0.0,0.0,1.0,0.0,0.0,0.0,0.0,0.0,1185732.0,0.0,0.0,0.0,0.0,1.0,0.0,0.0,13.0,9.0,3.0,2021.0,125
49.0,0.63,48.0,0.0,0.0,1.0,0.0,0.0,0.0,0.0,0.0,0.0,1185732.0,1.0,0.0,0.0,0.0,0.0,1.0,0.0,24.0,18.0,11.0,2021.0,108
33.0,0.35000000000000003,40.0,0.0,1.0,0.0,0.0,0.0,0.0,0.0,0.0,0.0,1185732.0,1.0,0.0,0.0,0.0,0.0,0.0,0.0,22.0,29.0,10.0,2020.0,445
23.0,0.54,33.0,0.0,1.0,0.0,0.0,0.0,0.0,0.0,0.0,0.0,1185732.0,0.0,0.0,0.0,0.0,1.0,1.0,0.0,13.0,11.0,9.0,2021.0,133
38.0,0.45999999999999996,29.0,1.0,0.0,0.0,0.0,0.0,0.0,0.0,0.0,0.0,1185732.0,1.0,0.0,0.0,0.0,0.0,1.0,0.0,26.0,15.0,7.0,2021.0,41
32.0,0.42,46.0,0.0,1.0,0.0,0.0,0.0,0.0,0.0,0.0,0.0,1185732.0,0.0,0.0,0.0,0.0,1.0,1.0,0.0,48.0,3.0,8.0,2021.0,158
19.0,0.48,58.0,0.0,0.0,0.0,0.0,0.0,0.0,0.0,0.0,0.0,1185732.0,0.0,0.0,1.0,0.0,0.0,1.0,0.0,33.0,9.0,4.0,2021.0,30
5.0,0.39999999999999997,40.0,0.0,0.0,0.0,1.0,0.0,0.0,0.0,0.0,0.0,1189833.0,0.0,1.0,0.0,0.0,0.0,0.0,1.0,25.0,18.0,1.0,2021.0,300
5.0,0.44999999999999996,27.0,0.0,0.0,0.0,0.0,1.0,0.0,0.0,0.0,0.0,1197831.0,0.0,0.0,1.0,0.0,0.0,1.0,0.0,25.0,12.0,3.0,2021.0,130
38.0,0.51,29.0,0.0,0.0,0.0,1.0,0.0,0.0,0.0,0.0,0.0,1185732.0,1.0,0.0,0.0,0.0,0.0,1.0,0.0,26.0,5.0,7.0,2021.0,38
49.0,0.5,24.0,1.0,0.0,0.0,0.0,0.0,0.0,0.0,0.0,0.0,1185732.0,1.0,0.0,0.0,0.0,0.0,1.0,0.0,24.0,18.0,10.0,2021.0,91
33.0,0.47000000000000003,32.0,0.0,0.0,0.0,1.0,0.0,0.0,0.0,0.0,0.0,1185732.0,1.0,0.0,0.0,0.0,0.0,1.0,0.0,22.0,19.0,11.0,2020.0,45
23.0,0.5,34.0,0.0,0.0,0.0,1.0,0.0,0.0,0.0,0.0,0.0,1185732.0,0.0,0.0,0.0,0.0,1.0,1.0,0.0,13.0,10.0,11.0,2021.0,83
48.0,0.4,64.99999999999999,0.0,0.0,1.0,0.0,0.0,0.0,0.0,0.0,0.0,1185732.0,0.0,0.0,1.0,0.0,0.0,1.0,0.0,40.0,12.0,11.0,2021.0,250
5.0,0.5499999999999999,44.0,0.0,0.0,0.0,1.0,0.0,0.0,0.0,0.0,0.0,1189833.0,0.0,1.0,0.0,0.0,0.0,1.0,0.0,25.0,6.0,1.0,2021.0,81
5.0,0.25,60.0,0.0,0.0,1.0,0.0,0.0,0.0,0.0,0.0,0.0,1189833.0,0.0,1.0,0.0,0.0,0.0,0.0,1.0,25.0,20.0,1.0,2021.0,375
18.0,0.5,45.00000000000001,0.0,1.0,0.0,0.0,0.0,0.0,0.0,0.0,0.0,1185732.0,0.0,0.0,1.0,0.0,0.0,0.0,0.0,21.0,15.0,9.0,2021.0,800
5.0,0.41,42.0,1.0,0.0,0.0,0.0,0.0,0.0,0.0,0.0,0.0,1189833.0,0.0,1.0,0.0,0.0,0.0,1.0,0.0,25.0,27.0,2.0,2021.0,173
50.0,0.35,35.0,0.0,0.0,0.0,0.0,0.0,0.0,0.0,0.0,0.0,1197831.0,0.0,1.0,0.0,0.0,0.0,1.0,0.0,15.0,14.0,2.0,2021.0,225
49.0,0.35,25.0,1.0,0.0,0.0,0.0,0.0,0.0,0.0,0.0,0.0,1185732.0,1.0,0.0,0.0,0.0,0.0,0.0,0.0,24.0,18.0,10.0,2021.0,350
19.0,0.3,50.0,0.0,0.0,0.0,0.0,1.0,0.0,0.0,0.0,0.0,1185732.0,1.0,0.0,0.0,0.0,0.0,0.0,0.0,33.0,8.0,12.0,2021.0,250
38.0,0.35,45.0,0.0,0.0,0.0,0.0,0.0,0.0,0.0,0.0,0.0,1185732.0,1.0,0.0,0.0,0.0,0.0,0.0,1.0,26.0,24.0,6.0,2021.0,150
19.0,0.3,40.0,0.0,0.0,0.0,1.0,0.0,0.0,0.0,0.0,0.0,1185732.0,0.0,0.0,1.0,0.0,0.0,0.0,0.0,33.0,9.0,10.0,2021.0,125
33.0,0.49000000000000005,33.0,0.0,0.0,0.0,1.0,0.0,0.0,0.0,0.0,0.0,1185732.0,1.0,0.0,0.0,0.0,0.0,1.0,0.0,22.0,1.0,12.0,2020.0,47
19.0,0.4,55.00000000000001,0.0,0.0,1.0,0.0,0.0,0.0,0.0,0.0,0.0,1185732.0,0.0,0.0,1.0,0.0,0.0,0.0,0.0,33.0,9.0,6.0,2021.0,325
18.0,0.48,29.0,0.0,0.0,0.0,1.0,0.0,0.0,0.0,0.0,0.0,1185732.0,0.0,0.0,1.0,0.0,0.0,1.0,0.0,21.0,15.0,3.0,2021.0,91
18.0,0.3,45.00000000000001,0.0,0.0,0.0,0.0,1.0,0.0,0.0,0.0,0.0,1185732.0,0.0,0.0,1.0,0.0,0.0,0.0,0.0,21.0,16.0,8.0,2021.0,575
49.0,0.35,35.0,1.0,0.0,0.0,0.0,0.0,0.0,0.0,0.0,0.0,1185732.0,1.0,0.0,0.0,0.0,0.0,0.0,0.0,24.0,17.0,12.0,2021.0,450
19.0,0.44999999999999996,58.0,0.0,0.0,0.0,0.0,0.0,0.0,0.0,0.0,0.0,1185732.0,1.0,0.0,0.0,0.0,0.0,1.0,0.0,33.0,8.0,12.0,2021.0,54
49.0,0.4,35.0,0.0,1.0,0.0,0.0,0.0,0.0,0.0,0.0,0.0,1185732.0,1.0,0.0,0.0,0.0,0.0,0.0,0.0,24.0,18.0,11.0,2021.0,500
49.0,0.49,23.0,0.0,0.0,0.0,0.0,1.0,0.0,0.0,0.0,0.0,1185732.0,1.0,0.0,0.0,0.0,0.0,1.0,0.0,24.0,18.0,11.0,2021.0,80
38.0,0.54,38.0,0.0,1.0,0.0,0.0,0.0,0.0,0.0,0.0,0.0,1185732.0,1.0,0.0,0.0,0.0,0.0,1.0,0.0,26.0,8.0,7.0,2021.0,112
23.0,0.35,35.0,0.0,0.0,0.0,1.0,0.0,0.0,0.0,0.0,0.0,1185732.0,0.0,0.0,0.0,0.0,1.0,0.0,0.0,13.0,10.0,10.0,2021.0,150
50.0,0.35,19.999999999999996,0.0,0.0,0.0,1.0,0.0,0.0,0.0,0.0,0.0,1197831.0,0.0,1.0,0.0,0.0,0.0,1.0,0.0,15.0,12.0,3.0,2021.0,100
19.0,0.49,46.0,0.0,1.0,0.0,0.0,0.0,0.0,0.0,0.0,0.0,1185732.0,0.0,0.0,1.0,0.0,0.0,1.0,0.0,33.0,9.0,8.0,2021.0,147
38.0,0.52,33.0,0.0,0.0,0.0,1.0,0.0,0.0,0.0,0.0,0.0,1185732.0,1.0,0.0,0.0,0.0,0.0,1.0,0.0,26.0,29.0,6.0,2021.0,46
13.0,0.35,60.0,0.0,0.0,0.0,0.0,0.0,0.0,0.0,0.0,0.0,1185732.0,1.0,0.0,0.0,0.0,0.0,0.0,1.0,12.0,3.0,8.0,2021.0,150
32.0,0.5,40.0,0.0,0.0,0.0,0.0,0.0,0.0,0.0,0.0,0.0,1185732.0,0.0,0.0,0.0,0.0,1.0,0.0,0.0,48.0,3.0,2.0,2021.0,150
23.0,0.4,33.0,0.0,0.0,0.0,0.0,0.0,0.0,0.0,0.0,0.0,1185732.0,0.0,0.0,0.0,0.0,1.0,1.0,0.0,13.0,11.0,9.0,2021.0,42
19.0,0.3,40.0,0.0,0.0,0.0,1.0,0.0,0.0,0.0,0.0,0.0,1185732.0,0.0,0.0,1.0,0.0,0.0,0.0,0.0,33.0,8.0,7.0,2021.0,175
13.0,0.4,60.0,0.0,1.0,0.0,0.0,0.0,0.0,0.0,0.0,0.0,1185732.0,1.0,0.0,0.0,0.0,0.0,0.0,1.0,12.0,24.0,6.0,2021.0,495
19.0,0.35,30.000000000000004,1.0,0.0,0.0,0.0,0.0,0.0,0.0,0.0,0.0,1185732.0,1.0,0.0,0.0,0.0,0.0,0.0,0.0,33.0,6.0,1.0,2021.0,250
18.0,0.6900000000000001,59.0,0.0,0.0,1.0,0.0,0.0,0.0,0.0,0.0,0.0,1185732.0,0.0,0.0,1.0,0.0,0.0,1.0,0.0,21.0,16.0,11.0,2021.0,169
50.0,0.45999999999999996,58.0,0.0,0.0,0.0,0.0,1.0,0.0,0.0,0.0,0.0,1197831.0,1.0,0.0,0.0,0.0,0.0,1.0,0.0,15.0,12.0,12.0,2021.0,95
38.0,0.63,44.0,0.0,0.0,1.0,0.0,0.0,0.0,0.0,0.0,0.0,1185732.0,1.0,0.0,0.0,0.0,0.0,1.0,0.0,26.0,19.0,7.0,2021.0,38
32.0,0.6,34.0,0.0,0.0,0.0,0.0,0.0,0.0,0.0,0.0,0.0,1185732.0,0.0,0.0,0.0,0.0,1.0,1.0,0.0,48.0,3.0,6.0,2021.0,46
14.0,0.4,20.0,0.0,0.0,0.0,0.0,1.0,0.0,0.0,0.0,0.0,1185732.0,0.0,0.0,0.0,0.0,0.0,1.0,0.0,34.0,9.0,3.0,2021.0,475
32.0,0.44,32.0,0.0,1.0,0.0,0.0,0.0,0.0,0.0,0.0,0.0,1185732.0,0.0,0.0,0.0,0.0,1.0,1.0,0.0,48.0,3.0,6.0,2021.0,160
33.0,0.45,50.0,0.0,0.0,1.0,0.0,0.0,0.0,0.0,0.0,0.0,1185732.0,1.0,0.0,0.0,0.0,0.0,0.0,1.0,22.0,3.0,12.0,2020.0,325
38.0,0.5499999999999999,28.0,0.0,0.0,0.0,0.0,1.0,0.0,0.0,0.0,0.0,1197831.0,0.0,0.0,1.0,0.0,0.0,1.0,0.0,26.0,3.0,8.0,2021.0,138
19.0,0.44999999999999996,19.0,0.0,0.0,0.0,0.0,1.0,0.0,0.0,0.0,0.0,1185732.0,1.0,0.0,0.0,0.0,0.0,1.0,0.0,33.0,6.0,1.0,2021.0,68
38.0,0.5,49.0,0.0,1.0,0.0,0.0,0.0,0.0,0.0,0.0,0.0,1185732.0,1.0,0.0,0.0,0.0,0.0,1.0,0.0,26.0,26.0,7.0,2021.0,117
50.0,0.5,59.0,1.0,0.0,0.0,0.0,0.0,0.0,0.0,0.0,0.0,1197831.0,1.0,0.0,0.0,0.0,0.0,1.0,0.0,15.0,12.0,12.0,2021.0,120
14.0,0.5,54.99999999999999,0.0,0.0,1.0,0.0,0.0,0.0,0.0,0.0,0.0,1185732.0,0.0,0.0,0.0,0.0,0.0,1.0,0.0,34.0,9.0,5.0,2021.0,550
50.0,0.35,54.99999999999999,0.0,1.0,0.0,0.0,0.0,0.0,0.0,0.0,0.0,1197831.0,0.0,1.0,0.0,0.0,0.0,1.0,0.0,15.0,12.0,7.0,2021.0,675
13.0,0.4,50.0,0.0,1.0,0.0,0.0,0.0,0.0,0.0,0.0,0.0,1185732.0,1.0,0.0,0.0,0.0,0.0,0.0,1.0,12.0,12.0,6.0,2021.0,495
33.0,0.4,47.0,0.0,0.0,0.0,0.0,0.0,0.0,0.0,0.0,0.0,1185732.0,1.0,0.0,0.0,0.0,0.0,1.0,0.0,22.0,8.0,11.0,2020.0,14
14.0,0.5,80.0,0.0,0.0,1.0,0.0,0.0,0.0,0.0,0.0,0.0,1185732.0,0.0,0.0,0.0,0.0,1.0,1.0,0.0,34.0,9.0,12.0,2021.0,625
14.0,0.45999999999999996,59.0,0.0,0.0,0.0,0.0,0.0,0.0,0.0,0.0,0.0,1185732.0,0.0,0.0,0.0,0.0,0.0,1.0,0.0,34.0,9.0,7.0,2021.0,154
23.0,0.3,35.0,0.0,0.0,0.0,0.0,0.0,0.0,0.0,0.0,0.0,1185732.0,0.0,0.0,0.0,0.0,1.0,0.0,0.0,13.0,9.0,3.0,2021.0,175
5.0,0.3,55.00000000000001,1.0,0.0,0.0,0.0,0.0,0.0,0.0,0.0,0.0,1189833.0,0.0,1.0,0.0,0.0,0.0,0.0,1.0,25.0,9.0,2.0,2021.0,625
5.0,0.6000000000000001,50.0,0.0,0.0,0.0,0.0,0.0,0.0,0.0,0.0,0.0,1189833.0,0.0,1.0,0.0,0.0,0.0,0.0,1.0,25.0,1.0,1.0,2021.0,275
13.0,0.54,58.0,0.0,1.0,0.0,0.0,0.0,0.0,0.0,0.0,0.0,1185732.0,1.0,0.0,0.0,0.0,0.0,1.0,0.0,12.0,24.0,6.0,2021.0,134
18.0,0.55,65.0,0.0,0.0,1.0,0.0,0.0,0.0,0.0,0.0,0.0,1185732.0,0.0,0.0,1.0,0.0,0.0,0.0,0.0,21.0,17.0,6.0,2021.0,675
33.0,0.3,40.0,1.0,0.0,0.0,0.0,0.0,0.0,0.0,0.0,0.0,1185732.0,1.0,0.0,0.0,0.0,0.0,0.0,1.0,22.0,17.0,12.0,2020.0,200
23.0,0.4,19.999999999999996,0.0,0.0,1.0,0.0,0.0,0.0,0.0,0.0,0.0,1185732.0,0.0,0.0,0.0,0.0,1.0,0.0,0.0,13.0,10.0,2.0,2021.0,300
32.0,0.62,48.0,0.0,0.0,0.0,0.0,0.0,0.0,0.0,0.0,0.0,1185732.0,0.0,0.0,0.0,0.0,1.0,1.0,0.0,48.0,2.0,7.0,2021.0,50
38.0,0.48,45.0,0.0,0.0,0.0,0.0,0.0,0.0,0.0,0.0,0.0,1185732.0,1.0,0.0,0.0,0.0,0.0,1.0,0.0,26.0,30.0,7.0,2021.0,39
38.0,0.4,45.0,0.0,1.0,0.0,0.0,0.0,0.0,0.0,0.0,0.0,1185732.0,1.0,0.0,0.0,0.0,0.0,0.0,1.0,26.0,2.0,7.0,2021.0,500
48.0,0.43,34.0,0.0,0.0,0.0,1.0,0.0,0.0,0.0,0.0,0.0,1185732.0,1.0,0.0,0.0,0.0,0.0,1.0,0.0,40.0,12.0,4.0,2021.0,20
50.0,0.35,60.00000000000001,0.0,0.0,0.0,1.0,0.0,0.0,0.0,0.0,0.0,1197831.0,1.0,0.0,0.0,0.0,0.0,1.0,0.0,15.0,12.0,12.0,2021.0,300
50.0,0.47,19.0,1.0,0.0,0.0,0.0,0.0,0.0,0.0,0.0,0.0,1197831.0,0.0,1.0,0.0,0.0,0.0,1.0,0.0,15.0,12.0,3.0,2021.0,59
19.0,0.35,60.0,0.0,0.0,0.0,0.0,0.0,0.0,0.0,0.0,0.0,1185732.0,0.0,0.0,1.0,0.0,0.0,0.0,0.0,33.0,9.0,4.0,2021.0,100
19.0,0.41,28.0,0.0,0.0,0.0,1.0,0.0,0.0,0.0,0.0,0.0,1185732.0,0.0,0.0,1.0,0.0,0.0,1.0,0.0,33.0,10.0,9.0,2021.0,44
19.0,0.44,36.0,0.0,0.0,0.0,1.0,0.0,0.0,0.0,0.0,0.0,1185732.0,0.0,0.0,1.0,0.0,0.0,1.0,0.0,33.0,10.0,5.0,2021.0,26
33.0,0.5700000000000001,39.0,0.0,0.0,1.0,0.0,0.0,0.0,0.0,0.0,0.0,1185732.0,1.0,0.0,0.0,0.0,0.0,1.0,0.0,22.0,9.0,12.0,2020.0,52
50.0,0.35,60.0,0.0,0.0,0.0,0.0,0.0,0.0,0.0,0.0,0.0,1197831.0,0.0,1.0,0.0,0.0,0.0,1.0,0.0,15.0,12.0,7.0,2021.0,325
19.0,0.35,60.0,0.0,1.0,0.0,0.0,0.0,0.0,0.0,0.0,0.0,1185732.0,0.0,0.0,1.0,0.0,0.0,0.0,0.0,33.0,10.0,5.0,2021.0,495
14.0,0.5,30.0,0.0,0.0,1.0,0.0,0.0,0.0,0.0,0.0,0.0,1185732.0,0.0,0.0,0.0,0.0,0.0,1.0,0.0,34.0,11.0,2.0,2021.0,550
14.0,0.4,40.00000000000001,0.0,1.0,0.0,0.0,0.0,0.0,0.0,0.0,0.0,1185732.0,0.0,0.0,0.0,0.0,0.0,1.0,0.0,34.0,11.0,10.0,2021.0,725
18.0,0.44,41.0,0.0,0.0,0.0,0.0,1.0,0.0,0.0,0.0,0.0,1185732.0,0.0,0.0,1.0,0.0,0.0,1.0,0.0,21.0,17.0,6.0,2021.0,138
33.0,0.45,40.0,0.0,0.0,1.0,0.0,0.0,0.0,0.0,0.0,0.0,1185732.0,1.0,0.0,0.0,0.0,0.0,0.0,0.0,22.0,3.0,11.0,2020.0,175
50.0,0.44999999999999996,24.0,0.0,1.0,0.0,0.0,0.0,0.0,0.0,0.0,0.0,1197831.0,0.0,1.0,0.0,0.0,0.0,1.0,0.0,15.0,13.0,4.0,2021.0,150
33.0,0.4,37.0,0.0,0.0,0.0,0.0,1.0,0.0,0.0,0.0,0.0,1185732.0,1.0,0.0,0.0,0.0,0.0,1.0,0.0,22.0,30.0,11.0,2020.0,68
50.0,0.55,37.0,0.0,0.0,1.0,0.0,0.0,0.0,0.0,0.0,0.0,1185732.0,1.0,0.0,0.0,0.0,0.0,1.0,0.0,15.0,12.0,1.0,2021.0,72
13.0,0.65,43.0,0.0,0.0,1.0,0.0,0.0,0.0,0.0,0.0,0.0,1185732.0,1.0,0.0,0.0,0.0,0.0,1.0,0.0,12.0,11.0,6.0,2021.0,77
18.0,0.35,20.0,0.0,0.0,0.0,0.0,1.0,0.0,0.0,0.0,0.0,1185732.0,1.0,0.0,0.0,0.0,0.0,0.0,0.0,21.0,18.0,2.0,2021.0,375
38.0,0.5,35.0,0.0,0.0,1.0,0.0,0.0,0.0,0.0,0.0,0.0,1185732.0,1.0,0.0,0.0,0.0,0.0,0.0,1.0,26.0,13.0,6.0,2021.0,150
48.0,0.42,24.0,0.0,0.0,0.0,0.0,1.0,0.0,0.0,0.0,0.0,1185732.0,0.0,0.0,1.0,0.0,0.0,1.0,0.0,40.0,9.0,2.0,2021.0,68
32.0,0.43,9.0,0.0,0.0,0.0,0.0,1.0,0.0,0.0,0.0,0.0,1185732.0,0.0,0.0,0.0,0.0,1.0,1.0,0.0,48.0,3.0,4.0,2021.0,41
50.0,0.35,40.0,0.0,0.0,0.0,1.0,0.0,0.0,0.0,0.0,0.0,1197831.0,0.0,1.0,0.0,0.0,0.0,1.0,0.0,15.0,14.0,6.0,2021.0,275
13.0,0.51,34.0,0.0,0.0,0.0,1.0,0.0,0.0,0.0,0.0,0.0,1197831.0,0.0,0.0,1.0,0.0,0.0,1.0,0.0,12.0,14.0,8.0,2021.0,152
18.0,0.5499999999999999,59.0,0.0,0.0,0.0,0.0,0.0,0.0,0.0,0.0,0.0,1185732.0,0.0,0.0,1.0,0.0,0.0,1.0,0.0,21.0,16.0,11.0,2021.0,126
18.0,0.6900000000000001,33.0,0.0,0.0,1.0,0.0,0.0,0.0,0.0,0.0,0.0,1185732.0,0.0,0.0,1.0,0.0,0.0,1.0,0.0,21.0,15.0,3.0,2021.0,143
17.0,0.41,34.0,0.0,0.0,0.0,0.0,1.0,0.0,0.0,0.0,0.0,1185732.0,1.0,0.0,0.0,0.0,0.0,1.0,0.0,14.0,6.0,10.0,2021.0,39
18.0,0.39999999999999997,55.00000000000001,1.0,0.0,0.0,0.0,0.0,0.0,0.0,0.0,0.0,1185732.0,0.0,0.0,1.0,0.0,0.0,0.0,0.0,21.0,15.0,7.0,2021.0,650
49.0,0.35,30.000000000000004,0.0,0.0,0.0,0.0,1.0,0.0,0.0,0.0,0.0,1185732.0,1.0,0.0,0.0,0.0,0.0,0.0,0.0,24.0,19.0,5.0,2021.0,300
32.0,0.3,40.0,0.0,0.0,0.0,0.0,1.0,0.0,0.0,0.0,0.0,1185732.0,0.0,0.0,0.0,0.0,1.0,0.0,0.0,48.0,3.0,8.0,2021.0,225
5.0,0.45,35.0,0.0,1.0,0.0,0.0,0.0,0.0,0.0,0.0,0.0,1189833.0,0.0,1.0,0.0,0.0,0.0,0.0,1.0,25.0,9.0,1.0,2021.0,575
48.0,0.44999999999999996,32.0,0.0,0.0,0.0,1.0,0.0,0.0,0.0,0.0,0.0,1185732.0,1.0,0.0,0.0,0.0,0.0,1.0,0.0,40.0,12.0,6.0,2021.0,49
5.0,0.38,56.0,0.0,0.0,1.0,0.0,0.0,0.0,0.0,0.0,0.0,1189833.0,0.0,1.0,0.0,0.0,0.0,1.0,0.0,25.0,3.0,3.0,2021.0,133
19.0,0.53,53.0,0.0,0.0,1.0,0.0,0.0,0.0,0.0,0.0,0.0,1185732.0,1.0,0.0,0.0,0.0,0.0,1.0,0.0,33.0,9.0,10.0,2021.0,73
13.0,0.4,50.0,0.0,1.0,0.0,0.0,0.0,0.0,0.0,0.0,0.0,1185732.0,1.0,0.0,0.0,0.0,0.0,0.0,1.0,12.0,12.0,7.0,2021.0,550
33.0,0.45,59.999999999999986,0.0,0.0,1.0,0.0,0.0,0.0,0.0,0.0,0.0,1185732.0,1.0,0.0,0.0,0.0,0.0,0.0,1.0,22.0,21.0,12.0,2020.0,225
33.0,0.3,35.0,0.0,0.0,0.0,0.0,1.0,0.0,0.0,0.0,0.0,1185732.0,1.0,0.0,0.0,0.0,0.0,0.0,1.0,22.0,18.0,11.0,2020.0,175
50.0,0.35,19.999999999999996,0.0,0.0,0.0,1.0,0.0,0.0,0.0,0.0,0.0,1197831.0,0.0,1.0,0.0,0.0,0.0,1.0,0.0,15.0,13.0,4.0,2021.0,125
38.0,0.45999999999999996,29.0,1.0,0.0,0.0,0.0,0.0,0.0,0.0,0.0,0.0,1185732.0,1.0,0.0,0.0,0.0,0.0,1.0,0.0,26.0,21.0,7.0,2021.0,41
49.0,0.5,32.0,0.0,1.0,0.0,0.0,0.0,0.0,0.0,0.0,0.0,1185732.0,1.0,0.0,0.0,0.0,0.0,1.0,0.0,24.0,19.0,9.0,2021.0,174
38.0,0.4,35.0,0.0,1.0,0.0,0.0,0.0,0.0,0.0,0.0,0.0,1185732.0,1.0,0.0,0.0,0.0,0.0,0.0,1.0,26.0,27.0,5.0,2021.0,475
23.0,0.4,55.0,0.0,0.0,0.0,0.0,0.0,0.0,0.0,0.0,0.0,1185732.0,0.0,0.0,0.0,0.0,1.0,1.0,0.0,13.0,10.0,11.0,2021.0,75
49.0,0.55,29.0,0.0,0.0,0.0,1.0,0.0,0.0,0.0,0.0,0.0,1185732.0,1.0,0.0,0.0,0.0,0.0,1.0,0.0,24.0,19.0,5.0,2021.0,65
48.0,0.41,41.0,1.0,0.0,0.0,0.0,0.0,0.0,0.0,0.0,0.0,1185732.0,0.0,0.0,1.0,0.0,0.0,1.0,0.0,40.0,12.0,11.0,2021.0,63
49.0,0.35,40.0,0.0,0.0,0.0,0.0,0.0,0.0,0.0,0.0,0.0,1185732.0,1.0,0.0,0.0,0.0,0.0,0.0,0.0,24.0,18.0,4.0,2021.0,225
32.0,0.41,24.0,0.0,0.0,0.0,1.0,0.0,0.0,0.0,0.0,0.0,1185732.0,0.0,0.0,0.0,0.0,1.0,1.0,0.0,48.0,3.0,6.0,2021.0,47
38.0,0.45999999999999996,33.0,1.0,0.0,0.0,0.0,0.0,0.0,0.0,0.0,0.0,1185732.0,1.0,0.0,0.0,0.0,0.0,1.0,0.0,26.0,9.0,7.0,2021.0,56
48.0,0.3,40.00000000000001,1.0,0.0,0.0,0.0,0.0,0.0,0.0,0.0,0.0,1185732.0,1.0,0.0,0.0,0.0,0.0,1.0,0.0,40.0,12.0,6.0,2021.0,250
48.0,0.44999999999999996,42.0,1.0,0.0,0.0,0.0,0.0,0.0,0.0,0.0,0.0,1185732.0,1.0,0.0,0.0,0.0,0.0,1.0,0.0,40.0,12.0,8.0,2021.0,78
32.0,0.4,55.00000000000001,0.0,0.0,1.0,0.0,0.0,0.0,0.0,0.0,0.0,1185732.0,0.0,0.0,0.0,0.0,1.0,0.0,0.0,48.0,2.0,7.0,2021.0,375
50.0,0.5,32.0,0.0,0.0,0.0,1.0,0.0,0.0,0.0,0.0,0.0,1197831.0,0.0,1.0,0.0,0.0,0.0,1.0,0.0,15.0,12.0,5.0,2021.0,58
5.0,0.6000000000000001,45.0,0.0,0.0,0.0,0.0,0.0,0.0,0.0,0.0,0.0,1189833.0,0.0,1.0,0.0,0.0,0.0,0.0,1.0,25.0,31.0,1.0,2021.0,300
17.0,0.3,35.0,0.0,0.0,0.0,1.0,0.0,0.0,0.0,0.0,0.0,1185732.0,1.0,0.0,0.0,0.0,0.0,0.0,0.0,14.0,6.0,10.0,2021.0,125
19.0,0.44,39.0,0.0,0.0,0.0,0.0,1.0,0.0,0.0,0.0,0.0,1185732.0,1.0,0.0,0.0,0.0,0.0,1.0,0.0,33.0,9.0,11.0,2021.0,53
32.0,0.51,47.0,0.0,0.0,1.0,0.0,0.0,0.0,0.0,0.0,0.0,1185732.0,0.0,0.0,0.0,0.0,1.0,1.0,0.0,48.0,4.0,5.0,2021.0,90
13.0,0.4,45.0,0.0,0.0,0.0,1.0,0.0,0.0,0.0,0.0,0.0,1185732.0,1.0,0.0,0.0,0.0,0.0,0.0,1.0,12.0,15.0,6.0,2021.0,75
18.0,0.4,25.000000000000007,0.0,0.0,0.0,1.0,0.0,0.0,0.0,0.0,0.0,1185732.0,1.0,0.0,0.0,0.0,0.0,0.0,0.0,21.0,18.0,1.0,2021.0,275
18.0,0.39999999999999997,60.0,0.0,0.0,0.0,0.0,0.0,0.0,0.0,0.0,0.0,1185732.0,0.0,0.0,1.0,0.0,0.0,0.0,0.0,21.0,16.0,11.0,2021.0,450
17.0,0.3,35.0,0.0,0.0,0.0,0.0,1.0,0.0,0.0,0.0,0.0,1185732.0,0.0,0.0,0.0,0.0,1.0,0.0,0.0,14.0,6.0,11.0,2021.0,220
13.0,0.35,40.0,0.0,0.0,0.0,0.0,1.0,0.0,0.0,0.0,0.0,1185732.0,1.0,0.0,0.0,0.0,0.0,0.0,1.0,12.0,8.0,7.0,2021.0,250
18.0,0.3,30.000000000000004,0.0,0.0,0.0,0.0,1.0,0.0,0.0,0.0,0.0,1185732.0,0.0,0.0,1.0,0.0,0.0,0.0,0.0,21.0,16.0,4.0,2021.0,450
38.0,0.35,30.0,1.0,0.0,0.0,0.0,0.0,0.0,0.0,0.0,0.0,1185732.0,1.0,0.0,0.0,0.0,0.0,0.0,1.0,26.0,15.0,7.0,2021.0,150
48.0,0.43,38.0,0.0,0.0,0.0,1.0,0.0,0.0,0.0,0.0,0.0,1185732.0,1.0,0.0,0.0,0.0,0.0,1.0,0.0,40.0,11.0,7.0,2021.0,44
38.0,0.35,40.00000000000001,1.0,0.0,0.0,0.0,0.0,0.0,0.0,0.0,0.0,1185732.0,1.0,0.0,0.0,0.0,0.0,0.0,1.0,26.0,27.0,6.0,2021.0,300
18.0,0.5,45.0,0.0,0.0,0.0,0.0,0.0,0.0,0.0,0.0,0.0,1185732.0,0.0,0.0,1.0,0.0,0.0,1.0,0.0,21.0,16.0,4.0,2021.0,120
50.0,0.45999999999999996,56.0,0.0,0.0,0.0,0.0,0.0,0.0,0.0,0.0,0.0,1197831.0,0.0,1.0,0.0,0.0,0.0,1.0,0.0,15.0,12.0,7.0,2021.0,91
13.0,0.53,36.0,0.0,0.0,0.0,1.0,0.0,0.0,0.0,0.0,0.0,1185732.0,1.0,0.0,0.0,0.0,0.0,1.0,0.0,12.0,21.0,7.0,2021.0,44
17.0,0.3,35.0,0.0,0.0,0.0,0.0,1.0,0.0,0.0,0.0,0.0,1185732.0,1.0,0.0,0.0,0.0,0.0,0.0,0.0,14.0,6.0,10.0,2021.0,150
14.0,0.4,24.999999999999993,0.0,0.0,0.0,1.0,0.0,0.0,0.0,0.0,0.0,1185732.0,0.0,0.0,0.0,0.0,0.0,1.0,0.0,34.0,9.0,3.0,2021.0,325
33.0,0.35000000000000003,40.0,0.0,1.0,0.0,0.0,0.0,0.0,0.0,0.0,0.0,1185732.0,1.0,0.0,0.0,0.0,0.0,0.0,0.0,22.0,4.0,11.0,2020.0,400
19.0,0.35,40.0,0.0,0.0,0.0,0.0,0.0,0.0,0.0,0.0,0.0,1185732.0,0.0,0.0,1.0,0.0,0.0,0.0,0.0,33.0,10.0,9.0,2021.0,150
38.0,0.54,44.0,0.0,1.0,0.0,0.0,0.0,0.0,0.0,0.0,0.0,1185732.0,1.0,0.0,0.0,0.0,0.0,1.0,0.0,26.0,14.0,6.0,2021.0,118
50.0,0.35,15.000000000000007,0.0,0.0,0.0,0.0,1.0,0.0,0.0,0.0,0.0,1197831.0,0.0,1.0,0.0,0.0,0.0,1.0,0.0,15.0,12.0,9.0,2021.0,250
19.0,0.43,37.0,0.0,0.0,0.0,0.0,1.0,0.0,0.0,0.0,0.0,1185732.0,0.0,0.0,1.0,0.0,0.0,1.0,0.0,33.0,10.0,5.0,2021.0,51
48.0,0.4,32.0,0.0,0.0,0.0,0.0,1.0,0.0,0.0,0.0,0.0,1185732.0,1.0,0.0,0.0,0.0,0.0,1.0,0.0,40.0,13.0,9.0,2021.0,53
49.0,0.35,25.000000000000007,1.0,0.0,0.0,0.0,0.0,0.0,0.0,0.0,0.0,1185732.0,1.0,0.0,0.0,0.0,0.0,0.0,0.0,24.0,18.0,11.0,2021.0,350
32.0,0.3,50.0,0.0,0.0,0.0,1.0,0.0,0.0,0.0,0.0,0.0,1185732.0,0.0,0.0,0.0,0.0,1.0,0.0,0.0,48.0,2.0,12.0,2021.0,250
17.0,0.3,25.000000000000007,0.0,0.0,0.0,1.0,0.0,0.0,0.0,0.0,0.0,1185732.0,1.0,0.0,0.0,0.0,0.0,0.0,0.0,14.0,7.0,9.0,2021.0,150
49.0,0.61,28.0,0.0,0.0,1.0,0.0,0.0,0.0,0.0,0.0,0.0,1185732.0,1.0,0.0,0.0,0.0,0.0,1.0,0.0,24.0,18.0,4.0,2021.0,105
50.0,0.35,70.0,0.0,1.0,0.0,0.0,0.0,0.0,0.0,0.0,0.0,1197831.0,1.0,0.0,0.0,0.0,0.0,1.0,0.0,15.0,12.0,12.0,2021.0,600
18.0,0.53,52.0,0.0,0.0,0.0,0.0,0.0,0.0,0.0,0.0,0.0,1185732.0,0.0,0.0,1.0,0.0,0.0,1.0,0.0,21.0,15.0,5.0,2021.0,124
13.0,0.35,50.0,0.0,0.0,0.0,0.0,1.0,0.0,0.0,0.0,0.0,1185732.0,1.0,0.0,0.0,0.0,0.0,0.0,1.0,12.0,26.0,6.0,2021.0,175
32.0,0.43,38.0,0.0,0.0,0.0,0.0,1.0,0.0,0.0,0.0,0.0,1185732.0,0.0,0.0,0.0,0.0,1.0,1.0,0.0,48.0,2.0,7.0,2021.0,61
17.0,0.35,30.000000000000004,1.0,0.0,0.0,0.0,0.0,0.0,0.0,0.0,0.0,1185732.0,0.0,0.0,0.0,0.0,1.0,0.0,0.0,14.0,3.0,2.0,2021.0,150
17.0,0.42,34.0,0.0,0.0,0.0,1.0,0.0,0.0,0.0,0.0,0.0,1185732.0,1.0,0.0,0.0,0.0,0.0,1.0,0.0,14.0,6.0,10.0,2021.0,31
13.0,0.35,50.0,1.0,0.0,0.0,0.0,0.0,0.0,0.0,0.0,0.0,1185732.0,1.0,0.0,0.0,0.0,0.0,0.0,1.0,12.0,6.0,8.0,2021.0,300
49.0,0.35,35.0,0.0,0.0,0.0,0.0,0.0,0.0,0.0,0.0,0.0,1185732.0,1.0,0.0,0.0,0.0,0.0,0.0,0.0,24.0,18.0,10.0,2021.0,225
50.0,0.35,50.0,0.0,0.0,0.0,0.0,0.0,0.0,0.0,0.0,0.0,1197831.0,0.0,1.0,0.0,0.0,0.0,1.0,0.0,15.0,13.0,8.0,2021.0,275
19.0,0.42,19.0,0.0,0.0,0.0,0.0,1.0,0.0,0.0,0.0,0.0,1185732.0,0.0,0.0,1.0,0.0,0.0,1.0,0.0,33.0,8.0,3.0,2021.0,56
5.0,0.39999999999999997,45.0,0.0,0.0,0.0,1.0,0.0,0.0,0.0,0.0,0.0,1189833.0,0.0,1.0,0.0,0.0,0.0,0.0,1.0,25.0,23.0,2.0,2021.0,375
33.0,0.4,38.0,1.0,0.0,0.0,0.0,0.0,0.0,0.0,0.0,0.0,1185732.0,1.0,0.0,0.0,0.0,0.0,1.0,0.0,22.0,30.0,10.0,2020.0,35
13.0,0.4,50.0,0.0,0.0,0.0,1.0,0.0,0.0,0.0,0.0,0.0,1185732.0,1.0,0.0,0.0,0.0,0.0,0.0,1.0,12.0,8.0,8.0,2021.0,200
14.0,0.4,40.0,0.0,1.0,0.0,0.0,0.0,0.0,0.0,0.0,0.0,1185732.0,0.0,0.0,0.0,0.0,0.0,1.0,0.0,34.0,22.0,1.0,2021.0,500
38.0,0.45999999999999996,46.0,0.0,0.0,0.0,0.0,0.0,0.0,0.0,0.0,0.0,1185732.0,1.0,0.0,0.0,0.0,0.0,1.0,0.0,26.0,18.0,6.0,2021.0,13
49.0,0.49,23.0,0.0,0.0,0.0,0.0,1.0,0.0,0.0,0.0,0.0,1185732.0,1.0,0.0,0.0,0.0,0.0,1.0,0.0,24.0,18.0,6.0,2021.0,113
33.0,0.3,45.0,1.0,0.0,0.0,0.0,0.0,0.0,0.0,0.0,0.0,1189833.0,0.0,1.0,0.0,0.0,0.0,0.0,1.0,22.0,29.0,12.0,2020.0,475
19.0,0.47,29.0,0.0,1.0,0.0,0.0,0.0,0.0,0.0,0.0,0.0,1185732.0,0.0,0.0,1.0,0.0,0.0,1.0,0.0,33.0,8.0,3.0,2021.0,134
32.0,0.5,35.0,0.0,0.0,0.0,0.0,0.0,0.0,0.0,0.0,0.0,1185732.0,0.0,0.0,0.0,0.0,1.0,0.0,0.0,48.0,3.0,6.0,2021.0,175
18.0,0.5499999999999999,42.0,1.0,0.0,0.0,0.0,0.0,0.0,0.0,0.0,0.0,1185732.0,0.0,0.0,1.0,0.0,0.0,1.0,0.0,21.0,16.0,11.0,2021.0,145
50.0,0.3,40.0,1.0,0.0,0.0,0.0,0.0,0.0,0.0,0.0,0.0,1185732.0,1.0,0.0,0.0,0.0,0.0,1.0,0.0,15.0,12.0,2.0,2021.0,175
23.0,0.53,48.0,0.0,0.0,1.0,0.0,0.0,0.0,0.0,0.0,0.0,1185732.0,0.0,0.0,0.0,0.0,1.0,1.0,0.0,13.0,10.0,10.0,2021.0,83
49.0,0.4,25.000000000000007,0.0,0.0,0.0,1.0,0.0,0.0,0.0,0.0,0.0,1185732.0,1.0,0.0,0.0,0.0,0.0,0.0,0.0,24.0,18.0,6.0,2021.0,350
14.0,0.4,55.00000000000001,0.0,0.0,0.0,0.0,1.0,0.0,0.0,0.0,0.0,1185732.0,0.0,0.0,0.0,0.0,0.0,1.0,0.0,34.0,9.0,7.0,2021.0,575
13.0,0.53,41.0,0.0,0.0,0.0,1.0,0.0,0.0,0.0,0.0,0.0,1185732.0,1.0,0.0,0.0,0.0,0.0,1.0,0.0,12.0,15.0,6.0,2021.0,19
49.0,0.48,44.0,0.0,0.0,0.0,0.0,0.0,0.0,0.0,0.0,0.0,1185732.0,1.0,0.0,0.0,0.0,0.0,1.0,0.0,24.0,19.0,5.0,2021.0,70
32.0,0.3,35.0,0.0,0.0,0.0,1.0,0.0,0.0,0.0,0.0,0.0,1185732.0,0.0,0.0,0.0,0.0,1.0,0.0,0.0,48.0,3.0,11.0,2021.0,225
17.0,0.44,24.0,0.0,0.0,0.0,1.0,0.0,0.0,0.0,0.0,0.0,1185732.0,1.0,0.0,0.0,0.0,0.0,1.0,0.0,14.0,6.0,6.0,2021.0,44
13.0,0.4,28.0,1.0,0.0,0.0,0.0,0.0,0.0,0.0,0.0,0.0,1197831.0,0.0,0.0,1.0,0.0,0.0,1.0,0.0,12.0,12.0,8.0,2021.0,196
48.0,0.35,54.99999999999999,0.0,0.0,0.0,0.0,0.0,0.0,0.0,0.0,0.0,1185732.0,1.0,0.0,0.0,0.0,0.0,1.0,0.0,40.0,13.0,5.0,2021.0,125
48.0,0.35,35.0,0.0,1.0,0.0,0.0,0.0,0.0,0.0,0.0,0.0,1185732.0,0.0,0.0,1.0,0.0,0.0,1.0,0.0,40.0,9.0,1.0,2021.0,475
14.0,0.53,29.0,0.0,0.0,0.0,0.0,1.0,0.0,0.0,0.0,0.0,1185732.0,0.0,0.0,0.0,0.0,0.0,1.0,0.0,34.0,22.0,2.0,2021.0,63
32.0,0.35,45.00000000000001,1.0,0.0,0.0,0.0,0.0,0.0,0.0,0.0,0.0,1185732.0,0.0,0.0,0.0,0.0,1.0,0.0,0.0,48.0,2.0,7.0,2021.0,300
17.0,0.44999999999999996,23.0,0.0,0.0,0.0,1.0,0.0,0.0,0.0,0.0,0.0,1185732.0,1.0,0.0,0.0,0.0,0.0,1.0,0.0,14.0,7.0,9.0,2021.0,38
14.0,0.54,49.0,0.0,0.0,0.0,0.0,1.0,0.0,0.0,0.0,0.0,1185732.0,0.0,0.0,0.0,0.0,0.0,1.0,0.0,34.0,11.0,6.0,2021.0,142
5.0,0.25,60.0,0.0,0.0,1.0,0.0,0.0,0.0,0.0,0.0,0.0,1189833.0,0.0,1.0,0.0,0.0,0.0,0.0,1.0,25.0,9.0,3.0,2021.0,500
49.0,0.4,30.0,0.0,0.0,0.0,1.0,0.0,0.0,0.0,0.0,0.0,1185732.0,1.0,0.0,0.0,0.0,0.0,0.0,0.0,24.0,17.0,3.0,2021.0,200
49.0,0.61,41.0,0.0,0.0,1.0,0.0,0.0,0.0,0.0,0.0,0.0,1185732.0,1.0,0.0,0.0,0.0,0.0,1.0,0.0,24.0,17.0,7.0,2021.0,160
50.0,0.45999999999999996,68.0,0.0,0.0,1.0,0.0,0.0,0.0,0.0,0.0,0.0,1197831.0,1.0,0.0,0.0,0.0,0.0,1.0,0.0,15.0,12.0,12.0,2021.0,112
38.0,0.5,44.99999999999999,0.0,0.0,1.0,0.0,0.0,0.0,0.0,0.0,0.0,1185732.0,1.0,0.0,0.0,0.0,0.0,0.0,1.0,26.0,19.0,7.0,2021.0,150
49.0,0.44999999999999996,23.0,1.0,0.0,0.0,0.0,0.0,0.0,0.0,0.0,0.0,1185732.0,1.0,0.0,0.0,0.0,0.0,1.0,0.0,24.0,18.0,11.0,2021.0,88
17.0,0.65,43.0,0.0,0.0,0.0,0.0,0.0,0.0,0.0,0.0,0.0,1185732.0,1.0,0.0,0.0,0.0,0.0,1.0,0.0,14.0,7.0,5.0,2021.0,42
13.0,0.53,48.0,0.0,0.0,0.0,1.0,0.0,0.0,0.0,0.0,0.0,1185732.0,1.0,0.0,0.0,0.0,0.0,1.0,0.0,12.0,27.0,6.0,2021.0,28
17.0,0.44999999999999996,20.0,0.0,1.0,0.0,0.0,0.0,0.0,0.0,0.0,0.0,1185732.0,1.0,0.0,0.0,0.0,0.0,1.0,0.0,14.0,6.0,4.0,2021.0,124
50.0,0.49,58.0,0.0,0.0,1.0,0.0,0.0,0.0,0.0,0.0,0.0,1197831.0,0.0,1.0,0.0,0.0,0.0,1.0,0.0,15.0,14.0,6.0,2021.0,117
17.0,0.42,47.0,0.0,0.0,0.0,0.0,1.0,0.0,0.0,0.0,0.0,1185732.0,0.0,0.0,0.0,0.0,1.0,1.0,0.0,14.0,5.0,12.0,2021.0,83
33.0,0.5,32.0,0.0,0.0,0.0,1.0,0.0,0.0,0.0,0.0,0.0,1185732.0,1.0,0.0,0.0,0.0,0.0,1.0,0.0,22.0,7.0,11.0,2020.0,7
5.0,0.53,38.0,0.0,0.0,0.0,1.0,0.0,0.0,0.0,0.0,0.0,1189833.0,0.0,1.0,0.0,0.0,0.0,1.0,0.0,25.0,24.0,1.0,2021.0,88
48.0,0.44999999999999996,45.0,0.0,0.0,0.0,1.0,0.0,0.0,0.0,0.0,0.0,1185732.0,0.0,0.0,1.0,0.0,0.0,1.0,0.0,40.0,11.0,12.0,2021.0,50
48.0,0.3,50.0,0.0,0.0,0.0,1.0,0.0,0.0,0.0,0.0,0.0,1185732.0,0.0,0.0,1.0,0.0,0.0,1.0,0.0,40.0,11.0,12.0,2021.0,200
14.0,0.47,46.0,0.0,0.0,0.0,0.0,0.0,0.0,0.0,0.0,0.0,1185732.0,0.0,0.0,0.0,0.0,0.0,1.0,0.0,34.0,22.0,1.0,2021.0,52
38.0,0.35,35.00000000000001,1.0,0.0,0.0,0.0,0.0,0.0,0.0,0.0,0.0,1185732.0,1.0,0.0,0.0,0.0,0.0,0.0,1.0,26.0,9.0,7.0,2021.0,200
19.0,0.53,54.0,0.0,0.0,1.0,0.0,0.0,0.0,0.0,0.0,0.0,1185732.0,0.0,0.0,1.0,0.0,0.0,1.0,0.0,33.0,9.0,8.0,2021.0,95
23.0,0.48,32.0,0.0,0.0,0.0,0.0,1.0,0.0,0.0,0.0,0.0,1185732.0,0.0,0.0,0.0,0.0,1.0,1.0,0.0,13.0,10.0,11.0,2021.0,81
18.0,0.45999999999999996,32.0,0.0,0.0,0.0,1.0,0.0,0.0,0.0,0.0,0.0,1185732.0,0.0,0.0,1.0,0.0,0.0,1.0,0.0,21.0,16.0,4.0,2021.0,109
49.0,0.52,23.0,0.0,0.0,0.0,1.0,0.0,0.0,0.0,0.0,0.0,1185732.0,1.0,0.0,0.0,0.0,0.0,1.0,0.0,24.0,18.0,11.0,2021.0,88
5.0,0.35,30.0,0.0,0.0,0.0,0.0,1.0,0.0,0.0,0.0,0.0,1197831.0,0.0,0.0,1.0,0.0,0.0,0.0,1.0,25.0,12.0,3.0,2021.0,500
19.0,0.35,30.000000000000004,1.0,0.0,0.0,0.0,0.0,0.0,0.0,0.0,0.0,1185732.0,1.0,0.0,0.0,0.0,0.0,0.0,0.0,33.0,6.0,2.0,2021.0,150
18.0,0.3,35.0,0.0,0.0,0.0,0.0,1.0,0.0,0.0,0.0,0.0,1185732.0,0.0,0.0,1.0,0.0,0.0,0.0,0.0,21.0,15.0,9.0,2021.0,500
17.0,0.4,64.99999999999999,0.0,0.0,1.0,0.0,0.0,0.0,0.0,0.0,0.0,1185732.0,0.0,0.0,0.0,0.0,1.0,0.0,0.0,14.0,5.0,12.0,2021.0,325
38.0,0.48,29.0,0.0,0.0,0.0,0.0,0.0,0.0,0.0,0.0,0.0,1185732.0,1.0,0.0,0.0,0.0,0.0,1.0,0.0,26.0,12.0,7.0,2021.0,21
14.0,0.4,30.00000000000001,0.0,0.0,0.0,1.0,0.0,0.0,0.0,0.0,0.0,1185732.0,0.0,0.0,0.0,0.0,0.0,1.0,0.0,34.0,11.0,10.0,2021.0,400
33.0,0.3,40.0,0.0,0.0,0.0,0.0,1.0,0.0,0.0,0.0,0.0,1185732.0,1.0,0.0,0.0,0.0,0.0,0.0,1.0,22.0,24.0,11.0,2020.0,225
18.0,0.65,48.0,0.0,0.0,1.0,0.0,0.0,0.0,0.0,0.0,0.0,1185732.0,0.0,0.0,1.0,0.0,0.0,1.0,0.0,21.0,15.0,9.0,2021.0,173
49.0,0.44999999999999996,36.0,0.0,0.0,0.0,0.0,0.0,0.0,0.0,0.0,0.0,1185732.0,1.0,0.0,0.0,0.0,0.0,1.0,0.0,24.0,18.0,4.0,2021.0,65
14.0,0.44999999999999996,27.0,1.0,0.0,0.0,0.0,0.0,0.0,0.0,0.0,0.0,1185732.0,0.0,0.0,0.0,0.0,0.0,1.0,0.0,34.0,9.0,3.0,2021.0,126
13.0,0.48,46.0,1.0,0.0,0.0,0.0,0.0,0.0,0.0,0.0,0.0,1185732.0,1.0,0.0,0.0,0.0,0.0,1.0,0.0,12.0,6.0,8.0,2021.0,75
19.0,0.44,28.0,0.0,1.0,0.0,0.0,0.0,0.0,0.0,0.0,0.0,1185732.0,1.0,0.0,0.0,0.0,0.0,1.0,0.0,33.0,6.0,2.0,2021.0,145
18.0,0.55,65.0,0.0,0.0,1.0,0.0,0.0,0.0,0.0,0.0,0.0,1185732.0,0.0,0.0,1.0,0.0,0.0,0.0,0.0,21.0,15.0,7.0,2021.0,725
23.0,0.4,40.0,0.0,0.0,1.0,0.0,0.0,0.0,0.0,0.0,0.0,1185732.0,0.0,0.0,0.0,0.0,1.0,0.0,0.0,13.0,11.0,9.0,2021.0,225
49.0,0.5,39.99999999999999,0.0,0.0,1.0,0.0,0.0,0.0,0.0,0.0,0.0,1185732.0,1.0,0.0,0.0,0.0,0.0,0.0,0.0,24.0,18.0,10.0,2021.0,350
13.0,0.45999999999999996,49.0,0.0,0.0,0.0,0.0,1.0,0.0,0.0,0.0,0.0,1185732.0,1.0,0.0,0.0,0.0,0.0,1.0,0.0,12.0,26.0,6.0,2021.0,44
32.0,0.3,10.000000000000004,0.0,0.0,0.0,0.0,1.0,0.0,0.0,0.0,0.0,1185732.0,0.0,0.0,0.0,0.0,1.0,0.0,0.0,48.0,3.0,4.0,2021.0,150
19.0,0.44999999999999996,27.0,0.0,1.0,0.0,0.0,0.0,0.0,0.0,0.0,0.0,1185732.0,1.0,0.0,0.0,0.0,0.0,1.0,0.0,33.0,6.0,1.0,2021.0,113
33.0,0.46,24.0,0.0,0.0,0.0,1.0,0.0,0.0,0.0,0.0,0.0,1185732.0,1.0,0.0,0.0,0.0,0.0,1.0,0.0,22.0,7.0,12.0,2020.0,31
23.0,0.47,42.0,0.0,0.0,0.0,1.0,0.0,0.0,0.0,0.0,0.0,1185732.0,0.0,0.0,0.0,0.0,1.0,1.0,0.0,13.0,9.0,7.0,2021.0,49
49.0,0.4,35.0,0.0,1.0,0.0,0.0,0.0,0.0,0.0,0.0,0.0,1185732.0,1.0,0.0,0.0,0.0,0.0,0.0,0.0,24.0,19.0,9.0,2021.0,600
19.0,0.35,40.0,0.0,0.0,0.0,0.0,0.0,0.0,0.0,0.0,0.0,1185732.0,0.0,0.0,1.0,0.0,0.0,0.0,0.0,33.0,9.0,6.0,2021.0,175
14.0,0.35,40.00000000000001,0.0,0.0,0.0,0.0,0.0,0.0,0.0,0.0,0.0,1185732.0,0.0,0.0,0.0,0.0,0.0,1.0,0.0,34.0,11.0,10.0,2021.0,400
5.0,0.5,36.0,0.0,0.0,0.0,1.0,0.0,0.0,0.0,0.0,0.0,1189833.0,0.0,1.0,0.0,0.0,0.0,1.0,0.0,25.0,18.0,1.0,2021.0,78
5.0,0.39,42.0,0.0,0.0,1.0,0.0,0.0,0.0,0.0,0.0,0.0,1189833.0,0.0,1.0,0.0,0.0,0.0,1.0,0.0,25.0,14.0,1.0,2021.0,112
32.0,0.3,25.000000000000007,0.0,0.0,0.0,1.0,0.0,0.0,0.0,0.0,0.0,1185732.0,0.0,0.0,0.0,0.0,1.0,0.0,0.0,48.0,4.0,9.0,2021.0,125
48.0,0.35,54.99999999999999,0.0,0.0,0.0,0.0,0.0,0.0,0.0,0.0,0.0,1185732.0,1.0,0.0,0.0,0.0,0.0,1.0,0.0,40.0,12.0,10.0,2021.0,125
38.0,0.5,45.0,0.0,0.0,1.0,0.0,0.0,0.0,0.0,0.0,0.0,1185732.0,1.0,0.0,0.0,0.0,0.0,0.0,1.0,26.0,7.0,7.0,2021.0,275
5.0,0.56,44.0,0.0,1.0,0.0,0.0,0.0,0.0,0.0,0.0,0.0,1189833.0,0.0,1.0,0.0,0.0,0.0,1.0,0.0,25.0,20.0,2.0,2021.0,160
38.0,0.4,30.0,0.0,0.0,0.0,1.0,0.0,0.0,0.0,0.0,0.0,1185732.0,1.0,0.0,0.0,0.0,0.0,0.0,1.0,26.0,11.0,6.0,2021.0,0
49.0,0.45999999999999996,38.0,1.0,0.0,0.0,0.0,0.0,0.0,0.0,0.0,0.0,1185732.0,1.0,0.0,0.0,0.0,0.0,1.0,0.0,24.0,18.0,8.0,2021.0,143
49.0,0.47,34.0,1.0,0.0,0.0,0.0,0.0,0.0,0.0,0.0,0.0,1185732.0,1.0,0.0,0.0,0.0,0.0,1.0,0.0,24.0,19.0,5.0,2021.0,88
13.0,0.35,50.0,0.0,0.0,0.0,0.0,1.0,0.0,0.0,0.0,0.0,1185732.0,1.0,0.0,0.0,0.0,0.0,0.0,1.0,12.0,7.0,8.0,2021.0,250
48.0,0.3,30.000000000000004,0.0,0.0,0.0,1.0,0.0,0.0,0.0,0.0,0.0,1185732.0,0.0,0.0,1.0,0.0,0.0,1.0,0.0,40.0,9.0,1.0,2021.0,125
19.0,0.3,40.0,0.0,0.0,0.0,0.0,1.0,0.0,0.0,0.0,0.0,1185732.0,1.0,0.0,0.0,0.0,0.0,0.0,0.0,33.0,9.0,11.0,2021.0,195
32.0,0.35,30.000000000000004,0.0,0.0,0.0,1.0,0.0,0.0,0.0,0.0,0.0,1185732.0,0.0,0.0,0.0,0.0,1.0,0.0,0.0,48.0,10.0,1.0,2021.0,150
38.0,0.35,40.0,0.0,0.0,0.0,0.0,1.0,0.0,0.0,0.0,0.0,1185732.0,1.0,0.0,0.0,0.0,0.0,0.0,1.0,26.0,4.0,7.0,2021.0,200
48.0,0.45999999999999996,41.0,0.0,1.0,0.0,0.0,0.0,0.0,0.0,0.0,0.0,1185732.0,1.0,0.0,0.0,0.0,0.0,1.0,0.0,40.0,12.0,6.0,2021.0,135
5.0,0.45,50.0,0.0,0.0,0.0,0.0,1.0,0.0,0.0,0.0,0.0,1189833.0,0.0,1.0,0.0,0.0,0.0,0.0,1.0,25.0,10.0,2.0,2021.0,500
18.0,0.55,64.99999999999999,0.0,0.0,1.0,0.0,0.0,0.0,0.0,0.0,0.0,1185732.0,0.0,0.0,1.0,0.0,0.0,0.0,0.0,21.0,16.0,11.0,2021.0,625
14.0,0.65,34.0,0.0,0.0,1.0,0.0,0.0,0.0,0.0,0.0,0.0,1185732.0,0.0,0.0,0.0,0.0,0.0,1.0,0.0,34.0,10.0,4.0,2021.0,137
48.0,0.3,35.0,0.0,0.0,0.0,1.0,0.0,0.0,0.0,0.0,0.0,1185732.0,1.0,0.0,0.0,0.0,0.0,1.0,0.0,40.0,12.0,6.0,2021.0,175
32.0,0.51,52.0,0.0,0.0,1.0,0.0,0.0,0.0,0.0,0.0,0.0,1185732.0,0.0,0.0,0.0,0.0,1.0,1.0,0.0,48.0,3.0,8.0,2021.0,102
23.0,0.3,44.99999999999999,0.0,0.0,0.0,0.0,0.0,0.0,0.0,0.0,0.0,1185732.0,0.0,0.0,0.0,0.0,1.0,0.0,0.0,13.0,10.0,10.0,2021.0,150
38.0,0.5,29.0,0.0,0.0,0.0,1.0,0.0,0.0,0.0,0.0,0.0,1185732.0,1.0,0.0,0.0,0.0,0.0,1.0,0.0,26.0,30.0,5.0,2021.0,14
14.0,0.53,20.0,0.0,0.0,0.0,0.0,1.0,0.0,0.0,0.0,0.0,1185732.0,0.0,0.0,0.0,0.0,0.0,1.0,0.0,34.0,9.0,3.0,2021.0,124
38.0,0.54,38.0,0.0,1.0,0.0,0.0,0.0,0.0,0.0,0.0,0.0,1185732.0,1.0,0.0,0.0,0.0,0.0,1.0,0.0,26.0,2.0,6.0,2021.0,122
13.0,0.5,50.0,0.0,0.0,1.0,0.0,0.0,0.0,0.0,0.0,0.0,1185732.0,1.0,0.0,0.0,0.0,0.0,0.0,1.0,12.0,17.0,6.0,2021.0,225
23.0,0.4,54.99999999999999,0.0,0.0,1.0,0.0,0.0,0.0,0.0,0.0,0.0,1185732.0,0.0,0.0,0.0,0.0,1.0,0.0,0.0,13.0,11.0,5.0,2021.0,325
32.0,0.3,20.000000000000004,0.0,1.0,0.0,0.0,0.0,0.0,0.0,0.0,0.0,1185732.0,0.0,0.0,0.0,0.0,1.0,0.0,0.0,48.0,2.0,3.0,2021.0,470
18.0,0.53,46.0,1.0,0.0,0.0,0.0,0.0,0.0,0.0,0.0,0.0,1185732.0,0.0,0.0,1.0,0.0,0.0,1.0,0.0,21.0,15.0,12.0,2021.0,176
19.0,0.4,64.99999999999999,0.0,0.0,1.0,0.0,0.0,0.0,0.0,0.0,0.0,1185732.0,1.0,0.0,0.0,0.0,0.0,0.0,0.0,33.0,8.0,12.0,2021.0,300
14.0,0.45999999999999996,41.0,1.0,0.0,0.0,0.0,0.0,0.0,0.0,0.0,0.0,1185732.0,0.0,0.0,0.0,0.0,0.0,1.0,0.0,34.0,11.0,6.0,2021.0,138
32.0,0.48,28.0,0.0,0.0,0.0,1.0,0.0,0.0,0.0,0.0,0.0,1185732.0,0.0,0.0,0.0,0.0,1.0,1.0,0.0,48.0,10.0,1.0,2021.0,44
17.0,0.42,54.0,0.0,1.0,0.0,0.0,0.0,0.0,0.0,0.0,0.0,1185732.0,0.0,0.0,0.0,0.0,1.0,1.0,0.0,14.0,5.0,12.0,2021.0,147
23.0,0.5,34.0,0.0,0.0,1.0,0.0,0.0,0.0,0.0,0.0,0.0,1185732.0,0.0,0.0,0.0,0.0,1.0,1.0,0.0,13.0,17.0,1.0,2021.0,75
19.0,0.3,30.000000000000004,0.0,0.0,0.0,0.0,1.0,0.0,0.0,0.0,0.0,1185732.0,0.0,0.0,1.0,0.0,0.0,0.0,0.0,33.0,10.0,9.0,2021.0,175
50.0,0.49,24.0,0.0,0.0,0.0,0.0,0.0,0.0,0.0,0.0,0.0,1197831.0,0.0,1.0,0.0,0.0,0.0,1.0,0.0,15.0,12.0,9.0,2021.0,61
19.0,0.42,19.0,0.0,0.0,0.0,0.0,1.0,0.0,0.0,0.0,0.0,1185732.0,0.0,0.0,1.0,0.0,0.0,1.0,0.0,33.0,9.0,4.0,2021.0,41
32.0,0.5,19.0,1.0,0.0,0.0,0.0,0.0,0.0,0.0,0.0,0.0,1185732.0,0.0,0.0,0.0,0.0,1.0,1.0,0.0,48.0,2.0,3.0,2021.0,44
38.0,0.39999999999999997,30.0,1.0,0.0,0.0,0.0,0.0,0.0,0.0,0.0,0.0,1197831.0,0.0,0.0,1.0,0.0,0.0,0.0,1.0,26.0,2.0,8.0,2021.0,675
17.0,0.4,64.99999999999999,0.0,0.0,1.0,0.0,0.0,0.0,0.0,0.0,0.0,1185732.0,0.0,0.0,0.0,0.0,1.0,0.0,0.0,14.0,6.0,11.0,2021.0,275
14.0,0.35,40.0,1.0,0.0,0.0,0.0,0.0,0.0,0.0,0.0,0.0,1185732.0,0.0,0.0,0.0,0.0,0.0,1.0,0.0,34.0,22.0,1.0,2021.0,300
19.0,0.54,51.0,0.0,0.0,1.0,0.0,0.0,0.0,0.0,0.0,0.0,1185732.0,0.0,0.0,1.0,0.0,0.0,1.0,0.0,33.0,9.0,6.0,2021.0,91
48.0,0.44,43.0,0.0,0.0,0.0,1.0,0.0,0.0,0.0,0.0,0.0,1185732.0,0.0,0.0,1.0,0.0,0.0,1.0,0.0,40.0,12.0,11.0,2021.0,44
48.0,0.44999999999999996,48.0,0.0,0.0,0.0,0.0,0.0,0.0,0.0,0.0,0.0,1185732.0,1.0,0.0,0.0,0.0,0.0,1.0,0.0,40.0,12.0,2.0,2021.0,46
5.0,0.6000000000000001,54.99999999999999,0.0,0.0,0.0,0.0,0.0,0.0,0.0,0.0,0.0,1189833.0,0.0,1.0,0.0,0.0,0.0,0.0,1.0,25.0,2.0,3.0,2021.0,375
49.0,0.45999999999999996,23.0,0.0,0.0,0.0,0.0,1.0,0.0,0.0,0.0,0.0,1185732.0,1.0,0.0,0.0,0.0,0.0,1.0,0.0,24.0,17.0,3.0,2021.0,95
13.0,0.35,50.0,0.0,0.0,0.0,0.0,0.0,0.0,0.0,0.0,0.0,1185732.0,1.0,0.0,0.0,0.0,0.0,0.0,1.0,12.0,16.0,7.0,2021.0,200
32.0,0.52,32.0,0.0,1.0,0.0,0.0,0.0,0.0,0.0,0.0,0.0,1185732.0,0.0,0.0,0.0,0.0,1.0,1.0,0.0,48.0,10.0,1.0,2021.0,140
18.0,0.39999999999999997,50.000000000000014,0.0,0.0,0.0,0.0,0.0,0.0,0.0,0.0,0.0,1185732.0,0.0,0.0,1.0,0.0,0.0,0.0,0.0,21.0,17.0,10.0,2021.0,400
32.0,0.4,14.999999999999996,0.0,0.0,1.0,0.0,0.0,0.0,0.0,0.0,0.0,1185732.0,0.0,0.0,0.0,0.0,1.0,0.0,0.0,48.0,3.0,2.0,2021.0,250
18.0,0.39999999999999997,35.0,1.0,0.0,0.0,0.0,0.0,0.0,0.0,0.0,0.0,1185732.0,0.0,0.0,1.0,0.0,0.0,0.0,0.0,21.0,15.0,3.0,2021.0,450
18.0,0.6900000000000001,37.0,0.0,0.0,1.0,0.0,0.0,0.0,0.0,0.0,0.0,1185732.0,0.0,0.0,1.0,0.0,0.0,1.0,0.0,21.0,16.0,4.0,2021.0,152
48.0,0.35,40.0,0.0,1.0,0.0,0.0,0.0,0.0,0.0,0.0,0.0,1185732.0,1.0,0.0,0.0,0.0,0.0,1.0,0.0,40.0,12.0,4.0,2021.0,450
19.0,0.35,44.99999999999999,0.0,0.0,0.0,0.0,0.0,0.0,0.0,0.0,0.0,1185732.0,0.0,0.0,1.0,0.0,0.0,1.0,0.0,33.0,9.0,2.0,2021.0,175
33.0,0.45,40.0,0.0,0.0,1.0,0.0,0.0,0.0,0.0,0.0,0.0,1185732.0,1.0,0.0,0.0,0.0,0.0,0.0,1.0,22.0,9.0,12.0,2020.0,200
23.0,0.3,40.0,0.0,0.0,0.0,0.0,0.0,0.0,0.0,0.0,0.0,1185732.0,0.0,0.0,0.0,0.0,1.0,0.0,0.0,13.0,10.0,6.0,2021.0,175
18.0,0.39999999999999997,40.000000000000014,1.0,0.0,0.0,0.0,0.0,0.0,0.0,0.0,0.0,1185732.0,0.0,0.0,1.0,0.0,0.0,0.0,0.0,21.0,15.0,9.0,2021.0,600
17.0,0.3,35.0,0.0,0.0,0.0,1.0,0.0,0.0,0.0,0.0,0.0,1185732.0,0.0,0.0,0.0,0.0,1.0,0.0,0.0,14.0,6.0,11.0,2021.0,200
5.0,0.53,36.0,0.0,0.0,0.0,1.0,0.0,0.0,0.0,0.0,0.0,1189833.0,0.0,1.0,0.0,0.0,0.0,1.0,0.0,25.0,5.0,2.0,2021.0,113
38.0,0.5,40.0,0.0,0.0,1.0,0.0,0.0,0.0,0.0,0.0,0.0,1185732.0,1.0,0.0,0.0,0.0,0.0,0.0,1.0,26.0,7.0,6.0,2021.0,150
23.0,0.4,25.000000000000007,0.0,0.0,1.0,0.0,0.0,0.0,0.0,0.0,0.0,1185732.0,0.0,0.0,0.0,0.0,1.0,0.0,0.0,13.0,9.0,3.0,2021.0,275
33.0,0.35000000000000003,35.0,0.0,0.0,0.0,1.0,0.0,0.0,0.0,0.0,0.0,1185732.0,1.0,0.0,0.0,0.0,0.0,0.0,1.0,22.0,1.0,12.0,2020.0,175
23.0,0.5,62.0,0.0,0.0,1.0,0.0,0.0,0.0,0.0,0.0,0.0,1185732.0,0.0,0.0,0.0,0.0,1.0,1.0,0.0,13.0,9.0,12.0,2021.0,120
14.0,0.35,50.000000000000014,1.0,0.0,0.0,0.0,0.0,0.0,0.0,0.0,0.0,1185732.0,0.0,0.0,0.0,0.0,0.0,1.0,0.0,34.0,9.0,9.0,2021.0,575
23.0,0.47,29.0,0.0,0.0,0.0,1.0,0.0,0.0,0.0,0.0,0.0,1185732.0,0.0,0.0,0.0,0.0,1.0,1.0,0.0,13.0,10.0,6.0,2021.0,46
23.0,0.4,60.00000000000001,0.0,0.0,1.0,0.0,0.0,0.0,0.0,0.0,0.0,1185732.0,0.0,0.0,0.0,0.0,1.0,0.0,0.0,13.0,10.0,6.0,2021.0,325
17.0,0.4,50.0,0.0,0.0,1.0,0.0,0.0,0.0,0.0,0.0,0.0,1185732.0,1.0,0.0,0.0,0.0,0.0,0.0,0.0,14.0,6.0,4.0,2021.0,250
32.0,0.3,60.0,0.0,1.0,0.0,0.0,0.0,0.0,0.0,0.0,0.0,1185732.0,0.0,0.0,0.0,0.0,1.0,0.0,0.0,48.0,2.0,12.0,2021.0,550
49.0,0.35,44.99999999999999,0.0,0.0,0.0,0.0,0.0,0.0,0.0,0.0,0.0,1185732.0,1.0,0.0,0.0,0.0,0.0,0.0,0.0,24.0,18.0,11.0,2021.0,300
13.0,0.47,56.0,0.0,0.0,0.0,0.0,0.0,0.0,0.0,0.0,0.0,1185732.0,1.0,0.0,0.0,0.0,0.0,1.0,0.0,12.0,16.0,6.0,2021.0,38
14.0,0.5,80.0,0.0,0.0,1.0,0.0,0.0,0.0,0.0,0.0,0.0,1185732.0,0.0,0.0,0.0,0.0,0.0,1.0,0.0,34.0,10.0,11.0,2021.0,575
14.0,0.47,38.0,1.0,0.0,0.0,0.0,0.0,0.0,0.0,0.0,0.0,1185732.0,0.0,0.0,0.0,0.0,0.0,1.0,0.0,34.0,22.0,1.0,2021.0,78
17.0,0.52,46.0,0.0,0.0,1.0,0.0,0.0,0.0,0.0,0.0,0.0,1185732.0,1.0,0.0,0.0,0.0,0.0,1.0,0.0,14.0,7.0,5.0,2021.0,69
5.0,0.5700000000000001,32.0,0.0,0.0,0.0,1.0,0.0,0.0,0.0,0.0,0.0,1197831.0,0.0,0.0,1.0,0.0,0.0,1.0,0.0,25.0,13.0,3.0,2021.0,135
14.0,0.35,80.00000000000001,0.0,0.0,0.0,0.0,0.0,0.0,0.0,0.0,0.0,1185732.0,0.0,0.0,0.0,0.0,0.0,1.0,0.0,34.0,10.0,11.0,2021.0,475
48.0,0.3,45.0,0.0,0.0,0.0,1.0,0.0,0.0,0.0,0.0,0.0,1185732.0,1.0,0.0,0.0,0.0,0.0,1.0,0.0,40.0,12.0,10.0,2021.0,125
49.0,0.49,27.0,1.0,0.0,0.0,0.0,0.0,0.0,0.0,0.0,0.0,1185732.0,1.0,0.0,0.0,0.0,0.0,1.0,0.0,24.0,18.0,4.0,2021.0,72
23.0,0.44999999999999996,27.0,0.0,0.0,0.0,0.0,1.0,0.0,0.0,0.0,0.0,1185732.0,0.0,0.0,0.0,0.0,1.0,1.0,0.0,13.0,10.0,6.0,2021.0,50
32.0,0.47,32.0,1.0,0.0,0.0,0.0,0.0,0.0,0.0,0.0,0.0,1185732.0,0.0,0.0,0.0,0.0,1.0,1.0,0.0,48.0,3.0,11.0,2021.0,78
49.0,0.35,35.0,0.0,0.0,0.0,0.0,0.0,0.0,0.0,0.0,0.0,1185732.0,0.0,0.0,0.0,0.0,1.0,0.0,0.0,24.0,11.0,1.0,2021.0,375
23.0,0.55,47.0,0.0,0.0,1.0,0.0,0.0,0.0,0.0,0.0,0.0,1185732.0,0.0,0.0,0.0,0.0,1.0,1.0,0.0,13.0,10.0,4.0,2021.0,72
50.0,0.5,14.0,0.0,0.0,0.0,0.0,1.0,0.0,0.0,0.0,0.0,1197831.0,0.0,1.0,0.0,0.0,0.0,1.0,0.0,15.0,13.0,4.0,2021.0,60
17.0,0.42,57.0,0.0,1.0,0.0,0.0,0.0,0.0,0.0,0.0,0.0,1185732.0,1.0,0.0,0.0,0.0,0.0,1.0,0.0,14.0,7.0,5.0,2021.0,146
13.0,0.44999999999999996,53.0,1.0,0.0,0.0,0.0,0.0,0.0,0.0,0.0,0.0,1185732.0,1.0,0.0,0.0,0.0,0.0,1.0,0.0,12.0,25.0,6.0,2021.0,54
48.0,0.35,45.0,0.0,0.0,0.0,0.0,0.0,0.0,0.0,0.0,0.0,1185732.0,1.0,0.0,0.0,0.0,0.0,1.0,0.0,40.0,13.0,9.0,2021.0,150
50.0,0.35,60.0,0.0,0.0,1.0,0.0,0.0,0.0,0.0,0.0,0.0,1197831.0,0.0,1.0,0.0,0.0,0.0,1.0,0.0,15.0,14.0,6.0,2021.0,450
50.0,0.5,66.0,0.0,1.0,0.0,0.0,0.0,0.0,0.0,0.0,0.0,1197831.0,1.0,0.0,0.0,0.0,0.0,1.0,0.0,15.0,12.0,12.0,2021.0,150
49.0,0.35,25.000000000000007,0.0,0.0,0.0,0.0,1.0,0.0,0.0,0.0,0.0,1185732.0,1.0,0.0,0.0,0.0,0.0,0.0,0.0,24.0,18.0,11.0,2021.0,295
17.0,0.5,35.0,0.0,0.0,0.0,0.0,0.0,0.0,0.0,0.0,0.0,1185732.0,1.0,0.0,0.0,0.0,0.0,0.0,0.0,14.0,7.0,9.0,2021.0,150
5.0,0.3,50.0,1.0,0.0,0.0,0.0,0.0,0.0,0.0,0.0,0.0,1189833.0,0.0,1.0,0.0,0.0,0.0,0.0,1.0,25.0,21.0,2.0,2021.0,550
32.0,0.4,35.0,0.0,1.0,0.0,0.0,0.0,0.0,0.0,0.0,0.0,1185732.0,0.0,0.0,0.0,0.0,1.0,0.0,0.0,48.0,10.0,2.0,2021.0,550
17.0,0.44999999999999996,23.0,0.0,0.0,0.0,1.0,0.0,0.0,0.0,0.0,0.0,1185732.0,0.0,0.0,0.0,0.0,1.0,1.0,0.0,14.0,3.0,1.0,2021.0,29
48.0,0.3,45.00000000000001,1.0,0.0,0.0,0.0,0.0,0.0,0.0,0.0,0.0,1185732.0,1.0,0.0,0.0,0.0,0.0,1.0,0.0,40.0,11.0,7.0,2021.0,300
14.0,0.5,61.0,0.0,1.0,0.0,0.0,0.0,0.0,0.0,0.0,0.0,1185732.0,0.0,0.0,0.0,0.0,0.0,1.0,0.0,34.0,10.0,8.0,2021.0,228
5.0,0.7100000000000001,48.0,0.0,0.0,0.0,0.0,0.0,0.0,0.0,0.0,0.0,1189833.0,0.0,1.0,0.0,0.0,0.0,1.0,0.0,25.0,13.0,1.0,2021.0,60
13.0,0.54,55.0,0.0,1.0,0.0,0.0,0.0,0.0,0.0,0.0,0.0,1185732.0,1.0,0.0,0.0,0.0,0.0,1.0,0.0,12.0,30.0,7.0,2021.0,112
33.0,0.45,45.0,0.0,0.0,0.0,0.0,1.0,0.0,0.0,0.0,0.0,1189833.0,0.0,1.0,0.0,0.0,0.0,0.0,1.0,22.0,30.0,12.0,2020.0,475
38.0,0.5,33.0,1.0,0.0,0.0,0.0,0.0,0.0,0.0,0.0,0.0,1185732.0,1.0,0.0,0.0,0.0,0.0,1.0,0.0,26.0,28.0,5.0,2021.0,38
38.0,0.48,42.0,0.0,0.0,0.0,0.0,0.0,0.0,0.0,0.0,0.0,1185732.0,1.0,0.0,0.0,0.0,0.0,1.0,0.0,26.0,12.0,6.0,2021.0,6
32.0,0.35,35.0,1.0,0.0,0.0,0.0,0.0,0.0,0.0,0.0,0.0,1185732.0,0.0,0.0,0.0,0.0,1.0,0.0,0.0,48.0,3.0,11.0,2021.0,300
33.0,0.48000000000000004,38.0,0.0,0.0,0.0,1.0,0.0,0.0,0.0,0.0,0.0,1185732.0,1.0,0.0,0.0,0.0,0.0,1.0,0.0,22.0,25.0,11.0,2020.0,51
50.0,0.35,40.0,0.0,1.0,0.0,0.0,0.0,0.0,0.0,0.0,0.0,1185732.0,1.0,0.0,0.0,0.0,0.0,1.0,0.0,15.0,12.0,1.0,2021.0,475
33.0,0.5900000000000001,41.0,0.0,0.0,0.0,0.0,1.0,0.0,0.0,0.0,0.0,1189833.0,0.0,1.0,0.0,0.0,0.0,1.0,0.0,22.0,30.0,12.0,2020.0,119
19.0,0.35,49.99999999999999,0.0,0.0,0.0,0.0,0.0,0.0,0.0,0.0,0.0,1185732.0,0.0,0.0,1.0,0.0,0.0,0.0,0.0,33.0,10.0,5.0,2021.0,125
23.0,0.4,60.0,0.0,1.0,0.0,0.0,0.0,0.0,0.0,0.0,0.0,1185732.0,0.0,0.0,0.0,0.0,1.0,0.0,0.0,13.0,11.0,5.0,2021.0,545
48.0,0.4,40.0,0.0,0.0,1.0,0.0,0.0,0.0,0.0,0.0,0.0,1185732.0,1.0,0.0,0.0,0.0,0.0,1.0,0.0,40.0,11.0,3.0,2021.0,225
49.0,0.35,35.0,0.0,0.0,0.0,0.0,0.0,0.0,0.0,0.0,0.0,1185732.0,1.0,0.0,0.0,0.0,0.0,0.0,0.0,24.0,18.0,8.0,2021.0,300
50.0,0.45999999999999996,9.0,0.0,0.0,0.0,0.0,1.0,0.0,0.0,0.0,0.0,1197831.0,0.0,1.0,0.0,0.0,0.0,1.0,0.0,15.0,12.0,3.0,2021.0,75
5.0,0.7400000000000001,51.0,0.0,0.0,0.0,0.0,0.0,0.0,0.0,0.0,0.0,1189833.0,0.0,1.0,0.0,0.0,0.0,1.0,0.0,25.0,2.0,3.0,2021.0,113
19.0,0.4,27.0,0.0,0.0,0.0,0.0,1.0,0.0,0.0,0.0,0.0,1185732.0,0.0,0.0,1.0,0.0,0.0,1.0,0.0,33.0,9.0,6.0,2021.0,60
5.0,0.44999999999999996,42.0,1.0,0.0,0.0,0.0,0.0,0.0,0.0,0.0,0.0,1189833.0,0.0,1.0,0.0,0.0,0.0,1.0,0.0,25.0,4.0,1.0,2021.0,123
48.0,0.3,45.0,0.0,0.0,0.0,0.0,1.0,0.0,0.0,0.0,0.0,1185732.0,1.0,0.0,0.0,0.0,0.0,1.0,0.0,40.0,12.0,10.0,2021.0,150
49.0,0.47,28.0,1.0,0.0,0.0,0.0,0.0,0.0,0.0,0.0,0.0,1185732.0,1.0,0.0,0.0,0.0,0.0,1.0,0.0,24.0,19.0,9.0,2021.0,100
49.0,0.45999999999999996,27.0,1.0,0.0,0.0,0.0,0.0,0.0,0.0,0.0,0.0,1185732.0,1.0,0.0,0.0,0.0,0.0,1.0,0.0,24.0,18.0,6.0,2021.0,91
18.0,0.55,50.000000000000014,0.0,0.0,1.0,0.0,0.0,0.0,0.0,0.0,0.0,1185732.0,0.0,0.0,1.0,0.0,0.0,0.0,0.0,21.0,16.0,8.0,2021.0,675
18.0,0.35,35.0,0.0,0.0,0.0,1.0,0.0,0.0,0.0,0.0,0.0,1185732.0,0.0,0.0,1.0,0.0,0.0,0.0,0.0,21.0,16.0,4.0,2021.0,375
32.0,0.4,55.00000000000001,0.0,0.0,1.0,0.0,0.0,0.0,0.0,0.0,0.0,1185732.0,0.0,0.0,0.0,0.0,1.0,0.0,0.0,48.0,3.0,6.0,2021.0,325
23.0,0.47,37.0,0.0,0.0,0.0,0.0,1.0,0.0,0.0,0.0,0.0,1185732.0,0.0,0.0,0.0,0.0,1.0,1.0,0.0,13.0,10.0,8.0,2021.0,56
14.0,0.47,62.0,0.0,0.0,0.0,0.0,0.0,0.0,0.0,0.0,0.0,1185732.0,0.0,0.0,0.0,0.0,0.0,1.0,0.0,34.0,11.0,6.0,2021.0,150
17.0,0.49,44.0,1.0,0.0,0.0,0.0,0.0,0.0,0.0,0.0,0.0,1185732.0,1.0,0.0,0.0,0.0,0.0,1.0,0.0,14.0,5.0,7.0,2021.0,87
38.0,0.64,33.0,0.0,0.0,0.0,1.0,0.0,0.0,0.0,0.0,0.0,1197831.0,0.0,0.0,1.0,0.0,0.0,1.0,0.0,26.0,4.0,8.0,2021.0,138
33.0,0.45000000000000007,32.0,0.0,1.0,0.0,0.0,0.0,0.0,0.0,0.0,0.0,1185732.0,1.0,0.0,0.0,0.0,0.0,1.0,0.0,22.0,23.0,10.0,2020.0,135
33.0,0.35000000000000003,25.0,0.0,0.0,0.0,1.0,0.0,0.0,0.0,0.0,0.0,1185732.0,1.0,0.0,0.0,0.0,0.0,0.0,1.0,22.0,7.0,12.0,2020.0,125
14.0,0.4,30.00000000000001,0.0,0.0,0.0,0.0,1.0,0.0,0.0,0.0,0.0,1185732.0,0.0,0.0,0.0,0.0,0.0,1.0,0.0,34.0,11.0,10.0,2021.0,425
13.0,0.45999999999999996,41.0,1.0,0.0,0.0,0.0,0.0,0.0,0.0,0.0,0.0,1185732.0,1.0,0.0,0.0,0.0,0.0,1.0,0.0,12.0,13.0,7.0,2021.0,94
19.0,0.41,36.0,1.0,0.0,0.0,0.0,0.0,0.0,0.0,0.0,0.0,1185732.0,0.0,0.0,1.0,0.0,0.0,1.0,0.0,33.0,9.0,10.0,2021.0,73
23.0,0.55,25.0,0.0,0.0,0.0,0.0,1.0,0.0,0.0,0.0,0.0,1185732.0,0.0,0.0,0.0,0.0,1.0,1.0,0.0,13.0,17.0,1.0,2021.0,87
48.0,0.4,29.0,0.0,0.0,0.0,0.0,1.0,0.0,0.0,0.0,0.0,1185732.0,1.0,0.0,0.0,0.0,0.0,1.0,0.0,40.0,12.0,4.0,2021.0,45
33.0,0.45,59.999999999999986,0.0,0.0,1.0,0.0,0.0,0.0,0.0,0.0,0.0,1185732.0,1.0,0.0,0.0,0.0,0.0,0.0,1.0,22.0,27.0,12.0,2020.0,275
33.0,0.35000000000000003,50.0,0.0,1.0,0.0,0.0,0.0,0.0,0.0,0.0,0.0,1185732.0,1.0,0.0,0.0,0.0,0.0,0.0,1.0,22.0,16.0,12.0,2020.0,350
13.0,0.4,50.0,0.0,0.0,0.0,1.0,0.0,0.0,0.0,0.0,0.0,1185732.0,1.0,0.0,0.0,0.0,0.0,0.0,1.0,12.0,27.0,6.0,2021.0,100
49.0,0.52,24.0,0.0,0.0,0.0,1.0,0.0,0.0,0.0,0.0,0.0,1185732.0,1.0,0.0,0.0,0.0,0.0,1.0,0.0,24.0,18.0,2.0,2021.0,70
50.0,0.35,55.00000000000001,1.0,0.0,0.0,0.0,0.0,0.0,0.0,0.0,0.0,1197831.0,0.0,1.0,0.0,0.0,0.0,1.0,0.0,15.0,13.0,8.0,2021.0,425
14.0,0.51,51.0,0.0,0.0,0.0,0.0,1.0,0.0,0.0,0.0,0.0,1185732.0,0.0,0.0,0.0,0.0,0.0,1.0,0.0,34.0,9.0,7.0,2021.0,173
5.0,0.54,41.0,0.0,0.0,0.0,1.0,0.0,0.0,0.0,0.0,0.0,1189833.0,0.0,1.0,0.0,0.0,0.0,1.0,0.0,25.0,11.0,2.0,2021.0,106
50.0,0.45999999999999996,32.0,0.0,0.0,0.0,0.0,0.0,0.0,0.0,0.0,0.0,1197831.0,0.0,1.0,0.0,0.0,0.0,1.0,0.0,15.0,12.0,3.0,2021.0,41
50.0,0.35,30.000000000000004,0.0,0.0,1.0,0.0,0.0,0.0,0.0,0.0,0.0,1197831.0,1.0,0.0,0.0,0.0,0.0,1.0,0.0,15.0,14.0,10.0,2021.0,300
48.0,0.35,60.0,0.0,0.0,0.0,0.0,0.0,0.0,0.0,0.0,0.0,1185732.0,0.0,0.0,1.0,0.0,0.0,1.0,0.0,40.0,12.0,11.0,2021.0,150
48.0,0.35,50.0,0.0,1.0,0.0,0.0,0.0,0.0,0.0,0.0,0.0,1185732.0,1.0,0.0,0.0,0.0,0.0,1.0,0.0,40.0,11.0,7.0,2021.0,550
49.0,0.4,25.0,0.0,0.0,0.0,1.0,0.0,0.0,0.0,0.0,0.0,1185732.0,1.0,0.0,0.0,0.0,0.0,0.0,0.0,24.0,18.0,4.0,2021.0,200
32.0,0.44999999999999996,29.0,1.0,0.0,0.0,0.0,0.0,0.0,0.0,0.0,0.0,1185732.0,0.0,0.0,0.0,0.0,1.0,1.0,0.0,48.0,4.0,9.0,2021.0,65
13.0,0.47,54.0,0.0,0.0,0.0,0.0,0.0,0.0,0.0,0.0,0.0,1185732.0,1.0,0.0,0.0,0.0,0.0,1.0,0.0,12.0,22.0,6.0,2021.0,28
33.0,0.42,43.0,1.0,0.0,0.0,0.0,0.0,0.0,0.0,0.0,0.0,1189833.0,0.0,1.0,0.0,0.0,0.0,1.0,0.0,22.0,29.0,12.0,2020.0,128
18.0,0.52,24.0,0.0,0.0,0.0,1.0,0.0,0.0,0.0,0.0,0.0,1185732.0,1.0,0.0,0.0,0.0,0.0,1.0,0.0,21.0,18.0,1.0,2021.0,77
5.0,0.5900000000000001,36.0,0.0,1.0,0.0,0.0,0.0,0.0,0.0,0.0,0.0,1189833.0,0.0,1.0,0.0,0.0,0.0,1.0,0.0,25.0,27.0,1.0,2021.0,169
48.0,0.44,32.0,1.0,0.0,0.0,0.0,0.0,0.0,0.0,0.0,0.0,1185732.0,0.0,0.0,1.0,0.0,0.0,1.0,0.0,40.0,9.0,1.0,2021.0,74
14.0,0.35,30.00000000000001,1.0,0.0,0.0,0.0,0.0,0.0,0.0,0.0,0.0,1185732.0,0.0,0.0,0.0,0.0,0.0,1.0,0.0,34.0,11.0,10.0,2021.0,550
18.0,0.54,46.0,1.0,0.0,0.0,0.0,0.0,0.0,0.0,0.0,0.0,1185732.0,0.0,0.0,1.0,0.0,0.0,1.0,0.0,21.0,17.0,6.0,2021.0,167
14.0,0.5,32.0,0.0,0.0,0.0,0.0,1.0,0.0,0.0,0.0,0.0,1185732.0,0.0,0.0,0.0,0.0,0.0,1.0,0.0,34.0,10.0,11.0,2021.0,116
19.0,0.35,50.0,0.0,0.0,0.0,0.0,0.0,0.0,0.0,0.0,0.0,1185732.0,0.0,0.0,1.0,0.0,0.0,0.0,0.0,33.0,8.0,7.0,2021.0,200
38.0,0.54,37.0,0.0,1.0,0.0,0.0,0.0,0.0,0.0,0.0,0.0,1185732.0,1.0,0.0,0.0,0.0,0.0,1.0,0.0,26.0,20.0,7.0,2021.0,84
50.0,0.35,55.00000000000001,0.0,0.0,1.0,0.0,0.0,0.0,0.0,0.0,0.0,1197831.0,0.0,1.0,0.0,0.0,0.0,1.0,0.0,15.0,13.0,8.0,2021.0,450
13.0,0.49,53.0,0.0,0.0,0.0,0.0,0.0,0.0,0.0,0.0,0.0,1185732.0,1.0,0.0,0.0,0.0,0.0,1.0,0.0,12.0,4.0,6.0,2021.0,47
33.0,0.52,44.0,0.0,0.0,0.0,1.0,0.0,0.0,0.0,0.0,0.0,1189833.0,0.0,1.0,0.0,0.0,0.0,1.0,0.0,22.0,31.0,12.0,2020.0,98
13.0,0.5,64.99999999999999,0.0,0.0,1.0,0.0,0.0,0.0,0.0,0.0,0.0,1185732.0,1.0,0.0,0.0,0.0,0.0,0.0,1.0,12.0,10.0,8.0,2021.0,300
48.0,0.3,35.0,0.0,0.0,0.0,0.0,1.0,0.0,0.0,0.0,0.0,1185732.0,1.0,0.0,0.0,0.0,0.0,1.0,0.0,40.0,12.0,6.0,2021.0,200
48.0,0.3,35.0,1.0,0.0,0.0,0.0,0.0,0.0,0.0,0.0,0.0,1185732.0,0.0,0.0,1.0,0.0,0.0,1.0,0.0,40.0,9.0,1.0,2021.0,275
17.0,0.4,55.00000000000001,0.0,0.0,1.0,0.0,0.0,0.0,0.0,0.0,0.0,1185732.0,1.0,0.0,0.0,0.0,0.0,0.0,0.0,14.0,6.0,8.0,2021.0,350
38.0,0.53,41.0,0.0,1.0,0.0,0.0,0.0,0.0,0.0,0.0,0.0,1185732.0,1.0,0.0,0.0,0.0,0.0,1.0,0.0,26.0,2.0,7.0,2021.0,145
32.0,0.3,40.0,0.0,0.0,0.0,1.0,0.0,0.0,0.0,0.0,0.0,1185732.0,0.0,0.0,0.0,0.0,1.0,0.0,0.0,48.0,2.0,7.0,2021.0,175
50.0,0.4,37.0,1.0,0.0,0.0,0.0,0.0,0.0,0.0,0.0,0.0,1185732.0,1.0,0.0,0.0,0.0,0.0,1.0,0.0,15.0,12.0,1.0,2021.0,80
49.0,0.49,18.0,0.0,0.0,0.0,0.0,1.0,0.0,0.0,0.0,0.0,1185732.0,1.0,0.0,0.0,0.0,0.0,1.0,0.0,24.0,18.0,4.0,2021.0,83
32.0,0.5,50.0,0.0,0.0,0.0,0.0,0.0,0.0,0.0,0.0,0.0,1185732.0,0.0,0.0,0.0,0.0,1.0,0.0,0.0,48.0,2.0,7.0,2021.0,200
48.0,0.3,35.0,0.0,0.0,0.0,1.0,0.0,0.0,0.0,0.0,0.0,1185732.0,1.0,0.0,0.0,0.0,0.0,1.0,0.0,40.0,11.0,3.0,2021.0,75
38.0,0.61,37.0,0.0,0.0,1.0,0.0,0.0,0.0,0.0,0.0,0.0,1185732.0,1.0,0.0,0.0,0.0,0.0,1.0,0.0,26.0,7.0,6.0,2021.0,38
38.0,0.35,49.99999999999999,0.0,0.0,0.0,0.0,0.0,0.0,0.0,0.0,0.0,1185732.0,1.0,0.0,0.0,0.0,0.0,0.0,1.0,26.0,18.0,6.0,2021.0,50
50.0,0.35,65.0,0.0,0.0,1.0,0.0,0.0,0.0,0.0,0.0,0.0,1197831.0,0.0,1.0,0.0,0.0,0.0,1.0,0.0,15.0,12.0,7.0,2021.0,500
49.0,0.45999999999999996,29.0,0.0,0.0,0.0,0.0,1.0,0.0,0.0,0.0,0.0,1185732.0,1.0,0.0,0.0,0.0,0.0,1.0,0.0,24.0,19.0,5.0,2021.0,87
32.0,0.3,35.0,0.0,1.0,0.0,0.0,0.0,0.0,0.0,0.0,0.0,1185732.0,0.0,0.0,0.0,0.0,1.0,0.0,0.0,48.0,4.0,9.0,2021.0,475
32.0,0.55,51.0,0.0,0.0,1.0,0.0,0.0,0.0,0.0,0.0,0.0,1185732.0,0.0,0.0,0.0,0.0,1.0,1.0,0.0,48.0,3.0,6.0,2021.0,98
19.0,0.3,40.0,0.0,0.0,0.0,0.0,1.0,0.0,0.0,0.0,0.0,1185732.0,0.0,0.0,1.0,0.0,0.0,0.0,0.0,33.0,8.0,7.0,2021.0,225
18.0,0.39999999999999997,60.0,0.0,0.0,0.0,0.0,0.0,0.0,0.0,0.0,0.0,1185732.0,0.0,0.0,1.0,0.0,0.0,0.0,0.0,21.0,17.0,6.0,2021.0,525
23.0,0.4,35.0,0.0,1.0,0.0,0.0,0.0,0.0,0.0,0.0,0.0,1185732.0,0.0,0.0,0.0,0.0,1.0,0.0,0.0,13.0,17.0,2.0,2021.0,550
13.0,0.35,60.0,0.0,0.0,0.0,0.0,0.0,0.0,0.0,0.0,0.0,1185732.0,1.0,0.0,0.0,0.0,0.0,0.0,1.0,12.0,28.0,7.0,2021.0,125
23.0,0.54,29.0,0.0,0.0,0.0,1.0,0.0,0.0,0.0,0.0,0.0,1185732.0,0.0,0.0,0.0,0.0,1.0,1.0,0.0,13.0,17.0,1.0,2021.0,45
5.0,0.35,20.0,0.0,1.0,0.0,0.0,0.0,0.0,0.0,0.0,0.0,1197831.0,0.0,0.0,1.0,0.0,0.0,0.0,1.0,25.0,10.0,3.0,2021.0,700
32.0,0.3,14.999999999999996,0.0,0.0,0.0,1.0,0.0,0.0,0.0,0.0,0.0,1185732.0,0.0,0.0,0.0,0.0,1.0,0.0,0.0,48.0,2.0,3.0,2021.0,75
49.0,0.4,30.000000000000004,0.0,0.0,0.0,1.0,0.0,0.0,0.0,0.0,0.0,1185732.0,1.0,0.0,0.0,0.0,0.0,0.0,0.0,24.0,19.0,5.0,2021.0,225
13.0,0.5,50.0,0.0,0.0,1.0,0.0,0.0,0.0,0.0,0.0,0.0,1185732.0,1.0,0.0,0.0,0.0,0.0,0.0,1.0,12.0,23.0,6.0,2021.0,225
18.0,0.5,60.0,0.0,1.0,0.0,0.0,0.0,0.0,0.0,0.0,0.0,1185732.0,0.0,0.0,1.0,0.0,0.0,0.0,0.0,21.0,15.0,7.0,2021.0,900
38.0,0.62,51.0,0.0,0.0,1.0,0.0,0.0,0.0,0.0,0.0,0.0,1185732.0,1.0,0.0,0.0,0.0,0.0,1.0,0.0,26.0,19.0,6.0,2021.0,41
23.0,0.4,44.99999999999999,0.0,1.0,0.0,0.0,0.0,0.0,0.0,0.0,0.0,1185732.0,0.0,0.0,0.0,0.0,1.0,0.0,0.0,13.0,10.0,11.0,2021.0,425
5.0,0.38,56.0,0.0,0.0,1.0,0.0,0.0,0.0,0.0,0.0,0.0,1189833.0,0.0,1.0,0.0,0.0,0.0,1.0,0.0,25.0,13.0,2.0,2021.0,112
33.0,0.5,32.0,0.0,0.0,0.0,1.0,0.0,0.0,0.0,0.0,0.0,1185732.0,1.0,0.0,0.0,0.0,0.0,1.0,0.0,22.0,1.0,11.0,2020.0,7
17.0,0.43,20.0,0.0,0.0,0.0,0.0,1.0,0.0,0.0,0.0,0.0,1185732.0,0.0,0.0,0.0,0.0,1.0,1.0,0.0,14.0,3.0,2.0,2021.0,60
13.0,0.35,40.0,0.0,0.0,0.0,0.0,1.0,0.0,0.0,0.0,0.0,1185732.0,1.0,0.0,0.0,0.0,0.0,0.0,1.0,12.0,14.0,7.0,2021.0,250
19.0,0.3,35.00000000000001,1.0,0.0,0.0,0.0,0.0,0.0,0.0,0.0,0.0,1185732.0,0.0,0.0,1.0,0.0,0.0,0.0,0.0,33.0,9.0,6.0,2021.0,250
32.0,0.51,32.0,1.0,0.0,0.0,0.0,0.0,0.0,0.0,0.0,0.0,1185732.0,0.0,0.0,0.0,0.0,1.0,1.0,0.0,48.0,10.0,1.0,2021.0,78
33.0,0.47000000000000003,47.0,0.0,1.0,0.0,0.0,0.0,0.0,0.0,0.0,0.0,1185732.0,1.0,0.0,0.0,0.0,0.0,1.0,0.0,22.0,28.0,11.0,2020.0,137
38.0,0.35,30.000000000000004,0.0,0.0,0.0,0.0,1.0,0.0,0.0,0.0,0.0,1185732.0,1.0,0.0,0.0,0.0,0.0,0.0,1.0,26.0,22.0,7.0,2021.0,95
18.0,0.35,30.0,1.0,0.0,0.0,0.0,0.0,0.0,0.0,0.0,0.0,1185732.0,1.0,0.0,0.0,0.0,0.0,0.0,0.0,21.0,18.0,2.0,2021.0,325
38.0,0.35,40.00000000000001,1.0,0.0,0.0,0.0,0.0,0.0,0.0,0.0,0.0,1185732.0,1.0,0.0,0.0,0.0,0.0,0.0,1.0,26.0,15.0,6.0,2021.0,125
49.0,0.65,34.0,0.0,0.0,1.0,0.0,0.0,0.0,0.0,0.0,0.0,1185732.0,1.0,0.0,0.0,0.0,0.0,1.0,0.0,24.0,17.0,3.0,2021.0,102
23.0,0.4,25.000000000000007,1.0,0.0,0.0,0.0,0.0,0.0,0.0,0.0,0.0,1185732.0,0.0,0.0,0.0,0.0,1.0,0.0,0.0,13.0,10.0,4.0,2021.0,200
48.0,0.45999999999999996,38.0,0.0,1.0,0.0,0.0,0.0,0.0,0.0,0.0,0.0,1185732.0,1.0,0.0,0.0,0.0,0.0,1.0,0.0,40.0,12.0,4.0,2021.0,113
50.0,0.48,54.0,0.0,0.0,0.0,1.0,0.0,0.0,0.0,0.0,0.0,1197831.0,1.0,0.0,0.0,0.0,0.0,1.0,0.0,15.0,13.0,11.0,2021.0,83
18.0,0.55,60.0,0.0,0.0,1.0,0.0,0.0,0.0,0.0,0.0,0.0,1185732.0,0.0,0.0,1.0,0.0,0.0,0.0,0.0,21.0,15.0,5.0,2021.0,575
19.0,0.3,30.000000000000004,0.0,1.0,0.0,0.0,0.0,0.0,0.0,0.0,0.0,1185732.0,1.0,0.0,0.0,0.0,0.0,0.0,0.0,33.0,6.0,1.0,2021.0,450
17.0,0.44,25.0,0.0,0.0,0.0,1.0,0.0,0.0,0.0,0.0,0.0,1185732.0,1.0,0.0,0.0,0.0,0.0,1.0,0.0,14.0,6.0,2.0,2021.0,23
38.0,0.4,30.000000000000004,0.0,0.0,0.0,1.0,0.0,0.0,0.0,0.0,0.0,1185732.0,1.0,0.0,0.0,0.0,0.0,0.0,1.0,26.0,30.0,5.0,2021.0,50
13.0,0.53,46.0,0.0,0.0,0.0,1.0,0.0,0.0,0.0,0.0,0.0,1185732.0,1.0,0.0,0.0,0.0,0.0,1.0,0.0,12.0,2.0,8.0,2021.0,53
50.0,0.48,25.0,1.0,0.0,0.0,0.0,0.0,0.0,0.0,0.0,0.0,1197831.0,0.0,1.0,0.0,0.0,0.0,1.0,0.0,15.0,13.0,4.0,2021.0,58
33.0,0.3,40.0,0.0,0.0,0.0,0.0,1.0,0.0,0.0,0.0,0.0,1185732.0,1.0,0.0,0.0,0.0,0.0,0.0,0.0,22.0,12.0,11.0,2020.0,125
13.0,0.49,49.0,1.0,0.0,0.0,0.0,0.0,0.0,0.0,0.0,0.0,1185732.0,1.0,0.0,0.0,0.0,0.0,1.0,0.0,12.0,25.0,7.0,2021.0,75
18.0,0.5,35.0,0.0,1.0,0.0,0.0,0.0,0.0,0.0,0.0,0.0,1185732.0,0.0,0.0,1.0,0.0,0.0,0.0,0.0,21.0,16.0,4.0,2021.0,725
38.0,0.53,38.0,0.0,1.0,0.0,0.0,0.0,0.0,0.0,0.0,0.0,1185732.0,1.0,0.0,0.0,0.0,0.0,1.0,0.0,26.0,8.0,6.0,2021.0,105
18.0,0.55,55.00000000000001,0.0,0.0,1.0,0.0,0.0,0.0,0.0,0.0,0.0,1185732.0,0.0,0.0,1.0,0.0,0.0,0.0,0.0,21.0,17.0,10.0,2021.0,525
18.0,0.35,50.0,0.0,0.0,0.0,1.0,0.0,0.0,0.0,0.0,0.0,1185732.0,1.0,0.0,0.0,0.0,0.0,0.0,0.0,21.0,15.0,12.0,2021.0,550
13.0,0.5,65.0,0.0,0.0,1.0,0.0,0.0,0.0,0.0,0.0,0.0,1185732.0,1.0,0.0,0.0,0.0,0.0,0.0,1.0,12.0,29.0,6.0,2021.0,250
33.0,0.35000000000000003,50.0,0.0,1.0,0.0,0.0,0.0,0.0,0.0,0.0,0.0,1185732.0,1.0,0.0,0.0,0.0,0.0,0.0,1.0,22.0,22.0,11.0,2020.0,550
23.0,0.54,41.0,1.0,0.0,0.0,0.0,0.0,0.0,0.0,0.0,0.0,1185732.0,0.0,0.0,0.0,0.0,1.0,1.0,0.0,13.0,10.0,8.0,2021.0,87
32.0,0.3,35.0,0.0,0.0,0.0,0.0,1.0,0.0,0.0,0.0,0.0,1185732.0,0.0,0.0,0.0,0.0,1.0,0.0,0.0,48.0,4.0,5.0,2021.0,175
17.0,0.3,40.0,0.0,0.0,0.0,1.0,0.0,0.0,0.0,0.0,0.0,1185732.0,1.0,0.0,0.0,0.0,0.0,0.0,0.0,14.0,5.0,7.0,2021.0,175
14.0,0.48,32.0,0.0,0.0,0.0,0.0,0.0,0.0,0.0,0.0,0.0,1185732.0,0.0,0.0,0.0,0.0,0.0,1.0,0.0,34.0,9.0,9.0,2021.0,122
50.0,0.49,20.0,0.0,1.0,0.0,0.0,0.0,0.0,0.0,0.0,0.0,1197831.0,0.0,1.0,0.0,0.0,0.0,1.0,0.0,15.0,12.0,3.0,2021.0,153
38.0,0.4,40.0,0.0,1.0,0.0,0.0,0.0,0.0,0.0,0.0,0.0,1185732.0,1.0,0.0,0.0,0.0,0.0,0.0,1.0,26.0,8.0,7.0,2021.0,400
50.0,0.35,40.0,0.0,0.0,0.0,1.0,0.0,0.0,0.0,0.0,0.0,1197831.0,0.0,1.0,0.0,0.0,0.0,1.0,0.0,15.0,13.0,8.0,2021.0,300
5.0,0.6000000000000001,45.0,0.0,0.0,0.0,0.0,0.0,0.0,0.0,0.0,0.0,1189833.0,0.0,1.0,0.0,0.0,0.0,0.0,1.0,25.0,19.0,1.0,2021.0,200
23.0,0.49,34.0,0.0,0.0,0.0,1.0,0.0,0.0,0.0,0.0,0.0,1185732.0,0.0,0.0,0.0,0.0,1.0,1.0,0.0,13.0,11.0,5.0,2021.0,49
49.0,0.4,15.000000000000002,0.0,0.0,0.0,1.0,0.0,0.0,0.0,0.0,0.0,1185732.0,1.0,0.0,0.0,0.0,0.0,0.0,0.0,24.0,19.0,9.0,2021.0,275
48.0,0.45999999999999996,49.0,0.0,0.0,0.0,0.0,0.0,0.0,0.0,0.0,0.0,1185732.0,1.0,0.0,0.0,0.0,0.0,1.0,0.0,40.0,11.0,7.0,2021.0,52
19.0,0.3,25.000000000000007,0.0,0.0,0.0,1.0,0.0,0.0,0.0,0.0,0.0,1185732.0,1.0,0.0,0.0,0.0,0.0,0.0,0.0,33.0,6.0,1.0,2021.0,100
32.0,0.5,60.0,0.0,0.0,0.0,0.0,0.0,0.0,0.0,0.0,0.0,1185732.0,0.0,0.0,0.0,0.0,1.0,0.0,0.0,48.0,3.0,4.0,2021.0,100
33.0,0.44999999999999996,42.0,1.0,0.0,0.0,0.0,0.0,0.0,0.0,0.0,0.0,1185732.0,1.0,0.0,0.0,0.0,0.0,1.0,0.0,22.0,23.0,12.0,2020.0,77
18.0,0.39999999999999997,50.0,1.0,0.0,0.0,0.0,0.0,0.0,0.0,0.0,0.0,1185732.0,0.0,0.0,1.0,0.0,0.0,0.0,0.0,21.0,15.0,12.0,2021.0,650
19.0,0.41,38.0,0.0,0.0,0.0,1.0,0.0,0.0,0.0,0.0,0.0,1185732.0,0.0,0.0,1.0,0.0,0.0,1.0,0.0,33.0,9.0,8.0,2021.0,52
19.0,0.4,55.00000000000001,0.0,0.0,1.0,0.0,0.0,0.0,0.0,0.0,0.0,1185732.0,0.0,0.0,1.0,0.0,0.0,0.0,0.0,33.0,9.0,8.0,2021.0,350
50.0,0.35,50.0,0.0,0.0,0.0,0.0,1.0,0.0,0.0,0.0,0.0,1197831.0,0.0,1.0,0.0,0.0,0.0,1.0,0.0,15.0,13.0,8.0,2021.0,350
49.0,0.51,34.0,0.0,1.0,0.0,0.0,0.0,0.0,0.0,0.0,0.0,1185732.0,1.0,0.0,0.0,0.0,0.0,1.0,0.0,24.0,17.0,3.0,2021.0,186
48.0,0.3,45.0,1.0,0.0,0.0,0.0,0.0,0.0,0.0,0.0,0.0,1185732.0,1.0,0.0,0.0,0.0,0.0,1.0,0.0,40.0,12.0,10.0,2021.0,250
33.0,0.47000000000000003,41.0,0.0,1.0,0.0,0.0,0.0,0.0,0.0,0.0,0.0,1185732.0,1.0,0.0,0.0,0.0,0.0,1.0,0.0,22.0,10.0,12.0,2020.0,98
5.0,0.51,43.0,0.0,0.0,0.0,1.0,0.0,0.0,0.0,0.0,0.0,1189833.0,0.0,1.0,0.0,0.0,0.0,1.0,0.0,25.0,7.0,3.0,2021.0,143
19.0,0.3,30.000000000000004,0.0,0.0,0.0,1.0,0.0,0.0,0.0,0.0,0.0,1185732.0,0.0,0.0,1.0,0.0,0.0,0.0,0.0,33.0,10.0,9.0,2021.0,150
17.0,0.44,10.0,0.0,0.0,0.0,0.0,1.0,0.0,0.0,0.0,0.0,1185732.0,1.0,0.0,0.0,0.0,0.0,1.0,0.0,14.0,6.0,4.0,2021.0,53
32.0,0.4,49.99999999999999,0.0,0.0,1.0,0.0,0.0,0.0,0.0,0.0,0.0,1185732.0,0.0,0.0,0.0,0.0,1.0,0.0,0.0,48.0,4.0,5.0,2021.0,300
50.0,0.3,30.000000000000004,0.0,0.0,0.0,0.0,1.0,0.0,0.0,0.0,0.0,1185732.0,1.0,0.0,0.0,0.0,0.0,1.0,0.0,15.0,12.0,2.0,2021.0,225
5.0,0.25,60.0,0.0,0.0,1.0,0.0,0.0,0.0,0.0,0.0,0.0,1189833.0,0.0,1.0,0.0,0.0,0.0,0.0,1.0,25.0,19.0,2.0,2021.0,450
14.0,0.47,29.0,1.0,0.0,0.0,0.0,0.0,0.0,0.0,0.0,0.0,1185732.0,0.0,0.0,0.0,0.0,0.0,1.0,0.0,34.0,11.0,10.0,2021.0,138
5.0,0.44,41.0,1.0,0.0,0.0,0.0,0.0,0.0,0.0,0.0,0.0,1189833.0,0.0,1.0,0.0,0.0,0.0,1.0,0.0,25.0,22.0,1.0,2021.0,106
18.0,0.39999999999999997,60.0,0.0,0.0,0.0,0.0,0.0,0.0,0.0,0.0,0.0,1185732.0,0.0,0.0,1.0,0.0,0.0,0.0,0.0,21.0,15.0,7.0,2021.0,550
19.0,0.4,54.999999999999986,0.0,0.0,1.0,0.0,0.0,0.0,0.0,0.0,0.0,1185732.0,1.0,0.0,0.0,0.0,0.0,0.0,0.0,33.0,9.0,10.0,2021.0,250
38.0,0.35,40.0,0.0,0.0,0.0,0.0,1.0,0.0,0.0,0.0,0.0,1185732.0,1.0,0.0,0.0,0.0,0.0,0.0,1.0,26.0,28.0,7.0,2021.0,200
32.0,0.54,18.0,0.0,0.0,1.0,0.0,0.0,0.0,0.0,0.0,0.0,1185732.0,0.0,0.0,0.0,0.0,1.0,1.0,0.0,48.0,2.0,3.0,2021.0,63
14.0,0.35,40.00000000000001,0.0,0.0,0.0,0.0,0.0,0.0,0.0,0.0,0.0,1185732.0,0.0,0.0,0.0,0.0,0.0,1.0,0.0,34.0,9.0,3.0,2021.0,375
32.0,0.4,49.999999999999986,0.0,0.0,1.0,0.0,0.0,0.0,0.0,0.0,0.0,1185732.0,0.0,0.0,0.0,0.0,1.0,0.0,0.0,48.0,3.0,10.0,2021.0,250
50.0,0.49,38.0,0.0,1.0,0.0,0.0,0.0,0.0,0.0,0.0,0.0,1185732.0,1.0,0.0,0.0,0.0,0.0,1.0,0.0,15.0,12.0,1.0,2021.0,138
19.0,0.3,30.000000000000004,0.0,0.0,0.0,1.0,0.0,0.0,0.0,0.0,0.0,1185732.0,0.0,0.0,1.0,0.0,0.0,0.0,0.0,33.0,9.0,6.0,2021.0,175
49.0,0.51,34.0,0.0,1.0,0.0,0.0,0.0,0.0,0.0,0.0,0.0,1185732.0,1.0,0.0,0.0,0.0,0.0,1.0,0.0,24.0,18.0,10.0,2021.0,131
32.0,0.5,35.0,0.0,0.0,0.0,0.0,0.0,0.0,0.0,0.0,0.0,1185732.0,0.0,0.0,0.0,0.0,1.0,0.0,0.0,48.0,4.0,9.0,2021.0,125
48.0,0.47,58.0,0.0,1.0,0.0,0.0,0.0,0.0,0.0,0.0,0.0,1185732.0,1.0,0.0,0.0,0.0,0.0,1.0,0.0,40.0,13.0,5.0,2021.0,139
13.0,0.4,50.0,0.0,1.0,0.0,0.0,0.0,0.0,0.0,0.0,0.0,1185732.0,1.0,0.0,0.0,0.0,0.0,0.0,1.0,12.0,6.0,7.0,2021.0,575
19.0,0.52,28.0,0.0,0.0,1.0,0.0,0.0,0.0,0.0,0.0,0.0,1185732.0,1.0,0.0,0.0,0.0,0.0,1.0,0.0,33.0,6.0,1.0,2021.0,75
14.0,0.35,55.00000000000001,0.0,0.0,0.0,0.0,0.0,0.0,0.0,0.0,0.0,1185732.0,0.0,0.0,0.0,0.0,0.0,1.0,0.0,34.0,10.0,8.0,2021.0,500
32.0,0.44,41.0,0.0,0.0,0.0,0.0,0.0,0.0,0.0,0.0,0.0,1185732.0,0.0,0.0,0.0,0.0,1.0,1.0,0.0,48.0,10.0,1.0,2021.0,58
23.0,0.4,25.000000000000007,1.0,0.0,0.0,0.0,0.0,0.0,0.0,0.0,0.0,1185732.0,0.0,0.0,0.0,0.0,1.0,0.0,0.0,13.0,9.0,3.0,2021.0,225
13.0,0.3,30.0,1.0,0.0,0.0,0.0,0.0,0.0,0.0,0.0,0.0,1197831.0,0.0,0.0,1.0,0.0,0.0,0.0,1.0,12.0,12.0,8.0,2021.0,725
13.0,0.47,48.0,0.0,0.0,0.0,0.0,1.0,0.0,0.0,0.0,0.0,1185732.0,1.0,0.0,0.0,0.0,0.0,1.0,0.0,12.0,1.0,8.0,2021.0,49
48.0,0.3,40.0,1.0,0.0,0.0,0.0,0.0,0.0,0.0,0.0,0.0,1185732.0,1.0,0.0,0.0,0.0,0.0,1.0,0.0,40.0,11.0,3.0,2021.0,200
23.0,0.4,64.99999999999999,0.0,0.0,1.0,0.0,0.0,0.0,0.0,0.0,0.0,1185732.0,0.0,0.0,0.0,0.0,1.0,0.0,0.0,13.0,10.0,11.0,2021.0,350
17.0,0.5,40.0,0.0,0.0,0.0,0.0,0.0,0.0,0.0,0.0,0.0,1185732.0,1.0,0.0,0.0,0.0,0.0,0.0,0.0,14.0,6.0,2.0,2021.0,150
49.0,0.5,30.000000000000004,0.0,0.0,1.0,0.0,0.0,0.0,0.0,0.0,0.0,1185732.0,1.0,0.0,0.0,0.0,0.0,0.0,0.0,24.0,18.0,4.0,2021.0,350
48.0,0.42,45.0,0.0,0.0,0.0,0.0,1.0,0.0,0.0,0.0,0.0,1185732.0,0.0,0.0,1.0,0.0,0.0,1.0,0.0,40.0,11.0,12.0,2021.0,73
49.0,0.35,44.99999999999999,0.0,0.0,0.0,0.0,0.0,0.0,0.0,0.0,0.0,1185732.0,0.0,0.0,0.0,0.0,1.0,0.0,0.0,24.0,17.0,12.0,2021.0,350
23.0,0.47,23.0,0.0,0.0,0.0,0.0,1.0,0.0,0.0,0.0,0.0,1185732.0,0.0,0.0,0.0,0.0,1.0,1.0,0.0,13.0,11.0,9.0,2021.0,49
18.0,0.5,42.0,0.0,0.0,0.0,1.0,0.0,0.0,0.0,0.0,0.0,1185732.0,0.0,0.0,1.0,0.0,0.0,1.0,0.0,21.0,15.0,5.0,2021.0,126
38.0,0.49,41.0,0.0,0.0,0.0,0.0,0.0,0.0,0.0,0.0,0.0,1185732.0,1.0,0.0,0.0,0.0,0.0,1.0,0.0,26.0,30.0,6.0,2021.0,44
17.0,0.5,51.0,0.0,0.0,1.0,0.0,0.0,0.0,0.0,0.0,0.0,1185732.0,1.0,0.0,0.0,0.0,0.0,1.0,0.0,14.0,5.0,7.0,2021.0,94
17.0,0.35,35.0,1.0,0.0,0.0,0.0,0.0,0.0,0.0,0.0,0.0,1185732.0,1.0,0.0,0.0,0.0,0.0,0.0,0.0,14.0,6.0,10.0,2021.0,250
17.0,0.3,10.000000000000004,0.0,0.0,0.0,0.0,1.0,0.0,0.0,0.0,0.0,1185732.0,1.0,0.0,0.0,0.0,0.0,0.0,0.0,14.0,6.0,4.0,2021.0,175
32.0,0.42,45.0,0.0,1.0,0.0,0.0,0.0,0.0,0.0,0.0,0.0,1185732.0,0.0,0.0,0.0,0.0,1.0,1.0,0.0,48.0,2.0,7.0,2021.0,149
49.0,0.52,23.0,0.0,0.0,0.0,1.0,0.0,0.0,0.0,0.0,0.0,1185732.0,1.0,0.0,0.0,0.0,0.0,1.0,0.0,24.0,18.0,4.0,2021.0,52
48.0,0.44,33.0,0.0,0.0,0.0,1.0,0.0,0.0,0.0,0.0,0.0,1185732.0,1.0,0.0,0.0,0.0,0.0,1.0,0.0,40.0,12.0,2.0,2021.0,25
32.0,0.3,10.000000000000004,0.0,0.0,0.0,0.0,1.0,0.0,0.0,0.0,0.0,1185732.0,0.0,0.0,0.0,0.0,1.0,0.0,0.0,48.0,2.0,3.0,2021.0,225
50.0,0.35,25.000000000000018,0.0,0.0,0.0,0.0,1.0,0.0,0.0,0.0,0.0,1197831.0,1.0,0.0,0.0,0.0,0.0,1.0,0.0,15.0,13.0,11.0,2021.0,220
38.0,0.44999999999999996,27.0,0.0,0.0,0.0,0.0,1.0,0.0,0.0,0.0,0.0,1185732.0,1.0,0.0,0.0,0.0,0.0,1.0,0.0,26.0,22.0,6.0,2021.0,46
17.0,0.62,38.0,0.0,0.0,0.0,0.0,0.0,0.0,0.0,0.0,0.0,1185732.0,0.0,0.0,0.0,0.0,1.0,1.0,0.0,14.0,3.0,1.0,2021.0,45
5.0,0.39999999999999997,40.0,0.0,0.0,0.0,1.0,0.0,0.0,0.0,0.0,0.0,1189833.0,0.0,1.0,0.0,0.0,0.0,0.0,1.0,25.0,5.0,2.0,2021.0,450
32.0,0.44,24.0,0.0,0.0,0.0,0.0,1.0,0.0,0.0,0.0,0.0,1185732.0,0.0,0.0,0.0,0.0,1.0,1.0,0.0,48.0,3.0,6.0,2021.0,52
48.0,0.55,32.0,0.0,0.0,1.0,0.0,0.0,0.0,0.0,0.0,0.0,1185732.0,1.0,0.0,0.0,0.0,0.0,1.0,0.0,40.0,12.0,2.0,2021.0,80
50.0,0.35,35.0,0.0,0.0,0.0,0.0,1.0,0.0,0.0,0.0,0.0,1197831.0,0.0,1.0,0.0,0.0,0.0,1.0,0.0,15.0,12.0,5.0,2021.0,250
50.0,0.35,45.0,0.0,0.0,0.0,1.0,0.0,0.0,0.0,0.0,0.0,1197831.0,0.0,1.0,0.0,0.0,0.0,1.0,0.0,15.0,12.0,7.0,2021.0,300
17.0,0.3,35.0,0.0,0.0,0.0,1.0,0.0,0.0,0.0,0.0,0.0,1185732.0,1.0,0.0,0.0,0.0,0.0,0.0,0.0,14.0,7.0,5.0,2021.0,125
14.0,0.5,40.0,0.0,0.0,1.0,0.0,0.0,0.0,0.0,0.0,0.0,1185732.0,0.0,0.0,0.0,0.0,0.0,1.0,0.0,34.0,11.0,10.0,2021.0,525
23.0,0.5,54.0,0.0,1.0,0.0,0.0,0.0,0.0,0.0,0.0,0.0,1185732.0,0.0,0.0,0.0,0.0,1.0,1.0,0.0,13.0,11.0,5.0,2021.0,164
13.0,0.65,50.0,0.0,0.0,1.0,0.0,0.0,0.0,0.0,0.0,0.0,1185732.0,1.0,0.0,0.0,0.0,0.0,1.0,0.0,12.0,17.0,7.0,2021.0,94
23.0,0.47,32.0,0.0,0.0,0.0,0.0,1.0,0.0,0.0,0.0,0.0,1185732.0,0.0,0.0,0.0,0.0,1.0,1.0,0.0,13.0,10.0,10.0,2021.0,38
49.0,0.4,40.0,0.0,1.0,0.0,0.0,0.0,0.0,0.0,0.0,0.0,1185732.0,1.0,0.0,0.0,0.0,0.0,0.0,0.0,24.0,17.0,7.0,2021.0,750
19.0,0.43,34.0,1.0,0.0,0.0,0.0,0.0,0.0,0.0,0.0,0.0,1185732.0,0.0,0.0,1.0,0.0,0.0,1.0,0.0,33.0,10.0,9.0,2021.0,72
32.0,0.55,49.0,0.0,0.0,1.0,0.0,0.0,0.0,0.0,0.0,0.0,1185732.0,0.0,0.0,0.0,0.0,1.0,1.0,0.0,48.0,3.0,4.0,2021.0,61
17.0,0.3,50.0,0.0,1.0,0.0,0.0,0.0,0.0,0.0,0.0,0.0,1185732.0,1.0,0.0,0.0,0.0,0.0,0.0,0.0,14.0,6.0,8.0,2021.0,525
48.0,0.5,61.0,0.0,0.0,1.0,0.0,0.0,0.0,0.0,0.0,0.0,1185732.0,0.0,0.0,1.0,0.0,0.0,1.0,0.0,40.0,12.0,11.0,2021.0,65
19.0,0.63,38.0,0.0,0.0,0.0,0.0,0.0,0.0,0.0,0.0,0.0,1185732.0,1.0,0.0,0.0,0.0,0.0,1.0,0.0,33.0,6.0,1.0,2021.0,42
13.0,0.4,50.0,0.0,0.0,0.0,1.0,0.0,0.0,0.0,0.0,0.0,1185732.0,1.0,0.0,0.0,0.0,0.0,0.0,1.0,12.0,2.0,8.0,2021.0,175
18.0,0.39999999999999997,45.000000000000014,1.0,0.0,0.0,0.0,0.0,0.0,0.0,0.0,0.0,1185732.0,0.0,0.0,1.0,0.0,0.0,0.0,0.0,21.0,16.0,11.0,2021.0,500
49.0,0.4,25.000000000000007,0.0,0.0,0.0,1.0,0.0,0.0,0.0,0.0,0.0,1185732.0,1.0,0.0,0.0,0.0,0.0,0.0,0.0,24.0,18.0,2.0,2021.0,250
48.0,0.45999999999999996,47.0,0.0,1.0,0.0,0.0,0.0,0.0,0.0,0.0,0.0,1185732.0,1.0,0.0,0.0,0.0,0.0,1.0,0.0,40.0,11.0,7.0,2021.0,154
33.0,0.44,37.0,0.0,0.0,0.0,0.0,1.0,0.0,0.0,0.0,0.0,1185732.0,1.0,0.0,0.0,0.0,0.0,1.0,0.0,22.0,12.0,11.0,2020.0,38
13.0,0.5,45.0,0.0,0.0,1.0,0.0,0.0,0.0,0.0,0.0,0.0,1185732.0,1.0,0.0,0.0,0.0,0.0,0.0,1.0,12.0,5.0,6.0,2021.0,275
23.0,0.4,44.99999999999999,0.0,0.0,0.0,0.0,0.0,0.0,0.0,0.0,0.0,1185732.0,0.0,0.0,0.0,0.0,1.0,0.0,0.0,13.0,17.0,1.0,2021.0,200
48.0,0.3,50.0,1.0,0.0,0.0,0.0,0.0,0.0,0.0,0.0,0.0,1185732.0,0.0,0.0,1.0,0.0,0.0,1.0,0.0,40.0,11.0,12.0,2021.0,300
18.0,0.39999999999999997,45.00000000000001,0.0,0.0,0.0,0.0,0.0,0.0,0.0,0.0,0.0,1185732.0,0.0,0.0,1.0,0.0,0.0,0.0,0.0,21.0,17.0,2.0,2021.0,450
5.0,0.3,45.0,1.0,0.0,0.0,0.0,0.0,0.0,0.0,0.0,0.0,1189833.0,0.0,1.0,0.0,0.0,0.0,0.0,1.0,25.0,4.0,1.0,2021.0,425
19.0,0.3,35.00000000000001,1.0,0.0,0.0,0.0,0.0,0.0,0.0,0.0,0.0,1185732.0,0.0,0.0,1.0,0.0,0.0,0.0,0.0,33.0,10.0,9.0,2021.0,275
32.0,0.44,32.0,0.0,0.0,0.0,1.0,0.0,0.0,0.0,0.0,0.0,1185732.0,0.0,0.0,0.0,0.0,1.0,1.0,0.0,48.0,4.0,5.0,2021.0,38
33.0,0.55,34.0,0.0,0.0,1.0,0.0,0.0,0.0,0.0,0.0,0.0,1185732.0,1.0,0.0,0.0,0.0,0.0,1.0,0.0,22.0,28.0,10.0,2020.0,65
5.0,0.25,60.0,0.0,0.0,1.0,0.0,0.0,0.0,0.0,0.0,0.0,1189833.0,0.0,1.0,0.0,0.0,0.0,0.0,1.0,25.0,1.0,2.0,2021.0,600
17.0,0.3,60.0,0.0,1.0,0.0,0.0,0.0,0.0,0.0,0.0,0.0,1185732.0,0.0,0.0,0.0,0.0,1.0,0.0,0.0,14.0,5.0,12.0,2021.0,525
5.0,0.45,45.0,0.0,0.0,0.0,0.0,1.0,0.0,0.0,0.0,0.0,1189833.0,0.0,1.0,0.0,0.0,0.0,0.0,1.0,25.0,29.0,1.0,2021.0,550
38.0,0.45999999999999996,39.0,1.0,0.0,0.0,0.0,0.0,0.0,0.0,0.0,0.0,1185732.0,1.0,0.0,0.0,0.0,0.0,1.0,0.0,26.0,3.0,6.0,2021.0,26
33.0,0.45,35.0,0.0,0.0,1.0,0.0,0.0,0.0,0.0,0.0,0.0,1185732.0,1.0,0.0,0.0,0.0,0.0,0.0,0.0,22.0,22.0,10.0,2020.0,250
23.0,0.43,54.0,0.0,0.0,0.0,0.0,0.0,0.0,0.0,0.0,0.0,1185732.0,0.0,0.0,0.0,0.0,1.0,1.0,0.0,13.0,9.0,12.0,2021.0,84
13.0,0.4,50.0,0.0,1.0,0.0,0.0,0.0,0.0,0.0,0.0,0.0,1185732.0,1.0,0.0,0.0,0.0,0.0,0.0,1.0,12.0,30.0,6.0,2021.0,500
23.0,0.4,50.0,0.0,0.0,1.0,0.0,0.0,0.0,0.0,0.0,0.0,1185732.0,0.0,0.0,0.0,0.0,1.0,0.0,0.0,13.0,10.0,4.0,2021.0,275
17.0,0.42,49.0,0.0,1.0,0.0,0.0,0.0,0.0,0.0,0.0,0.0,1185732.0,1.0,0.0,0.0,0.0,0.0,1.0,0.0,14.0,6.0,8.0,2021.0,131
13.0,0.35,40.0,0.0,0.0,0.0,0.0,1.0,0.0,0.0,0.0,0.0,1185732.0,1.0,0.0,0.0,0.0,0.0,0.0,1.0,12.0,2.0,7.0,2021.0,200
49.0,0.4,44.99999999999999,0.0,1.0,0.0,0.0,0.0,0.0,0.0,0.0,0.0,1185732.0,1.0,0.0,0.0,0.0,0.0,0.0,0.0,24.0,17.0,12.0,2021.0,650
33.0,0.3,35.0,1.0,0.0,0.0,0.0,0.0,0.0,0.0,0.0,0.0,1185732.0,1.0,0.0,0.0,0.0,0.0,0.0,0.0,22.0,24.0,10.0,2020.0,150
33.0,0.3,45.00000000000001,1.0,0.0,0.0,0.0,0.0,0.0,0.0,0.0,0.0,1185732.0,1.0,0.0,0.0,0.0,0.0,0.0,1.0,22.0,29.0,11.0,2020.0,300
50.0,0.35,75.0,0.0,0.0,1.0,0.0,0.0,0.0,0.0,0.0,0.0,1197831.0,1.0,0.0,0.0,0.0,0.0,1.0,0.0,15.0,13.0,11.0,2021.0,350
50.0,0.35,75.0,0.0,0.0,1.0,0.0,0.0,0.0,0.0,0.0,0.0,1197831.0,1.0,0.0,0.0,0.0,0.0,1.0,0.0,15.0,12.0,12.0,2021.0,400
13.0,0.51,49.0,0.0,1.0,0.0,0.0,0.0,0.0,0.0,0.0,0.0,1185732.0,1.0,0.0,0.0,0.0,0.0,1.0,0.0,12.0,12.0,7.0,2021.0,149
32.0,0.3,20.000000000000004,0.0,1.0,0.0,0.0,0.0,0.0,0.0,0.0,0.0,1185732.0,0.0,0.0,0.0,0.0,1.0,0.0,0.0,48.0,3.0,4.0,2021.0,450
18.0,0.64,55.0,0.0,1.0,0.0,0.0,0.0,0.0,0.0,0.0,0.0,1185732.0,0.0,0.0,1.0,0.0,0.0,1.0,0.0,21.0,16.0,8.0,2021.0,263
19.0,0.51,23.0,0.0,0.0,1.0,0.0,0.0,0.0,0.0,0.0,0.0,1185732.0,0.0,0.0,1.0,0.0,0.0,1.0,0.0,33.0,9.0,2.0,2021.0,69
38.0,0.53,19.0,0.0,1.0,0.0,0.0,0.0,0.0,0.0,0.0,0.0,1197831.0,0.0,0.0,1.0,0.0,0.0,1.0,0.0,26.0,1.0,8.0,2021.0,203
38.0,0.62,32.0,0.0,0.0,1.0,0.0,0.0,0.0,0.0,0.0,0.0,1185732.0,1.0,0.0,0.0,0.0,0.0,1.0,0.0,26.0,1.0,6.0,2021.0,60
38.0,0.48,18.0,0.0,0.0,0.0,0.0,1.0,0.0,0.0,0.0,0.0,1185732.0,1.0,0.0,0.0,0.0,0.0,1.0,0.0,26.0,10.0,7.0,2021.0,25
14.0,0.52,34.0,0.0,1.0,0.0,0.0,0.0,0.0,0.0,0.0,0.0,1185732.0,0.0,0.0,0.0,0.0,0.0,1.0,0.0,34.0,10.0,11.0,2021.0,169
38.0,0.35,30.000000000000004,0.0,0.0,0.0,0.0,1.0,0.0,0.0,0.0,0.0,1185732.0,1.0,0.0,0.0,0.0,0.0,0.0,1.0,26.0,4.0,6.0,2021.0,150
19.0,0.53,49.0,0.0,0.0,1.0,0.0,0.0,0.0,0.0,0.0,0.0,1185732.0,0.0,0.0,1.0,0.0,0.0,1.0,0.0,33.0,9.0,4.0,2021.0,68
49.0,0.47,14.0,0.0,0.0,0.0,0.0,1.0,0.0,0.0,0.0,0.0,1185732.0,0.0,0.0,0.0,0.0,1.0,1.0,0.0,24.0,11.0,1.0,2021.0,143
14.0,0.4,30.0,0.0,0.0,0.0,1.0,0.0,0.0,0.0,0.0,0.0,1185732.0,0.0,0.0,0.0,0.0,0.0,1.0,0.0,34.0,11.0,2.0,2021.0,375
49.0,0.5,49.999999999999986,0.0,0.0,1.0,0.0,0.0,0.0,0.0,0.0,0.0,1185732.0,0.0,0.0,0.0,0.0,1.0,0.0,0.0,24.0,17.0,12.0,2021.0,450
32.0,0.4,64.99999999999999,0.0,0.0,1.0,0.0,0.0,0.0,0.0,0.0,0.0,1185732.0,0.0,0.0,0.0,0.0,1.0,0.0,0.0,48.0,2.0,12.0,2021.0,350
38.0,0.35,35.0,1.0,0.0,0.0,0.0,0.0,0.0,0.0,0.0,0.0,1185732.0,1.0,0.0,0.0,0.0,0.0,0.0,1.0,26.0,28.0,5.0,2021.0,125
5.0,0.5,18.0,0.0,1.0,0.0,0.0,0.0,0.0,0.0,0.0,0.0,1197831.0,0.0,0.0,1.0,0.0,0.0,1.0,0.0,25.0,10.0,3.0,2021.0,210
38.0,0.35,45.00000000000001,1.0,0.0,0.0,0.0,0.0,0.0,0.0,0.0,0.0,1185732.0,1.0,0.0,0.0,0.0,0.0,0.0,1.0,26.0,3.0,7.0,2021.0,275
50.0,0.35,40.0,0.0,1.0,0.0,0.0,0.0,0.0,0.0,0.0,0.0,1185732.0,1.0,0.0,0.0,0.0,0.0,1.0,0.0,15.0,12.0,2.0,2021.0,525
17.0,0.3,35.0,0.0,1.0,0.0,0.0,0.0,0.0,0.0,0.0,0.0,1185732.0,1.0,0.0,0.0,0.0,0.0,0.0,0.0,14.0,6.0,6.0,2021.0,525
5.0,0.3,50.0,1.0,0.0,0.0,0.0,0.0,0.0,0.0,0.0,0.0,1189833.0,0.0,1.0,0.0,0.0,0.0,0.0,1.0,25.0,15.0,2.0,2021.0,600
49.0,0.4,25.000000000000007,0.0,0.0,0.0,1.0,0.0,0.0,0.0,0.0,0.0,1185732.0,1.0,0.0,0.0,0.0,0.0,0.0,0.0,24.0,18.0,8.0,2021.0,325
14.0,0.54,37.0,0.0,0.0,1.0,0.0,0.0,0.0,0.0,0.0,0.0,1185732.0,0.0,0.0,0.0,0.0,0.0,1.0,0.0,34.0,22.0,1.0,2021.0,81
14.0,0.4,65.00000000000001,0.0,0.0,0.0,0.0,1.0,0.0,0.0,0.0,0.0,1185732.0,0.0,0.0,0.0,0.0,1.0,1.0,0.0,34.0,9.0,12.0,2021.0,575
33.0,0.3,54.99999999999999,0.0,0.0,0.0,0.0,0.0,0.0,0.0,0.0,0.0,1185732.0,1.0,0.0,0.0,0.0,0.0,0.0,1.0,22.0,26.0,12.0,2020.0,175
38.0,0.5,35.0,0.0,0.0,1.0,0.0,0.0,0.0,0.0,0.0,0.0,1185732.0,1.0,0.0,0.0,0.0,0.0,0.0,1.0,26.0,26.0,5.0,2021.0,225
49.0,0.5,45.0,0.0,0.0,1.0,0.0,0.0,0.0,0.0,0.0,0.0,1185732.0,1.0,0.0,0.0,0.0,0.0,0.0,0.0,24.0,17.0,7.0,2021.0,550
5.0,0.6000000000000001,54.99999999999999,0.0,0.0,0.0,0.0,0.0,0.0,0.0,0.0,0.0,1189833.0,0.0,1.0,0.0,0.0,0.0,0.0,1.0,25.0,18.0,2.0,2021.0,400
14.0,0.4,65.00000000000003,0.0,0.0,0.0,1.0,0.0,0.0,0.0,0.0,0.0,1185732.0,0.0,0.0,0.0,0.0,0.0,1.0,0.0,34.0,10.0,11.0,2021.0,500
18.0,0.3,45.0,0.0,0.0,0.0,0.0,1.0,0.0,0.0,0.0,0.0,1185732.0,0.0,0.0,1.0,0.0,0.0,0.0,0.0,21.0,15.0,5.0,2021.0,475
23.0,0.51,54.0,0.0,0.0,1.0,0.0,0.0,0.0,0.0,0.0,0.0,1185732.0,0.0,0.0,0.0,0.0,1.0,1.0,0.0,13.0,9.0,7.0,2021.0,101
48.0,0.4,35.0,0.0,0.0,1.0,0.0,0.0,0.0,0.0,0.0,0.0,1185732.0,0.0,0.0,1.0,0.0,0.0,1.0,0.0,40.0,9.0,1.0,2021.0,275
50.0,0.5,64.0,0.0,0.0,0.0,0.0,0.0,0.0,0.0,0.0,0.0,1197831.0,1.0,0.0,0.0,0.0,0.0,1.0,0.0,15.0,12.0,12.0,2021.0,81
23.0,0.4,40.0,1.0,0.0,0.0,0.0,0.0,0.0,0.0,0.0,0.0,1185732.0,0.0,0.0,0.0,0.0,1.0,0.0,0.0,13.0,17.0,2.0,2021.0,200
32.0,0.3,35.0,0.0,0.0,0.0,0.0,1.0,0.0,0.0,0.0,0.0,1185732.0,0.0,0.0,0.0,0.0,1.0,0.0,0.0,48.0,3.0,11.0,2021.0,245
33.0,0.35000000000000003,44.99999999999999,0.0,1.0,0.0,0.0,0.0,0.0,0.0,0.0,0.0,1185732.0,1.0,0.0,0.0,0.0,0.0,0.0,1.0,22.0,10.0,12.0,2020.0,375
48.0,0.35,40.0,0.0,1.0,0.0,0.0,0.0,0.0,0.0,0.0,0.0,1185732.0,1.0,0.0,0.0,0.0,0.0,1.0,0.0,40.0,11.0,3.0,2021.0,495
17.0,0.55,59.0,0.0,0.0,1.0,0.0,0.0,0.0,0.0,0.0,0.0,1185732.0,0.0,0.0,0.0,0.0,1.0,1.0,0.0,14.0,5.0,12.0,2021.0,88
13.0,0.51,47.0,0.0,0.0,0.0,1.0,0.0,0.0,0.0,0.0,0.0,1185732.0,1.0,0.0,0.0,0.0,0.0,1.0,0.0,12.0,27.0,7.0,2021.0,33
49.0,0.48,43.0,0.0,0.0,0.0,0.0,0.0,0.0,0.0,0.0,0.0,1185732.0,1.0,0.0,0.0,0.0,0.0,1.0,0.0,24.0,18.0,11.0,2021.0,81
32.0,0.3,25.000000000000007,0.0,0.0,0.0,1.0,0.0,0.0,0.0,0.0,0.0,1185732.0,0.0,0.0,0.0,0.0,1.0,0.0,0.0,48.0,3.0,2.0,2021.0,75
5.0,0.45,45.0,0.0,1.0,0.0,0.0,0.0,0.0,0.0,0.0,0.0,1189833.0,0.0,1.0,0.0,0.0,0.0,0.0,1.0,25.0,14.0,2.0,2021.0,600
33.0,0.5700000000000001,46.0,0.0,0.0,1.0,0.0,0.0,0.0,0.0,0.0,0.0,1185732.0,1.0,0.0,0.0,0.0,0.0,1.0,0.0,22.0,3.0,12.0,2020.0,88
13.0,0.55,56.0,0.0,1.0,0.0,0.0,0.0,0.0,0.0,0.0,0.0,1185732.0,1.0,0.0,0.0,0.0,0.0,1.0,0.0,12.0,24.0,7.0,2021.0,115
14.0,0.45999999999999996,58.0,1.0,0.0,0.0,0.0,0.0,0.0,0.0,0.0,0.0,1185732.0,0.0,0.0,0.0,0.0,0.0,1.0,0.0,34.0,10.0,8.0,2021.0,195
50.0,0.35,20.00000000000001,0.0,0.0,0.0,0.0,1.0,0.0,0.0,0.0,0.0,1197831.0,0.0,1.0,0.0,0.0,0.0,1.0,0.0,15.0,14.0,10.0,2021.0,200
23.0,0.44,61.0,0.0,0.0,0.0,0.0,0.0,0.0,0.0,0.0,0.0,1185732.0,0.0,0.0,0.0,0.0,1.0,1.0,0.0,13.0,10.0,4.0,2021.0,45
13.0,0.44999999999999996,37.0,0.0,0.0,0.0,0.0,1.0,0.0,0.0,0.0,0.0,1185732.0,1.0,0.0,0.0,0.0,0.0,1.0,0.0,12.0,14.0,6.0,2021.0,68
18.0,0.35,50.0,0.0,0.0,0.0,1.0,0.0,0.0,0.0,0.0,0.0,1185732.0,0.0,0.0,1.0,0.0,0.0,0.0,0.0,21.0,15.0,7.0,2021.0,525
50.0,0.47,23.0,0.0,1.0,0.0,0.0,0.0,0.0,0.0,0.0,0.0,1197831.0,1.0,0.0,0.0,0.0,0.0,1.0,0.0,15.0,13.0,11.0,2021.0,122
38.0,0.4,40.0,0.0,0.0,0.0,1.0,0.0,0.0,0.0,0.0,0.0,1185732.0,1.0,0.0,0.0,0.0,0.0,0.0,1.0,26.0,29.0,7.0,2021.0,150
5.0,0.5700000000000001,37.0,0.0,0.0,0.0,0.0,1.0,0.0,0.0,0.0,0.0,1189833.0,0.0,1.0,0.0,0.0,0.0,1.0,0.0,25.0,28.0,2.0,2021.0,123
33.0,0.5,39.0,0.0,1.0,0.0,0.0,0.0,0.0,0.0,0.0,0.0,1185732.0,1.0,0.0,0.0,0.0,0.0,1.0,0.0,22.0,29.0,10.0,2020.0,116
14.0,0.45999999999999996,49.0,0.0,0.0,0.0,0.0,0.0,0.0,0.0,0.0,0.0,1185732.0,0.0,0.0,0.0,0.0,0.0,1.0,0.0,34.0,9.0,5.0,2021.0,126
14.0,0.53,38.0,0.0,1.0,0.0,0.0,0.0,0.0,0.0,0.0,0.0,1185732.0,0.0,0.0,0.0,0.0,0.0,1.0,0.0,34.0,22.0,2.0,2021.0,138
18.0,0.55,40.0,0.0,0.0,1.0,0.0,0.0,0.0,0.0,0.0,0.0,1185732.0,0.0,0.0,1.0,0.0,0.0,0.0,0.0,21.0,16.0,4.0,2021.0,525
17.0,0.55,53.0,0.0,0.0,1.0,0.0,0.0,0.0,0.0,0.0,0.0,1185732.0,1.0,0.0,0.0,0.0,0.0,1.0,0.0,14.0,6.0,8.0,2021.0,98
38.0,0.47,45.0,0.0,0.0,0.0,0.0,0.0,0.0,0.0,0.0,0.0,1185732.0,1.0,0.0,0.0,0.0,0.0,1.0,0.0,26.0,6.0,6.0,2021.0,13
23.0,0.52,32.0,0.0,1.0,0.0,0.0,0.0,0.0,0.0,0.0,0.0,1185732.0,0.0,0.0,0.0,0.0,1.0,1.0,0.0,13.0,17.0,1.0,2021.0,125
48.0,0.4,59.999999999999986,0.0,0.0,1.0,0.0,0.0,0.0,0.0,0.0,0.0,1185732.0,0.0,0.0,1.0,0.0,0.0,1.0,0.0,40.0,12.0,10.0,2021.0,250
19.0,0.35,40.0,0.0,1.0,0.0,0.0,0.0,0.0,0.0,0.0,0.0,1185732.0,0.0,0.0,1.0,0.0,0.0,0.0,0.0,33.0,9.0,6.0,2021.0,500
17.0,0.53,20.0,0.0,0.0,1.0,0.0,0.0,0.0,0.0,0.0,0.0,1185732.0,1.0,0.0,0.0,0.0,0.0,1.0,0.0,14.0,5.0,3.0,2021.0,68
32.0,0.4,40.0,0.0,0.0,1.0,0.0,0.0,0.0,0.0,0.0,0.0,1185732.0,0.0,0.0,0.0,0.0,1.0,0.0,0.0,48.0,4.0,9.0,2021.0,200
5.0,0.45,45.0,0.0,0.0,0.0,0.0,1.0,0.0,0.0,0.0,0.0,1189833.0,0.0,1.0,0.0,0.0,0.0,0.0,1.0,25.0,23.0,1.0,2021.0,425
14.0,0.4,40.0,0.0,0.0,1.0,0.0,0.0,0.0,0.0,0.0,0.0,1185732.0,0.0,0.0,0.0,0.0,0.0,1.0,0.0,34.0,22.0,1.0,2021.0,300
38.0,0.4,30.000000000000004,0.0,0.0,0.0,1.0,0.0,0.0,0.0,0.0,0.0,1185732.0,1.0,0.0,0.0,0.0,0.0,0.0,1.0,26.0,23.0,7.0,2021.0,125
50.0,0.5,47.0,0.0,1.0,0.0,0.0,0.0,0.0,0.0,0.0,0.0,1197831.0,0.0,1.0,0.0,0.0,0.0,1.0,0.0,15.0,12.0,9.0,2021.0,165
23.0,0.4,35.0,0.0,1.0,0.0,0.0,0.0,0.0,0.0,0.0,0.0,1185732.0,0.0,0.0,0.0,0.0,1.0,0.0,0.0,13.0,11.0,9.0,2021.0,475
48.0,0.35,54.99999999999999,0.0,1.0,0.0,0.0,0.0,0.0,0.0,0.0,0.0,1185732.0,1.0,0.0,0.0,0.0,0.0,1.0,0.0,40.0,12.0,10.0,2021.0,400
17.0,0.6,55.0,0.0,0.0,0.0,0.0,0.0,0.0,0.0,0.0,0.0,1185732.0,0.0,0.0,0.0,0.0,1.0,1.0,0.0,14.0,6.0,11.0,2021.0,49
5.0,0.35,58.0,0.0,0.0,1.0,0.0,0.0,0.0,0.0,0.0,0.0,1189833.0,0.0,1.0,0.0,0.0,0.0,1.0,0.0,25.0,7.0,2.0,2021.0,143
19.0,0.44999999999999996,24.0,0.0,0.0,0.0,1.0,0.0,0.0,0.0,0.0,0.0,1185732.0,1.0,0.0,0.0,0.0,0.0,1.0,0.0,33.0,6.0,1.0,2021.0,26
13.0,0.35,40.0,0.0,0.0,0.0,0.0,1.0,0.0,0.0,0.0,0.0,1185732.0,1.0,0.0,0.0,0.0,0.0,0.0,1.0,12.0,20.0,6.0,2021.0,150
14.0,0.35,60.00000000000001,1.0,0.0,0.0,0.0,0.0,0.0,0.0,0.0,0.0,1185732.0,0.0,0.0,0.0,0.0,0.0,1.0,0.0,34.0,9.0,7.0,2021.0,650
23.0,0.35,50.0,0.0,0.0,0.0,1.0,0.0,0.0,0.0,0.0,0.0,1185732.0,0.0,0.0,0.0,0.0,1.0,0.0,0.0,13.0,9.0,12.0,2021.0,300
18.0,0.44999999999999996,19.0,0.0,0.0,0.0,0.0,1.0,0.0,0.0,0.0,0.0,1185732.0,1.0,0.0,0.0,0.0,0.0,1.0,0.0,21.0,18.0,2.0,2021.0,113
32.0,0.35,40.0,1.0,0.0,0.0,0.0,0.0,0.0,0.0,0.0,0.0,1185732.0,0.0,0.0,0.0,0.0,1.0,0.0,0.0,48.0,4.0,5.0,2021.0,200
5.0,0.7400000000000001,41.0,0.0,0.0,0.0,0.0,0.0,0.0,0.0,0.0,0.0,1189833.0,0.0,1.0,0.0,0.0,0.0,1.0,0.0,25.0,31.0,1.0,2021.0,75
38.0,0.62,53.0,0.0,0.0,1.0,0.0,0.0,0.0,0.0,0.0,0.0,1185732.0,1.0,0.0,0.0,0.0,0.0,1.0,0.0,26.0,25.0,7.0,2021.0,58
14.0,0.35,75.00000000000001,0.0,0.0,0.0,0.0,0.0,0.0,0.0,0.0,0.0,1185732.0,0.0,0.0,0.0,0.0,1.0,1.0,0.0,34.0,9.0,12.0,2021.0,525
49.0,0.4,35.0,0.0,1.0,0.0,0.0,0.0,0.0,0.0,0.0,0.0,1185732.0,1.0,0.0,0.0,0.0,0.0,0.0,0.0,24.0,18.0,4.0,2021.0,575
50.0,0.35,25.0,0.0,0.0,1.0,0.0,0.0,0.0,0.0,0.0,0.0,1197831.0,0.0,1.0,0.0,0.0,0.0,1.0,0.0,15.0,12.0,3.0,2021.0,250
14.0,0.5,40.00000000000001,0.0,0.0,1.0,0.0,0.0,0.0,0.0,0.0,0.0,1185732.0,0.0,0.0,0.0,0.0,0.0,1.0,0.0,34.0,9.0,9.0,2021.0,550
5.0,0.7500000000000001,54.0,0.0,0.0,0.0,0.0,0.0,0.0,0.0,0.0,0.0,1189833.0,0.0,1.0,0.0,0.0,0.0,1.0,0.0,25.0,24.0,2.0,2021.0,98
33.0,0.39999999999999997,45.0,0.0,0.0,0.0,1.0,0.0,0.0,0.0,0.0,0.0,1189833.0,0.0,1.0,0.0,0.0,0.0,0.0,1.0,22.0,31.0,12.0,2020.0,325
14.0,0.4,35.00000000000001,0.0,1.0,0.0,0.0,0.0,0.0,0.0,0.0,0.0,1185732.0,0.0,0.0,0.0,0.0,0.0,1.0,0.0,34.0,10.0,11.0,2021.0,675
38.0,0.35,30.0,0.0,0.0,0.0,0.0,1.0,0.0,0.0,0.0,0.0,1185732.0,1.0,0.0,0.0,0.0,0.0,0.0,1.0,26.0,16.0,7.0,2021.0,50
19.0,0.3,20.000000000000004,0.0,0.0,0.0,0.0,1.0,0.0,0.0,0.0,0.0,1185732.0,0.0,0.0,1.0,0.0,0.0,1.0,0.0,33.0,8.0,3.0,2021.0,225
38.0,0.49,42.0,1.0,0.0,0.0,0.0,0.0,0.0,0.0,0.0,0.0,1185732.0,1.0,0.0,0.0,0.0,0.0,1.0,0.0,26.0,3.0,7.0,2021.0,80
14.0,0.4,40.0,0.0,0.0,0.0,0.0,1.0,0.0,0.0,0.0,0.0,1185732.0,0.0,0.0,0.0,0.0,0.0,1.0,0.0,34.0,9.0,5.0,2021.0,475
5.0,0.45,45.0,0.0,1.0,0.0,0.0,0.0,0.0,0.0,0.0,0.0,1189833.0,0.0,1.0,0.0,0.0,0.0,0.0,1.0,25.0,20.0,2.0,2021.0,550
13.0,0.4,50.0,0.0,1.0,0.0,0.0,0.0,0.0,0.0,0.0,0.0,1185732.0,1.0,0.0,0.0,0.0,0.0,0.0,1.0,12.0,18.0,6.0,2021.0,450
33.0,0.35000000000000003,35.0,0.0,0.0,0.0,1.0,0.0,0.0,0.0,0.0,0.0,1185732.0,1.0,0.0,0.0,0.0,0.0,0.0,1.0,22.0,13.0,12.0,2020.0,75
48.0,0.3,35.0,0.0,0.0,0.0,1.0,0.0,0.0,0.0,0.0,0.0,1185732.0,1.0,0.0,0.0,0.0,0.0,1.0,0.0,40.0,12.0,4.0,2021.0,75
14.0,0.6,74.0,0.0,0.0,1.0,0.0,0.0,0.0,0.0,0.0,0.0,1185732.0,0.0,0.0,0.0,0.0,1.0,1.0,0.0,34.0,9.0,12.0,2021.0,156
32.0,0.3,60.0,0.0,1.0,0.0,0.0,0.0,0.0,0.0,0.0,0.0,1185732.0,0.0,0.0,0.0,0.0,1.0,0.0,0.0,48.0,4.0,5.0,2021.0,495
13.0,0.4,40.0,0.0,0.0,0.0,1.0,0.0,0.0,0.0,0.0,0.0,1185732.0,1.0,0.0,0.0,0.0,0.0,0.0,1.0,12.0,9.0,7.0,2021.0,200
5.0,0.39999999999999997,40.0,0.0,0.0,0.0,1.0,0.0,0.0,0.0,0.0,0.0,1189833.0,0.0,1.0,0.0,0.0,0.0,0.0,1.0,25.0,30.0,1.0,2021.0,425
5.0,0.6000000000000001,50.0,0.0,0.0,0.0,0.0,0.0,0.0,0.0,0.0,0.0,1189833.0,0.0,1.0,0.0,0.0,0.0,0.0,1.0,25.0,13.0,1.0,2021.0,200
49.0,0.35,40.00000000000001,1.0,0.0,0.0,0.0,0.0,0.0,0.0,0.0,0.0,1185732.0,1.0,0.0,0.0,0.0,0.0,0.0,0.0,24.0,18.0,8.0,2021.0,475
13.0,0.4,20.0,0.0,1.0,0.0,0.0,0.0,0.0,0.0,0.0,0.0,1197831.0,0.0,0.0,1.0,0.0,0.0,1.0,0.0,12.0,11.0,8.0,2021.0,189
14.0,0.35,65.0,0.0,0.0,0.0,0.0,0.0,0.0,0.0,0.0,0.0,1185732.0,0.0,0.0,0.0,0.0,0.0,1.0,0.0,34.0,11.0,6.0,2021.0,500
18.0,0.6900000000000001,62.0,0.0,0.0,1.0,0.0,0.0,0.0,0.0,0.0,0.0,1185732.0,0.0,0.0,1.0,0.0,0.0,1.0,0.0,21.0,15.0,7.0,2021.0,210
32.0,0.41,32.0,0.0,0.0,0.0,1.0,0.0,0.0,0.0,0.0,0.0,1185732.0,0.0,0.0,0.0,0.0,1.0,1.0,0.0,48.0,3.0,10.0,2021.0,33
49.0,0.44999999999999996,14.0,0.0,0.0,0.0,0.0,1.0,0.0,0.0,0.0,0.0,1185732.0,0.0,0.0,0.0,0.0,1.0,1.0,0.0,24.0,11.0,2.0,2021.0,115
18.0,0.39999999999999997,40.0,1.0,0.0,0.0,0.0,0.0,0.0,0.0,0.0,0.0,1185732.0,0.0,0.0,1.0,0.0,0.0,0.0,0.0,21.0,16.0,4.0,2021.0,425
48.0,0.4,60.0,0.0,0.0,1.0,0.0,0.0,0.0,0.0,0.0,0.0,1185732.0,1.0,0.0,0.0,0.0,0.0,1.0,0.0,40.0,13.0,5.0,2021.0,250
19.0,0.53,63.0,0.0,0.0,1.0,0.0,0.0,0.0,0.0,0.0,0.0,1185732.0,1.0,0.0,0.0,0.0,0.0,1.0,0.0,33.0,8.0,12.0,2021.0,78
13.0,0.53,38.0,0.0,0.0,0.0,1.0,0.0,0.0,0.0,0.0,0.0,1185732.0,1.0,0.0,0.0,0.0,0.0,1.0,0.0,12.0,3.0,7.0,2021.0,47
18.0,0.6,32.0,0.0,1.0,0.0,0.0,0.0,0.0,0.0,0.0,0.0,1185732.0,0.0,0.0,1.0,0.0,0.0,1.0,0.0,21.0,16.0,4.0,2021.0,181
5.0,0.43,41.0,1.0,0.0,0.0,0.0,0.0,0.0,0.0,0.0,0.0,1189833.0,0.0,1.0,0.0,0.0,0.0,1.0,0.0,25.0,3.0,2.0,2021.0,156
32.0,0.43,34.0,0.0,0.0,0.0,0.0,1.0,0.0,0.0,0.0,0.0,1185732.0,0.0,0.0,0.0,0.0,1.0,1.0,0.0,48.0,3.0,10.0,2021.0,33
14.0,0.35,30.0,1.0,0.0,0.0,0.0,0.0,0.0,0.0,0.0,0.0,1185732.0,0.0,0.0,0.0,0.0,0.0,1.0,0.0,34.0,9.0,3.0,2021.0,450
32.0,0.3,50.0,0.0,1.0,0.0,0.0,0.0,0.0,0.0,0.0,0.0,1185732.0,0.0,0.0,0.0,0.0,1.0,0.0,0.0,48.0,3.0,8.0,2021.0,525
38.0,0.4,30.000000000000004,0.0,0.0,0.0,1.0,0.0,0.0,0.0,0.0,0.0,1185732.0,1.0,0.0,0.0,0.0,0.0,0.0,1.0,26.0,23.0,6.0,2021.0,150
17.0,0.4,9.0,0.0,0.0,0.0,0.0,1.0,0.0,0.0,0.0,0.0,1185732.0,1.0,0.0,0.0,0.0,0.0,1.0,0.0,14.0,5.0,3.0,2021.0,65
17.0,0.45999999999999996,29.0,1.0,0.0,0.0,0.0,0.0,0.0,0.0,0.0,0.0,1185732.0,0.0,0.0,0.0,0.0,1.0,1.0,0.0,14.0,3.0,1.0,2021.0,70
18.0,0.5,27.0,0.0,1.0,0.0,0.0,0.0,0.0,0.0,0.0,0.0,1185732.0,1.0,0.0,0.0,0.0,0.0,1.0,0.0,21.0,18.0,1.0,2021.0,156
18.0,0.61,34.0,0.0,1.0,0.0,0.0,0.0,0.0,0.0,0.0,0.0,1185732.0,0.0,0.0,1.0,0.0,0.0,1.0,0.0,21.0,15.0,3.0,2021.0,216
5.0,0.7000000000000001,42.0,0.0,0.0,0.0,0.0,0.0,0.0,0.0,0.0,0.0,1189833.0,0.0,1.0,0.0,0.0,0.0,1.0,0.0,25.0,6.0,2.0,2021.0,124
33.0,0.45,55.00000000000001,0.0,0.0,1.0,0.0,0.0,0.0,0.0,0.0,0.0,1185732.0,1.0,0.0,0.0,0.0,0.0,0.0,1.0,22.0,21.0,11.0,2020.0,325
48.0,0.49,39.0,0.0,1.0,0.0,0.0,0.0,0.0,0.0,0.0,0.0,1185732.0,1.0,0.0,0.0,0.0,0.0,1.0,0.0,40.0,11.0,3.0,2021.0,124
50.0,0.35,35.00000000000001,0.0,0.0,0.0,0.0,0.0,0.0,0.0,0.0,0.0,1197831.0,0.0,1.0,0.0,0.0,0.0,1.0,0.0,15.0,12.0,3.0,2021.0,150
17.0,0.3,50.0,0.0,0.0,0.0,0.0,1.0,0.0,0.0,0.0,0.0,1185732.0,0.0,0.0,0.0,0.0,1.0,0.0,0.0,14.0,5.0,12.0,2021.0,275
17.0,0.41,18.0,0.0,0.0,0.0,0.0,1.0,0.0,0.0,0.0,0.0,1185732.0,0.0,0.0,0.0,0.0,1.0,1.0,0.0,14.0,3.0,1.0,2021.0,65
49.0,0.35,40.0,0.0,0.0,0.0,0.0,0.0,0.0,0.0,0.0,0.0,1185732.0,1.0,0.0,0.0,0.0,0.0,0.0,0.0,24.0,17.0,7.0,2021.0,375
49.0,0.47,33.0,1.0,0.0,0.0,0.0,0.0,0.0,0.0,0.0,0.0,1185732.0,1.0,0.0,0.0,0.0,0.0,1.0,0.0,24.0,17.0,7.0,2021.0,130
50.0,0.5,23.0,0.0,0.0,1.0,0.0,0.0,0.0,0.0,0.0,0.0,1197831.0,0.0,1.0,0.0,0.0,0.0,1.0,0.0,15.0,12.0,3.0,2021.0,65
23.0,0.4,64.99999999999999,0.0,0.0,1.0,0.0,0.0,0.0,0.0,0.0,0.0,1185732.0,0.0,0.0,0.0,0.0,1.0,0.0,0.0,13.0,9.0,12.0,2021.0,400
17.0,0.52,59.0,0.0,0.0,1.0,0.0,0.0,0.0,0.0,0.0,0.0,1185732.0,0.0,0.0,0.0,0.0,1.0,1.0,0.0,14.0,6.0,11.0,2021.0,72
48.0,0.3,50.0,0.0,0.0,0.0,0.0,1.0,0.0,0.0,0.0,0.0,1185732.0,0.0,0.0,1.0,0.0,0.0,1.0,0.0,40.0,11.0,12.0,2021.0,250
48.0,0.35,60.0,0.0,0.0,0.0,0.0,0.0,0.0,0.0,0.0,0.0,1185732.0,1.0,0.0,0.0,0.0,0.0,1.0,0.0,40.0,12.0,4.0,2021.0,100
23.0,0.53,54.0,0.0,0.0,1.0,0.0,0.0,0.0,0.0,0.0,0.0,1185732.0,0.0,0.0,0.0,0.0,1.0,1.0,0.0,13.0,10.0,8.0,2021.0,91
38.0,0.35,49.99999999999999,0.0,0.0,0.0,0.0,0.0,0.0,0.0,0.0,0.0,1185732.0,1.0,0.0,0.0,0.0,0.0,0.0,1.0,26.0,30.0,7.0,2021.0,150
32.0,0.43,23.0,0.0,0.0,0.0,1.0,0.0,0.0,0.0,0.0,0.0,1185732.0,0.0,0.0,0.0,0.0,1.0,1.0,0.0,48.0,3.0,2.0,2021.0,20
38.0,0.44999999999999996,43.0,0.0,0.0,0.0,0.0,0.0,0.0,0.0,0.0,0.0,1185732.0,1.0,0.0,0.0,0.0,0.0,1.0,0.0,26.0,25.0,5.0,2021.0,35
38.0,0.53,36.0,0.0,1.0,0.0,0.0,0.0,0.0,0.0,0.0,0.0,1185732.0,1.0,0.0,0.0,0.0,0.0,1.0,0.0,26.0,20.0,6.0,2021.0,120
19.0,0.3,50.0,1.0,0.0,0.0,0.0,0.0,0.0,0.0,0.0,0.0,1185732.0,1.0,0.0,0.0,0.0,0.0,0.0,0.0,33.0,8.0,12.0,2021.0,300
17.0,0.35,30.00000000000001,1.0,0.0,0.0,0.0,0.0,0.0,0.0,0.0,0.0,1185732.0,1.0,0.0,0.0,0.0,0.0,0.0,0.0,14.0,7.0,9.0,2021.0,275
5.0,0.4,55.0,0.0,0.0,1.0,0.0,0.0,0.0,0.0,0.0,0.0,1189833.0,0.0,1.0,0.0,0.0,0.0,1.0,0.0,25.0,9.0,3.0,2021.0,130
14.0,0.49,44.0,1.0,0.0,0.0,0.0,0.0,0.0,0.0,0.0,0.0,1185732.0,0.0,0.0,0.0,0.0,0.0,1.0,0.0,34.0,9.0,5.0,2021.0,135
18.0,0.3,50.0,0.0,0.0,0.0,0.0,1.0,0.0,0.0,0.0,0.0,1185732.0,1.0,0.0,0.0,0.0,0.0,0.0,0.0,21.0,15.0,12.0,2021.0,600
48.0,0.3,45.0,0.0,0.0,0.0,0.0,1.0,0.0,0.0,0.0,0.0,1185732.0,0.0,0.0,1.0,0.0,0.0,1.0,0.0,40.0,12.0,11.0,2021.0,195
14.0,0.4,65.00000000000001,0.0,0.0,0.0,1.0,0.0,0.0,0.0,0.0,0.0,1185732.0,0.0,0.0,0.0,0.0,1.0,1.0,0.0,34.0,9.0,12.0,2021.0,525
17.0,0.3,35.0,0.0,0.0,0.0,0.0,1.0,0.0,0.0,0.0,0.0,1185732.0,1.0,0.0,0.0,0.0,0.0,0.0,0.0,14.0,7.0,5.0,2021.0,200
33.0,0.35000000000000003,50.0,0.0,1.0,0.0,0.0,0.0,0.0,0.0,0.0,0.0,1185732.0,1.0,0.0,0.0,0.0,0.0,0.0,1.0,22.0,28.0,11.0,2020.0,525
17.0,0.35,45.00000000000001,1.0,0.0,0.0,0.0,0.0,0.0,0.0,0.0,0.0,1185732.0,1.0,0.0,0.0,0.0,0.0,0.0,0.0,14.0,6.0,8.0,2021.0,300
19.0,0.3,20.000000000000007,0.0,0.0,0.0,0.0,1.0,0.0,0.0,0.0,0.0,1185732.0,1.0,0.0,0.0,0.0,0.0,0.0,0.0,33.0,6.0,2.0,2021.0,200
38.0,0.4,40.0,0.0,1.0,0.0,0.0,0.0,0.0,0.0,0.0,0.0,1185732.0,1.0,0.0,0.0,0.0,0.0,0.0,1.0,26.0,2.0,6.0,2021.0,420
17.0,0.61,59.0,0.0,0.0,0.0,0.0,0.0,0.0,0.0,0.0,0.0,1185732.0,0.0,0.0,0.0,0.0,1.0,1.0,0.0,14.0,5.0,12.0,2021.0,59
5.0,0.6000000000000001,54.99999999999999,0.0,0.0,0.0,0.0,0.0,0.0,0.0,0.0,0.0,1189833.0,0.0,1.0,0.0,0.0,0.0,0.0,1.0,25.0,24.0,2.0,2021.0,350
23.0,0.4,49.999999999999986,0.0,0.0,1.0,0.0,0.0,0.0,0.0,0.0,0.0,1185732.0,0.0,0.0,0.0,0.0,1.0,0.0,0.0,13.0,10.0,10.0,2021.0,275
19.0,0.52,28.0,0.0,0.0,1.0,0.0,0.0,0.0,0.0,0.0,0.0,1185732.0,0.0,0.0,1.0,0.0,0.0,1.0,0.0,33.0,8.0,3.0,2021.0,63
50.0,0.35,54.99999999999999,0.0,0.0,0.0,0.0,0.0,0.0,0.0,0.0,0.0,1197831.0,0.0,1.0,0.0,0.0,0.0,1.0,0.0,15.0,14.0,6.0,2021.0,275
13.0,0.5,55.00000000000001,0.0,0.0,1.0,0.0,0.0,0.0,0.0,0.0,0.0,1185732.0,1.0,0.0,0.0,0.0,0.0,0.0,1.0,12.0,17.0,7.0,2021.0,375
23.0,0.47,29.0,0.0,0.0,0.0,1.0,0.0,0.0,0.0,0.0,0.0,1185732.0,0.0,0.0,0.0,0.0,1.0,1.0,0.0,13.0,10.0,2.0,2021.0,36
33.0,0.41,50.0,0.0,0.0,0.0,0.0,0.0,0.0,0.0,0.0,0.0,1185732.0,1.0,0.0,0.0,0.0,0.0,1.0,0.0,22.0,14.0,11.0,2020.0,20
32.0,0.3,35.0,0.0,1.0,0.0,0.0,0.0,0.0,0.0,0.0,0.0,1185732.0,0.0,0.0,0.0,0.0,1.0,0.0,0.0,48.0,3.0,6.0,2021.0,550
5.0,0.5499999999999999,41.0,0.0,0.0,0.0,1.0,0.0,0.0,0.0,0.0,0.0,1189833.0,0.0,1.0,0.0,0.0,0.0,1.0,0.0,25.0,17.0,2.0,2021.0,116
17.0,0.35,20.000000000000004,1.0,0.0,0.0,0.0,0.0,0.0,0.0,0.0,0.0,1185732.0,1.0,0.0,0.0,0.0,0.0,0.0,0.0,14.0,5.0,3.0,2021.0,175
14.0,0.49,76.0,0.0,0.0,0.0,0.0,0.0,0.0,0.0,0.0,0.0,1185732.0,0.0,0.0,0.0,0.0,0.0,1.0,0.0,34.0,10.0,11.0,2021.0,138
32.0,0.6,57.0,0.0,0.0,0.0,0.0,0.0,0.0,0.0,0.0,0.0,1185732.0,0.0,0.0,0.0,0.0,1.0,1.0,0.0,48.0,2.0,12.0,2021.0,73
23.0,0.35,30.000000000000004,0.0,0.0,0.0,0.0,1.0,0.0,0.0,0.0,0.0,1185732.0,0.0,0.0,0.0,0.0,1.0,0.0,0.0,13.0,10.0,6.0,2021.0,200
49.0,0.6,45.0,0.0,0.0,1.0,0.0,0.0,0.0,0.0,0.0,0.0,1185732.0,1.0,0.0,0.0,0.0,0.0,1.0,0.0,24.0,19.0,5.0,2021.0,105
32.0,0.51,46.0,0.0,0.0,1.0,0.0,0.0,0.0,0.0,0.0,0.0,1185732.0,0.0,0.0,0.0,0.0,1.0,1.0,0.0,48.0,3.0,10.0,2021.0,65
14.0,0.4,30.0,0.0,1.0,0.0,0.0,0.0,0.0,0.0,0.0,0.0,1185732.0,0.0,0.0,0.0,0.0,0.0,1.0,0.0,34.0,10.0,4.0,2021.0,725
14.0,0.4,65.0,0.0,1.0,0.0,0.0,0.0,0.0,0.0,0.0,0.0,1185732.0,0.0,0.0,0.0,0.0,0.0,1.0,0.0,34.0,10.0,8.0,2021.0,875
19.0,0.35,50.0,0.0,1.0,0.0,0.0,0.0,0.0,0.0,0.0,0.0,1185732.0,0.0,0.0,1.0,0.0,0.0,0.0,0.0,33.0,9.0,8.0,2021.0,525
23.0,0.53,41.0,0.0,1.0,0.0,0.0,0.0,0.0,0.0,0.0,0.0,1185732.0,0.0,0.0,0.0,0.0,1.0,1.0,0.0,13.0,10.0,10.0,2021.0,116
23.0,0.51,19.0,0.0,0.0,1.0,0.0,0.0,0.0,0.0,0.0,0.0,1185732.0,0.0,0.0,0.0,0.0,1.0,1.0,0.0,13.0,10.0,2.0,2021.0,75
18.0,0.35,40.000000000000014,0.0,0.0,0.0,1.0,0.0,0.0,0.0,0.0,0.0,1185732.0,0.0,0.0,1.0,0.0,0.0,0.0,0.0,21.0,17.0,10.0,2021.0,400
38.0,0.48,37.0,0.0,0.0,0.0,0.0,0.0,0.0,0.0,0.0,0.0,1185732.0,1.0,0.0,0.0,0.0,0.0,1.0,0.0,26.0,6.0,7.0,2021.0,27
18.0,0.49,28.0,0.0,0.0,0.0,1.0,0.0,0.0,0.0,0.0,0.0,1185732.0,0.0,0.0,1.0,0.0,0.0,1.0,0.0,21.0,17.0,2.0,2021.0,109
5.0,0.55,44.0,0.0,0.0,0.0,0.0,1.0,0.0,0.0,0.0,0.0,1189833.0,0.0,1.0,0.0,0.0,0.0,1.0,0.0,25.0,29.0,1.0,2021.0,165
32.0,0.3,35.0,0.0,0.0,0.0,1.0,0.0,0.0,0.0,0.0,0.0,1185732.0,0.0,0.0,0.0,0.0,1.0,0.0,0.0,48.0,4.0,5.0,2021.0,150
13.0,0.35,50.0,0.0,0.0,0.0,0.0,1.0,0.0,0.0,0.0,0.0,1185732.0,1.0,0.0,0.0,0.0,0.0,0.0,1.0,12.0,1.0,8.0,2021.0,195
14.0,0.63,69.0,0.0,0.0,1.0,0.0,0.0,0.0,0.0,0.0,0.0,1185732.0,0.0,0.0,0.0,0.0,0.0,1.0,0.0,34.0,9.0,7.0,2021.0,181
48.0,0.3,45.0,0.0,0.0,0.0,1.0,0.0,0.0,0.0,0.0,0.0,1185732.0,0.0,0.0,1.0,0.0,0.0,1.0,0.0,40.0,12.0,11.0,2021.0,175
33.0,0.3,40.00000000000001,1.0,0.0,0.0,0.0,0.0,0.0,0.0,0.0,0.0,1185732.0,1.0,0.0,0.0,0.0,0.0,0.0,1.0,22.0,17.0,11.0,2020.0,175
19.0,0.5,49.0,0.0,1.0,0.0,0.0,0.0,0.0,0.0,0.0,0.0,1185732.0,1.0,0.0,0.0,0.0,0.0,1.0,0.0,33.0,9.0,11.0,2021.0,120
14.0,0.51,41.0,0.0,0.0,0.0,1.0,0.0,0.0,0.0,0.0,0.0,1185732.0,0.0,0.0,0.0,0.0,0.0,1.0,0.0,34.0,10.0,8.0,2021.0,158
13.0,0.63,51.0,0.0,0.0,1.0,0.0,0.0,0.0,0.0,0.0,0.0,1185732.0,1.0,0.0,0.0,0.0,0.0,1.0,0.0,12.0,5.0,7.0,2021.0,105
33.0,0.35000000000000003,40.0,0.0,0.0,0.0,1.0,0.0,0.0,0.0,0.0,0.0,1185732.0,1.0,0.0,0.0,0.0,0.0,0.0,1.0,22.0,25.0,11.0,2020.0,175
13.0,0.4,40.0,0.0,0.0,0.0,1.0,0.0,0.0,0.0,0.0,0.0,1185732.0,1.0,0.0,0.0,0.0,0.0,0.0,1.0,12.0,3.0,7.0,2021.0,175
38.0,0.39999999999999997,20.0,0.0,1.0,0.0,0.0,0.0,0.0,0.0,0.0,0.0,1197831.0,0.0,0.0,1.0,0.0,0.0,0.0,1.0,26.0,1.0,8.0,2021.0,675
5.0,0.5700000000000001,41.0,0.0,0.0,0.0,0.0,1.0,0.0,0.0,0.0,0.0,1189833.0,0.0,1.0,0.0,0.0,0.0,1.0,0.0,25.0,22.0,2.0,2021.0,116
5.0,0.55,32.0,0.0,1.0,0.0,0.0,0.0,0.0,0.0,0.0,0.0,1189833.0,0.0,1.0,0.0,0.0,0.0,1.0,0.0,25.0,9.0,1.0,2021.0,173
48.0,0.44999999999999996,28.0,0.0,0.0,0.0,1.0,0.0,0.0,0.0,0.0,0.0,1185732.0,0.0,0.0,1.0,0.0,0.0,1.0,0.0,40.0,9.0,1.0,2021.0,33
23.0,0.35,50.0,0.0,0.0,0.0,0.0,1.0,0.0,0.0,0.0,0.0,1185732.0,0.0,0.0,0.0,0.0,1.0,0.0,0.0,13.0,9.0,12.0,2021.0,350
23.0,0.35,25.000000000000007,0.0,0.0,0.0,0.0,1.0,0.0,0.0,0.0,0.0,1185732.0,0.0,0.0,0.0,0.0,1.0,0.0,0.0,13.0,11.0,9.0,2021.0,175
5.0,0.53,38.0,0.0,0.0,0.0,1.0,0.0,0.0,0.0,0.0,0.0,1189833.0,0.0,1.0,0.0,0.0,0.0,1.0,0.0,25.0,30.0,1.0,2021.0,106
49.0,0.44999999999999996,38.0,0.0,0.0,0.0,0.0,0.0,0.0,0.0,0.0,0.0,1185732.0,1.0,0.0,0.0,0.0,0.0,1.0,0.0,24.0,18.0,6.0,2021.0,102
49.0,0.47,24.0,1.0,0.0,0.0,0.0,0.0,0.0,0.0,0.0,0.0,1185732.0,0.0,0.0,0.0,0.0,1.0,1.0,0.0,24.0,11.0,2.0,2021.0,101
18.0,0.3,45.000000000000014,0.0,0.0,0.0,0.0,1.0,0.0,0.0,0.0,0.0,1185732.0,0.0,0.0,1.0,0.0,0.0,0.0,0.0,21.0,16.0,11.0,2021.0,445
14.0,0.45999999999999996,41.0,0.0,0.0,0.0,0.0,0.0,0.0,0.0,0.0,0.0,1185732.0,0.0,0.0,0.0,0.0,0.0,1.0,0.0,34.0,11.0,2.0,2021.0,122
50.0,0.35,20.00000000000001,1.0,0.0,0.0,0.0,0.0,0.0,0.0,0.0,0.0,1197831.0,0.0,1.0,0.0,0.0,0.0,1.0,0.0,15.0,14.0,10.0,2021.0,325
23.0,0.55,23.0,0.0,1.0,0.0,0.0,0.0,0.0,0.0,0.0,0.0,1185732.0,0.0,0.0,0.0,0.0,1.0,1.0,0.0,13.0,10.0,4.0,2021.0,125
32.0,0.35,45.00000000000001,1.0,0.0,0.0,0.0,0.0,0.0,0.0,0.0,0.0,1185732.0,0.0,0.0,0.0,0.0,1.0,0.0,0.0,48.0,3.0,8.0,2021.0,300
13.0,0.4,60.0,0.0,1.0,0.0,0.0,0.0,0.0,0.0,0.0,0.0,1185732.0,1.0,0.0,0.0,0.0,0.0,0.0,1.0,12.0,24.0,7.0,2021.0,425
50.0,0.49,32.0,0.0,0.0,0.0,0.0,1.0,0.0,0.0,0.0,0.0,1197831.0,0.0,1.0,0.0,0.0,0.0,1.0,0.0,15.0,12.0,5.0,2021.0,65
32.0,0.62,55.0,0.0,0.0,0.0,0.0,0.0,0.0,0.0,0.0,0.0,1185732.0,0.0,0.0,0.0,0.0,1.0,1.0,0.0,48.0,3.0,4.0,2021.0,26
38.0,0.49,41.0,0.0,0.0,0.0,0.0,0.0,0.0,0.0,0.0,0.0,1185732.0,1.0,0.0,0.0,0.0,0.0,1.0,0.0,26.0,31.0,5.0,2021.0,31
14.0,0.35,60.00000000000001,1.0,0.0,0.0,0.0,0.0,0.0,0.0,0.0,0.0,1185732.0,0.0,0.0,0.0,0.0,0.0,1.0,0.0,34.0,10.0,8.0,2021.0,650
5.0,0.7300000000000001,50.0,0.0,0.0,0.0,0.0,0.0,0.0,0.0,0.0,0.0,1189833.0,0.0,1.0,0.0,0.0,0.0,1.0,0.0,25.0,18.0,2.0,2021.0,100
13.0,0.48,36.0,0.0,0.0,0.0,0.0,1.0,0.0,0.0,0.0,0.0,1185732.0,1.0,0.0,0.0,0.0,0.0,1.0,0.0,12.0,20.0,6.0,2021.0,42
19.0,0.35,49.99999999999999,0.0,1.0,0.0,0.0,0.0,0.0,0.0,0.0,0.0,1185732.0,1.0,0.0,0.0,0.0,0.0,0.0,0.0,33.0,9.0,11.0,2021.0,400
13.0,0.6,60.0,0.0,0.0,1.0,0.0,0.0,0.0,0.0,0.0,0.0,1185732.0,1.0,0.0,0.0,0.0,0.0,1.0,0.0,12.0,29.0,7.0,2021.0,65
49.0,0.35,25.0,0.0,0.0,0.0,0.0,1.0,0.0,0.0,0.0,0.0,1185732.0,1.0,0.0,0.0,0.0,0.0,0.0,0.0,24.0,18.0,10.0,2021.0,250
5.0,0.39,58.0,0.0,0.0,1.0,0.0,0.0,0.0,0.0,0.0,0.0,1189833.0,0.0,1.0,0.0,0.0,0.0,1.0,0.0,25.0,25.0,2.0,2021.0,108
38.0,0.5,35.0,0.0,0.0,0.0,1.0,0.0,0.0,0.0,0.0,0.0,1197831.0,0.0,0.0,1.0,0.0,0.0,0.0,1.0,26.0,4.0,8.0,2021.0,475
19.0,0.5,40.0,0.0,0.0,0.0,0.0,0.0,0.0,0.0,0.0,0.0,1185732.0,1.0,0.0,0.0,0.0,0.0,0.0,0.0,33.0,6.0,1.0,2021.0,150
5.0,0.45,40.0,0.0,0.0,0.0,0.0,1.0,0.0,0.0,0.0,0.0,1189833.0,0.0,1.0,0.0,0.0,0.0,0.0,1.0,25.0,28.0,2.0,2021.0,425
38.0,0.44999999999999996,37.0,1.0,0.0,0.0,0.0,0.0,0.0,0.0,0.0,0.0,1185732.0,1.0,0.0,0.0,0.0,0.0,1.0,0.0,26.0,27.0,6.0,2021.0,81
17.0,0.64,42.0,0.0,0.0,0.0,0.0,0.0,0.0,0.0,0.0,0.0,1185732.0,1.0,0.0,0.0,0.0,0.0,1.0,0.0,14.0,6.0,10.0,2021.0,38
13.0,0.4,40.0,0.0,0.0,0.0,1.0,0.0,0.0,0.0,0.0,0.0,1185732.0,1.0,0.0,0.0,0.0,0.0,0.0,1.0,12.0,9.0,6.0,2021.0,100
18.0,0.35,30.0,1.0,0.0,0.0,0.0,0.0,0.0,0.0,0.0,0.0,1185732.0,1.0,0.0,0.0,0.0,0.0,0.0,0.0,21.0,18.0,1.0,2021.0,425
14.0,0.51,29.0,0.0,0.0,0.0,1.0,0.0,0.0,0.0,0.0,0.0,1185732.0,0.0,0.0,0.0,0.0,0.0,1.0,0.0,34.0,11.0,10.0,2021.0,112
14.0,0.47,47.0,1.0,0.0,0.0,0.0,0.0,0.0,0.0,0.0,0.0,1185732.0,0.0,0.0,0.0,0.0,0.0,1.0,0.0,34.0,9.0,9.0,2021.0,173
13.0,0.52,48.0,0.0,1.0,0.0,0.0,0.0,0.0,0.0,0.0,0.0,1185732.0,1.0,0.0,0.0,0.0,0.0,1.0,0.0,12.0,18.0,6.0,2021.0,122
38.0,0.48,32.0,0.0,0.0,0.0,0.0,1.0,0.0,0.0,0.0,0.0,1185732.0,1.0,0.0,0.0,0.0,0.0,1.0,0.0,26.0,16.0,6.0,2021.0,30
17.0,0.45999999999999996,32.0,1.0,0.0,0.0,0.0,0.0,0.0,0.0,0.0,0.0,1185732.0,1.0,0.0,0.0,0.0,0.0,1.0,0.0,14.0,6.0,10.0,2021.0,75
19.0,0.35,60.0,0.0,1.0,0.0,0.0,0.0,0.0,0.0,0.0,0.0,1185732.0,1.0,0.0,0.0,0.0,0.0,0.0,0.0,33.0,8.0,12.0,2021.0,500
5.0,0.55,44.0,0.0,0.0,0.0,0.0,1.0,0.0,0.0,0.0,0.0,1189833.0,0.0,1.0,0.0,0.0,0.0,1.0,0.0,25.0,23.0,1.0,2021.0,111
50.0,0.35,20.0,0.0,1.0,0.0,0.0,0.0,0.0,0.0,0.0,0.0,1197831.0,0.0,1.0,0.0,0.0,0.0,1.0,0.0,15.0,12.0,3.0,2021.0,545
17.0,0.4,24.0,0.0,0.0,0.0,0.0,1.0,0.0,0.0,0.0,0.0,1185732.0,1.0,0.0,0.0,0.0,0.0,1.0,0.0,14.0,7.0,9.0,2021.0,49
14.0,0.4,50.0,0.0,0.0,0.0,0.0,1.0,0.0,0.0,0.0,0.0,1185732.0,0.0,0.0,0.0,0.0,0.0,1.0,0.0,34.0,11.0,6.0,2021.0,525
14.0,0.4,55.00000000000001,0.0,0.0,0.0,0.0,1.0,0.0,0.0,0.0,0.0,1185732.0,0.0,0.0,0.0,0.0,0.0,1.0,0.0,34.0,10.0,8.0,2021.0,575
48.0,0.42,43.0,0.0,0.0,0.0,0.0,1.0,0.0,0.0,0.0,0.0,1185732.0,1.0,0.0,0.0,0.0,0.0,1.0,0.0,40.0,13.0,5.0,2021.0,46
48.0,0.3,40.0,0.0,0.0,0.0,0.0,1.0,0.0,0.0,0.0,0.0,1185732.0,1.0,0.0,0.0,0.0,0.0,1.0,0.0,40.0,12.0,8.0,2021.0,225
19.0,0.43,24.0,0.0,0.0,0.0,1.0,0.0,0.0,0.0,0.0,0.0,1185732.0,0.0,0.0,1.0,0.0,0.0,1.0,0.0,33.0,9.0,4.0,2021.0,22
32.0,0.35,30.00000000000001,1.0,0.0,0.0,0.0,0.0,0.0,0.0,0.0,0.0,1185732.0,0.0,0.0,0.0,0.0,1.0,0.0,0.0,48.0,3.0,6.0,2021.0,300
18.0,0.51,37.0,1.0,0.0,0.0,0.0,0.0,0.0,0.0,0.0,0.0,1185732.0,0.0,0.0,1.0,0.0,0.0,1.0,0.0,21.0,17.0,10.0,2021.0,167
49.0,0.5,49.99999999999999,0.0,0.0,1.0,0.0,0.0,0.0,0.0,0.0,0.0,1185732.0,1.0,0.0,0.0,0.0,0.0,0.0,0.0,24.0,19.0,5.0,2021.0,350
49.0,0.35,44.99999999999999,0.0,0.0,0.0,0.0,0.0,0.0,0.0,0.0,0.0,1185732.0,1.0,0.0,0.0,0.0,0.0,0.0,0.0,24.0,19.0,5.0,2021.0,250
49.0,0.35,25.000000000000007,0.0,0.0,0.0,0.0,1.0,0.0,0.0,0.0,0.0,1185732.0,1.0,0.0,0.0,0.0,0.0,0.0,0.0,24.0,17.0,3.0,2021.0,350
38.0,0.4,40.0,0.0,1.0,0.0,0.0,0.0,0.0,0.0,0.0,0.0,1185732.0,1.0,0.0,0.0,0.0,0.0,0.0,1.0,26.0,8.0,6.0,2021.0,375
5.0,0.45999999999999996,29.0,1.0,0.0,0.0,0.0,0.0,0.0,0.0,0.0,0.0,1197831.0,0.0,0.0,1.0,0.0,0.0,1.0,0.0,25.0,11.0,3.0,2021.0,182
49.0,0.4,35.0,0.0,1.0,0.0,0.0,0.0,0.0,0.0,0.0,0.0,1185732.0,1.0,0.0,0.0,0.0,0.0,0.0,0.0,24.0,18.0,6.0,2021.0,600
32.0,0.3,50.0,0.0,0.0,0.0,0.0,1.0,0.0,0.0,0.0,0.0,1185732.0,0.0,0.0,0.0,0.0,1.0,0.0,0.0,48.0,2.0,12.0,2021.0,300
5.0,0.5700000000000001,43.0,0.0,0.0,0.0,0.0,1.0,0.0,0.0,0.0,0.0,1189833.0,0.0,1.0,0.0,0.0,0.0,1.0,0.0,25.0,5.0,1.0,2021.0,122
50.0,0.48,32.0,0.0,0.0,0.0,0.0,0.0,0.0,0.0,0.0,0.0,1197831.0,0.0,1.0,0.0,0.0,0.0,1.0,0.0,15.0,14.0,2.0,2021.0,68
17.0,0.41,29.0,0.0,1.0,0.0,0.0,0.0,0.0,0.0,0.0,0.0,1185732.0,0.0,0.0,0.0,0.0,1.0,1.0,0.0,14.0,3.0,2.0,2021.0,140
23.0,0.4,25.000000000000007,0.0,1.0,0.0,0.0,0.0,0.0,0.0,0.0,0.0,1185732.0,0.0,0.0,0.0,0.0,1.0,0.0,0.0,13.0,9.0,3.0,2021.0,520
49.0,0.4,35.0,0.0,0.0,0.0,1.0,0.0,0.0,0.0,0.0,0.0,1185732.0,0.0,0.0,0.0,0.0,1.0,0.0,0.0,24.0,17.0,12.0,2021.0,350
50.0,0.47,19.0,0.0,0.0,0.0,0.0,1.0,0.0,0.0,0.0,0.0,1197831.0,0.0,1.0,0.0,0.0,0.0,1.0,0.0,15.0,14.0,10.0,2021.0,60
50.0,0.44999999999999996,20.0,0.0,0.0,0.0,1.0,0.0,0.0,0.0,0.0,0.0,1197831.0,0.0,1.0,0.0,0.0,0.0,1.0,0.0,15.0,14.0,2.0,2021.0,42
19.0,0.43,44.0,1.0,0.0,0.0,0.0,0.0,0.0,0.0,0.0,0.0,1185732.0,0.0,0.0,1.0,0.0,0.0,1.0,0.0,33.0,8.0,7.0,2021.0,84
23.0,0.4,60.0,0.0,1.0,0.0,0.0,0.0,0.0,0.0,0.0,0.0,1185732.0,0.0,0.0,0.0,0.0,1.0,0.0,0.0,13.0,9.0,12.0,2021.0,600
5.0,0.45,40.0,0.0,1.0,0.0,0.0,0.0,0.0,0.0,0.0,0.0,1189833.0,0.0,1.0,0.0,0.0,0.0,0.0,1.0,25.0,26.0,2.0,2021.0,575
32.0,0.44999999999999996,23.0,0.0,0.0,0.0,1.0,0.0,0.0,0.0,0.0,0.0,1185732.0,0.0,0.0,0.0,0.0,1.0,1.0,0.0,48.0,4.0,9.0,2021.0,34
49.0,0.65,42.0,0.0,0.0,1.0,0.0,0.0,0.0,0.0,0.0,0.0,1185732.0,1.0,0.0,0.0,0.0,0.0,1.0,0.0,24.0,18.0,6.0,2021.0,142
48.0,0.43,38.0,0.0,0.0,0.0,1.0,0.0,0.0,0.0,0.0,0.0,1185732.0,1.0,0.0,0.0,0.0,0.0,1.0,0.0,40.0,12.0,8.0,2021.0,58
5.0,0.5900000000000001,49.0,0.0,0.0,0.0,0.0,1.0,0.0,0.0,0.0,0.0,1189833.0,0.0,1.0,0.0,0.0,0.0,1.0,0.0,25.0,10.0,2.0,2021.0,130
38.0,0.53,34.0,0.0,0.0,0.0,1.0,0.0,0.0,0.0,0.0,0.0,1185732.0,1.0,0.0,0.0,0.0,0.0,1.0,0.0,26.0,17.0,6.0,2021.0,7
17.0,0.41,33.0,0.0,0.0,0.0,0.0,1.0,0.0,0.0,0.0,0.0,1185732.0,1.0,0.0,0.0,0.0,0.0,1.0,0.0,14.0,7.0,5.0,2021.0,54
19.0,0.3,45.00000000000001,1.0,0.0,0.0,0.0,0.0,0.0,0.0,0.0,0.0,1185732.0,0.0,0.0,1.0,0.0,0.0,0.0,0.0,33.0,8.0,7.0,2021.0,300
19.0,0.35,60.0,0.0,0.0,0.0,0.0,0.0,0.0,0.0,0.0,0.0,1185732.0,1.0,0.0,0.0,0.0,0.0,0.0,0.0,33.0,9.0,11.0,2021.0,150
18.0,0.3,45.0,0.0,0.0,0.0,0.0,1.0,0.0,0.0,0.0,0.0,1185732.0,0.0,0.0,1.0,0.0,0.0,0.0,0.0,21.0,17.0,6.0,2021.0,550
32.0,0.61,44.0,0.0,0.0,0.0,0.0,0.0,0.0,0.0,0.0,0.0,1185732.0,0.0,0.0,0.0,0.0,1.0,1.0,0.0,48.0,4.0,5.0,2021.0,53
32.0,0.4,64.99999999999999,0.0,0.0,1.0,0.0,0.0,0.0,0.0,0.0,0.0,1185732.0,0.0,0.0,0.0,0.0,1.0,0.0,0.0,48.0,3.0,11.0,2021.0,300
19.0,0.4,24.999999999999996,0.0,0.0,1.0,0.0,0.0,0.0,0.0,0.0,0.0,1185732.0,0.0,0.0,1.0,0.0,0.0,1.0,0.0,33.0,9.0,2.0,2021.0,275
32.0,0.42,38.0,0.0,0.0,0.0,1.0,0.0,0.0,0.0,0.0,0.0,1185732.0,0.0,0.0,0.0,0.0,1.0,1.0,0.0,48.0,2.0,7.0,2021.0,51
5.0,0.44999999999999996,43.0,1.0,0.0,0.0,0.0,0.0,0.0,0.0,0.0,0.0,1189833.0,0.0,1.0,0.0,0.0,0.0,1.0,0.0,25.0,16.0,1.0,2021.0,101
50.0,0.44999999999999996,42.0,0.0,0.0,1.0,0.0,0.0,0.0,0.0,0.0,0.0,1197831.0,0.0,1.0,0.0,0.0,0.0,1.0,0.0,15.0,12.0,5.0,2021.0,94
50.0,0.35,55.000000000000014,0.0,0.0,0.0,1.0,0.0,0.0,0.0,0.0,0.0,1197831.0,1.0,0.0,0.0,0.0,0.0,1.0,0.0,15.0,13.0,11.0,2021.0,275
19.0,0.4,38.0,0.0,0.0,0.0,1.0,0.0,0.0,0.0,0.0,0.0,1185732.0,0.0,0.0,1.0,0.0,0.0,1.0,0.0,33.0,9.0,10.0,2021.0,33
19.0,0.48,46.0,0.0,0.0,0.0,0.0,0.0,0.0,0.0,0.0,0.0,1185732.0,0.0,0.0,1.0,0.0,0.0,1.0,0.0,33.0,10.0,5.0,2021.0,31
50.0,0.49,43.0,0.0,0.0,0.0,1.0,0.0,0.0,0.0,0.0,0.0,1197831.0,0.0,1.0,0.0,0.0,0.0,1.0,0.0,15.0,12.0,7.0,2021.0,75
18.0,0.61,55.0,0.0,1.0,0.0,0.0,0.0,0.0,0.0,0.0,0.0,1185732.0,0.0,0.0,1.0,0.0,0.0,1.0,0.0,21.0,15.0,12.0,2021.0,255
49.0,0.35,35.0,0.0,0.0,0.0,0.0,1.0,0.0,0.0,0.0,0.0,1185732.0,1.0,0.0,0.0,0.0,0.0,0.0,0.0,24.0,18.0,8.0,2021.0,400
32.0,0.4,35.0,1.0,0.0,0.0,0.0,0.0,0.0,0.0,0.0,0.0,1185732.0,0.0,0.0,0.0,0.0,1.0,0.0,0.0,48.0,10.0,2.0,2021.0,200
49.0,0.5,30.0,0.0,0.0,1.0,0.0,0.0,0.0,0.0,0.0,0.0,1185732.0,1.0,0.0,0.0,0.0,0.0,0.0,0.0,24.0,18.0,2.0,2021.0,400
23.0,0.51,41.0,0.0,1.0,0.0,0.0,0.0,0.0,0.0,0.0,0.0,1185732.0,0.0,0.0,0.0,0.0,1.0,1.0,0.0,13.0,10.0,11.0,2021.0,123
33.0,0.3,50.0,0.0,0.0,0.0,0.0,0.0,0.0,0.0,0.0,0.0,1185732.0,1.0,0.0,0.0,0.0,0.0,0.0,0.0,22.0,8.0,11.0,2020.0,50
33.0,0.49000000000000005,44.0,0.0,0.0,0.0,1.0,0.0,0.0,0.0,0.0,0.0,1185732.0,1.0,0.0,0.0,0.0,0.0,1.0,0.0,22.0,25.0,12.0,2020.0,49
23.0,0.35,40.0,0.0,0.0,0.0,0.0,1.0,0.0,0.0,0.0,0.0,1185732.0,0.0,0.0,0.0,0.0,1.0,0.0,0.0,13.0,10.0,8.0,2021.0,225
48.0,0.35,49.99999999999999,0.0,0.0,0.0,0.0,0.0,0.0,0.0,0.0,0.0,1185732.0,1.0,0.0,0.0,0.0,0.0,1.0,0.0,40.0,12.0,2.0,2021.0,175
14.0,0.47,60.0,1.0,0.0,0.0,0.0,0.0,0.0,0.0,0.0,0.0,1185732.0,0.0,0.0,0.0,0.0,0.0,1.0,0.0,34.0,9.0,12.0,2021.0,181
19.0,0.44999999999999996,55.0,0.0,0.0,0.0,0.0,0.0,0.0,0.0,0.0,0.0,1185732.0,1.0,0.0,0.0,0.0,0.0,1.0,0.0,33.0,9.0,11.0,2021.0,44
17.0,0.5,30.000000000000004,0.0,0.0,0.0,0.0,0.0,0.0,0.0,0.0,0.0,1185732.0,1.0,0.0,0.0,0.0,0.0,0.0,0.0,14.0,5.0,3.0,2021.0,150
32.0,0.5,32.0,0.0,0.0,1.0,0.0,0.0,0.0,0.0,0.0,0.0,1185732.0,0.0,0.0,0.0,0.0,1.0,1.0,0.0,48.0,10.0,1.0,2021.0,84
33.0,0.4,24.0,0.0,0.0,0.0,0.0,1.0,0.0,0.0,0.0,0.0,1185732.0,1.0,0.0,0.0,0.0,0.0,1.0,0.0,22.0,6.0,12.0,2020.0,41
49.0,0.64,38.0,0.0,0.0,1.0,0.0,0.0,0.0,0.0,0.0,0.0,1185732.0,1.0,0.0,0.0,0.0,0.0,1.0,0.0,24.0,18.0,10.0,2021.0,88
50.0,0.5,43.0,0.0,0.0,0.0,0.0,0.0,0.0,0.0,0.0,0.0,1197831.0,0.0,1.0,0.0,0.0,0.0,1.0,0.0,15.0,12.0,5.0,2021.0,56
13.0,0.49,38.0,0.0,0.0,0.0,0.0,1.0,0.0,0.0,0.0,0.0,1185732.0,1.0,0.0,0.0,0.0,0.0,1.0,0.0,12.0,14.0,7.0,2021.0,75
14.0,0.5,70.0,0.0,0.0,1.0,0.0,0.0,0.0,0.0,0.0,0.0,1185732.0,0.0,0.0,0.0,0.0,0.0,1.0,0.0,34.0,9.0,7.0,2021.0,725
33.0,0.3,25.0,0.0,0.0,0.0,0.0,1.0,0.0,0.0,0.0,0.0,1185732.0,1.0,0.0,0.0,0.0,0.0,0.0,1.0,22.0,6.0,12.0,2020.0,150
13.0,0.4,50.0,0.0,0.0,0.0,1.0,0.0,0.0,0.0,0.0,0.0,1185732.0,1.0,0.0,0.0,0.0,0.0,0.0,1.0,12.0,27.0,7.0,2021.0,125
17.0,0.43,49.0,0.0,0.0,0.0,1.0,0.0,0.0,0.0,0.0,0.0,1185732.0,0.0,0.0,0.0,0.0,1.0,1.0,0.0,14.0,5.0,12.0,2021.0,61
13.0,0.35,50.0,1.0,0.0,0.0,0.0,0.0,0.0,0.0,0.0,0.0,1185732.0,1.0,0.0,0.0,0.0,0.0,0.0,1.0,12.0,19.0,6.0,2021.0,150
38.0,0.4,40.0,0.0,1.0,0.0,0.0,0.0,0.0,0.0,0.0,0.0,1185732.0,1.0,0.0,0.0,0.0,0.0,0.0,1.0,26.0,14.0,7.0,2021.0,325
18.0,0.3,50.0,0.0,0.0,0.0,0.0,1.0,0.0,0.0,0.0,0.0,1185732.0,0.0,0.0,1.0,0.0,0.0,0.0,0.0,21.0,15.0,7.0,2021.0,575
50.0,0.49,29.0,0.0,0.0,1.0,0.0,0.0,0.0,0.0,0.0,0.0,1197831.0,0.0,1.0,0.0,0.0,0.0,1.0,0.0,15.0,13.0,4.0,2021.0,81
48.0,0.53,53.0,0.0,0.0,1.0,0.0,0.0,0.0,0.0,0.0,0.0,1185732.0,1.0,0.0,0.0,0.0,0.0,1.0,0.0,40.0,11.0,7.0,2021.0,94
19.0,0.43,32.0,1.0,0.0,0.0,0.0,0.0,0.0,0.0,0.0,0.0,1185732.0,0.0,0.0,1.0,0.0,0.0,1.0,0.0,33.0,9.0,6.0,2021.0,65
13.0,0.5,44.0,0.0,0.0,0.0,1.0,0.0,0.0,0.0,0.0,0.0,1185732.0,1.0,0.0,0.0,0.0,0.0,1.0,0.0,12.0,21.0,6.0,2021.0,20
5.0,0.3,50.0,1.0,0.0,0.0,0.0,0.0,0.0,0.0,0.0,0.0,1189833.0,0.0,1.0,0.0,0.0,0.0,0.0,1.0,25.0,5.0,3.0,2021.0,675
17.0,0.44999999999999996,15.0,0.0,0.0,0.0,1.0,0.0,0.0,0.0,0.0,0.0,1185732.0,1.0,0.0,0.0,0.0,0.0,1.0,0.0,14.0,6.0,4.0,2021.0,28
17.0,0.41,37.0,0.0,0.0,0.0,1.0,0.0,0.0,0.0,0.0,0.0,1185732.0,1.0,0.0,0.0,0.0,0.0,1.0,0.0,14.0,6.0,8.0,2021.0,54
23.0,0.35,35.0,0.0,0.0,0.0,1.0,0.0,0.0,0.0,0.0,0.0,1185732.0,0.0,0.0,0.0,0.0,1.0,0.0,0.0,13.0,11.0,5.0,2021.0,175
32.0,0.35,35.0,1.0,0.0,0.0,0.0,0.0,0.0,0.0,0.0,0.0,1185732.0,0.0,0.0,0.0,0.0,1.0,0.0,0.0,48.0,3.0,10.0,2021.0,225
17.0,0.3,35.0,0.0,1.0,0.0,0.0,0.0,0.0,0.0,0.0,0.0,1185732.0,1.0,0.0,0.0,0.0,0.0,0.0,0.0,14.0,7.0,9.0,2021.0,475
33.0,0.41,42.0,0.0,0.0,0.0,0.0,0.0,0.0,0.0,0.0,0.0,1185732.0,1.0,0.0,0.0,0.0,0.0,1.0,0.0,22.0,2.0,12.0,2020.0,42
38.0,0.35,40.0,1.0,0.0,0.0,0.0,0.0,0.0,0.0,0.0,0.0,1185732.0,1.0,0.0,0.0,0.0,0.0,0.0,1.0,26.0,3.0,6.0,2021.0,100
23.0,0.3,60.0,0.0,0.0,0.0,0.0,0.0,0.0,0.0,0.0,0.0,1185732.0,0.0,0.0,0.0,0.0,1.0,0.0,0.0,13.0,9.0,12.0,2021.0,300
50.0,0.3,35.0,0.0,0.0,0.0,1.0,0.0,0.0,0.0,0.0,0.0,1185732.0,1.0,0.0,0.0,0.0,0.0,1.0,0.0,15.0,12.0,1.0,2021.0,125
18.0,0.35,45.000000000000014,0.0,0.0,0.0,1.0,0.0,0.0,0.0,0.0,0.0,1185732.0,0.0,0.0,1.0,0.0,0.0,0.0,0.0,21.0,16.0,11.0,2021.0,475
19.0,0.44999999999999996,48.0,0.0,0.0,0.0,0.0,1.0,0.0,0.0,0.0,0.0,1185732.0,1.0,0.0,0.0,0.0,0.0,1.0,0.0,33.0,8.0,12.0,2021.0,73
48.0,0.3,25.000000000000007,0.0,0.0,0.0,0.0,1.0,0.0,0.0,0.0,0.0,1185732.0,0.0,0.0,1.0,0.0,0.0,1.0,0.0,40.0,9.0,1.0,2021.0,275
23.0,0.3,50.0,0.0,0.0,0.0,0.0,0.0,0.0,0.0,0.0,0.0,1185732.0,0.0,0.0,0.0,0.0,1.0,0.0,0.0,13.0,10.0,8.0,2021.0,175
49.0,0.5,30.000000000000004,0.0,0.0,1.0,0.0,0.0,0.0,0.0,0.0,0.0,1185732.0,1.0,0.0,0.0,0.0,0.0,0.0,0.0,24.0,19.0,9.0,2021.0,350
13.0,0.49,46.0,0.0,0.0,0.0,0.0,1.0,0.0,0.0,0.0,0.0,1185732.0,1.0,0.0,0.0,0.0,0.0,1.0,0.0,12.0,7.0,8.0,2021.0,75
50.0,0.45999999999999996,19.0,1.0,0.0,0.0,0.0,0.0,0.0,0.0,0.0,0.0,1197831.0,0.0,1.0,0.0,0.0,0.0,1.0,0.0,15.0,14.0,10.0,2021.0,85
17.0,0.3,30.000000000000004,0.0,1.0,0.0,0.0,0.0,0.0,0.0,0.0,0.0,1185732.0,0.0,0.0,0.0,0.0,1.0,0.0,0.0,14.0,3.0,1.0,2021.0,450
38.0,0.54,27.0,0.0,0.0,0.0,1.0,0.0,0.0,0.0,0.0,0.0,1185732.0,1.0,0.0,0.0,0.0,0.0,1.0,0.0,26.0,23.0,6.0,2021.0,39
33.0,0.45,49.999999999999986,0.0,0.0,1.0,0.0,0.0,0.0,0.0,0.0,0.0,1185732.0,1.0,0.0,0.0,0.0,0.0,0.0,1.0,22.0,15.0,12.0,2020.0,200
48.0,0.53,37.0,0.0,0.0,1.0,0.0,0.0,0.0,0.0,0.0,0.0,1185732.0,1.0,0.0,0.0,0.0,0.0,1.0,0.0,40.0,11.0,3.0,2021.0,59
18.0,0.55,50.000000000000014,0.0,0.0,1.0,0.0,0.0,0.0,0.0,0.0,0.0,1185732.0,0.0,0.0,1.0,0.0,0.0,0.0,0.0,21.0,15.0,9.0,2021.0,575
49.0,0.49,37.0,0.0,0.0,0.0,0.0,0.0,0.0,0.0,0.0,0.0,1185732.0,1.0,0.0,0.0,0.0,0.0,1.0,0.0,24.0,17.0,7.0,2021.0,94
17.0,0.4,49.99999999999999,0.0,0.0,1.0,0.0,0.0,0.0,0.0,0.0,0.0,1185732.0,1.0,0.0,0.0,0.0,0.0,0.0,0.0,14.0,7.0,5.0,2021.0,275
38.0,0.47,29.0,0.0,0.0,0.0,0.0,1.0,0.0,0.0,0.0,0.0,1185732.0,1.0,0.0,0.0,0.0,0.0,1.0,0.0,26.0,22.0,7.0,2021.0,25
18.0,0.35,35.0,0.0,0.0,0.0,1.0,0.0,0.0,0.0,0.0,0.0,1185732.0,0.0,0.0,1.0,0.0,0.0,0.0,0.0,21.0,16.0,8.0,2021.0,525
13.0,0.35,50.0,0.0,0.0,0.0,0.0,1.0,0.0,0.0,0.0,0.0,1185732.0,1.0,0.0,0.0,0.0,0.0,0.0,1.0,12.0,26.0,7.0,2021.0,150
50.0,0.35,40.000000000000014,1.0,0.0,0.0,0.0,0.0,0.0,0.0,0.0,0.0,1197831.0,0.0,1.0,0.0,0.0,0.0,1.0,0.0,15.0,12.0,9.0,2021.0,350
5.0,0.3,45.0,1.0,0.0,0.0,0.0,0.0,0.0,0.0,0.0,0.0,1189833.0,0.0,1.0,0.0,0.0,0.0,0.0,1.0,25.0,3.0,2.0,2021.0,600
49.0,0.35,35.0,0.0,0.0,0.0,0.0,1.0,0.0,0.0,0.0,0.0,1185732.0,0.0,0.0,0.0,0.0,1.0,0.0,0.0,24.0,17.0,12.0,2021.0,400
33.0,0.35000000000000003,40.0,0.0,0.0,0.0,1.0,0.0,0.0,0.0,0.0,0.0,1185732.0,1.0,0.0,0.0,0.0,0.0,0.0,0.0,22.0,13.0,11.0,2020.0,50
50.0,0.35,60.00000000000001,0.0,0.0,0.0,0.0,1.0,0.0,0.0,0.0,0.0,1197831.0,1.0,0.0,0.0,0.0,0.0,1.0,0.0,15.0,12.0,12.0,2021.0,350
17.0,0.44999999999999996,28.0,0.0,1.0,0.0,0.0,0.0,0.0,0.0,0.0,0.0,1185732.0,0.0,0.0,0.0,0.0,1.0,1.0,0.0,14.0,3.0,1.0,2021.0,126
32.0,0.4,55.00000000000001,0.0,0.0,1.0,0.0,0.0,0.0,0.0,0.0,0.0,1185732.0,0.0,0.0,0.0,0.0,1.0,0.0,0.0,48.0,3.0,8.0,2021.0,350
33.0,0.55,38.0,0.0,0.0,1.0,0.0,0.0,0.0,0.0,0.0,0.0,1185732.0,1.0,0.0,0.0,0.0,0.0,1.0,0.0,22.0,3.0,11.0,2020.0,47
14.0,0.62,37.0,0.0,0.0,1.0,0.0,0.0,0.0,0.0,0.0,0.0,1185732.0,0.0,0.0,0.0,0.0,0.0,1.0,0.0,34.0,9.0,9.0,2021.0,138
33.0,0.35000000000000003,40.0,0.0,0.0,0.0,1.0,0.0,0.0,0.0,0.0,0.0,1185732.0,1.0,0.0,0.0,0.0,0.0,0.0,1.0,22.0,19.0,12.0,2020.0,150
33.0,0.44999999999999996,43.0,0.0,0.0,0.0,0.0,0.0,0.0,0.0,0.0,0.0,1185732.0,1.0,0.0,0.0,0.0,0.0,1.0,0.0,22.0,21.0,10.0,2020.0,39
48.0,0.55,55.0,0.0,0.0,1.0,0.0,0.0,0.0,0.0,0.0,0.0,1185732.0,0.0,0.0,1.0,0.0,0.0,1.0,0.0,40.0,12.0,10.0,2021.0,70
33.0,0.35000000000000003,45.0,0.0,1.0,0.0,0.0,0.0,0.0,0.0,0.0,0.0,1185732.0,1.0,0.0,0.0,0.0,0.0,0.0,1.0,22.0,4.0,12.0,2020.0,450
13.0,0.4,45.0,0.0,1.0,0.0,0.0,0.0,0.0,0.0,0.0,0.0,1185732.0,1.0,0.0,0.0,0.0,0.0,0.0,1.0,12.0,6.0,6.0,2021.0,525
50.0,0.49,60.0,0.0,0.0,1.0,0.0,0.0,0.0,0.0,0.0,0.0,1197831.0,0.0,1.0,0.0,0.0,0.0,1.0,0.0,15.0,12.0,7.0,2021.0,140
33.0,0.45,35.0,0.0,0.0,1.0,0.0,0.0,0.0,0.0,0.0,0.0,1185732.0,1.0,0.0,0.0,0.0,0.0,0.0,0.0,22.0,28.0,10.0,2020.0,225
32.0,0.41,58.0,0.0,1.0,0.0,0.0,0.0,0.0,0.0,0.0,0.0,1185732.0,0.0,0.0,0.0,0.0,1.0,1.0,0.0,48.0,4.0,5.0,2021.0,134
14.0,0.4,45.0,0.0,1.0,0.0,0.0,0.0,0.0,0.0,0.0,0.0,1185732.0,0.0,0.0,0.0,0.0,0.0,1.0,0.0,34.0,9.0,5.0,2021.0,795
19.0,0.3,40.0,0.0,0.0,0.0,1.0,0.0,0.0,0.0,0.0,0.0,1185732.0,1.0,0.0,0.0,0.0,0.0,0.0,0.0,33.0,9.0,11.0,2021.0,175
32.0,0.65,48.0,0.0,0.0,0.0,0.0,0.0,0.0,0.0,0.0,0.0,1185732.0,0.0,0.0,0.0,0.0,1.0,1.0,0.0,48.0,3.0,8.0,2021.0,46
17.0,0.53,51.0,0.0,0.0,1.0,0.0,0.0,0.0,0.0,0.0,0.0,1185732.0,1.0,0.0,0.0,0.0,0.0,1.0,0.0,14.0,6.0,6.0,2021.0,85
38.0,0.35,49.99999999999999,0.0,0.0,0.0,0.0,0.0,0.0,0.0,0.0,0.0,1185732.0,1.0,0.0,0.0,0.0,0.0,0.0,1.0,26.0,24.0,7.0,2021.0,100
50.0,0.35,60.0,0.0,1.0,0.0,0.0,0.0,0.0,0.0,0.0,0.0,1197831.0,0.0,1.0,0.0,0.0,0.0,1.0,0.0,15.0,13.0,8.0,2021.0,650
32.0,0.51,34.0,1.0,0.0,0.0,0.0,0.0,0.0,0.0,0.0,0.0,1185732.0,0.0,0.0,0.0,0.0,1.0,1.0,0.0,48.0,10.0,2.0,2021.0,52
19.0,0.48,55.0,0.0,1.0,0.0,0.0,0.0,0.0,0.0,0.0,0.0,1185732.0,0.0,0.0,1.0,0.0,0.0,1.0,0.0,33.0,10.0,5.0,2021.0,129
50.0,0.35,40.0,0.0,0.0,0.0,0.0,0.0,0.0,0.0,0.0,0.0,1197831.0,0.0,1.0,0.0,0.0,0.0,1.0,0.0,15.0,13.0,4.0,2021.0,150
17.0,0.53,49.0,0.0,0.0,1.0,0.0,0.0,0.0,0.0,0.0,0.0,1185732.0,0.0,0.0,0.0,0.0,1.0,1.0,0.0,14.0,6.0,10.0,2021.0,73
33.0,0.3,45.0,0.0,0.0,0.0,0.0,0.0,0.0,0.0,0.0,0.0,1185732.0,1.0,0.0,0.0,0.0,0.0,0.0,1.0,22.0,2.0,12.0,2020.0,150
49.0,0.52,18.0,0.0,0.0,0.0,1.0,0.0,0.0,0.0,0.0,0.0,1185732.0,0.0,0.0,0.0,0.0,1.0,1.0,0.0,24.0,11.0,1.0,2021.0,88
18.0,0.39999999999999997,45.00000000000001,0.0,0.0,0.0,0.0,0.0,0.0,0.0,0.0,0.0,1185732.0,0.0,0.0,1.0,0.0,0.0,0.0,0.0,21.0,15.0,9.0,2021.0,475
38.0,0.35,40.0,0.0,0.0,0.0,0.0,0.0,0.0,0.0,0.0,0.0,1185732.0,1.0,0.0,0.0,0.0,0.0,0.0,1.0,26.0,18.0,7.0,2021.0,25
17.0,0.5,40.0,0.0,0.0,0.0,0.0,0.0,0.0,0.0,0.0,0.0,1185732.0,0.0,0.0,0.0,0.0,1.0,0.0,0.0,14.0,3.0,1.0,2021.0,150
19.0,0.44,41.0,1.0,0.0,0.0,0.0,0.0,0.0,0.0,0.0,0.0,1185732.0,0.0,0.0,1.0,0.0,0.0,1.0,0.0,33.0,10.0,5.0,2021.0,54
19.0,0.3,30.000000000000004,0.0,1.0,0.0,0.0,0.0,0.0,0.0,0.0,0.0,1185732.0,1.0,0.0,0.0,0.0,0.0,0.0,0.0,33.0,6.0,2.0,2021.0,500
5.0,0.6,42.0,0.0,0.0,0.0,0.0,1.0,0.0,0.0,0.0,0.0,1189833.0,0.0,1.0,0.0,0.0,0.0,1.0,0.0,25.0,6.0,3.0,2021.0,133
23.0,0.4,30.00000000000001,1.0,0.0,0.0,0.0,0.0,0.0,0.0,0.0,0.0,1185732.0,0.0,0.0,0.0,0.0,1.0,0.0,0.0,13.0,11.0,9.0,2021.0,275
49.0,0.4,35.0,0.0,1.0,0.0,0.0,0.0,0.0,0.0,0.0,0.0,1185732.0,1.0,0.0,0.0,0.0,0.0,0.0,0.0,24.0,17.0,3.0,2021.0,620
17.0,0.4,30.000000000000004,0.0,0.0,1.0,0.0,0.0,0.0,0.0,0.0,0.0,1185732.0,0.0,0.0,0.0,0.0,1.0,0.0,0.0,14.0,3.0,1.0,2021.0,250
38.0,0.35,30.0,0.0,0.0,0.0,0.0,0.0,0.0,0.0,0.0,0.0,1185732.0,1.0,0.0,0.0,0.0,0.0,0.0,1.0,26.0,12.0,7.0,2021.0,75
38.0,0.35,44.99999999999999,0.0,0.0,0.0,0.0,0.0,0.0,0.0,0.0,0.0,1185732.0,1.0,0.0,0.0,0.0,0.0,0.0,1.0,26.0,31.0,5.0,2021.0,125
38.0,0.35,45.0,0.0,0.0,0.0,0.0,0.0,0.0,0.0,0.0,0.0,1185732.0,1.0,0.0,0.0,0.0,0.0,0.0,1.0,26.0,30.0,6.0,2021.0,175
17.0,0.49,32.0,1.0,0.0,0.0,0.0,0.0,0.0,0.0,0.0,0.0,1185732.0,0.0,0.0,0.0,0.0,1.0,1.0,0.0,14.0,6.0,11.0,2021.0,72
18.0,0.52,43.0,0.0,0.0,0.0,0.0,0.0,0.0,0.0,0.0,0.0,1185732.0,0.0,0.0,1.0,0.0,0.0,1.0,0.0,21.0,15.0,3.0,2021.0,94
38.0,0.51,43.0,0.0,1.0,0.0,0.0,0.0,0.0,0.0,0.0,0.0,1185732.0,1.0,0.0,0.0,0.0,0.0,1.0,0.0,26.0,26.0,6.0,2021.0,165
32.0,0.61,38.0,0.0,0.0,0.0,0.0,0.0,0.0,0.0,0.0,0.0,1185732.0,0.0,0.0,0.0,0.0,1.0,1.0,0.0,48.0,3.0,2.0,2021.0,38
38.0,0.48,36.0,0.0,0.0,0.0,0.0,1.0,0.0,0.0,0.0,0.0,1185732.0,1.0,0.0,0.0,0.0,0.0,1.0,0.0,26.0,4.0,7.0,2021.0,52
33.0,0.3,44.99999999999999,0.0,0.0,0.0,0.0,0.0,0.0,0.0,0.0,0.0,1185732.0,1.0,0.0,0.0,0.0,0.0,0.0,0.0,22.0,21.0,10.0,2020.0,150
38.0,0.61,32.0,0.0,0.0,1.0,0.0,0.0,0.0,0.0,0.0,0.0,1185732.0,1.0,0.0,0.0,0.0,0.0,1.0,0.0,26.0,26.0,5.0,2021.0,68
13.0,0.5,55.00000000000001,0.0,0.0,1.0,0.0,0.0,0.0,0.0,0.0,0.0,1185732.0,1.0,0.0,0.0,0.0,0.0,0.0,1.0,12.0,23.0,7.0,2021.0,250
38.0,0.35,50.0,0.0,0.0,0.0,0.0,0.0,0.0,0.0,0.0,0.0,1185732.0,1.0,0.0,0.0,0.0,0.0,0.0,1.0,26.0,6.0,6.0,2021.0,50
19.0,0.43,28.0,1.0,0.0,0.0,0.0,0.0,0.0,0.0,0.0,0.0,1185732.0,0.0,0.0,1.0,0.0,0.0,1.0,0.0,33.0,9.0,4.0,2021.0,44
38.0,0.55,33.0,0.0,0.0,0.0,1.0,0.0,0.0,0.0,0.0,0.0,1185732.0,1.0,0.0,0.0,0.0,0.0,1.0,0.0,26.0,5.0,6.0,2021.0,0
49.0,0.51,39.0,0.0,1.0,0.0,0.0,0.0,0.0,0.0,0.0,0.0,1185732.0,1.0,0.0,0.0,0.0,0.0,1.0,0.0,24.0,19.0,5.0,2021.0,180
48.0,0.5,41.0,0.0,0.0,0.0,0.0,0.0,0.0,0.0,0.0,0.0,1185732.0,1.0,0.0,0.0,0.0,0.0,1.0,0.0,40.0,13.0,9.0,2021.0,42
17.0,0.5,35.0,0.0,0.0,0.0,0.0,0.0,0.0,0.0,0.0,0.0,1185732.0,1.0,0.0,0.0,0.0,0.0,0.0,0.0,14.0,6.0,6.0,2021.0,175
33.0,0.4,38.0,1.0,0.0,0.0,0.0,0.0,0.0,0.0,0.0,0.0,1185732.0,1.0,0.0,0.0,0.0,0.0,1.0,0.0,22.0,17.0,12.0,2020.0,52
23.0,0.35,45.0,0.0,0.0,0.0,1.0,0.0,0.0,0.0,0.0,0.0,1185732.0,0.0,0.0,0.0,0.0,1.0,0.0,0.0,13.0,9.0,7.0,2021.0,175
14.0,0.4,49.99999999999999,0.0,1.0,0.0,0.0,0.0,0.0,0.0,0.0,0.0,1185732.0,0.0,0.0,0.0,0.0,0.0,1.0,0.0,34.0,11.0,6.0,2021.0,800
49.0,0.5,35.0,0.0,0.0,1.0,0.0,0.0,0.0,0.0,0.0,0.0,1185732.0,1.0,0.0,0.0,0.0,0.0,0.0,0.0,24.0,17.0,3.0,2021.0,350
48.0,0.35,50.0,0.0,0.0,0.0,0.0,0.0,0.0,0.0,0.0,0.0,1185732.0,1.0,0.0,0.0,0.0,0.0,1.0,0.0,40.0,11.0,7.0,2021.0,200
32.0,0.4,35.0,0.0,1.0,0.0,0.0,0.0,0.0,0.0,0.0,0.0,1185732.0,0.0,0.0,0.0,0.0,1.0,0.0,0.0,48.0,10.0,1.0,2021.0,500
14.0,0.45999999999999996,37.0,0.0,0.0,0.0,0.0,0.0,0.0,0.0,0.0,0.0,1185732.0,0.0,0.0,0.0,0.0,0.0,1.0,0.0,34.0,11.0,10.0,2021.0,116
23.0,0.4,45.00000000000001,1.0,0.0,0.0,0.0,0.0,0.0,0.0,0.0,0.0,1185732.0,0.0,0.0,0.0,0.0,1.0,0.0,0.0,13.0,10.0,8.0,2021.0,300
17.0,0.5,60.0,0.0,0.0,0.0,0.0,0.0,0.0,0.0,0.0,0.0,1185732.0,0.0,0.0,0.0,0.0,1.0,0.0,0.0,14.0,6.0,11.0,2021.0,175
13.0,0.3,20.0,0.0,1.0,0.0,0.0,0.0,0.0,0.0,0.0,0.0,1197831.0,0.0,0.0,1.0,0.0,0.0,0.0,1.0,12.0,11.0,8.0,2021.0,725
50.0,0.44999999999999996,38.0,1.0,0.0,0.0,0.0,0.0,0.0,0.0,0.0,0.0,1197831.0,0.0,1.0,0.0,0.0,0.0,1.0,0.0,15.0,12.0,9.0,2021.0,91
18.0,0.35,45.0,0.0,0.0,0.0,1.0,0.0,0.0,0.0,0.0,0.0,1185732.0,0.0,0.0,1.0,0.0,0.0,0.0,0.0,21.0,15.0,5.0,2021.0,450
23.0,0.4,35.0,1.0,0.0,0.0,0.0,0.0,0.0,0.0,0.0,0.0,1185732.0,0.0,0.0,0.0,0.0,1.0,0.0,0.0,13.0,17.0,1.0,2021.0,300
5.0,0.45,45.0,0.0,0.0,0.0,0.0,1.0,0.0,0.0,0.0,0.0,1189833.0,0.0,1.0,0.0,0.0,0.0,0.0,1.0,25.0,17.0,1.0,2021.0,400
23.0,0.45999999999999996,33.0,0.0,0.0,0.0,1.0,0.0,0.0,0.0,0.0,0.0,1185732.0,0.0,0.0,0.0,0.0,1.0,1.0,0.0,13.0,10.0,10.0,2021.0,44
48.0,0.35,60.0,0.0,0.0,0.0,0.0,0.0,0.0,0.0,0.0,0.0,1185732.0,0.0,0.0,1.0,0.0,0.0,1.0,0.0,40.0,11.0,12.0,2021.0,200
38.0,0.48,37.0,0.0,0.0,0.0,0.0,0.0,0.0,0.0,0.0,0.0,1185732.0,1.0,0.0,0.0,0.0,0.0,1.0,0.0,26.0,18.0,7.0,2021.0,7
48.0,0.4,36.0,0.0,0.0,0.0,0.0,1.0,0.0,0.0,0.0,0.0,1185732.0,1.0,0.0,0.0,0.0,0.0,1.0,0.0,40.0,12.0,8.0,2021.0,65
17.0,0.5,60.0,0.0,0.0,0.0,0.0,0.0,0.0,0.0,0.0,0.0,1185732.0,1.0,0.0,0.0,0.0,0.0,0.0,0.0,14.0,6.0,4.0,2021.0,125
49.0,0.35,15.000000000000002,0.0,0.0,0.0,0.0,1.0,0.0,0.0,0.0,0.0,1185732.0,1.0,0.0,0.0,0.0,0.0,0.0,0.0,24.0,19.0,9.0,2021.0,300
33.0,0.44999999999999996,29.0,0.0,0.0,0.0,0.0,1.0,0.0,0.0,0.0,0.0,1185732.0,1.0,0.0,0.0,0.0,0.0,1.0,0.0,22.0,31.0,10.0,2020.0,53
19.0,0.4,30.000000000000004,0.0,0.0,1.0,0.0,0.0,0.0,0.0,0.0,0.0,1185732.0,1.0,0.0,0.0,0.0,0.0,0.0,0.0,33.0,6.0,1.0,2021.0,250
19.0,0.43,39.0,0.0,0.0,0.0,1.0,0.0,0.0,0.0,0.0,0.0,1185732.0,1.0,0.0,0.0,0.0,0.0,1.0,0.0,33.0,9.0,11.0,2021.0,47
18.0,0.63,49.0,0.0,1.0,0.0,0.0,0.0,0.0,0.0,0.0,0.0,1185732.0,0.0,0.0,1.0,0.0,0.0,1.0,0.0,21.0,16.0,11.0,2021.0,196
14.0,0.51,39.0,0.0,0.0,0.0,0.0,1.0,0.0,0.0,0.0,0.0,1185732.0,0.0,0.0,0.0,0.0,0.0,1.0,0.0,34.0,9.0,5.0,2021.0,143
5.0,0.5800000000000001,42.0,0.0,1.0,0.0,0.0,0.0,0.0,0.0,0.0,0.0,1189833.0,0.0,1.0,0.0,0.0,0.0,1.0,0.0,25.0,8.0,2.0,2021.0,203
13.0,0.47,50.0,0.0,0.0,0.0,0.0,0.0,0.0,0.0,0.0,0.0,1185732.0,1.0,0.0,0.0,0.0,0.0,1.0,0.0,12.0,10.0,6.0,2021.0,44
17.0,0.3,25.000000000000007,0.0,0.0,0.0,0.0,1.0,0.0,0.0,0.0,0.0,1185732.0,1.0,0.0,0.0,0.0,0.0,0.0,0.0,14.0,6.0,6.0,2021.0,200
5.0,0.52,44.0,0.0,0.0,0.0,1.0,0.0,0.0,0.0,0.0,0.0,1189833.0,0.0,1.0,0.0,0.0,0.0,1.0,0.0,25.0,23.0,2.0,2021.0,105
14.0,0.52,36.0,0.0,1.0,0.0,0.0,0.0,0.0,0.0,0.0,0.0,1185732.0,0.0,0.0,0.0,0.0,0.0,1.0,0.0,34.0,11.0,10.0,2021.0,210
17.0,0.61,55.0,0.0,0.0,0.0,0.0,0.0,0.0,0.0,0.0,0.0,1185732.0,1.0,0.0,0.0,0.0,0.0,1.0,0.0,14.0,6.0,4.0,2021.0,34
50.0,0.5,14.0,1.0,0.0,0.0,0.0,0.0,0.0,0.0,0.0,0.0,1197831.0,1.0,0.0,0.0,0.0,0.0,1.0,0.0,15.0,13.0,11.0,2021.0,72
50.0,0.35,30.00000000000001,0.0,0.0,0.0,0.0,0.0,0.0,0.0,0.0,0.0,1197831.0,0.0,1.0,0.0,0.0,0.0,1.0,0.0,15.0,14.0,10.0,2021.0,175
49.0,0.5,42.0,0.0,0.0,0.0,0.0,0.0,0.0,0.0,0.0,0.0,1185732.0,0.0,0.0,0.0,0.0,1.0,1.0,0.0,24.0,17.0,12.0,2021.0,88
17.0,0.41,34.0,0.0,0.0,0.0,1.0,0.0,0.0,0.0,0.0,0.0,1185732.0,0.0,0.0,0.0,0.0,1.0,1.0,0.0,14.0,6.0,11.0,2021.0,52
23.0,0.47,24.0,0.0,0.0,0.0,1.0,0.0,0.0,0.0,0.0,0.0,1185732.0,0.0,0.0,0.0,0.0,1.0,1.0,0.0,13.0,11.0,9.0,2021.0,41
23.0,0.44,41.0,0.0,0.0,0.0,0.0,0.0,0.0,0.0,0.0,0.0,1185732.0,0.0,0.0,0.0,0.0,1.0,1.0,0.0,13.0,10.0,10.0,2021.0,38
17.0,0.49,18.0,1.0,0.0,0.0,0.0,0.0,0.0,0.0,0.0,0.0,1185732.0,1.0,0.0,0.0,0.0,0.0,1.0,0.0,14.0,6.0,4.0,2021.0,49
33.0,0.35000000000000003,50.0,0.0,1.0,0.0,0.0,0.0,0.0,0.0,0.0,0.0,1185732.0,1.0,0.0,0.0,0.0,0.0,0.0,0.0,22.0,10.0,11.0,2020.0,445
17.0,0.44,32.0,0.0,0.0,0.0,0.0,1.0,0.0,0.0,0.0,0.0,1185732.0,0.0,0.0,0.0,0.0,1.0,1.0,0.0,14.0,6.0,11.0,2021.0,57
18.0,0.39999999999999997,60.0,0.0,0.0,0.0,0.0,0.0,0.0,0.0,0.0,0.0,1185732.0,1.0,0.0,0.0,0.0,0.0,0.0,0.0,21.0,15.0,12.0,2021.0,550
23.0,0.44999999999999996,42.0,0.0,0.0,0.0,0.0,1.0,0.0,0.0,0.0,0.0,1185732.0,0.0,0.0,0.0,0.0,1.0,1.0,0.0,13.0,9.0,7.0,2021.0,68
17.0,0.3,40.0,0.0,0.0,0.0,0.0,1.0,0.0,0.0,0.0,0.0,1185732.0,1.0,0.0,0.0,0.0,0.0,0.0,0.0,14.0,6.0,8.0,2021.0,225
33.0,0.3,45.00000000000001,1.0,0.0,0.0,0.0,0.0,0.0,0.0,0.0,0.0,1185732.0,1.0,0.0,0.0,0.0,0.0,0.0,0.0,22.0,11.0,11.0,2020.0,150
14.0,0.5,59.0,0.0,0.0,0.0,1.0,0.0,0.0,0.0,0.0,0.0,1185732.0,0.0,0.0,0.0,0.0,0.0,1.0,0.0,34.0,10.0,11.0,2021.0,135
5.0,0.7200000000000001,48.0,0.0,0.0,0.0,0.0,0.0,0.0,0.0,0.0,0.0,1189833.0,0.0,1.0,0.0,0.0,0.0,1.0,0.0,25.0,7.0,1.0,2021.0,59
50.0,0.49,29.0,0.0,0.0,1.0,0.0,0.0,0.0,0.0,0.0,0.0,1197831.0,0.0,1.0,0.0,0.0,0.0,1.0,0.0,15.0,12.0,9.0,2021.0,94
23.0,0.44999999999999996,44.0,0.0,0.0,0.0,0.0,0.0,0.0,0.0,0.0,0.0,1185732.0,0.0,0.0,0.0,0.0,1.0,1.0,0.0,13.0,11.0,5.0,2021.0,58
48.0,0.4,39.0,1.0,0.0,0.0,0.0,0.0,0.0,0.0,0.0,0.0,1185732.0,1.0,0.0,0.0,0.0,0.0,1.0,0.0,40.0,13.0,9.0,2021.0,80
49.0,0.47,33.0,0.0,0.0,0.0,0.0,0.0,0.0,0.0,0.0,0.0,1185732.0,0.0,0.0,0.0,0.0,1.0,1.0,0.0,24.0,11.0,1.0,2021.0,98
5.0,0.7400000000000001,44.0,0.0,0.0,0.0,0.0,0.0,0.0,0.0,0.0,0.0,1189833.0,0.0,1.0,0.0,0.0,0.0,1.0,0.0,25.0,19.0,1.0,2021.0,56
19.0,0.4,45.0,0.0,0.0,1.0,0.0,0.0,0.0,0.0,0.0,0.0,1185732.0,0.0,0.0,1.0,0.0,0.0,0.0,0.0,33.0,10.0,9.0,2021.0,225
18.0,0.68,45.0,0.0,0.0,1.0,0.0,0.0,0.0,0.0,0.0,0.0,1185732.0,0.0,0.0,1.0,0.0,0.0,1.0,0.0,21.0,16.0,8.0,2021.0,176
23.0,0.47,34.0,0.0,0.0,0.0,0.0,1.0,0.0,0.0,0.0,0.0,1185732.0,0.0,0.0,0.0,0.0,1.0,1.0,0.0,13.0,11.0,5.0,2021.0,56
5.0,0.39,43.0,0.0,0.0,1.0,0.0,0.0,0.0,0.0,0.0,0.0,1189833.0,0.0,1.0,0.0,0.0,0.0,1.0,0.0,25.0,2.0,1.0,2021.0,138
49.0,0.45999999999999996,29.0,0.0,0.0,0.0,0.0,1.0,0.0,0.0,0.0,0.0,1185732.0,1.0,0.0,0.0,0.0,0.0,1.0,0.0,24.0,17.0,7.0,2021.0,128
33.0,0.41,44.0,1.0,0.0,0.0,0.0,0.0,0.0,0.0,0.0,0.0,1185732.0,1.0,0.0,0.0,0.0,0.0,1.0,0.0,22.0,11.0,11.0,2020.0,44
17.0,0.5,44.99999999999999,0.0,0.0,0.0,0.0,0.0,0.0,0.0,0.0,0.0,1185732.0,1.0,0.0,0.0,0.0,0.0,0.0,0.0,14.0,7.0,5.0,2021.0,150
19.0,0.35,49.99999999999999,0.0,0.0,0.0,0.0,0.0,0.0,0.0,0.0,0.0,1185732.0,0.0,0.0,1.0,0.0,0.0,0.0,0.0,33.0,9.0,10.0,2021.0,125
38.0,0.5,50.0,0.0,0.0,1.0,0.0,0.0,0.0,0.0,0.0,0.0,1185732.0,1.0,0.0,0.0,0.0,0.0,0.0,1.0,26.0,25.0,6.0,2021.0,325
48.0,0.4,34.0,0.0,0.0,0.0,1.0,0.0,0.0,0.0,0.0,0.0,1185732.0,1.0,0.0,0.0,0.0,0.0,1.0,0.0,40.0,13.0,9.0,2021.0,39
33.0,0.6,49.0,0.0,0.0,1.0,0.0,0.0,0.0,0.0,0.0,0.0,1185732.0,1.0,0.0,0.0,0.0,0.0,1.0,0.0,22.0,15.0,12.0,2020.0,60
33.0,0.35000000000000003,35.0,0.0,0.0,0.0,1.0,0.0,0.0,0.0,0.0,0.0,1185732.0,1.0,0.0,0.0,0.0,0.0,0.0,0.0,22.0,7.0,11.0,2020.0,25
5.0,0.7000000000000001,52.0,0.0,0.0,0.0,0.0,0.0,0.0,0.0,0.0,0.0,1189833.0,0.0,1.0,0.0,0.0,0.0,1.0,0.0,25.0,12.0,2.0,2021.0,106
32.0,0.47,43.0,1.0,0.0,0.0,0.0,0.0,0.0,0.0,0.0,0.0,1185732.0,0.0,0.0,0.0,0.0,1.0,1.0,0.0,48.0,3.0,8.0,2021.0,84
5.0,0.45,45.0,0.0,0.0,0.0,0.0,1.0,0.0,0.0,0.0,0.0,1189833.0,0.0,1.0,0.0,0.0,0.0,0.0,1.0,25.0,22.0,2.0,2021.0,400
33.0,0.41,54.0,0.0,0.0,0.0,0.0,0.0,0.0,0.0,0.0,0.0,1185732.0,1.0,0.0,0.0,0.0,0.0,1.0,0.0,22.0,26.0,12.0,2020.0,44
32.0,0.3,40.0,0.0,0.0,0.0,1.0,0.0,0.0,0.0,0.0,0.0,1185732.0,0.0,0.0,0.0,0.0,1.0,0.0,0.0,48.0,3.0,8.0,2021.0,200
17.0,0.65,38.0,0.0,0.0,0.0,0.0,0.0,0.0,0.0,0.0,0.0,1185732.0,1.0,0.0,0.0,0.0,0.0,1.0,0.0,14.0,6.0,2.0,2021.0,38
32.0,0.42,33.0,0.0,0.0,0.0,0.0,1.0,0.0,0.0,0.0,0.0,1185732.0,0.0,0.0,0.0,0.0,1.0,1.0,0.0,48.0,3.0,11.0,2021.0,69
49.0,0.53,29.0,0.0,0.0,0.0,1.0,0.0,0.0,0.0,0.0,0.0,1185732.0,1.0,0.0,0.0,0.0,0.0,1.0,0.0,24.0,17.0,7.0,2021.0,101
13.0,0.5,55.00000000000001,0.0,0.0,1.0,0.0,0.0,0.0,0.0,0.0,0.0,1185732.0,1.0,0.0,0.0,0.0,0.0,0.0,1.0,12.0,11.0,7.0,2021.0,400
49.0,0.35,35.00000000000001,1.0,0.0,0.0,0.0,0.0,0.0,0.0,0.0,0.0,1185732.0,1.0,0.0,0.0,0.0,0.0,0.0,0.0,24.0,17.0,7.0,2021.0,500
13.0,0.5,64.99999999999999,0.0,0.0,1.0,0.0,0.0,0.0,0.0,0.0,0.0,1185732.0,1.0,0.0,0.0,0.0,0.0,0.0,1.0,12.0,4.0,8.0,2021.0,250
5.0,0.41,41.0,1.0,0.0,0.0,0.0,0.0,0.0,0.0,0.0,0.0,1189833.0,0.0,1.0,0.0,0.0,0.0,1.0,0.0,25.0,10.0,1.0,2021.0,115
5.0,0.45,45.0,0.0,1.0,0.0,0.0,0.0,0.0,0.0,0.0,0.0,1189833.0,0.0,1.0,0.0,0.0,0.0,0.0,1.0,25.0,15.0,1.0,2021.0,575
23.0,0.44999999999999996,19.0,0.0,0.0,0.0,1.0,0.0,0.0,0.0,0.0,0.0,1185732.0,0.0,0.0,0.0,0.0,1.0,1.0,0.0,13.0,9.0,3.0,2021.0,31
32.0,0.55,34.0,0.0,1.0,0.0,0.0,0.0,0.0,0.0,0.0,0.0,1185732.0,0.0,0.0,0.0,0.0,1.0,1.0,0.0,48.0,10.0,2.0,2021.0,160
32.0,0.5,60.0,0.0,0.0,0.0,0.0,0.0,0.0,0.0,0.0,0.0,1185732.0,0.0,0.0,0.0,0.0,1.0,0.0,0.0,48.0,2.0,12.0,2021.0,250
14.0,0.64,74.0,0.0,0.0,1.0,0.0,0.0,0.0,0.0,0.0,0.0,1185732.0,0.0,0.0,0.0,0.0,0.0,1.0,0.0,34.0,10.0,11.0,2021.0,167
23.0,0.43,32.0,0.0,0.0,0.0,0.0,0.0,0.0,0.0,0.0,0.0,1185732.0,0.0,0.0,0.0,0.0,1.0,1.0,0.0,13.0,9.0,3.0,2021.0,44
19.0,0.3,24.999999999999996,0.0,0.0,0.0,1.0,0.0,0.0,0.0,0.0,0.0,1185732.0,0.0,0.0,1.0,0.0,0.0,1.0,0.0,33.0,8.0,3.0,2021.0,75
17.0,0.3,14.999999999999996,0.0,0.0,0.0,1.0,0.0,0.0,0.0,0.0,0.0,1185732.0,1.0,0.0,0.0,0.0,0.0,0.0,0.0,14.0,5.0,3.0,2021.0,100
38.0,0.55,38.0,0.0,0.0,0.0,1.0,0.0,0.0,0.0,0.0,0.0,1185732.0,1.0,0.0,0.0,0.0,0.0,1.0,0.0,26.0,29.0,7.0,2021.0,38
50.0,0.48,28.0,0.0,0.0,1.0,0.0,0.0,0.0,0.0,0.0,0.0,1197831.0,1.0,0.0,0.0,0.0,0.0,1.0,0.0,15.0,14.0,10.0,2021.0,90
32.0,0.49,42.0,1.0,0.0,0.0,0.0,0.0,0.0,0.0,0.0,0.0,1185732.0,0.0,0.0,0.0,0.0,1.0,1.0,0.0,48.0,2.0,7.0,2021.0,87
33.0,0.35000000000000003,35.0,0.0,0.0,0.0,1.0,0.0,0.0,0.0,0.0,0.0,1185732.0,1.0,0.0,0.0,0.0,0.0,0.0,0.0,22.0,1.0,11.0,2020.0,25
13.0,0.35,50.0,1.0,0.0,0.0,0.0,0.0,0.0,0.0,0.0,0.0,1185732.0,1.0,0.0,0.0,0.0,0.0,0.0,1.0,12.0,13.0,6.0,2021.0,200
17.0,0.5,36.0,0.0,0.0,1.0,0.0,0.0,0.0,0.0,0.0,0.0,1185732.0,1.0,0.0,0.0,0.0,0.0,1.0,0.0,14.0,7.0,9.0,2021.0,61
38.0,0.4,49.99999999999999,0.0,1.0,0.0,0.0,0.0,0.0,0.0,0.0,0.0,1185732.0,1.0,0.0,0.0,0.0,0.0,0.0,1.0,26.0,26.0,7.0,2021.0,450
32.0,0.41,14.0,0.0,0.0,0.0,1.0,0.0,0.0,0.0,0.0,0.0,1185732.0,0.0,0.0,0.0,0.0,1.0,1.0,0.0,48.0,2.0,3.0,2021.0,20
32.0,0.35,25.000000000000007,0.0,0.0,0.0,0.0,1.0,0.0,0.0,0.0,0.0,1185732.0,0.0,0.0,0.0,0.0,1.0,0.0,0.0,48.0,10.0,2.0,2021.0,250
48.0,0.43,32.0,0.0,0.0,0.0,0.0,1.0,0.0,0.0,0.0,0.0,1185732.0,1.0,0.0,0.0,0.0,0.0,1.0,0.0,40.0,12.0,6.0,2021.0,54
33.0,0.6,59.0,0.0,0.0,1.0,0.0,0.0,0.0,0.0,0.0,0.0,1185732.0,1.0,0.0,0.0,0.0,0.0,1.0,0.0,22.0,21.0,12.0,2020.0,61
48.0,0.3,35.0,0.0,0.0,0.0,1.0,0.0,0.0,0.0,0.0,0.0,1185732.0,1.0,0.0,0.0,0.0,0.0,1.0,0.0,40.0,12.0,2.0,2021.0,100
49.0,0.4,40.0,0.0,1.0,0.0,0.0,0.0,0.0,0.0,0.0,0.0,1185732.0,1.0,0.0,0.0,0.0,0.0,0.0,0.0,24.0,18.0,8.0,2021.0,700
33.0,0.44999999999999996,34.0,1.0,0.0,0.0,0.0,0.0,0.0,0.0,0.0,0.0,1185732.0,1.0,0.0,0.0,0.0,0.0,1.0,0.0,22.0,24.0,10.0,2020.0,38
49.0,0.4,25.0,0.0,1.0,0.0,0.0,0.0,0.0,0.0,0.0,0.0,1185732.0,0.0,0.0,0.0,0.0,1.0,0.0,0.0,24.0,11.0,2.0,2021.0,725
17.0,0.3,10.000000000000004,0.0,0.0,0.0,0.0,1.0,0.0,0.0,0.0,0.0,1185732.0,1.0,0.0,0.0,0.0,0.0,0.0,0.0,14.0,5.0,3.0,2021.0,225
23.0,0.4,40.0,0.0,1.0,0.0,0.0,0.0,0.0,0.0,0.0,0.0,1185732.0,0.0,0.0,0.0,0.0,1.0,0.0,0.0,13.0,10.0,6.0,2021.0,575
32.0,0.5,38.0,0.0,0.0,1.0,0.0,0.0,0.0,0.0,0.0,0.0,1185732.0,0.0,0.0,0.0,0.0,1.0,1.0,0.0,48.0,4.0,9.0,2021.0,52
50.0,0.4,40.0,0.0,0.0,1.0,0.0,0.0,0.0,0.0,0.0,0.0,1185732.0,1.0,0.0,0.0,0.0,0.0,1.0,0.0,15.0,12.0,1.0,2021.0,275
5.0,0.6000000000000001,50.0,0.0,0.0,0.0,0.0,0.0,0.0,0.0,0.0,0.0,1189833.0,0.0,1.0,0.0,0.0,0.0,0.0,1.0,25.0,7.0,1.0,2021.0,225
18.0,0.44999999999999996,47.0,0.0,0.0,0.0,1.0,0.0,0.0,0.0,0.0,0.0,1185732.0,0.0,0.0,1.0,0.0,0.0,1.0,0.0,21.0,15.0,7.0,2021.0,158
18.0,0.48,48.0,0.0,0.0,0.0,1.0,0.0,0.0,0.0,0.0,0.0,1185732.0,1.0,0.0,0.0,0.0,0.0,1.0,0.0,21.0,15.0,12.0,2021.0,138
17.0,0.47,47.0,1.0,0.0,0.0,0.0,0.0,0.0,0.0,0.0,0.0,1185732.0,0.0,0.0,0.0,0.0,1.0,1.0,0.0,14.0,5.0,12.0,2021.0,91
18.0,0.5,60.0,0.0,1.0,0.0,0.0,0.0,0.0,0.0,0.0,0.0,1185732.0,0.0,0.0,1.0,0.0,0.0,0.0,0.0,21.0,16.0,8.0,2021.0,875
32.0,0.3,40.0,0.0,0.0,0.0,0.0,1.0,0.0,0.0,0.0,0.0,1185732.0,0.0,0.0,0.0,0.0,1.0,0.0,0.0,48.0,2.0,7.0,2021.0,225
18.0,0.3,40.000000000000014,0.0,0.0,0.0,0.0,1.0,0.0,0.0,0.0,0.0,1185732.0,0.0,0.0,1.0,0.0,0.0,0.0,0.0,21.0,17.0,10.0,2021.0,425
50.0,0.45999999999999996,42.0,0.0,0.0,0.0,0.0,1.0,0.0,0.0,0.0,0.0,1197831.0,0.0,1.0,0.0,0.0,0.0,1.0,0.0,15.0,12.0,7.0,2021.0,102
13.0,0.55,46.0,0.0,1.0,0.0,0.0,0.0,0.0,0.0,0.0,0.0,1185732.0,1.0,0.0,0.0,0.0,0.0,1.0,0.0,12.0,30.0,6.0,2021.0,135
48.0,0.35,45.0,0.0,1.0,0.0,0.0,0.0,0.0,0.0,0.0,0.0,1185732.0,1.0,0.0,0.0,0.0,0.0,1.0,0.0,40.0,12.0,6.0,2021.0,500
48.0,0.35,44.99999999999999,0.0,0.0,0.0,0.0,0.0,0.0,0.0,0.0,0.0,1185732.0,0.0,0.0,1.0,0.0,0.0,1.0,0.0,40.0,9.0,1.0,2021.0,175
49.0,0.47,23.0,0.0,0.0,0.0,0.0,0.0,0.0,0.0,0.0,0.0,1185732.0,1.0,0.0,0.0,0.0,0.0,1.0,0.0,24.0,19.0,9.0,2021.0,77
23.0,0.55,37.0,1.0,0.0,0.0,0.0,0.0,0.0,0.0,0.0,0.0,1185732.0,0.0,0.0,0.0,0.0,1.0,1.0,0.0,13.0,11.0,5.0,2021.0,73
48.0,0.44999999999999996,34.0,0.0,1.0,0.0,0.0,0.0,0.0,0.0,0.0,0.0,1185732.0,0.0,0.0,1.0,0.0,0.0,1.0,0.0,40.0,9.0,2.0,2021.0,152
48.0,0.3,35.0,0.0,0.0,0.0,0.0,1.0,0.0,0.0,0.0,0.0,1185732.0,1.0,0.0,0.0,0.0,0.0,1.0,0.0,40.0,13.0,9.0,2021.0,175
18.0,0.4,44.0,0.0,0.0,0.0,0.0,1.0,0.0,0.0,0.0,0.0,1185732.0,0.0,0.0,1.0,0.0,0.0,1.0,0.0,21.0,15.0,5.0,2021.0,133
14.0,0.47,56.0,1.0,0.0,0.0,0.0,0.0,0.0,0.0,0.0,0.0,1185732.0,0.0,0.0,0.0,0.0,0.0,1.0,0.0,34.0,9.0,7.0,2021.0,195
5.0,0.25,45.0,0.0,0.0,1.0,0.0,0.0,0.0,0.0,0.0,0.0,1189833.0,0.0,1.0,0.0,0.0,0.0,0.0,1.0,25.0,2.0,1.0,2021.0,475
33.0,0.44,29.0,0.0,0.0,0.0,0.0,1.0,0.0,0.0,0.0,0.0,1185732.0,1.0,0.0,0.0,0.0,0.0,1.0,0.0,22.0,6.0,11.0,2020.0,26
17.0,0.4,49.999999999999986,0.0,0.0,1.0,0.0,0.0,0.0,0.0,0.0,0.0,1185732.0,0.0,0.0,0.0,0.0,1.0,0.0,0.0,14.0,6.0,10.0,2021.0,250
18.0,0.39999999999999997,50.0,1.0,0.0,0.0,0.0,0.0,0.0,0.0,0.0,0.0,1185732.0,0.0,0.0,1.0,0.0,0.0,0.0,0.0,21.0,17.0,6.0,2021.0,575
49.0,0.35,25.0,1.0,0.0,0.0,0.0,0.0,0.0,0.0,0.0,0.0,1185732.0,0.0,0.0,0.0,0.0,1.0,0.0,0.0,24.0,11.0,2.0,2021.0,375
23.0,0.52,36.0,0.0,0.0,1.0,0.0,0.0,0.0,0.0,0.0,0.0,1185732.0,0.0,0.0,0.0,0.0,1.0,1.0,0.0,13.0,11.0,9.0,2021.0,68
19.0,0.43,38.0,0.0,0.0,0.0,1.0,0.0,0.0,0.0,0.0,0.0,1185732.0,0.0,0.0,1.0,0.0,0.0,1.0,0.0,33.0,8.0,7.0,2021.0,53
32.0,0.3,25.000000000000007,0.0,0.0,0.0,1.0,0.0,0.0,0.0,0.0,0.0,1185732.0,0.0,0.0,0.0,0.0,1.0,0.0,0.0,48.0,3.0,6.0,2021.0,175
19.0,0.3,45.0,1.0,0.0,0.0,0.0,0.0,0.0,0.0,0.0,0.0,1185732.0,0.0,0.0,1.0,0.0,0.0,0.0,0.0,33.0,10.0,5.0,2021.0,200
48.0,0.3,40.00000000000001,1.0,0.0,0.0,0.0,0.0,0.0,0.0,0.0,0.0,1185732.0,1.0,0.0,0.0,0.0,0.0,1.0,0.0,40.0,13.0,9.0,2021.0,275
23.0,0.35,30.000000000000004,0.0,0.0,0.0,1.0,0.0,0.0,0.0,0.0,0.0,1185732.0,0.0,0.0,0.0,0.0,1.0,0.0,0.0,13.0,10.0,6.0,2021.0,175
18.0,0.39999999999999997,50.0,0.0,0.0,0.0,0.0,0.0,0.0,0.0,0.0,0.0,1185732.0,0.0,0.0,1.0,0.0,0.0,0.0,0.0,21.0,16.0,4.0,2021.0,400
23.0,0.4,50.000000000000014,1.0,0.0,0.0,0.0,0.0,0.0,0.0,0.0,0.0,1185732.0,0.0,0.0,0.0,0.0,1.0,0.0,0.0,13.0,9.0,7.0,2021.0,300
49.0,0.45999999999999996,32.0,0.0,0.0,0.0,0.0,1.0,0.0,0.0,0.0,0.0,1185732.0,1.0,0.0,0.0,0.0,0.0,1.0,0.0,24.0,18.0,8.0,2021.0,120
23.0,0.55,49.0,1.0,0.0,0.0,0.0,0.0,0.0,0.0,0.0,0.0,1185732.0,0.0,0.0,0.0,0.0,1.0,1.0,0.0,13.0,9.0,12.0,2021.0,108
50.0,0.35,45.0,0.0,0.0,0.0,0.0,1.0,0.0,0.0,0.0,0.0,1197831.0,0.0,1.0,0.0,0.0,0.0,1.0,0.0,15.0,12.0,7.0,2021.0,350
5.0,0.53,44.0,0.0,0.0,0.0,1.0,0.0,0.0,0.0,0.0,0.0,1189833.0,0.0,1.0,0.0,0.0,0.0,1.0,0.0,25.0,12.0,1.0,2021.0,91
13.0,0.35,40.0,0.0,0.0,0.0,0.0,1.0,0.0,0.0,0.0,0.0,1185732.0,1.0,0.0,0.0,0.0,0.0,0.0,1.0,12.0,20.0,7.0,2021.0,200
5.0,0.45,35.0,0.0,0.0,0.0,1.0,0.0,0.0,0.0,0.0,0.0,1197831.0,0.0,0.0,1.0,0.0,0.0,0.0,1.0,25.0,13.0,3.0,2021.0,500
33.0,0.56,53.0,0.0,0.0,1.0,0.0,0.0,0.0,0.0,0.0,0.0,1185732.0,1.0,0.0,0.0,0.0,0.0,1.0,0.0,22.0,21.0,11.0,2020.0,81
13.0,0.5,56.0,0.0,0.0,0.0,0.0,0.0,0.0,0.0,0.0,0.0,1185732.0,1.0,0.0,0.0,0.0,0.0,1.0,0.0,12.0,3.0,8.0,2021.0,41
32.0,0.52,59.0,0.0,0.0,1.0,0.0,0.0,0.0,0.0,0.0,0.0,1185732.0,0.0,0.0,0.0,0.0,1.0,1.0,0.0,48.0,2.0,12.0,2021.0,88
32.0,0.3,35.0,0.0,0.0,0.0,1.0,0.0,0.0,0.0,0.0,0.0,1185732.0,0.0,0.0,0.0,0.0,1.0,0.0,0.0,48.0,3.0,10.0,2021.0,125
17.0,0.3,20.000000000000004,0.0,1.0,0.0,0.0,0.0,0.0,0.0,0.0,0.0,1185732.0,1.0,0.0,0.0,0.0,0.0,0.0,0.0,14.0,5.0,3.0,2021.0,470
17.0,0.42,32.0,0.0,1.0,0.0,0.0,0.0,0.0,0.0,0.0,0.0,1185732.0,1.0,0.0,0.0,0.0,0.0,1.0,0.0,14.0,6.0,6.0,2021.0,137
23.0,0.55,38.0,1.0,0.0,0.0,0.0,0.0,0.0,0.0,0.0,0.0,1185732.0,0.0,0.0,0.0,0.0,1.0,1.0,0.0,13.0,17.0,2.0,2021.0,50
33.0,0.3,50.0,0.0,0.0,0.0,0.0,0.0,0.0,0.0,0.0,0.0,1185732.0,1.0,0.0,0.0,0.0,0.0,0.0,0.0,22.0,2.0,11.0,2020.0,75
50.0,0.44999999999999996,51.0,1.0,0.0,0.0,0.0,0.0,0.0,0.0,0.0,0.0,1197831.0,0.0,1.0,0.0,0.0,0.0,1.0,0.0,15.0,13.0,8.0,2021.0,111
23.0,0.4,55.00000000000001,0.0,0.0,1.0,0.0,0.0,0.0,0.0,0.0,0.0,1185732.0,0.0,0.0,0.0,0.0,1.0,0.0,0.0,13.0,10.0,8.0,2021.0,350
23.0,0.3,60.0,0.0,0.0,0.0,0.0,0.0,0.0,0.0,0.0,0.0,1185732.0,0.0,0.0,0.0,0.0,1.0,0.0,0.0,13.0,10.0,11.0,2021.0,250
49.0,0.61,47.0,0.0,0.0,1.0,0.0,0.0,0.0,0.0,0.0,0.0,1185732.0,0.0,0.0,0.0,0.0,1.0,1.0,0.0,24.0,17.0,12.0,2021.0,126
14.0,0.63,38.0,0.0,0.0,1.0,0.0,0.0,0.0,0.0,0.0,0.0,1185732.0,0.0,0.0,0.0,0.0,0.0,1.0,0.0,34.0,11.0,10.0,2021.0,147
48.0,0.51,33.0,0.0,0.0,1.0,0.0,0.0,0.0,0.0,0.0,0.0,1185732.0,0.0,0.0,1.0,0.0,0.0,1.0,0.0,40.0,9.0,1.0,2021.0,72
38.0,0.4,35.0,0.0,0.0,0.0,1.0,0.0,0.0,0.0,0.0,0.0,1185732.0,1.0,0.0,0.0,0.0,0.0,0.0,1.0,26.0,5.0,6.0,2021.0,0
19.0,0.41,37.0,0.0,0.0,0.0,0.0,1.0,0.0,0.0,0.0,0.0,1185732.0,0.0,0.0,1.0,0.0,0.0,1.0,0.0,33.0,9.0,8.0,2021.0,63
50.0,0.35,25.0,1.0,0.0,0.0,0.0,0.0,0.0,0.0,0.0,0.0,1197831.0,0.0,1.0,0.0,0.0,0.0,1.0,0.0,15.0,13.0,4.0,2021.0,200
18.0,0.42,27.0,0.0,0.0,0.0,0.0,1.0,0.0,0.0,0.0,0.0,1185732.0,0.0,0.0,1.0,0.0,0.0,1.0,0.0,21.0,16.0,4.0,2021.0,135
48.0,0.4,35.0,0.0,0.0,1.0,0.0,0.0,0.0,0.0,0.0,0.0,1185732.0,1.0,0.0,0.0,0.0,0.0,1.0,0.0,40.0,12.0,2.0,2021.0,275
48.0,0.42,41.0,1.0,0.0,0.0,0.0,0.0,0.0,0.0,0.0,0.0,1185732.0,1.0,0.0,0.0,0.0,0.0,1.0,0.0,40.0,12.0,10.0,2021.0,75
50.0,0.5,49.0,1.0,0.0,0.0,0.0,0.0,0.0,0.0,0.0,0.0,1197831.0,0.0,1.0,0.0,0.0,0.0,1.0,0.0,15.0,12.0,7.0,2021.0,119
19.0,0.51,52.0,0.0,0.0,1.0,0.0,0.0,0.0,0.0,0.0,0.0,1185732.0,0.0,0.0,1.0,0.0,0.0,1.0,0.0,33.0,10.0,5.0,2021.0,75
13.0,0.53,39.0,0.0,0.0,0.0,1.0,0.0,0.0,0.0,0.0,0.0,1185732.0,1.0,0.0,0.0,0.0,0.0,1.0,0.0,12.0,9.0,6.0,2021.0,28
19.0,0.45999999999999996,55.0,0.0,1.0,0.0,0.0,0.0,0.0,0.0,0.0,0.0,1185732.0,1.0,0.0,0.0,0.0,0.0,1.0,0.0,33.0,8.0,12.0,2021.0,150
17.0,0.45999999999999996,37.0,1.0,0.0,0.0,0.0,0.0,0.0,0.0,0.0,0.0,1185732.0,1.0,0.0,0.0,0.0,0.0,1.0,0.0,14.0,7.0,5.0,2021.0,63
17.0,0.35,20.000000000000004,1.0,0.0,0.0,0.0,0.0,0.0,0.0,0.0,0.0,1185732.0,1.0,0.0,0.0,0.0,0.0,0.0,0.0,14.0,6.0,4.0,2021.0,175
38.0,0.53,29.0,0.0,0.0,0.0,1.0,0.0,0.0,0.0,0.0,0.0,1185732.0,1.0,0.0,0.0,0.0,0.0,1.0,0.0,26.0,17.0,7.0,2021.0,7
18.0,0.5499999999999999,57.0,0.0,0.0,0.0,0.0,0.0,0.0,0.0,0.0,0.0,1185732.0,0.0,0.0,1.0,0.0,0.0,1.0,0.0,21.0,17.0,6.0,2021.0,152
5.0,0.43,49.0,1.0,0.0,0.0,0.0,0.0,0.0,0.0,0.0,0.0,1189833.0,0.0,1.0,0.0,0.0,0.0,1.0,0.0,25.0,21.0,2.0,2021.0,160
32.0,0.47,49.0,1.0,0.0,0.0,0.0,0.0,0.0,0.0,0.0,0.0,1185732.0,0.0,0.0,0.0,0.0,1.0,1.0,0.0,48.0,2.0,12.0,2021.0,102
14.0,0.4,30.0,0.0,1.0,0.0,0.0,0.0,0.0,0.0,0.0,0.0,1185732.0,0.0,0.0,0.0,0.0,0.0,1.0,0.0,34.0,9.0,3.0,2021.0,770
18.0,0.44999999999999996,48.0,0.0,0.0,0.0,0.0,1.0,0.0,0.0,0.0,0.0,1185732.0,1.0,0.0,0.0,0.0,0.0,1.0,0.0,21.0,15.0,12.0,2021.0,168
17.0,0.5,60.0,0.0,0.0,0.0,0.0,0.0,0.0,0.0,0.0,0.0,1185732.0,0.0,0.0,0.0,0.0,1.0,0.0,0.0,14.0,5.0,12.0,2021.0,225
14.0,0.61,54.0,0.0,0.0,1.0,0.0,0.0,0.0,0.0,0.0,0.0,1185732.0,0.0,0.0,0.0,0.0,0.0,1.0,0.0,34.0,10.0,8.0,2021.0,169
50.0,0.35,15.000000000000007,0.0,0.0,0.0,1.0,0.0,0.0,0.0,0.0,0.0,1197831.0,0.0,1.0,0.0,0.0,0.0,1.0,0.0,15.0,12.0,9.0,2021.0,225
13.0,0.44999999999999996,43.0,1.0,0.0,0.0,0.0,0.0,0.0,0.0,0.0,0.0,1185732.0,1.0,0.0,0.0,0.0,0.0,1.0,0.0,12.0,7.0,7.0,2021.0,81
14.0,0.5,34.0,0.0,0.0,0.0,1.0,0.0,0.0,0.0,0.0,0.0,1185732.0,0.0,0.0,0.0,0.0,0.0,1.0,0.0,34.0,22.0,1.0,2021.0,42
18.0,0.53,29.0,0.0,1.0,0.0,0.0,0.0,0.0,0.0,0.0,0.0,1185732.0,1.0,0.0,0.0,0.0,0.0,1.0,0.0,21.0,18.0,2.0,2021.0,182
14.0,0.5,42.0,0.0,1.0,0.0,0.0,0.0,0.0,0.0,0.0,0.0,1185732.0,0.0,0.0,0.0,0.0,0.0,1.0,0.0,34.0,9.0,5.0,2021.0,207
14.0,0.35,65.0,0.0,0.0,0.0,0.0,0.0,0.0,0.0,0.0,0.0,1185732.0,0.0,0.0,0.0,0.0,0.0,1.0,0.0,34.0,9.0,7.0,2021.0,550
23.0,0.4,40.0,1.0,0.0,0.0,0.0,0.0,0.0,0.0,0.0,0.0,1185732.0,0.0,0.0,0.0,0.0,1.0,0.0,0.0,13.0,11.0,5.0,2021.0,250
14.0,0.45999999999999996,38.0,1.0,0.0,0.0,0.0,0.0,0.0,0.0,0.0,0.0,1185732.0,0.0,0.0,0.0,0.0,0.0,1.0,0.0,34.0,22.0,2.0,2021.0,58
50.0,0.35,49.99999999999999,0.0,0.0,0.0,0.0,0.0,0.0,0.0,0.0,0.0,1185732.0,1.0,0.0,0.0,0.0,0.0,1.0,0.0,15.0,12.0,1.0,2021.0,175
13.0,0.4,45.0,0.0,0.0,0.0,1.0,0.0,0.0,0.0,0.0,0.0,1185732.0,1.0,0.0,0.0,0.0,0.0,0.0,1.0,12.0,21.0,6.0,2021.0,75
13.0,0.6,41.0,0.0,0.0,1.0,0.0,0.0,0.0,0.0,0.0,0.0,1185732.0,1.0,0.0,0.0,0.0,0.0,1.0,0.0,12.0,5.0,6.0,2021.0,69
50.0,0.44,39.0,1.0,0.0,0.0,0.0,0.0,0.0,0.0,0.0,0.0,1185732.0,1.0,0.0,0.0,0.0,0.0,1.0,0.0,15.0,12.0,2.0,2021.0,47
50.0,0.44999999999999996,19.0,0.0,0.0,0.0,1.0,0.0,0.0,0.0,0.0,0.0,1197831.0,0.0,1.0,0.0,0.0,0.0,1.0,0.0,15.0,13.0,4.0,2021.0,35
18.0,0.53,38.0,1.0,0.0,0.0,0.0,0.0,0.0,0.0,0.0,0.0,1185732.0,0.0,0.0,1.0,0.0,0.0,1.0,0.0,21.0,16.0,4.0,2021.0,111
33.0,0.3,35.0,0.0,0.0,0.0,0.0,0.0,0.0,0.0,0.0,0.0,1185732.0,1.0,0.0,0.0,0.0,0.0,0.0,1.0,22.0,8.0,12.0,2020.0,125
49.0,0.35,45.0,0.0,0.0,0.0,0.0,0.0,0.0,0.0,0.0,0.0,1185732.0,1.0,0.0,0.0,0.0,0.0,0.0,0.0,24.0,17.0,3.0,2021.0,250
14.0,0.4,50.0,0.0,0.0,0.0,1.0,0.0,0.0,0.0,0.0,0.0,1185732.0,0.0,0.0,0.0,0.0,0.0,1.0,0.0,34.0,11.0,6.0,2021.0,500
48.0,0.42,37.0,1.0,0.0,0.0,0.0,0.0,0.0,0.0,0.0,0.0,1185732.0,1.0,0.0,0.0,0.0,0.0,1.0,0.0,40.0,11.0,3.0,2021.0,50
13.0,0.4,60.0,0.0,1.0,0.0,0.0,0.0,0.0,0.0,0.0,0.0,1185732.0,1.0,0.0,0.0,0.0,0.0,0.0,1.0,12.0,30.0,7.0,2021.0,400
19.0,0.49,28.0,0.0,1.0,0.0,0.0,0.0,0.0,0.0,0.0,0.0,1185732.0,0.0,0.0,1.0,0.0,0.0,1.0,0.0,33.0,9.0,4.0,2021.0,113
32.0,0.44999999999999996,33.0,0.0,0.0,0.0,1.0,0.0,0.0,0.0,0.0,0.0,1185732.0,0.0,0.0,0.0,0.0,1.0,1.0,0.0,48.0,3.0,11.0,2021.0,65
38.0,0.5,23.0,0.0,0.0,0.0,0.0,1.0,0.0,0.0,0.0,0.0,1185732.0,1.0,0.0,0.0,0.0,0.0,1.0,0.0,26.0,29.0,5.0,2021.0,47
14.0,0.52,63.0,0.0,1.0,0.0,0.0,0.0,0.0,0.0,0.0,0.0,1185732.0,0.0,0.0,0.0,0.0,0.0,1.0,0.0,34.0,9.0,7.0,2021.0,252
13.0,0.54,39.0,0.0,0.0,0.0,1.0,0.0,0.0,0.0,0.0,0.0,1185732.0,1.0,0.0,0.0,0.0,0.0,1.0,0.0,12.0,9.0,7.0,2021.0,50
23.0,0.55,23.0,1.0,0.0,0.0,0.0,0.0,0.0,0.0,0.0,0.0,1185732.0,0.0,0.0,0.0,0.0,1.0,1.0,0.0,13.0,9.0,3.0,2021.0,61
50.0,0.44999999999999996,36.0,0.0,1.0,0.0,0.0,0.0,0.0,0.0,0.0,0.0,1197831.0,0.0,1.0,0.0,0.0,0.0,1.0,0.0,15.0,12.0,5.0,2021.0,143
50.0,0.48,39.0,1.0,0.0,0.0,0.0,0.0,0.0,0.0,0.0,0.0,1197831.0,0.0,1.0,0.0,0.0,0.0,1.0,0.0,15.0,12.0,5.0,2021.0,77
49.0,0.47,32.0,0.0,0.0,0.0,0.0,1.0,0.0,0.0,0.0,0.0,1185732.0,0.0,0.0,0.0,0.0,1.0,1.0,0.0,24.0,17.0,12.0,2021.0,120
50.0,0.43,29.0,0.0,0.0,0.0,0.0,1.0,0.0,0.0,0.0,0.0,1185732.0,1.0,0.0,0.0,0.0,0.0,1.0,0.0,15.0,12.0,2.0,2021.0,59
17.0,0.3,50.0,0.0,0.0,0.0,1.0,0.0,0.0,0.0,0.0,0.0,1185732.0,0.0,0.0,0.0,0.0,1.0,0.0,0.0,14.0,5.0,12.0,2021.0,225
32.0,0.44,45.0,0.0,0.0,0.0,0.0,1.0,0.0,0.0,0.0,0.0,1185732.0,0.0,0.0,0.0,0.0,1.0,1.0,0.0,48.0,2.0,12.0,2021.0,87
18.0,0.44999999999999996,43.0,0.0,0.0,0.0,0.0,1.0,0.0,0.0,0.0,0.0,1185732.0,0.0,0.0,1.0,0.0,0.0,1.0,0.0,21.0,16.0,11.0,2021.0,120
23.0,0.44999999999999996,36.0,0.0,0.0,0.0,0.0,0.0,0.0,0.0,0.0,0.0,1185732.0,0.0,0.0,0.0,0.0,1.0,1.0,0.0,13.0,10.0,6.0,2021.0,53
14.0,0.49,50.0,0.0,0.0,0.0,0.0,0.0,0.0,0.0,0.0,0.0,1185732.0,0.0,0.0,0.0,0.0,0.0,1.0,0.0,34.0,10.0,8.0,2021.0,135
14.0,0.4,30.000000000000004,0.0,0.0,0.0,0.0,1.0,0.0,0.0,0.0,0.0,1185732.0,0.0,0.0,0.0,0.0,0.0,1.0,0.0,34.0,22.0,2.0,2021.0,250
49.0,0.4,25.0,0.0,0.0,0.0,1.0,0.0,0.0,0.0,0.0,0.0,1185732.0,1.0,0.0,0.0,0.0,0.0,0.0,0.0,24.0,18.0,10.0,2021.0,225
38.0,0.6,44.0,0.0,0.0,1.0,0.0,0.0,0.0,0.0,0.0,0.0,1185732.0,1.0,0.0,0.0,0.0,0.0,1.0,0.0,26.0,7.0,7.0,2021.0,69
32.0,0.4,35.0,1.0,0.0,0.0,0.0,0.0,0.0,0.0,0.0,0.0,1185732.0,0.0,0.0,0.0,0.0,1.0,0.0,0.0,48.0,10.0,1.0,2021.0,300
32.0,0.35,20.000000000000004,1.0,0.0,0.0,0.0,0.0,0.0,0.0,0.0,0.0,1185732.0,0.0,0.0,0.0,0.0,1.0,0.0,0.0,48.0,3.0,4.0,2021.0,150
18.0,0.5,41.0,0.0,0.0,0.0,0.0,0.0,0.0,0.0,0.0,0.0,1185732.0,0.0,0.0,1.0,0.0,0.0,1.0,0.0,21.0,15.0,9.0,2021.0,128
14.0,0.52,24.0,0.0,0.0,0.0,1.0,0.0,0.0,0.0,0.0,0.0,1185732.0,0.0,0.0,0.0,0.0,0.0,1.0,0.0,34.0,9.0,3.0,2021.0,98
50.0,0.5,37.0,0.0,1.0,0.0,0.0,0.0,0.0,0.0,0.0,0.0,1185732.0,1.0,0.0,0.0,0.0,0.0,1.0,0.0,15.0,12.0,2.0,2021.0,158
50.0,0.35,40.0,0.0,0.0,0.0,0.0,1.0,0.0,0.0,0.0,0.0,1197831.0,0.0,1.0,0.0,0.0,0.0,1.0,0.0,15.0,14.0,6.0,2021.0,300
50.0,0.44999999999999996,38.0,0.0,0.0,0.0,1.0,0.0,0.0,0.0,0.0,0.0,1197831.0,0.0,1.0,0.0,0.0,0.0,1.0,0.0,15.0,14.0,6.0,2021.0,80
33.0,0.41,38.0,1.0,0.0,0.0,0.0,0.0,0.0,0.0,0.0,0.0,1185732.0,1.0,0.0,0.0,0.0,0.0,1.0,0.0,22.0,17.0,11.0,2020.0,49
18.0,0.5,54.99999999999999,0.0,1.0,0.0,0.0,0.0,0.0,0.0,0.0,0.0,1185732.0,0.0,0.0,1.0,0.0,0.0,0.0,0.0,21.0,17.0,6.0,2021.0,825
32.0,0.45999999999999996,20.0,1.0,0.0,0.0,0.0,0.0,0.0,0.0,0.0,0.0,1185732.0,0.0,0.0,0.0,0.0,1.0,1.0,0.0,48.0,3.0,4.0,2021.0,39
50.0,0.5,37.0,0.0,1.0,0.0,0.0,0.0,0.0,0.0,0.0,0.0,1197831.0,0.0,1.0,0.0,0.0,0.0,1.0,0.0,15.0,14.0,6.0,2021.0,144
23.0,0.35,19.999999999999996,0.0,0.0,0.0,1.0,0.0,0.0,0.0,0.0,0.0,1185732.0,0.0,0.0,0.0,0.0,1.0,0.0,0.0,13.0,10.0,4.0,2021.0,125
49.0,0.35,30.000000000000004,1.0,0.0,0.0,0.0,0.0,0.0,0.0,0.0,0.0,1185732.0,1.0,0.0,0.0,0.0,0.0,0.0,0.0,24.0,18.0,4.0,2021.0,275
38.0,0.5,38.0,1.0,0.0,0.0,0.0,0.0,0.0,0.0,0.0,0.0,1185732.0,1.0,0.0,0.0,0.0,0.0,1.0,0.0,26.0,15.0,6.0,2021.0,33
49.0,0.63,28.0,0.0,0.0,1.0,0.0,0.0,0.0,0.0,0.0,0.0,1185732.0,1.0,0.0,0.0,0.0,0.0,1.0,0.0,24.0,18.0,2.0,2021.0,120
38.0,0.35,35.0,1.0,0.0,0.0,0.0,0.0,0.0,0.0,0.0,0.0,1185732.0,1.0,0.0,0.0,0.0,0.0,0.0,1.0,26.0,9.0,6.0,2021.0,75
33.0,0.41,49.0,0.0,0.0,0.0,0.0,0.0,0.0,0.0,0.0,0.0,1185732.0,1.0,0.0,0.0,0.0,0.0,1.0,0.0,22.0,26.0,11.0,2020.0,58
48.0,0.53,48.0,0.0,0.0,1.0,0.0,0.0,0.0,0.0,0.0,0.0,1185732.0,1.0,0.0,0.0,0.0,0.0,1.0,0.0,40.0,12.0,4.0,2021.0,61
18.0,0.39999999999999997,50.0,1.0,0.0,0.0,0.0,0.0,0.0,0.0,0.0,0.0,1185732.0,0.0,0.0,1.0,0.0,0.0,0.0,0.0,21.0,15.0,5.0,2021.0,500
38.0,0.54,29.0,1.0,0.0,0.0,0.0,0.0,0.0,0.0,0.0,0.0,1197831.0,0.0,0.0,1.0,0.0,0.0,1.0,0.0,26.0,2.0,8.0,2021.0,196
17.0,0.44,33.0,0.0,0.0,0.0,1.0,0.0,0.0,0.0,0.0,0.0,1185732.0,1.0,0.0,0.0,0.0,0.0,1.0,0.0,14.0,7.0,5.0,2021.0,34
14.0,0.4,35.0,0.0,0.0,0.0,1.0,0.0,0.0,0.0,0.0,0.0,1185732.0,0.0,0.0,0.0,0.0,0.0,1.0,0.0,34.0,22.0,1.0,2021.0,150
19.0,0.3,40.0,0.0,0.0,0.0,0.0,1.0,0.0,0.0,0.0,0.0,1185732.0,0.0,0.0,1.0,0.0,0.0,0.0,0.0,33.0,9.0,8.0,2021.0,225
18.0,0.44999999999999996,34.0,0.0,0.0,0.0,1.0,0.0,0.0,0.0,0.0,0.0,1185732.0,0.0,0.0,1.0,0.0,0.0,1.0,0.0,21.0,16.0,8.0,2021.0,142
50.0,0.35,40.0,1.0,0.0,0.0,0.0,0.0,0.0,0.0,0.0,0.0,1197831.0,0.0,1.0,0.0,0.0,0.0,1.0,0.0,15.0,12.0,5.0,2021.0,275
32.0,0.35,25.000000000000007,0.0,0.0,0.0,0.0,1.0,0.0,0.0,0.0,0.0,1185732.0,0.0,0.0,0.0,0.0,1.0,0.0,0.0,48.0,10.0,1.0,2021.0,300
32.0,0.48,33.0,1.0,0.0,0.0,0.0,0.0,0.0,0.0,0.0,0.0,1185732.0,0.0,0.0,0.0,0.0,1.0,1.0,0.0,48.0,3.0,10.0,2021.0,68
33.0,0.3,40.0,1.0,0.0,0.0,0.0,0.0,0.0,0.0,0.0,0.0,1185732.0,1.0,0.0,0.0,0.0,0.0,0.0,0.0,22.0,30.0,10.0,2020.0,125
17.0,0.3,20.000000000000004,0.0,1.0,0.0,0.0,0.0,0.0,0.0,0.0,0.0,1185732.0,1.0,0.0,0.0,0.0,0.0,0.0,0.0,14.0,6.0,4.0,2021.0,475
49.0,0.64,24.0,0.0,0.0,1.0,0.0,0.0,0.0,0.0,0.0,0.0,1185732.0,0.0,0.0,0.0,0.0,1.0,1.0,0.0,24.0,11.0,1.0,2021.0,138
19.0,0.45999999999999996,28.0,1.0,0.0,0.0,0.0,0.0,0.0,0.0,0.0,0.0,1185732.0,1.0,0.0,0.0,0.0,0.0,1.0,0.0,33.0,6.0,2.0,2021.0,45
48.0,0.42,37.0,0.0,0.0,0.0,0.0,1.0,0.0,0.0,0.0,0.0,1185732.0,1.0,0.0,0.0,0.0,0.0,1.0,0.0,40.0,11.0,7.0,2021.0,61
14.0,0.62,64.0,0.0,0.0,1.0,0.0,0.0,0.0,0.0,0.0,0.0,1185732.0,0.0,0.0,0.0,0.0,0.0,1.0,0.0,34.0,11.0,6.0,2021.0,196
23.0,0.55,32.0,1.0,0.0,0.0,0.0,0.0,0.0,0.0,0.0,0.0,1185732.0,0.0,0.0,0.0,0.0,1.0,1.0,0.0,13.0,17.0,1.0,2021.0,75
18.0,0.53,42.0,0.0,0.0,0.0,0.0,0.0,0.0,0.0,0.0,0.0,1185732.0,0.0,0.0,1.0,0.0,0.0,1.0,0.0,21.0,16.0,8.0,2021.0,135
33.0,0.55,54.0,0.0,0.0,1.0,0.0,0.0,0.0,0.0,0.0,0.0,1185732.0,1.0,0.0,0.0,0.0,0.0,1.0,0.0,22.0,27.0,11.0,2020.0,98
32.0,0.51,61.0,0.0,0.0,1.0,0.0,0.0,0.0,0.0,0.0,0.0,1185732.0,0.0,0.0,0.0,0.0,1.0,1.0,0.0,48.0,3.0,11.0,2021.0,75
38.0,0.5,32.0,1.0,0.0,0.0,0.0,0.0,0.0,0.0,0.0,0.0,1185732.0,1.0,0.0,0.0,0.0,0.0,1.0,0.0,26.0,21.0,6.0,2021.0,45
49.0,0.55,23.0,0.0,1.0,0.0,0.0,0.0,0.0,0.0,0.0,0.0,1185732.0,0.0,0.0,0.0,0.0,1.0,1.0,0.0,24.0,11.0,1.0,2021.0,196
19.0,0.3,30.000000000000004,0.0,0.0,0.0,1.0,0.0,0.0,0.0,0.0,0.0,1185732.0,0.0,0.0,1.0,0.0,0.0,1.0,0.0,33.0,9.0,2.0,2021.0,100
23.0,0.44,41.0,0.0,0.0,0.0,0.0,0.0,0.0,0.0,0.0,0.0,1185732.0,0.0,0.0,0.0,0.0,1.0,1.0,0.0,13.0,10.0,2.0,2021.0,58
49.0,0.35,35.00000000000001,1.0,0.0,0.0,0.0,0.0,0.0,0.0,0.0,0.0,1185732.0,1.0,0.0,0.0,0.0,0.0,0.0,0.0,24.0,19.0,5.0,2021.0,325
38.0,0.53,27.0,0.0,0.0,0.0,1.0,0.0,0.0,0.0,0.0,0.0,1185732.0,1.0,0.0,0.0,0.0,0.0,1.0,0.0,26.0,11.0,6.0,2021.0,0
33.0,0.3,50.0,0.0,0.0,0.0,0.0,0.0,0.0,0.0,0.0,0.0,1185732.0,1.0,0.0,0.0,0.0,0.0,0.0,1.0,22.0,26.0,11.0,2020.0,200
14.0,0.35,45.0,0.0,0.0,0.0,0.0,0.0,0.0,0.0,0.0,0.0,1185732.0,0.0,0.0,0.0,0.0,0.0,1.0,0.0,34.0,11.0,2.0,2021.0,450
5.0,0.25,60.0,0.0,0.0,1.0,0.0,0.0,0.0,0.0,0.0,0.0,1189833.0,0.0,1.0,0.0,0.0,0.0,0.0,1.0,25.0,7.0,2.0,2021.0,475
48.0,0.3,40.0,1.0,0.0,0.0,0.0,0.0,0.0,0.0,0.0,0.0,1185732.0,1.0,0.0,0.0,0.0,0.0,1.0,0.0,40.0,12.0,4.0,2021.0,150
14.0,0.35,30.0,1.0,0.0,0.0,0.0,0.0,0.0,0.0,0.0,0.0,1185732.0,0.0,0.0,0.0,0.0,0.0,1.0,0.0,34.0,10.0,4.0,2021.0,425
48.0,0.35,35.0,0.0,1.0,0.0,0.0,0.0,0.0,0.0,0.0,0.0,1185732.0,0.0,0.0,1.0,0.0,0.0,1.0,0.0,40.0,9.0,2.0,2021.0,525
50.0,0.49,37.0,0.0,0.0,0.0,1.0,0.0,0.0,0.0,0.0,0.0,1197831.0,0.0,1.0,0.0,0.0,0.0,1.0,0.0,15.0,13.0,8.0,2021.0,90
23.0,0.35,35.0,0.0,0.0,0.0,0.0,1.0,0.0,0.0,0.0,0.0,1185732.0,0.0,0.0,0.0,0.0,1.0,0.0,0.0,13.0,10.0,10.0,2021.0,150
32.0,0.35,50.0,1.0,0.0,0.0,0.0,0.0,0.0,0.0,0.0,0.0,1185732.0,0.0,0.0,0.0,0.0,1.0,0.0,0.0,48.0,2.0,12.0,2021.0,350
38.0,0.44999999999999996,32.0,1.0,0.0,0.0,0.0,0.0,0.0,0.0,0.0,0.0,1185732.0,1.0,0.0,0.0,0.0,0.0,1.0,0.0,26.0,9.0,6.0,2021.0,23
48.0,0.45999999999999996,54.0,0.0,1.0,0.0,0.0,0.0,0.0,0.0,0.0,0.0,1185732.0,1.0,0.0,0.0,0.0,0.0,1.0,0.0,40.0,12.0,10.0,2021.0,104
13.0,0.35,60.0,0.0,0.0,0.0,0.0,0.0,0.0,0.0,0.0,0.0,1185732.0,1.0,0.0,0.0,0.0,0.0,0.0,1.0,12.0,22.0,6.0,2021.0,100
18.0,0.35,29.999999999999993,0.0,0.0,0.0,1.0,0.0,0.0,0.0,0.0,0.0,1185732.0,0.0,0.0,1.0,0.0,0.0,0.0,0.0,21.0,17.0,2.0,2021.0,375
49.0,0.52,41.0,0.0,1.0,0.0,0.0,0.0,0.0,0.0,0.0,0.0,1185732.0,1.0,0.0,0.0,0.0,0.0,1.0,0.0,24.0,17.0,12.0,2021.0,163
13.0,0.47,56.0,0.0,0.0,0.0,0.0,0.0,0.0,0.0,0.0,0.0,1185732.0,1.0,0.0,0.0,0.0,0.0,1.0,0.0,12.0,28.0,7.0,2021.0,33
13.0,0.35,45.00000000000001,1.0,0.0,0.0,0.0,0.0,0.0,0.0,0.0,0.0,1185732.0,1.0,0.0,0.0,0.0,0.0,0.0,1.0,12.0,13.0,7.0,2021.0,325
33.0,0.43,34.0,1.0,0.0,0.0,0.0,0.0,0.0,0.0,0.0,0.0,1185732.0,1.0,0.0,0.0,0.0,0.0,1.0,0.0,22.0,11.0,12.0,2020.0,58
33.0,0.3,30.000000000000004,0.0,0.0,0.0,0.0,1.0,0.0,0.0,0.0,0.0,1185732.0,1.0,0.0,0.0,0.0,0.0,0.0,0.0,22.0,31.0,10.0,2020.0,175
38.0,0.35,35.0,0.0,0.0,0.0,0.0,1.0,0.0,0.0,0.0,0.0,1185732.0,1.0,0.0,0.0,0.0,0.0,0.0,1.0,26.0,16.0,6.0,2021.0,100
49.0,0.48,32.0,1.0,0.0,0.0,0.0,0.0,0.0,0.0,0.0,0.0,1185732.0,1.0,0.0,0.0,0.0,0.0,1.0,0.0,24.0,17.0,12.0,2021.0,113
14.0,0.4,55.00000000000001,0.0,0.0,0.0,1.0,0.0,0.0,0.0,0.0,0.0,1185732.0,0.0,0.0,0.0,0.0,0.0,1.0,0.0,34.0,9.0,7.0,2021.0,525
33.0,0.44,32.0,0.0,0.0,0.0,0.0,0.0,0.0,0.0,0.0,0.0,1185732.0,1.0,0.0,0.0,0.0,0.0,1.0,0.0,22.0,8.0,12.0,2020.0,34
17.0,0.48,28.0,1.0,0.0,0.0,0.0,0.0,0.0,0.0,0.0,0.0,1185732.0,1.0,0.0,0.0,0.0,0.0,1.0,0.0,14.0,6.0,6.0,2021.0,77
13.0,0.44999999999999996,48.0,0.0,0.0,0.0,0.0,1.0,0.0,0.0,0.0,0.0,1185732.0,1.0,0.0,0.0,0.0,0.0,1.0,0.0,12.0,26.0,7.0,2021.0,39
18.0,0.39999999999999997,54.99999999999999,0.0,0.0,0.0,0.0,0.0,0.0,0.0,0.0,0.0,1185732.0,0.0,0.0,1.0,0.0,0.0,0.0,0.0,21.0,15.0,5.0,2021.0,475
14.0,0.54,53.0,0.0,0.0,0.0,1.0,0.0,0.0,0.0,0.0,0.0,1185732.0,0.0,0.0,0.0,0.0,0.0,1.0,0.0,34.0,9.0,7.0,2021.0,152
5.0,0.45,40.0,0.0,1.0,0.0,0.0,0.0,0.0,0.0,0.0,0.0,1189833.0,0.0,1.0,0.0,0.0,0.0,0.0,1.0,25.0,2.0,2.0,2021.0,750
33.0,0.56,32.0,0.0,0.0,1.0,0.0,0.0,0.0,0.0,0.0,0.0,1185732.0,1.0,0.0,0.0,0.0,0.0,1.0,0.0,22.0,22.0,10.0,2020.0,65
17.0,0.6,48.0,0.0,0.0,0.0,0.0,0.0,0.0,0.0,0.0,0.0,1185732.0,1.0,0.0,0.0,0.0,0.0,1.0,0.0,14.0,6.0,8.0,2021.0,51
17.0,0.5,50.0,0.0,0.0,0.0,0.0,0.0,0.0,0.0,0.0,0.0,1185732.0,1.0,0.0,0.0,0.0,0.0,0.0,0.0,14.0,5.0,7.0,2021.0,200
13.0,0.44999999999999996,39.0,0.0,0.0,0.0,0.0,1.0,0.0,0.0,0.0,0.0,1185732.0,1.0,0.0,0.0,0.0,0.0,1.0,0.0,12.0,2.0,7.0,2021.0,54
17.0,0.3,40.0,0.0,0.0,0.0,1.0,0.0,0.0,0.0,0.0,0.0,1185732.0,1.0,0.0,0.0,0.0,0.0,0.0,0.0,14.0,6.0,8.0,2021.0,200
33.0,0.47000000000000003,49.0,0.0,1.0,0.0,0.0,0.0,0.0,0.0,0.0,0.0,1185732.0,1.0,0.0,0.0,0.0,0.0,1.0,0.0,22.0,22.0,11.0,2020.0,160
32.0,0.44,9.0,0.0,0.0,0.0,0.0,1.0,0.0,0.0,0.0,0.0,1185732.0,0.0,0.0,0.0,0.0,1.0,1.0,0.0,48.0,2.0,3.0,2021.0,59
13.0,0.5,64.99999999999999,0.0,0.0,1.0,0.0,0.0,0.0,0.0,0.0,0.0,1185732.0,1.0,0.0,0.0,0.0,0.0,0.0,1.0,12.0,29.0,7.0,2021.0,250
13.0,0.63,64.0,0.0,0.0,1.0,0.0,0.0,0.0,0.0,0.0,0.0,1185732.0,1.0,0.0,0.0,0.0,0.0,1.0,0.0,12.0,10.0,8.0,2021.0,81
48.0,0.49,43.0,0.0,0.0,0.0,0.0,0.0,0.0,0.0,0.0,0.0,1185732.0,0.0,0.0,1.0,0.0,0.0,1.0,0.0,40.0,9.0,1.0,2021.0,49
48.0,0.47,54.0,0.0,0.0,0.0,0.0,0.0,0.0,0.0,0.0,0.0,1185732.0,1.0,0.0,0.0,0.0,0.0,1.0,0.0,40.0,12.0,10.0,2021.0,38
17.0,0.3,44.99999999999999,0.0,1.0,0.0,0.0,0.0,0.0,0.0,0.0,0.0,1185732.0,1.0,0.0,0.0,0.0,0.0,0.0,0.0,14.0,6.0,10.0,2021.0,400
50.0,0.35,15.000000000000002,0.0,0.0,0.0,0.0,1.0,0.0,0.0,0.0,0.0,1197831.0,0.0,1.0,0.0,0.0,0.0,1.0,0.0,15.0,13.0,4.0,2021.0,200
5.0,0.44,48.0,1.0,0.0,0.0,0.0,0.0,0.0,0.0,0.0,0.0,1189833.0,0.0,1.0,0.0,0.0,0.0,1.0,0.0,25.0,15.0,2.0,2021.0,156
5.0,0.39999999999999997,45.0,0.0,0.0,0.0,1.0,0.0,0.0,0.0,0.0,0.0,1189833.0,0.0,1.0,0.0,0.0,0.0,0.0,1.0,25.0,6.0,1.0,2021.0,300
13.0,0.53,49.0,0.0,0.0,0.0,1.0,0.0,0.0,0.0,0.0,0.0,1185732.0,1.0,0.0,0.0,0.0,0.0,1.0,0.0,12.0,8.0,8.0,2021.0,54
32.0,0.3,44.99999999999999,0.0,1.0,0.0,0.0,0.0,0.0,0.0,0.0,0.0,1185732.0,0.0,0.0,0.0,0.0,1.0,0.0,0.0,48.0,3.0,10.0,2021.0,375
18.0,0.67,33.0,0.0,0.0,1.0,0.0,0.0,0.0,0.0,0.0,0.0,1185732.0,0.0,0.0,1.0,0.0,0.0,1.0,0.0,21.0,17.0,2.0,2021.0,138
18.0,0.5,50.0,0.0,1.0,0.0,0.0,0.0,0.0,0.0,0.0,0.0,1185732.0,0.0,0.0,1.0,0.0,0.0,0.0,0.0,21.0,15.0,5.0,2021.0,795
5.0,0.45,45.0,0.0,0.0,0.0,0.0,1.0,0.0,0.0,0.0,0.0,1189833.0,0.0,1.0,0.0,0.0,0.0,0.0,1.0,25.0,16.0,2.0,2021.0,450
38.0,0.5,36.0,1.0,0.0,0.0,0.0,0.0,0.0,0.0,0.0,0.0,1185732.0,1.0,0.0,0.0,0.0,0.0,1.0,0.0,26.0,27.0,7.0,2021.0,63
5.0,0.6000000000000001,45.0,0.0,0.0,0.0,0.0,0.0,0.0,0.0,0.0,0.0,1189833.0,0.0,1.0,0.0,0.0,0.0,0.0,1.0,25.0,6.0,2.0,2021.0,475
49.0,0.51,34.0,0.0,1.0,0.0,0.0,0.0,0.0,0.0,0.0,0.0,1185732.0,1.0,0.0,0.0,0.0,0.0,1.0,0.0,24.0,18.0,11.0,2021.0,150
19.0,0.3,20.000000000000007,0.0,0.0,0.0,0.0,1.0,0.0,0.0,0.0,0.0,1185732.0,1.0,0.0,0.0,0.0,0.0,0.0,0.0,33.0,6.0,1.0,2021.0,250
33.0,0.35000000000000003,54.99999999999999,0.0,1.0,0.0,0.0,0.0,0.0,0.0,0.0,0.0,1185732.0,1.0,0.0,0.0,0.0,0.0,0.0,1.0,22.0,22.0,12.0,2020.0,475
48.0,0.3,40.0,0.0,0.0,0.0,1.0,0.0,0.0,0.0,0.0,0.0,1185732.0,1.0,0.0,0.0,0.0,0.0,1.0,0.0,40.0,11.0,7.0,2021.0,175
18.0,0.35,40.0,0.0,0.0,0.0,0.0,0.0,0.0,0.0,0.0,0.0,1185732.0,1.0,0.0,0.0,0.0,0.0,0.0,0.0,21.0,18.0,1.0,2021.0,325
13.0,0.45999999999999996,48.0,1.0,0.0,0.0,0.0,0.0,0.0,0.0,0.0,0.0,1185732.0,1.0,0.0,0.0,0.0,0.0,1.0,0.0,12.0,19.0,6.0,2021.0,44
48.0,0.51,58.0,0.0,0.0,1.0,0.0,0.0,0.0,0.0,0.0,0.0,1185732.0,1.0,0.0,0.0,0.0,0.0,1.0,0.0,40.0,13.0,5.0,2021.0,68
5.0,0.45,45.0,0.0,0.0,0.0,0.0,1.0,0.0,0.0,0.0,0.0,1189833.0,0.0,1.0,0.0,0.0,0.0,0.0,1.0,25.0,11.0,1.0,2021.0,425
50.0,0.45999999999999996,29.0,0.0,1.0,0.0,0.0,0.0,0.0,0.0,0.0,0.0,1197831.0,0.0,1.0,0.0,0.0,0.0,1.0,0.0,15.0,14.0,10.0,2021.0,145
48.0,0.3,40.0,0.0,0.0,0.0,0.0,1.0,0.0,0.0,0.0,0.0,1185732.0,1.0,0.0,0.0,0.0,0.0,1.0,0.0,40.0,11.0,7.0,2021.0,225
19.0,0.4,54.99999999999999,0.0,0.0,1.0,0.0,0.0,0.0,0.0,0.0,0.0,1185732.0,0.0,0.0,1.0,0.0,0.0,0.0,0.0,33.0,10.0,5.0,2021.0,250
33.0,0.42,41.0,0.0,0.0,0.0,0.0,0.0,0.0,0.0,0.0,0.0,1185732.0,1.0,0.0,0.0,0.0,0.0,1.0,0.0,22.0,14.0,12.0,2020.0,19
19.0,0.45999999999999996,49.0,0.0,0.0,0.0,0.0,0.0,0.0,0.0,0.0,0.0,1185732.0,0.0,0.0,1.0,0.0,0.0,1.0,0.0,33.0,8.0,7.0,2021.0,60
50.0,0.45999999999999996,37.0,0.0,0.0,0.0,0.0,1.0,0.0,0.0,0.0,0.0,1197831.0,0.0,1.0,0.0,0.0,0.0,1.0,0.0,15.0,14.0,6.0,2021.0,81
5.0,0.3,45.0,1.0,0.0,0.0,0.0,0.0,0.0,0.0,0.0,0.0,1189833.0,0.0,1.0,0.0,0.0,0.0,0.0,1.0,25.0,10.0,1.0,2021.0,425
38.0,0.44999999999999996,48.0,0.0,0.0,0.0,0.0,0.0,0.0,0.0,0.0,0.0,1185732.0,1.0,0.0,0.0,0.0,0.0,1.0,0.0,26.0,24.0,7.0,2021.0,27
50.0,0.35,20.0,1.0,0.0,0.0,0.0,0.0,0.0,0.0,0.0,0.0,1197831.0,0.0,1.0,0.0,0.0,0.0,1.0,0.0,15.0,12.0,3.0,2021.0,225
23.0,0.55,32.0,1.0,0.0,0.0,0.0,0.0,0.0,0.0,0.0,0.0,1185732.0,0.0,0.0,0.0,0.0,1.0,1.0,0.0,13.0,10.0,10.0,2021.0,65
48.0,0.44999999999999996,56.0,0.0,0.0,0.0,0.0,0.0,0.0,0.0,0.0,0.0,1185732.0,0.0,0.0,1.0,0.0,0.0,1.0,0.0,40.0,11.0,12.0,2021.0,50
32.0,0.65,33.0,0.0,0.0,0.0,0.0,0.0,0.0,0.0,0.0,0.0,1185732.0,0.0,0.0,0.0,0.0,1.0,1.0,0.0,48.0,4.0,9.0,2021.0,33
49.0,0.35,15.000000000000002,0.0,0.0,0.0,0.0,1.0,0.0,0.0,0.0,0.0,1185732.0,0.0,0.0,0.0,0.0,1.0,0.0,0.0,24.0,11.0,1.0,2021.0,475
17.0,0.3,40.0,0.0,0.0,0.0,0.0,1.0,0.0,0.0,0.0,0.0,1185732.0,1.0,0.0,0.0,0.0,0.0,0.0,0.0,14.0,5.0,7.0,2021.0,225
18.0,0.35,35.0,0.0,0.0,0.0,1.0,0.0,0.0,0.0,0.0,0.0,1185732.0,0.0,0.0,1.0,0.0,0.0,0.0,0.0,21.0,15.0,9.0,2021.0,475
17.0,0.61,34.0,0.0,0.0,0.0,0.0,0.0,0.0,0.0,0.0,0.0,1185732.0,1.0,0.0,0.0,0.0,0.0,1.0,0.0,14.0,7.0,9.0,2021.0,45
18.0,0.52,55.0,0.0,0.0,0.0,0.0,0.0,0.0,0.0,0.0,0.0,1185732.0,1.0,0.0,0.0,0.0,0.0,1.0,0.0,21.0,15.0,12.0,2021.0,143
17.0,0.35,30.00000000000001,1.0,0.0,0.0,0.0,0.0,0.0,0.0,0.0,0.0,1185732.0,1.0,0.0,0.0,0.0,0.0,0.0,0.0,14.0,6.0,6.0,2021.0,275
18.0,0.55,35.0,0.0,0.0,1.0,0.0,0.0,0.0,0.0,0.0,0.0,1185732.0,0.0,0.0,1.0,0.0,0.0,0.0,0.0,21.0,15.0,3.0,2021.0,475
19.0,0.3,40.0,1.0,0.0,0.0,0.0,0.0,0.0,0.0,0.0,0.0,1185732.0,1.0,0.0,0.0,0.0,0.0,0.0,0.0,33.0,9.0,11.0,2021.0,250
49.0,0.4,20.000000000000007,0.0,0.0,0.0,1.0,0.0,0.0,0.0,0.0,0.0,1185732.0,0.0,0.0,0.0,0.0,1.0,0.0,0.0,24.0,11.0,1.0,2021.0,325
48.0,0.45999999999999996,59.0,0.0,0.0,0.0,0.0,0.0,0.0,0.0,0.0,0.0,1185732.0,0.0,0.0,1.0,0.0,0.0,1.0,0.0,40.0,12.0,11.0,2021.0,45
50.0,0.5,52.0,0.0,0.0,1.0,0.0,0.0,0.0,0.0,0.0,0.0,1197831.0,0.0,1.0,0.0,0.0,0.0,1.0,0.0,15.0,13.0,8.0,2021.0,113
13.0,0.35,50.0,0.0,0.0,0.0,0.0,0.0,0.0,0.0,0.0,0.0,1185732.0,1.0,0.0,0.0,0.0,0.0,0.0,1.0,12.0,22.0,7.0,2021.0,175
14.0,0.55,38.0,0.0,0.0,0.0,1.0,0.0,0.0,0.0,0.0,0.0,1185732.0,0.0,0.0,0.0,0.0,0.0,1.0,0.0,34.0,9.0,5.0,2021.0,123
19.0,0.45999999999999996,46.0,0.0,0.0,0.0,0.0,0.0,0.0,0.0,0.0,0.0,1185732.0,0.0,0.0,1.0,0.0,0.0,1.0,0.0,33.0,9.0,8.0,2021.0,44
33.0,0.45,40.0,0.0,0.0,1.0,0.0,0.0,0.0,0.0,0.0,0.0,1185732.0,1.0,0.0,0.0,0.0,0.0,0.0,0.0,22.0,9.0,11.0,2020.0,175
33.0,0.42,25.0,0.0,0.0,0.0,0.0,1.0,0.0,0.0,0.0,0.0,1185732.0,1.0,0.0,0.0,0.0,0.0,1.0,0.0,22.0,25.0,10.0,2020.0,56
18.0,0.39999999999999997,45.00000000000001,0.0,0.0,0.0,0.0,0.0,0.0,0.0,0.0,0.0,1185732.0,0.0,0.0,1.0,0.0,0.0,0.0,0.0,21.0,15.0,3.0,2021.0,375
17.0,0.3,20.000000000000007,0.0,0.0,0.0,0.0,1.0,0.0,0.0,0.0,0.0,1185732.0,0.0,0.0,0.0,0.0,1.0,0.0,0.0,14.0,3.0,1.0,2021.0,250
13.0,0.4,40.0,0.0,0.0,0.0,1.0,0.0,0.0,0.0,0.0,0.0,1185732.0,1.0,0.0,0.0,0.0,0.0,0.0,1.0,12.0,15.0,7.0,2021.0,225
13.0,0.48,46.0,1.0,0.0,0.0,0.0,0.0,0.0,0.0,0.0,0.0,1185732.0,1.0,0.0,0.0,0.0,0.0,1.0,0.0,12.0,13.0,6.0,2021.0,60
17.0,0.3,25.000000000000007,0.0,0.0,0.0,1.0,0.0,0.0,0.0,0.0,0.0,1185732.0,0.0,0.0,0.0,0.0,1.0,0.0,0.0,14.0,3.0,1.0,2021.0,100
49.0,0.5,25.0,0.0,0.0,1.0,0.0,0.0,0.0,0.0,0.0,0.0,1185732.0,0.0,0.0,0.0,0.0,1.0,0.0,0.0,24.0,11.0,1.0,2021.0,475
50.0,0.35,25.00000000000001,0.0,1.0,0.0,0.0,0.0,0.0,0.0,0.0,0.0,1197831.0,1.0,0.0,0.0,0.0,0.0,1.0,0.0,15.0,13.0,11.0,2021.0,450
33.0,0.35000000000000003,35.0,0.0,1.0,0.0,0.0,0.0,0.0,0.0,0.0,0.0,1185732.0,1.0,0.0,0.0,0.0,0.0,0.0,0.0,22.0,23.0,10.0,2020.0,500
33.0,0.3,35.0,0.0,0.0,0.0,0.0,1.0,0.0,0.0,0.0,0.0,1185732.0,1.0,0.0,0.0,0.0,0.0,0.0,1.0,22.0,12.0,12.0,2020.0,100
13.0,0.35,55.00000000000001,1.0,0.0,0.0,0.0,0.0,0.0,0.0,0.0,0.0,1185732.0,1.0,0.0,0.0,0.0,0.0,0.0,1.0,12.0,25.0,6.0,2021.0,200
19.0,0.45999999999999996,29.0,1.0,0.0,0.0,0.0,0.0,0.0,0.0,0.0,0.0,1185732.0,1.0,0.0,0.0,0.0,0.0,1.0,0.0,33.0,6.0,1.0,2021.0,70
18.0,0.49,39.0,0.0,0.0,0.0,0.0,0.0,0.0,0.0,0.0,0.0,1185732.0,1.0,0.0,0.0,0.0,0.0,1.0,0.0,21.0,18.0,1.0,2021.0,98
17.0,0.49,29.0,1.0,0.0,0.0,0.0,0.0,0.0,0.0,0.0,0.0,1185732.0,0.0,0.0,0.0,0.0,1.0,1.0,0.0,14.0,3.0,2.0,2021.0,39
49.0,0.4,40.0,0.0,1.0,0.0,0.0,0.0,0.0,0.0,0.0,0.0,1185732.0,1.0,0.0,0.0,0.0,0.0,0.0,0.0,24.0,19.0,5.0,2021.0,620
18.0,0.65,59.0,0.0,0.0,1.0,0.0,0.0,0.0,0.0,0.0,0.0,1185732.0,1.0,0.0,0.0,0.0,0.0,1.0,0.0,21.0,15.0,12.0,2021.0,163
5.0,0.25,45.0,0.0,0.0,1.0,0.0,0.0,0.0,0.0,0.0,0.0,1189833.0,0.0,1.0,0.0,0.0,0.0,0.0,1.0,25.0,8.0,1.0,2021.0,425
5.0,0.25,60.0,0.0,0.0,1.0,0.0,0.0,0.0,0.0,0.0,0.0,1189833.0,0.0,1.0,0.0,0.0,0.0,0.0,1.0,25.0,25.0,2.0,2021.0,400
19.0,0.35,50.0,0.0,1.0,0.0,0.0,0.0,0.0,0.0,0.0,0.0,1185732.0,0.0,0.0,1.0,0.0,0.0,0.0,0.0,33.0,8.0,7.0,2021.0,550
23.0,0.4,35.00000000000001,1.0,0.0,0.0,0.0,0.0,0.0,0.0,0.0,0.0,1185732.0,0.0,0.0,0.0,0.0,1.0,0.0,0.0,13.0,10.0,6.0,2021.0,325
32.0,0.41,15.0,0.0,0.0,0.0,1.0,0.0,0.0,0.0,0.0,0.0,1185732.0,0.0,0.0,0.0,0.0,1.0,1.0,0.0,48.0,3.0,4.0,2021.0,22
19.0,0.41,19.0,0.0,0.0,0.0,0.0,1.0,0.0,0.0,0.0,0.0,1185732.0,1.0,0.0,0.0,0.0,0.0,1.0,0.0,33.0,6.0,2.0,2021.0,56
38.0,0.5,42.0,0.0,0.0,0.0,0.0,0.0,0.0,0.0,0.0,0.0,1185732.0,1.0,0.0,0.0,0.0,0.0,1.0,0.0,26.0,24.0,6.0,2021.0,42
19.0,0.4,64.99999999999999,0.0,0.0,1.0,0.0,0.0,0.0,0.0,0.0,0.0,1185732.0,1.0,0.0,0.0,0.0,0.0,0.0,0.0,33.0,9.0,11.0,2021.0,250
19.0,0.3,40.0,0.0,0.0,0.0,0.0,1.0,0.0,0.0,0.0,0.0,1185732.0,0.0,0.0,1.0,0.0,0.0,0.0,0.0,33.0,10.0,5.0,2021.0,175
18.0,0.5,38.0,0.0,0.0,0.0,1.0,0.0,0.0,0.0,0.0,0.0,1185732.0,0.0,0.0,1.0,0.0,0.0,1.0,0.0,21.0,17.0,10.0,2021.0,116
18.0,0.5,30.0,0.0,0.0,1.0,0.0,0.0,0.0,0.0,0.0,0.0,1185732.0,1.0,0.0,0.0,0.0,0.0,0.0,0.0,21.0,18.0,1.0,2021.0,425
48.0,0.52,64.0,0.0,0.0,1.0,0.0,0.0,0.0,0.0,0.0,0.0,1185732.0,0.0,0.0,1.0,0.0,0.0,1.0,0.0,40.0,11.0,12.0,2021.0,75
33.0,0.5800000000000001,32.0,0.0,1.0,0.0,0.0,0.0,0.0,0.0,0.0,0.0,1189833.0,0.0,1.0,0.0,0.0,0.0,1.0,0.0,22.0,28.0,12.0,2020.0,119
32.0,0.54,52.0,0.0,0.0,1.0,0.0,0.0,0.0,0.0,0.0,0.0,1185732.0,0.0,0.0,0.0,0.0,1.0,1.0,0.0,48.0,2.0,7.0,2021.0,94
23.0,0.48,19.0,0.0,0.0,0.0,1.0,0.0,0.0,0.0,0.0,0.0,1185732.0,0.0,0.0,0.0,0.0,1.0,1.0,0.0,13.0,10.0,4.0,2021.0,36
19.0,0.44999999999999996,29.0,0.0,0.0,0.0,1.0,0.0,0.0,0.0,0.0,0.0,1185732.0,0.0,0.0,1.0,0.0,0.0,1.0,0.0,33.0,9.0,2.0,2021.0,30
32.0,0.4,20.000000000000004,0.0,0.0,1.0,0.0,0.0,0.0,0.0,0.0,0.0,1185732.0,0.0,0.0,0.0,0.0,1.0,0.0,0.0,48.0,2.0,3.0,2021.0,225
18.0,0.35,20.0,0.0,0.0,0.0,0.0,1.0,0.0,0.0,0.0,0.0,1185732.0,1.0,0.0,0.0,0.0,0.0,0.0,0.0,21.0,18.0,1.0,2021.0,425
14.0,0.51,53.0,0.0,0.0,0.0,0.0,1.0,0.0,0.0,0.0,0.0,1185732.0,0.0,0.0,0.0,0.0,0.0,1.0,0.0,34.0,10.0,8.0,2021.0,150
49.0,0.47,34.0,0.0,0.0,0.0,0.0,0.0,0.0,0.0,0.0,0.0,1185732.0,1.0,0.0,0.0,0.0,0.0,1.0,0.0,24.0,18.0,8.0,2021.0,81
14.0,0.52,59.0,0.0,0.0,0.0,0.0,1.0,0.0,0.0,0.0,0.0,1185732.0,0.0,0.0,0.0,0.0,1.0,1.0,0.0,34.0,9.0,12.0,2021.0,161
13.0,0.4,35.0,0.0,0.0,0.0,1.0,0.0,0.0,0.0,0.0,0.0,1197831.0,0.0,0.0,1.0,0.0,0.0,0.0,1.0,12.0,14.0,8.0,2021.0,525
19.0,0.3,45.00000000000001,1.0,0.0,0.0,0.0,0.0,0.0,0.0,0.0,0.0,1185732.0,0.0,0.0,1.0,0.0,0.0,0.0,0.0,33.0,9.0,8.0,2021.0,300
19.0,0.44999999999999996,36.0,0.0,1.0,0.0,0.0,0.0,0.0,0.0,0.0,0.0,1185732.0,0.0,0.0,1.0,0.0,0.0,1.0,0.0,33.0,9.0,6.0,2021.0,125
38.0,0.5,54.999999999999986,0.0,0.0,1.0,0.0,0.0,0.0,0.0,0.0,0.0,1185732.0,1.0,0.0,0.0,0.0,0.0,0.0,1.0,26.0,31.0,7.0,2021.0,250
23.0,0.5,14.0,0.0,0.0,0.0,0.0,1.0,0.0,0.0,0.0,0.0,1185732.0,0.0,0.0,0.0,0.0,1.0,1.0,0.0,13.0,9.0,3.0,2021.0,72
32.0,0.35,20.000000000000004,1.0,0.0,0.0,0.0,0.0,0.0,0.0,0.0,0.0,1185732.0,0.0,0.0,0.0,0.0,1.0,0.0,0.0,48.0,2.0,3.0,2021.0,175
14.0,0.4,25.000000000000007,0.0,0.0,0.0,1.0,0.0,0.0,0.0,0.0,0.0,1185732.0,0.0,0.0,0.0,0.0,0.0,1.0,0.0,34.0,9.0,9.0,2021.0,450
23.0,0.4,35.0,0.0,0.0,1.0,0.0,0.0,0.0,0.0,0.0,0.0,1185732.0,0.0,0.0,0.0,0.0,1.0,0.0,0.0,13.0,17.0,1.0,2021.0,300
32.0,0.62,58.0,0.0,0.0,0.0,0.0,0.0,0.0,0.0,0.0,0.0,1185732.0,0.0,0.0,0.0,0.0,1.0,1.0,0.0,48.0,3.0,11.0,2021.0,56
32.0,0.3,44.99999999999999,0.0,1.0,0.0,0.0,0.0,0.0,0.0,0.0,0.0,1185732.0,0.0,0.0,0.0,0.0,1.0,0.0,0.0,48.0,3.0,11.0,2021.0,400
19.0,0.3,30.000000000000004,1.0,0.0,0.0,0.0,0.0,0.0,0.0,0.0,0.0,1185732.0,0.0,0.0,1.0,0.0,0.0,1.0,0.0,33.0,8.0,3.0,2021.0,200
18.0,0.42,34.0,0.0,0.0,0.0,0.0,1.0,0.0,0.0,0.0,0.0,1185732.0,0.0,0.0,1.0,0.0,0.0,1.0,0.0,21.0,15.0,9.0,2021.0,145
38.0,0.52,19.0,0.0,0.0,0.0,1.0,0.0,0.0,0.0,0.0,0.0,1185732.0,1.0,0.0,0.0,0.0,0.0,1.0,0.0,26.0,11.0,7.0,2021.0,23
50.0,0.5,23.0,0.0,0.0,0.0,0.0,1.0,0.0,0.0,0.0,0.0,1197831.0,1.0,0.0,0.0,0.0,0.0,1.0,0.0,15.0,13.0,11.0,2021.0,55
13.0,0.63,45.0,0.0,0.0,1.0,0.0,0.0,0.0,0.0,0.0,0.0,1185732.0,1.0,0.0,0.0,0.0,0.0,1.0,0.0,12.0,17.0,6.0,2021.0,63
38.0,0.62,34.0,0.0,0.0,1.0,0.0,0.0,0.0,0.0,0.0,0.0,1185732.0,1.0,0.0,0.0,0.0,0.0,1.0,0.0,26.0,13.0,7.0,2021.0,39
38.0,0.63,49.0,0.0,0.0,1.0,0.0,0.0,0.0,0.0,0.0,0.0,1185732.0,1.0,0.0,0.0,0.0,0.0,1.0,0.0,26.0,1.0,7.0,2021.0,91
14.0,0.5,35.0,0.0,0.0,1.0,0.0,0.0,0.0,0.0,0.0,0.0,1185732.0,0.0,0.0,0.0,0.0,0.0,1.0,0.0,34.0,10.0,4.0,2021.0,525
49.0,0.55,24.0,0.0,0.0,0.0,1.0,0.0,0.0,0.0,0.0,0.0,1185732.0,1.0,0.0,0.0,0.0,0.0,1.0,0.0,24.0,18.0,8.0,2021.0,91
33.0,0.49000000000000005,44.0,0.0,1.0,0.0,0.0,0.0,0.0,0.0,0.0,0.0,1185732.0,1.0,0.0,0.0,0.0,0.0,1.0,0.0,22.0,16.0,11.0,2020.0,106
5.0,0.7300000000000001,53.0,0.0,0.0,0.0,0.0,0.0,0.0,0.0,0.0,0.0,1189833.0,0.0,1.0,0.0,0.0,0.0,1.0,0.0,25.0,8.0,3.0,2021.0,120
48.0,0.4,64.99999999999999,0.0,0.0,1.0,0.0,0.0,0.0,0.0,0.0,0.0,1185732.0,0.0,0.0,1.0,0.0,0.0,1.0,0.0,40.0,11.0,12.0,2021.0,300
49.0,0.47,23.0,1.0,0.0,0.0,0.0,0.0,0.0,0.0,0.0,0.0,1185732.0,0.0,0.0,0.0,0.0,1.0,1.0,0.0,24.0,11.0,1.0,2021.0,133
14.0,0.35,45.0,1.0,0.0,0.0,0.0,0.0,0.0,0.0,0.0,0.0,1185732.0,0.0,0.0,0.0,0.0,0.0,1.0,0.0,34.0,9.0,5.0,2021.0,500
23.0,0.35,25.000000000000007,0.0,0.0,0.0,1.0,0.0,0.0,0.0,0.0,0.0,1185732.0,0.0,0.0,0.0,0.0,1.0,0.0,0.0,13.0,11.0,9.0,2021.0,150
23.0,0.35,35.0,0.0,0.0,0.0,1.0,0.0,0.0,0.0,0.0,0.0,1185732.0,0.0,0.0,0.0,0.0,1.0,0.0,0.0,13.0,10.0,11.0,2021.0,275
14.0,0.5,60.00000000000001,0.0,0.0,1.0,0.0,0.0,0.0,0.0,0.0,0.0,1185732.0,0.0,0.0,0.0,0.0,0.0,1.0,0.0,34.0,10.0,8.0,2021.0,675
49.0,0.35,25.000000000000007,0.0,0.0,0.0,0.0,1.0,0.0,0.0,0.0,0.0,1185732.0,1.0,0.0,0.0,0.0,0.0,0.0,0.0,24.0,18.0,6.0,2021.0,375
13.0,0.45999999999999996,59.0,0.0,0.0,0.0,0.0,0.0,0.0,0.0,0.0,0.0,1185732.0,1.0,0.0,0.0,0.0,0.0,1.0,0.0,12.0,28.0,6.0,2021.0,35
23.0,0.47,38.0,0.0,0.0,0.0,1.0,0.0,0.0,0.0,0.0,0.0,1185732.0,0.0,0.0,0.0,0.0,1.0,1.0,0.0,13.0,10.0,8.0,2021.0,60
38.0,0.4,40.0,0.0,1.0,0.0,0.0,0.0,0.0,0.0,0.0,0.0,1185732.0,1.0,0.0,0.0,0.0,0.0,0.0,1.0,26.0,20.0,6.0,2021.0,400
23.0,0.44999999999999996,47.0,0.0,0.0,0.0,0.0,0.0,0.0,0.0,0.0,0.0,1185732.0,0.0,0.0,0.0,0.0,1.0,1.0,0.0,13.0,10.0,8.0,2021.0,53
18.0,0.5,35.0,0.0,1.0,0.0,0.0,0.0,0.0,0.0,0.0,0.0,1185732.0,0.0,0.0,1.0,0.0,0.0,0.0,0.0,21.0,15.0,3.0,2021.0,770
48.0,0.43,45.0,1.0,0.0,0.0,0.0,0.0,0.0,0.0,0.0,0.0,1185732.0,0.0,0.0,1.0,0.0,0.0,1.0,0.0,40.0,11.0,12.0,2021.0,75
32.0,0.4,39.0,0.0,0.0,0.0,0.0,1.0,0.0,0.0,0.0,0.0,1185732.0,0.0,0.0,0.0,0.0,1.0,1.0,0.0,48.0,3.0,8.0,2021.0,56
23.0,0.35,15.000000000000002,0.0,0.0,0.0,0.0,1.0,0.0,0.0,0.0,0.0,1185732.0,0.0,0.0,0.0,0.0,1.0,0.0,0.0,13.0,9.0,3.0,2021.0,275
50.0,0.48,32.0,1.0,0.0,0.0,0.0,0.0,0.0,0.0,0.0,0.0,1197831.0,0.0,1.0,0.0,0.0,0.0,1.0,0.0,15.0,14.0,6.0,2021.0,94
23.0,0.51,56.0,0.0,0.0,1.0,0.0,0.0,0.0,0.0,0.0,0.0,1185732.0,0.0,0.0,0.0,0.0,1.0,1.0,0.0,13.0,10.0,6.0,2021.0,91
48.0,0.41,39.0,1.0,0.0,0.0,0.0,0.0,0.0,0.0,0.0,0.0,1185732.0,1.0,0.0,0.0,0.0,0.0,1.0,0.0,40.0,12.0,4.0,2021.0,42
32.0,0.41,18.0,0.0,1.0,0.0,0.0,0.0,0.0,0.0,0.0,0.0,1185732.0,0.0,0.0,0.0,0.0,1.0,1.0,0.0,48.0,3.0,4.0,2021.0,122
13.0,0.5,37.0,0.0,0.0,0.0,1.0,0.0,0.0,0.0,0.0,0.0,1185732.0,1.0,0.0,0.0,0.0,0.0,1.0,0.0,12.0,15.0,7.0,2021.0,63
32.0,0.41,58.0,0.0,1.0,0.0,0.0,0.0,0.0,0.0,0.0,0.0,1185732.0,0.0,0.0,0.0,0.0,1.0,1.0,0.0,48.0,2.0,12.0,2021.0,138
5.0,0.45,40.0,0.0,1.0,0.0,0.0,0.0,0.0,0.0,0.0,0.0,1189833.0,0.0,1.0,0.0,0.0,0.0,0.0,1.0,25.0,21.0,1.0,2021.0,575
48.0,0.44999999999999996,44.0,1.0,0.0,0.0,0.0,0.0,0.0,0.0,0.0,0.0,1185732.0,1.0,0.0,0.0,0.0,0.0,1.0,0.0,40.0,11.0,7.0,2021.0,81
33.0,0.3,44.99999999999999,0.0,0.0,0.0,0.0,0.0,0.0,0.0,0.0,0.0,1185732.0,1.0,0.0,0.0,0.0,0.0,0.0,0.0,22.0,27.0,10.0,2020.0,150
49.0,0.5,49.999999999999986,0.0,0.0,1.0,0.0,0.0,0.0,0.0,0.0,0.0,1185732.0,1.0,0.0,0.0,0.0,0.0,0.0,0.0,24.0,18.0,11.0,2021.0,400
23.0,0.52,53.0,0.0,0.0,1.0,0.0,0.0,0.0,0.0,0.0,0.0,1185732.0,0.0,0.0,0.0,0.0,1.0,1.0,0.0,13.0,11.0,5.0,2021.0,91
18.0,0.35,45.0,0.0,0.0,0.0,1.0,0.0,0.0,0.0,0.0,0.0,1185732.0,0.0,0.0,1.0,0.0,0.0,0.0,0.0,21.0,17.0,6.0,2021.0,525
5.0,0.45,40.0,0.0,1.0,0.0,0.0,0.0,0.0,0.0,0.0,0.0,1189833.0,0.0,1.0,0.0,0.0,0.0,0.0,1.0,25.0,27.0,1.0,2021.0,675
23.0,0.4,55.00000000000001,0.0,1.0,0.0,0.0,0.0,0.0,0.0,0.0,0.0,1185732.0,0.0,0.0,0.0,0.0,1.0,0.0,0.0,13.0,9.0,7.0,2021.0,550
14.0,0.4,40.0,0.0,1.0,0.0,0.0,0.0,0.0,0.0,0.0,0.0,1185732.0,0.0,0.0,0.0,0.0,0.0,1.0,0.0,34.0,22.0,2.0,2021.0,550
13.0,0.52,47.0,0.0,1.0,0.0,0.0,0.0,0.0,0.0,0.0,0.0,1185732.0,1.0,0.0,0.0,0.0,0.0,1.0,0.0,12.0,6.0,7.0,2021.0,161
19.0,0.49,42.0,0.0,0.0,0.0,0.0,0.0,0.0,0.0,0.0,0.0,1185732.0,0.0,0.0,1.0,0.0,0.0,1.0,0.0,33.0,9.0,2.0,2021.0,51
17.0,0.41,43.0,0.0,1.0,0.0,0.0,0.0,0.0,0.0,0.0,0.0,1185732.0,1.0,0.0,0.0,0.0,0.0,1.0,0.0,14.0,6.0,10.0,2021.0,112
23.0,0.52,23.0,1.0,0.0,0.0,0.0,0.0,0.0,0.0,0.0,0.0,1185732.0,0.0,0.0,0.0,0.0,1.0,1.0,0.0,13.0,10.0,4.0,2021.0,54
19.0,0.51,60.0,0.0,0.0,1.0,0.0,0.0,0.0,0.0,0.0,0.0,1185732.0,1.0,0.0,0.0,0.0,0.0,1.0,0.0,33.0,9.0,11.0,2021.0,65
48.0,0.3,35.0,1.0,0.0,0.0,0.0,0.0,0.0,0.0,0.0,0.0,1185732.0,0.0,0.0,1.0,0.0,0.0,1.0,0.0,40.0,9.0,2.0,2021.0,175
38.0,0.4,40.0,0.0,1.0,0.0,0.0,0.0,0.0,0.0,0.0,0.0,1185732.0,1.0,0.0,0.0,0.0,0.0,0.0,1.0,26.0,20.0,7.0,2021.0,300
17.0,0.44,41.0,0.0,1.0,0.0,0.0,0.0,0.0,0.0,0.0,0.0,1185732.0,0.0,0.0,0.0,0.0,1.0,1.0,0.0,14.0,6.0,11.0,2021.0,112
50.0,0.35,20.00000000000001,0.0,0.0,0.0,1.0,0.0,0.0,0.0,0.0,0.0,1197831.0,0.0,1.0,0.0,0.0,0.0,1.0,0.0,15.0,14.0,10.0,2021.0,175
50.0,0.35,44.99999999999999,0.0,0.0,0.0,0.0,0.0,0.0,0.0,0.0,0.0,1197831.0,0.0,1.0,0.0,0.0,0.0,1.0,0.0,15.0,12.0,5.0,2021.0,225
50.0,0.48,19.0,0.0,0.0,0.0,1.0,0.0,0.0,0.0,0.0,0.0,1197831.0,0.0,1.0,0.0,0.0,0.0,1.0,0.0,15.0,14.0,10.0,2021.0,47
5.0,0.3,45.0,1.0,0.0,0.0,0.0,0.0,0.0,0.0,0.0,0.0,1189833.0,0.0,1.0,0.0,0.0,0.0,0.0,1.0,25.0,16.0,1.0,2021.0,375
49.0,0.47,32.0,0.0,0.0,0.0,0.0,0.0,0.0,0.0,0.0,0.0,1185732.0,1.0,0.0,0.0,0.0,0.0,1.0,0.0,24.0,18.0,10.0,2021.0,68
48.0,0.5,47.0,0.0,0.0,0.0,0.0,0.0,0.0,0.0,0.0,0.0,1185732.0,1.0,0.0,0.0,0.0,0.0,1.0,0.0,40.0,11.0,3.0,2021.0,31
19.0,0.47,45.0,0.0,0.0,0.0,0.0,0.0,0.0,0.0,0.0,0.0,1185732.0,0.0,0.0,1.0,0.0,0.0,1.0,0.0,33.0,9.0,10.0,2021.0,34
32.0,0.4,35.0,0.0,0.0,1.0,0.0,0.0,0.0,0.0,0.0,0.0,1185732.0,0.0,0.0,0.0,0.0,1.0,0.0,0.0,48.0,10.0,1.0,2021.0,300
19.0,0.42,29.0,0.0,0.0,0.0,1.0,0.0,0.0,0.0,0.0,0.0,1185732.0,0.0,0.0,1.0,0.0,0.0,1.0,0.0,33.0,9.0,6.0,2021.0,51
13.0,0.55,57.0,0.0,1.0,0.0,0.0,0.0,0.0,0.0,0.0,0.0,1185732.0,1.0,0.0,0.0,0.0,0.0,1.0,0.0,12.0,5.0,8.0,2021.0,150
17.0,0.4,14.999999999999996,0.0,0.0,1.0,0.0,0.0,0.0,0.0,0.0,0.0,1185732.0,1.0,0.0,0.0,0.0,0.0,0.0,0.0,14.0,6.0,2.0,2021.0,250
14.0,0.4,30.000000000000004,0.0,0.0,0.0,0.0,1.0,0.0,0.0,0.0,0.0,1185732.0,0.0,0.0,0.0,0.0,0.0,1.0,0.0,34.0,22.0,1.0,2021.0,300
33.0,0.35000000000000003,45.0,0.0,1.0,0.0,0.0,0.0,0.0,0.0,0.0,0.0,1185732.0,1.0,0.0,0.0,0.0,0.0,0.0,1.0,22.0,16.0,11.0,2020.0,425
48.0,0.53,50.0,0.0,0.0,1.0,0.0,0.0,0.0,0.0,0.0,0.0,1185732.0,1.0,0.0,0.0,0.0,0.0,1.0,0.0,40.0,12.0,6.0,2021.0,94
48.0,0.35,60.0,0.0,1.0,0.0,0.0,0.0,0.0,0.0,0.0,0.0,1185732.0,1.0,0.0,0.0,0.0,0.0,1.0,0.0,40.0,13.0,5.0,2021.0,495
5.0,0.35,30.0,1.0,0.0,0.0,0.0,0.0,0.0,0.0,0.0,0.0,1197831.0,0.0,0.0,1.0,0.0,0.0,0.0,1.0,25.0,11.0,3.0,2021.0,700
13.0,0.51,44.0,0.0,1.0,0.0,0.0,0.0,0.0,0.0,0.0,0.0,1185732.0,1.0,0.0,0.0,0.0,0.0,1.0,0.0,12.0,6.0,6.0,2021.0,158
48.0,0.4,50.0,0.0,0.0,1.0,0.0,0.0,0.0,0.0,0.0,0.0,1185732.0,1.0,0.0,0.0,0.0,0.0,1.0,0.0,40.0,12.0,4.0,2021.0,225
17.0,0.4,55.00000000000001,0.0,0.0,1.0,0.0,0.0,0.0,0.0,0.0,0.0,1185732.0,1.0,0.0,0.0,0.0,0.0,0.0,0.0,14.0,6.0,6.0,2021.0,325
18.0,0.63,42.0,0.0,1.0,0.0,0.0,0.0,0.0,0.0,0.0,0.0,1185732.0,0.0,0.0,1.0,0.0,0.0,1.0,0.0,21.0,15.0,9.0,2021.0,232
33.0,0.3,54.99999999999999,0.0,0.0,0.0,0.0,0.0,0.0,0.0,0.0,0.0,1185732.0,1.0,0.0,0.0,0.0,0.0,0.0,1.0,22.0,20.0,12.0,2020.0,125
17.0,0.64,34.0,0.0,0.0,0.0,0.0,0.0,0.0,0.0,0.0,0.0,1185732.0,1.0,0.0,0.0,0.0,0.0,1.0,0.0,14.0,6.0,6.0,2021.0,44
5.0,0.45,45.0,0.0,1.0,0.0,0.0,0.0,0.0,0.0,0.0,0.0,1189833.0,0.0,1.0,0.0,0.0,0.0,0.0,1.0,25.0,4.0,3.0,2021.0,675
14.0,0.4,45.0,0.0,0.0,0.0,1.0,0.0,0.0,0.0,0.0,0.0,1185732.0,0.0,0.0,0.0,0.0,0.0,1.0,0.0,34.0,10.0,8.0,2021.0,525
38.0,0.5,54.999999999999986,0.0,0.0,1.0,0.0,0.0,0.0,0.0,0.0,0.0,1185732.0,1.0,0.0,0.0,0.0,0.0,0.0,1.0,26.0,25.0,7.0,2021.0,200
48.0,0.3,45.0,1.0,0.0,0.0,0.0,0.0,0.0,0.0,0.0,0.0,1185732.0,0.0,0.0,1.0,0.0,0.0,1.0,0.0,40.0,12.0,11.0,2021.0,250
48.0,0.3,45.0,0.0,0.0,0.0,0.0,1.0,0.0,0.0,0.0,0.0,1185732.0,1.0,0.0,0.0,0.0,0.0,1.0,0.0,40.0,13.0,5.0,2021.0,175
13.0,0.45999999999999996,32.0,0.0,0.0,0.0,0.0,1.0,0.0,0.0,0.0,0.0,1185732.0,1.0,0.0,0.0,0.0,0.0,1.0,0.0,12.0,8.0,6.0,2021.0,61
49.0,0.64,28.0,0.0,0.0,1.0,0.0,0.0,0.0,0.0,0.0,0.0,1185732.0,1.0,0.0,0.0,0.0,0.0,1.0,0.0,24.0,19.0,9.0,2021.0,95
19.0,0.44999999999999996,36.0,1.0,0.0,0.0,0.0,0.0,0.0,0.0,0.0,0.0,1185732.0,1.0,0.0,0.0,0.0,0.0,1.0,0.0,33.0,9.0,11.0,2021.0,73
23.0,0.3,55.00000000000001,0.0,0.0,0.0,0.0,0.0,0.0,0.0,0.0,0.0,1185732.0,0.0,0.0,0.0,0.0,1.0,0.0,0.0,13.0,9.0,7.0,2021.0,200
33.0,0.3,40.0,0.0,0.0,0.0,0.0,1.0,0.0,0.0,0.0,0.0,1185732.0,1.0,0.0,0.0,0.0,0.0,0.0,1.0,22.0,18.0,12.0,2020.0,145
13.0,0.3,30.0,0.0,0.0,0.0,0.0,1.0,0.0,0.0,0.0,0.0,1197831.0,0.0,0.0,1.0,0.0,0.0,0.0,1.0,12.0,13.0,8.0,2021.0,525
18.0,0.5,50.0,1.0,0.0,0.0,0.0,0.0,0.0,0.0,0.0,0.0,1185732.0,0.0,0.0,1.0,0.0,0.0,1.0,0.0,21.0,16.0,8.0,2021.0,195
38.0,0.35,30.000000000000004,1.0,0.0,0.0,0.0,0.0,0.0,0.0,0.0,0.0,1185732.0,1.0,0.0,0.0,0.0,0.0,0.0,1.0,26.0,21.0,7.0,2021.0,150
5.0,0.7500000000000001,47.0,0.0,0.0,0.0,0.0,0.0,0.0,0.0,0.0,0.0,1189833.0,0.0,1.0,0.0,0.0,0.0,1.0,0.0,25.0,1.0,1.0,2021.0,77
5.0,0.25,60.0,0.0,0.0,1.0,0.0,0.0,0.0,0.0,0.0,0.0,1189833.0,0.0,1.0,0.0,0.0,0.0,0.0,1.0,25.0,13.0,2.0,2021.0,400
48.0,0.35,50.0,0.0,1.0,0.0,0.0,0.0,0.0,0.0,0.0,0.0,1185732.0,1.0,0.0,0.0,0.0,0.0,1.0,0.0,40.0,12.0,8.0,2021.0,525
5.0,0.5900000000000001,44.0,0.0,0.0,0.0,0.0,1.0,0.0,0.0,0.0,0.0,1189833.0,0.0,1.0,0.0,0.0,0.0,1.0,0.0,25.0,4.0,2.0,2021.0,143
14.0,0.5,63.0,0.0,0.0,0.0,1.0,0.0,0.0,0.0,0.0,0.0,1185732.0,0.0,0.0,0.0,0.0,1.0,1.0,0.0,34.0,9.0,12.0,2021.0,147
23.0,0.53,51.0,0.0,1.0,0.0,0.0,0.0,0.0,0.0,0.0,0.0,1185732.0,0.0,0.0,0.0,0.0,1.0,1.0,0.0,13.0,9.0,7.0,2021.0,149
17.0,0.44999999999999996,19.0,1.0,0.0,0.0,0.0,0.0,0.0,0.0,0.0,0.0,1185732.0,1.0,0.0,0.0,0.0,0.0,1.0,0.0,14.0,5.0,3.0,2021.0,47
13.0,0.5,46.0,0.0,0.0,0.0,0.0,0.0,0.0,0.0,0.0,0.0,1185732.0,1.0,0.0,0.0,0.0,0.0,1.0,0.0,12.0,4.0,7.0,2021.0,51
38.0,0.5,29.0,0.0,0.0,0.0,0.0,1.0,0.0,0.0,0.0,0.0,1185732.0,1.0,0.0,0.0,0.0,0.0,1.0,0.0,26.0,16.0,7.0,2021.0,14
13.0,0.5,45.0,0.0,0.0,1.0,0.0,0.0,0.0,0.0,0.0,0.0,1185732.0,1.0,0.0,0.0,0.0,0.0,0.0,1.0,12.0,11.0,6.0,2021.0,275
17.0,0.35,40.0,1.0,0.0,0.0,0.0,0.0,0.0,0.0,0.0,0.0,1185732.0,1.0,0.0,0.0,0.0,0.0,0.0,0.0,14.0,7.0,5.0,2021.0,225
23.0,0.54,33.0,0.0,1.0,0.0,0.0,0.0,0.0,0.0,0.0,0.0,1185732.0,0.0,0.0,0.0,0.0,1.0,1.0,0.0,13.0,17.0,2.0,2021.0,149
19.0,0.3,40.0,0.0,0.0,0.0,1.0,0.0,0.0,0.0,0.0,0.0,1185732.0,0.0,0.0,1.0,0.0,0.0,0.0,0.0,33.0,10.0,5.0,2021.0,100
14.0,0.5,70.0,0.0,0.0,1.0,0.0,0.0,0.0,0.0,0.0,0.0,1185732.0,0.0,0.0,0.0,0.0,0.0,1.0,0.0,34.0,11.0,6.0,2021.0,675
18.0,0.39999999999999997,55.00000000000001,1.0,0.0,0.0,0.0,0.0,0.0,0.0,0.0,0.0,1185732.0,0.0,0.0,1.0,0.0,0.0,0.0,0.0,21.0,16.0,8.0,2021.0,650
18.0,0.5,50.000000000000014,0.0,1.0,0.0,0.0,0.0,0.0,0.0,0.0,0.0,1185732.0,0.0,0.0,1.0,0.0,0.0,0.0,0.0,21.0,16.0,11.0,2021.0,675
5.0,0.38,59.0,0.0,0.0,1.0,0.0,0.0,0.0,0.0,0.0,0.0,1189833.0,0.0,1.0,0.0,0.0,0.0,1.0,0.0,25.0,26.0,1.0,2021.0,108
5.0,0.39999999999999997,45.0,0.0,0.0,0.0,1.0,0.0,0.0,0.0,0.0,0.0,1189833.0,0.0,1.0,0.0,0.0,0.0,0.0,1.0,25.0,12.0,1.0,2021.0,325
32.0,0.51,14.0,0.0,0.0,1.0,0.0,0.0,0.0,0.0,0.0,0.0,1185732.0,0.0,0.0,0.0,0.0,1.0,1.0,0.0,48.0,3.0,2.0,2021.0,65
23.0,0.5,45.0,0.0,0.0,0.0,1.0,0.0,0.0,0.0,0.0,0.0,1185732.0,0.0,0.0,0.0,0.0,1.0,1.0,0.0,13.0,9.0,12.0,2021.0,87
14.0,0.5,70.0,0.0,1.0,0.0,0.0,0.0,0.0,0.0,0.0,0.0,1185732.0,0.0,0.0,0.0,0.0,0.0,1.0,0.0,34.0,9.0,12.0,2021.0,231
19.0,0.44,27.0,0.0,0.0,0.0,0.0,1.0,0.0,0.0,0.0,0.0,1185732.0,0.0,0.0,1.0,0.0,0.0,1.0,0.0,33.0,10.0,9.0,2021.0,51
13.0,0.35,45.00000000000001,1.0,0.0,0.0,0.0,0.0,0.0,0.0,0.0,0.0,1185732.0,1.0,0.0,0.0,0.0,0.0,0.0,1.0,12.0,19.0,7.0,2021.0,300
33.0,0.5900000000000001,58.0,0.0,0.0,1.0,0.0,0.0,0.0,0.0,0.0,0.0,1185732.0,1.0,0.0,0.0,0.0,0.0,1.0,0.0,22.0,15.0,11.0,2020.0,51
17.0,0.5,50.0,0.0,0.0,0.0,0.0,0.0,0.0,0.0,0.0,0.0,1185732.0,1.0,0.0,0.0,0.0,0.0,0.0,0.0,14.0,6.0,8.0,2021.0,175
38.0,0.4,35.0,0.0,0.0,0.0,1.0,0.0,0.0,0.0,0.0,0.0,1185732.0,1.0,0.0,0.0,0.0,0.0,0.0,1.0,26.0,17.0,6.0,2021.0,25
5.0,0.39999999999999997,45.0,0.0,0.0,0.0,1.0,0.0,0.0,0.0,0.0,0.0,1189833.0,0.0,1.0,0.0,0.0,0.0,0.0,1.0,25.0,7.0,3.0,2021.0,475
13.0,0.35,54.99999999999999,0.0,0.0,0.0,0.0,0.0,0.0,0.0,0.0,0.0,1185732.0,1.0,0.0,0.0,0.0,0.0,0.0,1.0,12.0,10.0,6.0,2021.0,175
33.0,0.41,43.0,1.0,0.0,0.0,0.0,0.0,0.0,0.0,0.0,0.0,1185732.0,1.0,0.0,0.0,0.0,0.0,1.0,0.0,22.0,29.0,11.0,2020.0,87
13.0,0.64,53.0,0.0,0.0,1.0,0.0,0.0,0.0,0.0,0.0,0.0,1185732.0,1.0,0.0,0.0,0.0,0.0,1.0,0.0,12.0,23.0,7.0,2021.0,73
14.0,0.4,65.0,0.0,1.0,0.0,0.0,0.0,0.0,0.0,0.0,0.0,1185732.0,0.0,0.0,0.0,0.0,0.0,1.0,0.0,34.0,9.0,7.0,2021.0,900
13.0,0.47,46.0,1.0,0.0,0.0,0.0,0.0,0.0,0.0,0.0,0.0,1185732.0,1.0,0.0,0.0,0.0,0.0,1.0,0.0,12.0,31.0,7.0,2021.0,65
33.0,0.4,36.0,0.0,0.0,0.0,0.0,1.0,0.0,0.0,0.0,0.0,1185732.0,1.0,0.0,0.0,0.0,0.0,1.0,0.0,22.0,18.0,12.0,2020.0,38
49.0,0.53,25.0,0.0,1.0,0.0,0.0,0.0,0.0,0.0,0.0,0.0,1185732.0,0.0,0.0,0.0,0.0,1.0,1.0,0.0,24.0,11.0,2.0,2021.0,218
19.0,0.42,25.0,0.0,0.0,0.0,1.0,0.0,0.0,0.0,0.0,0.0,1185732.0,0.0,0.0,1.0,0.0,0.0,1.0,0.0,33.0,8.0,3.0,2021.0,22
50.0,0.45999999999999996,68.0,0.0,0.0,0.0,0.0,0.0,0.0,0.0,0.0,0.0,1197831.0,1.0,0.0,0.0,0.0,0.0,1.0,0.0,15.0,13.0,11.0,2021.0,70
23.0,0.4,25.000000000000007,0.0,1.0,0.0,0.0,0.0,0.0,0.0,0.0,0.0,1185732.0,0.0,0.0,0.0,0.0,1.0,0.0,0.0,13.0,10.0,4.0,2021.0,500
17.0,0.64,28.0,0.0,0.0,0.0,0.0,0.0,0.0,0.0,0.0,0.0,1185732.0,1.0,0.0,0.0,0.0,0.0,1.0,0.0,14.0,5.0,3.0,2021.0,39
18.0,0.42,42.0,0.0,0.0,0.0,0.0,1.0,0.0,0.0,0.0,0.0,1185732.0,0.0,0.0,1.0,0.0,0.0,1.0,0.0,21.0,16.0,8.0,2021.0,144
17.0,0.3,25.000000000000007,0.0,0.0,0.0,1.0,0.0,0.0,0.0,0.0,0.0,1185732.0,1.0,0.0,0.0,0.0,0.0,0.0,0.0,14.0,6.0,2.0,2021.0,75
13.0,0.35,50.0,0.0,0.0,0.0,0.0,0.0,0.0,0.0,0.0,0.0,1185732.0,1.0,0.0,0.0,0.0,0.0,0.0,1.0,12.0,10.0,7.0,2021.0,225
5.0,0.43,45.0,1.0,0.0,0.0,0.0,0.0,0.0,0.0,0.0,0.0,1189833.0,0.0,1.0,0.0,0.0,0.0,1.0,0.0,25.0,5.0,3.0,2021.0,182
50.0,0.35,50.0,0.0,1.0,0.0,0.0,0.0,0.0,0.0,0.0,0.0,1197831.0,0.0,1.0,0.0,0.0,0.0,1.0,0.0,15.0,12.0,9.0,2021.0,550
50.0,0.35,50.0,1.0,0.0,0.0,0.0,0.0,0.0,0.0,0.0,0.0,1197831.0,0.0,1.0,0.0,0.0,0.0,1.0,0.0,15.0,12.0,7.0,2021.0,425
49.0,0.35,35.0,1.0,0.0,0.0,0.0,0.0,0.0,0.0,0.0,0.0,1185732.0,1.0,0.0,0.0,0.0,0.0,0.0,0.0,24.0,17.0,3.0,2021.0,300
19.0,0.35,49.99999999999999,0.0,1.0,0.0,0.0,0.0,0.0,0.0,0.0,0.0,1185732.0,0.0,0.0,1.0,0.0,0.0,0.0,0.0,33.0,9.0,10.0,2021.0,400
5.0,0.45,45.0,0.0,0.0,0.0,0.0,1.0,0.0,0.0,0.0,0.0,1189833.0,0.0,1.0,0.0,0.0,0.0,0.0,1.0,25.0,6.0,3.0,2021.0,475
14.0,0.35,49.99999999999999,0.0,0.0,0.0,0.0,0.0,0.0,0.0,0.0,0.0,1185732.0,0.0,0.0,0.0,0.0,0.0,1.0,0.0,34.0,9.0,5.0,2021.0,450
33.0,0.42,49.0,0.0,0.0,0.0,0.0,0.0,0.0,0.0,0.0,0.0,1185732.0,1.0,0.0,0.0,0.0,0.0,1.0,0.0,22.0,20.0,11.0,2020.0,45
18.0,0.48,43.0,0.0,0.0,0.0,1.0,0.0,0.0,0.0,0.0,0.0,1185732.0,0.0,0.0,1.0,0.0,0.0,1.0,0.0,21.0,17.0,6.0,2021.0,158
49.0,0.49,41.0,0.0,0.0,0.0,0.0,0.0,0.0,0.0,0.0,0.0,1185732.0,1.0,0.0,0.0,0.0,0.0,1.0,0.0,24.0,17.0,3.0,2021.0,75
33.0,0.42,36.0,0.0,0.0,0.0,0.0,1.0,0.0,0.0,0.0,0.0,1185732.0,1.0,0.0,0.0,0.0,0.0,1.0,0.0,22.0,24.0,11.0,2020.0,63
32.0,0.44999999999999996,24.0,0.0,0.0,0.0,0.0,1.0,0.0,0.0,0.0,0.0,1185732.0,0.0,0.0,0.0,0.0,1.0,1.0,0.0,48.0,4.0,9.0,2021.0,44
33.0,0.44999999999999996,42.0,1.0,0.0,0.0,0.0,0.0,0.0,0.0,0.0,0.0,1185732.0,1.0,0.0,0.0,0.0,0.0,1.0,0.0,22.0,23.0,11.0,2020.0,75
23.0,0.51,27.0,0.0,0.0,0.0,0.0,1.0,0.0,0.0,0.0,0.0,1185732.0,0.0,0.0,0.0,0.0,1.0,1.0,0.0,13.0,17.0,2.0,2021.0,75
13.0,0.35,45.00000000000001,1.0,0.0,0.0,0.0,0.0,0.0,0.0,0.0,0.0,1185732.0,1.0,0.0,0.0,0.0,0.0,0.0,1.0,12.0,7.0,7.0,2021.0,325
14.0,0.35,49.99999999999999,0.0,0.0,0.0,0.0,0.0,0.0,0.0,0.0,0.0,1185732.0,0.0,0.0,0.0,0.0,0.0,1.0,0.0,34.0,22.0,1.0,2021.0,200
50.0,0.35,25.0,0.0,1.0,0.0,0.0,0.0,0.0,0.0,0.0,0.0,1197831.0,0.0,1.0,0.0,0.0,0.0,1.0,0.0,15.0,13.0,4.0,2021.0,500
19.0,0.3,40.0,0.0,0.0,0.0,1.0,0.0,0.0,0.0,0.0,0.0,1185732.0,0.0,0.0,1.0,0.0,0.0,0.0,0.0,33.0,9.0,8.0,2021.0,200
49.0,0.5,40.0,0.0,0.0,1.0,0.0,0.0,0.0,0.0,0.0,0.0,1185732.0,1.0,0.0,0.0,0.0,0.0,0.0,0.0,24.0,18.0,8.0,2021.0,475
23.0,0.4,50.0,1.0,0.0,0.0,0.0,0.0,0.0,0.0,0.0,0.0,1185732.0,0.0,0.0,0.0,0.0,1.0,0.0,0.0,13.0,9.0,12.0,2021.0,400
19.0,0.49,36.0,0.0,0.0,0.0,0.0,0.0,0.0,0.0,0.0,0.0,1185732.0,0.0,0.0,1.0,0.0,0.0,1.0,0.0,33.0,10.0,9.0,2021.0,42
33.0,0.45,55.00000000000001,0.0,0.0,1.0,0.0,0.0,0.0,0.0,0.0,0.0,1185732.0,1.0,0.0,0.0,0.0,0.0,0.0,1.0,22.0,27.0,11.0,2020.0,375
14.0,0.44999999999999996,24.0,1.0,0.0,0.0,0.0,0.0,0.0,0.0,0.0,0.0,1185732.0,0.0,0.0,0.0,0.0,0.0,1.0,0.0,34.0,10.0,11.0,2021.0,140
