City,Operating Margin,Price per Unit,Product_Men's Athletic Footwear,Product_Men's Street Footwear,Product_Women's Apparel,Product_Women's Athletic Footwear,Product_Women's Street Footwear,Region_Northeast,Region_South,Region_Southeast,Region_West,Retailer ID,Retailer_Foot Locker,Retailer_Kohl's,Retailer_Sports Direct,Retailer_Walmart,Retailer_West Gear,Sales Method_Online,Sales Method_Outlet,State,inv_day,inv_month,inv_year,Units Sold
30.0,0.3,44.99999999999999,0.0,0.0,0.0,1.0,0.0,1.0,0.0,0.0,0.0,1185732.0,0.0,0.0,0.0,0.0,0.0,0.0,0.0,28.0,19.0,2.0,2021.0,200
40.0,0.39999999999999997,55.00000000000001,0.0,0.0,0.0,0.0,1.0,1.0,0.0,0.0,0.0,1185732.0,1.0,0.0,0.0,0.0,0.0,0.0,1.0,37.0,5.0,12.0,2021.0,225
10.0,0.4,49.999999999999986,0.0,0.0,1.0,0.0,0.0,1.0,0.0,0.0,0.0,1185732.0,1.0,0.0,0.0,0.0,0.0,0.0,0.0,47.0,17.0,10.0,2021.0,300
0.0,0.25,50.000000000000014,0.0,0.0,0.0,0.0,1.0,1.0,0.0,0.0,0.0,1185732.0,0.0,0.0,0.0,0.0,1.0,0.0,0.0,31.0,10.0,10.0,2021.0,525
30.0,0.43000000000000005,47.0,0.0,1.0,0.0,0.0,0.0,1.0,0.0,0.0,0.0,1185732.0,0.0,0.0,0.0,0.0,0.0,0.0,1.0,28.0,17.0,5.0,2021.0,196
9.0,0.5700000000000001,56.0,0.0,1.0,0.0,0.0,0.0,1.0,0.0,0.0,0.0,1185732.0,0.0,0.0,0.0,0.0,0.0,1.0,0.0,44.0,10.0,9.0,2021.0,137
36.0,0.35,60.0,0.0,1.0,0.0,0.0,0.0,1.0,0.0,0.0,0.0,1185732.0,0.0,0.0,1.0,0.0,0.0,0.0,0.0,29.0,7.0,11.0,2021.0,400
8.0,0.25,54.99999999999999,0.0,0.0,0.0,0.0,0.0,1.0,0.0,0.0,0.0,1185732.0,0.0,0.0,1.0,0.0,0.0,0.0,0.0,20.0,13.0,7.0,2021.0,250
35.0,0.35,50.0,0.0,0.0,0.0,1.0,0.0,1.0,0.0,0.0,0.0,1185732.0,0.0,0.0,0.0,1.0,0.0,0.0,1.0,31.0,22.0,4.0,2020.0,900
8.0,0.44,39.0,0.0,0.0,1.0,0.0,0.0,1.0,0.0,0.0,0.0,1185732.0,0.0,0.0,1.0,0.0,0.0,1.0,0.0,20.0,14.0,4.0,2021.0,83
43.0,0.31,25.0,0.0,0.0,0.0,1.0,0.0,1.0,0.0,0.0,0.0,1185732.0,0.0,0.0,1.0,0.0,0.0,0.0,1.0,38.0,17.0,1.0,2021.0,33
8.0,0.3,60.0,0.0,0.0,1.0,0.0,0.0,1.0,0.0,0.0,0.0,1185732.0,0.0,0.0,1.0,0.0,0.0,0.0,0.0,20.0,15.0,6.0,2021.0,375
20.0,0.35,35.0,0.0,1.0,0.0,0.0,0.0,1.0,0.0,0.0,0.0,1185732.0,1.0,0.0,0.0,0.0,0.0,0.0,0.0,6.0,8.0,2.0,2021.0,475
35.0,0.28,50.0,0.0,0.0,1.0,0.0,0.0,1.0,0.0,0.0,0.0,1185732.0,0.0,0.0,0.0,1.0,0.0,0.0,1.0,31.0,26.0,4.0,2020.0,330
4.0,0.48,37.0,0.0,0.0,0.0,1.0,0.0,1.0,0.0,0.0,0.0,1185732.0,0.0,0.0,0.0,0.0,1.0,1.0,0.0,19.0,20.0,5.0,2021.0,30
30.0,0.33999999999999997,37.0,0.0,0.0,0.0,1.0,0.0,1.0,0.0,0.0,0.0,1185732.0,0.0,0.0,0.0,0.0,0.0,0.0,1.0,28.0,19.0,6.0,2021.0,104
20.0,0.4,40.0,0.0,1.0,0.0,0.0,0.0,1.0,0.0,0.0,0.0,1185732.0,0.0,0.0,1.0,0.0,0.0,0.0,0.0,6.0,3.0,3.0,2021.0,520
9.0,0.42,48.0,0.0,0.0,0.0,0.0,0.0,1.0,0.0,0.0,0.0,1185732.0,0.0,0.0,0.0,0.0,0.0,0.0,1.0,44.0,10.0,12.0,2021.0,104
9.0,0.39999999999999997,65.0,0.0,0.0,1.0,0.0,0.0,1.0,0.0,0.0,0.0,1185732.0,0.0,0.0,0.0,0.0,0.0,0.0,0.0,44.0,10.0,9.0,2021.0,300
8.0,0.35,46.0,0.0,0.0,1.0,0.0,0.0,1.0,0.0,0.0,0.0,1185732.0,0.0,0.0,1.0,0.0,0.0,0.0,1.0,20.0,14.0,8.0,2021.0,98
9.0,0.44999999999999996,49.0,0.0,0.0,1.0,0.0,0.0,1.0,0.0,0.0,0.0,1185732.0,0.0,0.0,0.0,0.0,0.0,0.0,1.0,44.0,12.0,6.0,2021.0,158
30.0,0.35,39.0,0.0,0.0,0.0,1.0,0.0,1.0,0.0,0.0,0.0,1185732.0,0.0,0.0,0.0,0.0,0.0,0.0,1.0,28.0,17.0,7.0,2021.0,107
20.0,0.54,33.0,0.0,0.0,1.0,0.0,0.0,1.0,0.0,0.0,0.0,1185732.0,1.0,0.0,0.0,0.0,0.0,1.0,0.0,6.0,10.0,1.0,2021.0,63
36.0,0.41,49.0,0.0,0.0,0.0,0.0,0.0,1.0,0.0,0.0,0.0,1185732.0,0.0,0.0,1.0,0.0,0.0,1.0,0.0,29.0,7.0,1.0,2021.0,60
40.0,0.43999999999999995,32.0,0.0,0.0,0.0,1.0,0.0,1.0,0.0,0.0,0.0,1185732.0,1.0,0.0,0.0,0.0,0.0,0.0,1.0,37.0,6.0,11.0,2021.0,8
8.0,0.3,65.0,0.0,1.0,0.0,0.0,0.0,1.0,0.0,0.0,0.0,1185732.0,0.0,0.0,0.0,0.0,0.0,0.0,0.0,20.0,14.0,11.0,2021.0,375
8.0,0.25,50.0,0.0,0.0,0.0,0.0,0.0,1.0,0.0,0.0,0.0,1185732.0,0.0,0.0,1.0,0.0,0.0,0.0,0.0,20.0,13.0,3.0,2021.0,100
30.0,0.43,64.0,0.0,0.0,0.0,0.0,0.0,1.0,0.0,0.0,0.0,1185732.0,0.0,0.0,0.0,0.0,0.0,1.0,0.0,28.0,17.0,9.0,2021.0,63
42.0,0.36,49.0,0.0,0.0,0.0,0.0,0.0,1.0,0.0,0.0,0.0,1185732.0,0.0,0.0,0.0,0.0,0.0,1.0,0.0,18.0,28.0,10.0,2021.0,29
8.0,0.43,62.0,0.0,1.0,0.0,0.0,0.0,1.0,0.0,0.0,0.0,1185732.0,0.0,0.0,0.0,0.0,0.0,1.0,0.0,20.0,14.0,11.0,2021.0,113
40.0,0.5,51.0,0.0,0.0,0.0,0.0,1.0,1.0,0.0,0.0,0.0,1185732.0,1.0,0.0,0.0,0.0,0.0,1.0,0.0,37.0,29.0,11.0,2021.0,59
30.0,0.4,65.00000000000001,1.0,0.0,0.0,0.0,0.0,1.0,0.0,0.0,0.0,1185732.0,1.0,0.0,0.0,0.0,0.0,0.0,1.0,28.0,17.0,12.0,2021.0,425
40.0,0.35,65.0,0.0,0.0,0.0,0.0,0.0,1.0,0.0,0.0,0.0,1185732.0,1.0,0.0,0.0,0.0,0.0,0.0,1.0,37.0,25.0,11.0,2021.0,150
30.0,0.35,70.0,0.0,0.0,1.0,0.0,0.0,1.0,0.0,0.0,0.0,1185732.0,0.0,0.0,0.0,0.0,0.0,0.0,0.0,28.0,17.0,5.0,2021.0,425
10.0,0.55,28.0,1.0,0.0,0.0,0.0,0.0,1.0,0.0,0.0,0.0,1185732.0,0.0,0.0,0.0,0.0,1.0,1.0,0.0,47.0,17.0,4.0,2021.0,75
8.0,0.3,40.0,0.0,0.0,1.0,0.0,0.0,1.0,0.0,0.0,0.0,1185732.0,0.0,0.0,1.0,0.0,0.0,0.0,0.0,20.0,14.0,4.0,2021.0,275
35.0,0.61,58.0,0.0,1.0,0.0,0.0,0.0,1.0,0.0,0.0,0.0,1185732.0,1.0,0.0,0.0,0.0,0.0,1.0,0.0,31.0,16.0,3.0,2020.0,325
20.0,0.37,36.0,0.0,0.0,0.0,0.0,1.0,1.0,0.0,0.0,0.0,1185732.0,0.0,0.0,1.0,0.0,0.0,0.0,1.0,6.0,5.0,10.0,2021.0,61
36.0,0.5,37.0,1.0,0.0,0.0,0.0,0.0,1.0,0.0,0.0,0.0,1185732.0,0.0,0.0,1.0,0.0,0.0,1.0,0.0,29.0,5.0,2.0,2021.0,54
4.0,0.49,24.0,0.0,0.0,0.0,0.0,1.0,1.0,0.0,0.0,0.0,1185732.0,0.0,0.0,0.0,0.0,1.0,1.0,0.0,19.0,21.0,4.0,2021.0,33
43.0,0.35,49.99999999999999,0.0,1.0,0.0,0.0,0.0,1.0,0.0,0.0,0.0,1185732.0,1.0,0.0,0.0,0.0,0.0,0.0,0.0,38.0,6.0,9.0,2021.0,425
35.0,0.3,55.00000000000001,1.0,0.0,0.0,0.0,0.0,1.0,0.0,0.0,0.0,1185732.0,1.0,0.0,0.0,0.0,0.0,0.0,1.0,31.0,5.0,3.0,2020.0,1000
40.0,0.47000000000000003,36.0,0.0,0.0,0.0,0.0,1.0,1.0,0.0,0.0,0.0,1128299.0,0.0,0.0,0.0,0.0,1.0,0.0,1.0,37.0,4.0,1.0,2020.0,140
8.0,0.38,49.0,0.0,0.0,0.0,0.0,0.0,1.0,0.0,0.0,0.0,1185732.0,0.0,0.0,1.0,0.0,0.0,1.0,0.0,20.0,14.0,4.0,2021.0,33
42.0,0.25,50.0,0.0,0.0,0.0,0.0,0.0,1.0,0.0,0.0,0.0,1185732.0,0.0,0.0,0.0,0.0,0.0,0.0,1.0,18.0,22.0,10.0,2021.0,150
0.0,0.5,45.0,0.0,0.0,1.0,0.0,0.0,1.0,0.0,0.0,0.0,1185732.0,0.0,0.0,0.0,0.0,1.0,0.0,0.0,31.0,9.0,4.0,2021.0,600
40.0,0.35,54.99999999999999,0.0,0.0,0.0,0.0,0.0,1.0,0.0,0.0,0.0,1185732.0,1.0,0.0,0.0,0.0,0.0,0.0,1.0,37.0,26.0,10.0,2021.0,125
20.0,0.4,55.00000000000001,1.0,0.0,0.0,0.0,0.0,1.0,0.0,0.0,0.0,1185732.0,1.0,0.0,0.0,0.0,0.0,0.0,0.0,6.0,3.0,12.0,2021.0,375
8.0,0.27,38.0,0.0,0.0,0.0,1.0,0.0,1.0,0.0,0.0,0.0,1185732.0,0.0,0.0,1.0,0.0,0.0,0.0,1.0,20.0,15.0,10.0,2021.0,32
0.0,0.45,60.00000000000001,0.0,1.0,0.0,0.0,0.0,1.0,0.0,0.0,0.0,1185732.0,0.0,0.0,0.0,0.0,1.0,0.0,0.0,31.0,9.0,11.0,2021.0,775
20.0,0.4,50.0,1.0,0.0,0.0,0.0,0.0,1.0,0.0,0.0,0.0,1185732.0,0.0,0.0,1.0,0.0,0.0,0.0,0.0,6.0,4.0,8.0,2021.0,400
42.0,0.35,50.0,1.0,0.0,0.0,0.0,0.0,1.0,0.0,0.0,0.0,1185732.0,0.0,0.0,0.0,0.0,0.0,0.0,1.0,18.0,6.0,11.0,2021.0,200
40.0,0.33999999999999997,40.0,1.0,0.0,0.0,0.0,0.0,1.0,0.0,0.0,0.0,1185732.0,1.0,0.0,0.0,0.0,0.0,0.0,1.0,37.0,10.0,12.0,2021.0,91
40.0,0.39999999999999997,32.0,0.0,0.0,0.0,0.0,1.0,1.0,0.0,0.0,0.0,1185732.0,1.0,0.0,0.0,0.0,0.0,0.0,1.0,37.0,11.0,12.0,2021.0,60
51.0,0.5,32.0,0.0,1.0,0.0,0.0,0.0,1.0,0.0,0.0,0.0,1185732.0,0.0,1.0,0.0,0.0,0.0,1.0,0.0,7.0,10.0,1.0,2021.0,138
9.0,0.37,40.0,0.0,0.0,0.0,0.0,1.0,1.0,0.0,0.0,0.0,1185732.0,0.0,0.0,0.0,0.0,0.0,0.0,1.0,44.0,12.0,10.0,2021.0,66
40.0,0.4,35.0,0.0,1.0,0.0,0.0,0.0,1.0,0.0,0.0,0.0,1128299.0,0.0,0.0,0.0,0.0,1.0,0.0,1.0,37.0,2.0,1.0,2020.0,450
20.0,0.52,51.0,1.0,0.0,0.0,0.0,0.0,1.0,0.0,0.0,0.0,1185732.0,1.0,0.0,0.0,0.0,0.0,1.0,0.0,6.0,4.0,11.0,2021.0,84
8.0,0.39,32.0,0.0,0.0,0.0,1.0,0.0,1.0,0.0,0.0,0.0,1185732.0,0.0,0.0,1.0,0.0,0.0,1.0,0.0,20.0,14.0,4.0,2021.0,35
0.0,0.4,41.0,0.0,0.0,0.0,1.0,0.0,1.0,0.0,0.0,0.0,1185732.0,0.0,0.0,0.0,0.0,1.0,1.0,0.0,31.0,9.0,8.0,2021.0,150
20.0,0.42000000000000004,19.0,0.0,0.0,0.0,0.0,1.0,1.0,0.0,0.0,0.0,1185732.0,1.0,0.0,0.0,0.0,0.0,0.0,1.0,6.0,10.0,1.0,2021.0,72
35.0,0.35,43.0,1.0,0.0,0.0,0.0,0.0,1.0,0.0,0.0,0.0,1185732.0,0.0,0.0,0.0,1.0,0.0,0.0,1.0,31.0,4.0,5.0,2020.0,310
43.0,0.44,40.0,0.0,0.0,0.0,0.0,1.0,1.0,0.0,0.0,0.0,1185732.0,1.0,0.0,0.0,0.0,0.0,0.0,1.0,38.0,8.0,10.0,2021.0,30
42.0,0.41,43.0,0.0,0.0,0.0,1.0,0.0,1.0,0.0,0.0,0.0,1185732.0,0.0,0.0,0.0,0.0,0.0,1.0,0.0,18.0,20.0,11.0,2021.0,44
9.0,0.32,36.0,0.0,0.0,0.0,1.0,0.0,1.0,0.0,0.0,0.0,1185732.0,0.0,0.0,0.0,0.0,0.0,0.0,1.0,44.0,21.0,1.0,2021.0,60
4.0,0.44999999999999996,44.0,1.0,0.0,0.0,0.0,0.0,1.0,0.0,0.0,0.0,1185732.0,0.0,0.0,1.0,0.0,0.0,1.0,0.0,19.0,20.0,9.0,2021.0,63
4.0,0.4,49.99999999999999,0.0,1.0,0.0,0.0,0.0,1.0,0.0,0.0,0.0,1185732.0,0.0,0.0,0.0,0.0,1.0,0.0,0.0,19.0,20.0,5.0,2021.0,470
36.0,0.51,27.0,0.0,0.0,0.0,1.0,0.0,1.0,0.0,0.0,0.0,1185732.0,0.0,1.0,0.0,0.0,0.0,1.0,0.0,29.0,7.0,4.0,2021.0,27
4.0,0.3,49.99999999999999,0.0,0.0,0.0,0.0,0.0,1.0,0.0,0.0,0.0,1185732.0,0.0,0.0,0.0,0.0,1.0,0.0,0.0,19.0,20.0,5.0,2021.0,125
36.0,0.44999999999999996,46.0,0.0,0.0,0.0,0.0,0.0,1.0,0.0,0.0,0.0,1185732.0,0.0,1.0,0.0,0.0,0.0,1.0,0.0,29.0,8.0,6.0,2021.0,65
9.0,0.35,40.0,0.0,0.0,0.0,1.0,0.0,1.0,0.0,0.0,0.0,1185732.0,0.0,0.0,0.0,0.0,0.0,0.0,0.0,44.0,12.0,2.0,2021.0,150
35.0,0.47,47.0,0.0,0.0,0.0,1.0,0.0,1.0,0.0,0.0,0.0,1185732.0,1.0,0.0,0.0,0.0,0.0,1.0,0.0,31.0,31.0,3.0,2020.0,241
9.0,0.38999999999999996,36.0,0.0,0.0,0.0,0.0,0.0,1.0,0.0,0.0,0.0,1185732.0,0.0,0.0,0.0,0.0,0.0,0.0,1.0,44.0,12.0,2.0,2021.0,68
40.0,0.3,70.0,0.0,0.0,1.0,0.0,0.0,1.0,0.0,0.0,0.0,1185732.0,1.0,0.0,0.0,0.0,0.0,0.0,1.0,37.0,8.0,12.0,2021.0,350
30.0,0.41,61.0,0.0,0.0,1.0,0.0,0.0,1.0,0.0,0.0,0.0,1185732.0,1.0,0.0,0.0,0.0,0.0,0.0,1.0,28.0,18.0,11.0,2021.0,120
43.0,0.5,41.0,1.0,0.0,0.0,0.0,0.0,1.0,0.0,0.0,0.0,1185732.0,1.0,0.0,0.0,0.0,0.0,1.0,0.0,38.0,6.0,7.0,2021.0,81
9.0,0.3,40.0,0.0,0.0,0.0,0.0,1.0,1.0,0.0,0.0,0.0,1185732.0,0.0,0.0,0.0,0.0,0.0,0.0,0.0,44.0,19.0,2.0,2021.0,300
10.0,0.4,70.0,0.0,0.0,1.0,0.0,0.0,1.0,0.0,0.0,0.0,1185732.0,1.0,0.0,0.0,0.0,0.0,0.0,0.0,47.0,17.0,11.0,2021.0,400
0.0,0.64,68.0,0.0,0.0,1.0,0.0,0.0,1.0,0.0,0.0,0.0,1185732.0,0.0,0.0,0.0,0.0,1.0,1.0,0.0,31.0,9.0,11.0,2021.0,176
20.0,0.45999999999999996,67.0,0.0,0.0,1.0,0.0,0.0,1.0,0.0,0.0,0.0,1185732.0,1.0,0.0,0.0,0.0,0.0,1.0,0.0,6.0,3.0,12.0,2021.0,112
40.0,0.45999999999999996,38.0,0.0,0.0,0.0,0.0,1.0,1.0,0.0,0.0,0.0,1185732.0,1.0,0.0,0.0,0.0,0.0,1.0,0.0,37.0,11.0,11.0,2021.0,38
30.0,0.45000000000000007,52.0,0.0,1.0,0.0,0.0,0.0,1.0,0.0,0.0,0.0,1185732.0,1.0,0.0,0.0,0.0,0.0,1.0,0.0,28.0,22.0,2.0,2021.0,173
0.0,0.45999999999999996,62.0,0.0,0.0,0.0,0.0,0.0,1.0,0.0,0.0,0.0,1185732.0,0.0,0.0,0.0,0.0,1.0,1.0,0.0,31.0,8.0,7.0,2021.0,168
0.0,0.3,50.000000000000014,0.0,0.0,0.0,1.0,0.0,1.0,0.0,0.0,0.0,1185732.0,0.0,0.0,0.0,0.0,1.0,0.0,0.0,31.0,10.0,10.0,2021.0,500
51.0,0.35,55.00000000000001,1.0,0.0,0.0,0.0,0.0,1.0,0.0,0.0,0.0,1185732.0,0.0,1.0,0.0,0.0,0.0,0.0,0.0,7.0,13.0,12.0,2021.0,400
20.0,0.47,67.0,0.0,0.0,1.0,0.0,0.0,1.0,0.0,0.0,0.0,1185732.0,1.0,0.0,0.0,0.0,0.0,1.0,0.0,6.0,4.0,11.0,2021.0,95
9.0,0.35,50.0,0.0,0.0,0.0,0.0,1.0,1.0,0.0,0.0,0.0,1185732.0,0.0,0.0,0.0,0.0,0.0,0.0,0.0,44.0,10.0,5.0,2021.0,300
40.0,0.38,40.0,0.0,0.0,0.0,1.0,0.0,1.0,0.0,0.0,0.0,1185732.0,1.0,0.0,0.0,0.0,0.0,0.0,1.0,37.0,18.0,12.0,2021.0,34
42.0,0.35,54.99999999999999,0.0,1.0,0.0,0.0,0.0,1.0,0.0,0.0,0.0,1185732.0,0.0,0.0,0.0,0.0,0.0,0.0,1.0,18.0,17.0,11.0,2021.0,550
8.0,0.39999999999999997,27.0,0.0,0.0,0.0,0.0,1.0,1.0,0.0,0.0,0.0,1185732.0,0.0,0.0,0.0,0.0,0.0,0.0,1.0,20.0,14.0,1.0,2021.0,101
43.0,0.49,46.0,1.0,0.0,0.0,0.0,0.0,1.0,0.0,0.0,0.0,1185732.0,1.0,0.0,0.0,0.0,0.0,1.0,0.0,38.0,8.0,10.0,2021.0,56
4.0,0.3,54.99999999999999,0.0,0.0,1.0,0.0,0.0,1.0,0.0,0.0,0.0,1185732.0,0.0,0.0,1.0,0.0,0.0,0.0,0.0,19.0,20.0,7.0,2021.0,350
36.0,0.35,54.99999999999999,0.0,1.0,0.0,0.0,0.0,1.0,0.0,0.0,0.0,1185732.0,0.0,1.0,0.0,0.0,0.0,0.0,0.0,29.0,8.0,10.0,2021.0,425
43.0,0.4,40.0,0.0,0.0,0.0,0.0,1.0,1.0,0.0,0.0,0.0,1185732.0,1.0,0.0,0.0,0.0,0.0,0.0,0.0,38.0,6.0,5.0,2021.0,200
8.0,0.32,41.0,0.0,0.0,1.0,0.0,0.0,1.0,0.0,0.0,0.0,1185732.0,0.0,0.0,1.0,0.0,0.0,0.0,1.0,20.0,13.0,7.0,2021.0,132
43.0,0.52,60.0,0.0,0.0,1.0,0.0,0.0,1.0,0.0,0.0,0.0,1185732.0,0.0,0.0,1.0,0.0,0.0,1.0,0.0,38.0,7.0,11.0,2021.0,77
20.0,0.5,36.0,0.0,1.0,0.0,0.0,0.0,1.0,0.0,0.0,0.0,1185732.0,0.0,0.0,1.0,0.0,0.0,1.0,0.0,6.0,4.0,4.0,2021.0,150
10.0,0.4,40.0,0.0,0.0,0.0,1.0,0.0,1.0,0.0,0.0,0.0,1185732.0,0.0,0.0,0.0,0.0,1.0,0.0,0.0,47.0,17.0,8.0,2021.0,275
40.0,0.31,35.0,1.0,0.0,0.0,0.0,0.0,1.0,0.0,0.0,0.0,1128299.0,0.0,0.0,0.0,0.0,1.0,0.0,1.0,37.0,3.0,1.0,2020.0,135
9.0,0.45,45.0,1.0,0.0,0.0,0.0,0.0,1.0,0.0,0.0,0.0,1185732.0,0.0,0.0,0.0,0.0,0.0,0.0,0.0,44.0,11.0,4.0,2021.0,225
51.0,0.45999999999999996,36.0,0.0,1.0,0.0,0.0,0.0,1.0,0.0,0.0,0.0,1185732.0,1.0,0.0,0.0,0.0,0.0,1.0,0.0,7.0,13.0,3.0,2021.0,158
4.0,0.3,35.0,0.0,0.0,1.0,0.0,0.0,1.0,0.0,0.0,0.0,1185732.0,0.0,0.0,0.0,0.0,1.0,0.0,0.0,19.0,20.0,3.0,2021.0,175
43.0,0.4,64.99999999999999,0.0,0.0,1.0,0.0,0.0,1.0,0.0,0.0,0.0,1185732.0,0.0,0.0,1.0,0.0,0.0,0.0,0.0,38.0,8.0,10.0,2021.0,200
35.0,0.25,65.0,0.0,0.0,1.0,0.0,0.0,1.0,0.0,0.0,0.0,1185732.0,1.0,0.0,0.0,0.0,0.0,0.0,1.0,31.0,9.0,3.0,2020.0,1050
9.0,0.6,64.0,0.0,1.0,0.0,0.0,0.0,1.0,0.0,0.0,0.0,1185732.0,0.0,0.0,0.0,0.0,0.0,1.0,0.0,44.0,10.0,12.0,2021.0,168
51.0,0.55,54.0,0.0,0.0,1.0,0.0,0.0,1.0,0.0,0.0,0.0,1185732.0,1.0,0.0,0.0,0.0,0.0,1.0,0.0,7.0,13.0,5.0,2021.0,104
43.0,0.46,27.0,0.0,0.0,0.0,1.0,0.0,1.0,0.0,0.0,0.0,1185732.0,1.0,0.0,0.0,0.0,0.0,0.0,1.0,38.0,6.0,5.0,2021.0,51
9.0,0.3,44.99999999999999,0.0,0.0,0.0,1.0,0.0,1.0,0.0,0.0,0.0,1185732.0,0.0,0.0,0.0,0.0,0.0,0.0,0.0,44.0,21.0,1.0,2021.0,175
30.0,0.3,55.00000000000001,0.0,0.0,1.0,0.0,0.0,1.0,0.0,0.0,0.0,1185732.0,1.0,0.0,0.0,0.0,0.0,0.0,1.0,28.0,24.0,1.0,2021.0,300
51.0,0.5,32.0,1.0,0.0,0.0,0.0,0.0,1.0,0.0,0.0,0.0,1185732.0,0.0,1.0,0.0,0.0,0.0,1.0,0.0,7.0,8.0,2.0,2021.0,53
20.0,0.33999999999999997,29.0,0.0,0.0,0.0,0.0,1.0,1.0,0.0,0.0,0.0,1185732.0,0.0,0.0,1.0,0.0,0.0,0.0,1.0,6.0,3.0,7.0,2021.0,111
30.0,0.44999999999999996,63.0,0.0,0.0,0.0,0.0,0.0,1.0,0.0,0.0,0.0,1185732.0,0.0,0.0,0.0,0.0,0.0,1.0,0.0,28.0,17.0,5.0,2021.0,78
9.0,0.45999999999999996,29.0,0.0,0.0,1.0,0.0,0.0,1.0,0.0,0.0,0.0,1185732.0,0.0,0.0,0.0,0.0,0.0,0.0,1.0,44.0,10.0,3.0,2021.0,96
20.0,0.3,45.0,0.0,0.0,0.0,0.0,1.0,1.0,0.0,0.0,0.0,1185732.0,0.0,0.0,1.0,0.0,0.0,0.0,0.0,6.0,3.0,5.0,2021.0,275
0.0,0.35,60.00000000000001,1.0,0.0,0.0,0.0,0.0,1.0,0.0,0.0,0.0,1185732.0,0.0,0.0,0.0,0.0,1.0,0.0,0.0,31.0,9.0,8.0,2021.0,700
8.0,0.39999999999999997,25.0,0.0,0.0,0.0,0.0,1.0,1.0,0.0,0.0,0.0,1185732.0,0.0,0.0,0.0,0.0,0.0,0.0,1.0,20.0,12.0,2.0,2021.0,85
42.0,0.52,38.0,0.0,0.0,1.0,0.0,0.0,1.0,0.0,0.0,0.0,1185732.0,0.0,0.0,0.0,0.0,0.0,1.0,0.0,18.0,17.0,10.0,2021.0,68
8.0,0.3,54.99999999999999,0.0,1.0,0.0,0.0,0.0,1.0,0.0,0.0,0.0,1185732.0,0.0,0.0,1.0,0.0,0.0,0.0,0.0,20.0,14.0,8.0,2021.0,575
9.0,0.48,67.0,0.0,0.0,0.0,0.0,0.0,1.0,0.0,0.0,0.0,1185732.0,0.0,0.0,0.0,0.0,0.0,1.0,0.0,44.0,10.0,12.0,2021.0,81
20.0,0.35,40.0,0.0,0.0,1.0,0.0,0.0,1.0,0.0,0.0,0.0,1185732.0,0.0,0.0,1.0,0.0,0.0,0.0,0.0,6.0,3.0,3.0,2021.0,250
4.0,0.3,45.0,0.0,0.0,0.0,0.0,0.0,1.0,0.0,0.0,0.0,1185732.0,0.0,0.0,0.0,0.0,1.0,0.0,0.0,19.0,21.0,4.0,2021.0,50
20.0,0.5,55.0,0.0,0.0,1.0,0.0,0.0,1.0,0.0,0.0,0.0,1185732.0,0.0,0.0,1.0,0.0,0.0,1.0,0.0,6.0,4.0,8.0,2021.0,105
30.0,0.4,60.00000000000001,1.0,0.0,0.0,0.0,0.0,1.0,0.0,0.0,0.0,1185732.0,0.0,0.0,0.0,0.0,0.0,0.0,0.0,28.0,17.0,5.0,2021.0,300
9.0,0.6,50.0,1.0,0.0,0.0,0.0,0.0,1.0,0.0,0.0,0.0,1185732.0,0.0,0.0,0.0,0.0,0.0,1.0,0.0,44.0,10.0,9.0,2021.0,85
8.0,0.42,53.0,0.0,1.0,0.0,0.0,0.0,1.0,0.0,0.0,0.0,1185732.0,0.0,0.0,1.0,0.0,0.0,1.0,0.0,20.0,13.0,9.0,2021.0,135
8.0,0.27,36.0,0.0,0.0,0.0,0.0,1.0,1.0,0.0,0.0,0.0,1185732.0,0.0,0.0,0.0,0.0,0.0,0.0,1.0,20.0,13.0,12.0,2021.0,112
20.0,0.32,33.0,0.0,0.0,0.0,0.0,1.0,1.0,0.0,0.0,0.0,1185732.0,0.0,0.0,1.0,0.0,0.0,0.0,1.0,6.0,3.0,9.0,2021.0,64
8.0,0.3,40.0,0.0,0.0,1.0,0.0,0.0,1.0,0.0,0.0,0.0,1185732.0,0.0,0.0,1.0,0.0,0.0,0.0,0.0,20.0,15.0,2.0,2021.0,250
51.0,0.4,60.0,0.0,0.0,1.0,0.0,0.0,1.0,0.0,0.0,0.0,1185732.0,1.0,0.0,0.0,0.0,0.0,0.0,0.0,7.0,13.0,5.0,2021.0,400
40.0,0.44999999999999996,40.0,0.0,0.0,0.0,1.0,0.0,1.0,0.0,0.0,0.0,1185732.0,1.0,0.0,0.0,0.0,0.0,0.0,1.0,37.0,30.0,12.0,2021.0,53
36.0,0.5,46.0,0.0,0.0,0.0,0.0,1.0,1.0,0.0,0.0,0.0,1185732.0,0.0,1.0,0.0,0.0,0.0,1.0,0.0,29.0,8.0,10.0,2021.0,42
43.0,0.38999999999999996,27.0,1.0,0.0,0.0,0.0,0.0,1.0,0.0,0.0,0.0,1185732.0,1.0,0.0,0.0,0.0,0.0,0.0,1.0,38.0,6.0,3.0,2021.0,45
51.0,0.4,45.0,0.0,0.0,0.0,0.0,1.0,1.0,0.0,0.0,0.0,1185732.0,1.0,0.0,0.0,0.0,0.0,0.0,0.0,7.0,15.0,6.0,2021.0,325
36.0,0.5,50.0,0.0,0.0,1.0,0.0,0.0,1.0,0.0,0.0,0.0,1185732.0,0.0,1.0,0.0,0.0,0.0,1.0,0.0,29.0,8.0,6.0,2021.0,120
9.0,0.38,39.0,0.0,0.0,0.0,0.0,0.0,1.0,0.0,0.0,0.0,1185732.0,0.0,0.0,0.0,0.0,0.0,0.0,1.0,44.0,10.0,7.0,2021.0,114
40.0,0.42,28.0,0.0,0.0,0.0,1.0,0.0,1.0,0.0,0.0,0.0,1185732.0,1.0,0.0,0.0,0.0,0.0,0.0,1.0,37.0,31.0,10.0,2021.0,17
4.0,0.35,45.0,1.0,0.0,0.0,0.0,0.0,1.0,0.0,0.0,0.0,1185732.0,0.0,0.0,1.0,0.0,0.0,0.0,0.0,19.0,20.0,7.0,2021.0,275
9.0,0.42999999999999994,44.0,0.0,0.0,1.0,0.0,0.0,1.0,0.0,0.0,0.0,1185732.0,0.0,0.0,0.0,0.0,0.0,0.0,1.0,44.0,11.0,8.0,2021.0,136
43.0,0.3,40.0,0.0,1.0,0.0,0.0,0.0,1.0,0.0,0.0,0.0,1185732.0,0.0,0.0,1.0,0.0,0.0,0.0,0.0,38.0,15.0,2.0,2021.0,500
40.0,0.3,54.99999999999999,0.0,0.0,0.0,0.0,0.0,1.0,0.0,0.0,0.0,1185732.0,1.0,0.0,0.0,0.0,0.0,0.0,1.0,37.0,13.0,12.0,2021.0,125
43.0,0.3,49.99999999999999,0.0,0.0,0.0,0.0,0.0,1.0,0.0,0.0,0.0,1185732.0,1.0,0.0,0.0,0.0,0.0,0.0,0.0,38.0,6.0,7.0,2021.0,225
40.0,0.37,51.0,0.0,0.0,0.0,0.0,0.0,1.0,0.0,0.0,0.0,1185732.0,1.0,0.0,0.0,0.0,0.0,0.0,1.0,37.0,19.0,11.0,2021.0,39
36.0,0.55,49.0,0.0,0.0,0.0,1.0,0.0,1.0,0.0,0.0,0.0,1185732.0,0.0,0.0,1.0,0.0,0.0,1.0,0.0,29.0,7.0,11.0,2021.0,65
20.0,0.35,36.0,0.0,0.0,0.0,0.0,1.0,1.0,0.0,0.0,0.0,1185732.0,0.0,0.0,1.0,0.0,0.0,0.0,1.0,6.0,4.0,8.0,2021.0,107
35.0,0.3,55.00000000000001,1.0,0.0,0.0,0.0,0.0,1.0,0.0,0.0,0.0,1185732.0,0.0,0.0,0.0,1.0,0.0,0.0,1.0,31.0,28.0,4.0,2020.0,975
9.0,0.41,46.0,0.0,0.0,0.0,0.0,0.0,1.0,0.0,0.0,0.0,1185732.0,0.0,0.0,0.0,0.0,0.0,0.0,1.0,44.0,10.0,5.0,2021.0,91
40.0,0.49,47.0,1.0,0.0,0.0,0.0,0.0,1.0,0.0,0.0,0.0,1185732.0,1.0,0.0,0.0,0.0,0.0,1.0,0.0,37.0,4.0,11.0,2021.0,38
42.0,0.39,43.0,0.0,0.0,0.0,1.0,0.0,1.0,0.0,0.0,0.0,1128299.0,0.0,0.0,0.0,0.0,1.0,1.0,0.0,18.0,10.0,1.0,2021.0,59
30.0,0.35000000000000003,55.00000000000001,0.0,1.0,0.0,0.0,0.0,1.0,0.0,0.0,0.0,1185732.0,1.0,0.0,0.0,0.0,0.0,0.0,1.0,28.0,22.0,2.0,2021.0,575
9.0,0.5800000000000001,55.0,1.0,0.0,0.0,0.0,0.0,1.0,0.0,0.0,0.0,1185732.0,0.0,0.0,0.0,0.0,1.0,1.0,0.0,44.0,11.0,11.0,2021.0,81
30.0,0.37000000000000005,36.0,0.0,1.0,0.0,0.0,0.0,1.0,0.0,0.0,0.0,1185732.0,1.0,0.0,0.0,0.0,0.0,0.0,1.0,28.0,24.0,1.0,2021.0,165
0.0,0.3,40.0,0.0,0.0,0.0,1.0,0.0,1.0,0.0,0.0,0.0,1185732.0,0.0,0.0,0.0,0.0,1.0,0.0,0.0,31.0,10.0,2.0,2021.0,475
9.0,0.38,23.0,0.0,0.0,0.0,0.0,1.0,1.0,0.0,0.0,0.0,1185732.0,0.0,0.0,0.0,0.0,0.0,0.0,1.0,44.0,10.0,3.0,2021.0,85
42.0,0.2,45.0,1.0,0.0,0.0,0.0,0.0,1.0,0.0,0.0,0.0,1128299.0,0.0,0.0,0.0,0.0,1.0,0.0,1.0,18.0,10.0,1.0,2021.0,375
40.0,0.45999999999999996,61.0,0.0,0.0,0.0,0.0,0.0,1.0,0.0,0.0,0.0,1185732.0,1.0,0.0,0.0,0.0,0.0,1.0,0.0,37.0,7.0,12.0,2021.0,46
36.0,0.35,35.0,0.0,1.0,0.0,0.0,0.0,1.0,0.0,0.0,0.0,1185732.0,0.0,1.0,0.0,0.0,0.0,0.0,0.0,29.0,7.0,4.0,2021.0,475
10.0,0.54,19.0,0.0,0.0,0.0,0.0,1.0,1.0,0.0,0.0,0.0,1185732.0,0.0,0.0,0.0,0.0,1.0,1.0,0.0,47.0,16.0,3.0,2021.0,91
35.0,0.3,55.00000000000001,1.0,0.0,0.0,0.0,0.0,1.0,0.0,0.0,0.0,1185732.0,1.0,0.0,0.0,0.0,0.0,0.0,1.0,31.0,7.0,2.0,2020.0,925
30.0,0.3,60.00000000000001,0.0,0.0,0.0,0.0,0.0,1.0,0.0,0.0,0.0,1185732.0,0.0,0.0,0.0,0.0,0.0,0.0,0.0,28.0,18.0,4.0,2021.0,175
4.0,0.4,35.0,0.0,0.0,0.0,1.0,0.0,1.0,0.0,0.0,0.0,1185732.0,1.0,0.0,0.0,0.0,0.0,0.0,0.0,19.0,17.0,1.0,2021.0,175
35.0,0.3,48.0,0.0,0.0,1.0,0.0,0.0,1.0,0.0,0.0,0.0,1185732.0,0.0,0.0,0.0,1.0,0.0,0.0,1.0,31.0,18.0,7.0,2020.0,340
9.0,0.56,54.0,1.0,0.0,0.0,0.0,0.0,1.0,0.0,0.0,0.0,1185732.0,0.0,0.0,0.0,0.0,0.0,1.0,0.0,44.0,10.0,5.0,2021.0,80
10.0,0.4,20.0,0.0,0.0,0.0,0.0,1.0,1.0,0.0,0.0,0.0,1185732.0,0.0,0.0,0.0,0.0,1.0,0.0,0.0,47.0,17.0,4.0,2021.0,250
9.0,0.6,64.0,0.0,1.0,0.0,0.0,0.0,1.0,0.0,0.0,0.0,1185732.0,0.0,0.0,0.0,0.0,1.0,1.0,0.0,44.0,11.0,11.0,2021.0,126
8.0,0.3,44.0,0.0,0.0,0.0,0.0,1.0,1.0,0.0,0.0,0.0,1185732.0,0.0,0.0,0.0,0.0,0.0,0.0,1.0,20.0,14.0,11.0,2021.0,91
20.0,0.51,54.0,0.0,1.0,0.0,0.0,0.0,1.0,0.0,0.0,0.0,1185732.0,0.0,0.0,1.0,0.0,0.0,1.0,0.0,6.0,3.0,5.0,2021.0,142
36.0,0.48,49.0,1.0,0.0,0.0,0.0,0.0,1.0,0.0,0.0,0.0,1185732.0,0.0,0.0,1.0,0.0,0.0,1.0,0.0,29.0,6.0,12.0,2021.0,105
20.0,0.4,54.99999999999999,0.0,1.0,0.0,0.0,0.0,1.0,0.0,0.0,0.0,1185732.0,0.0,0.0,1.0,0.0,0.0,0.0,0.0,6.0,3.0,7.0,2021.0,650
9.0,0.49,51.0,0.0,0.0,0.0,0.0,0.0,1.0,0.0,0.0,0.0,1185732.0,0.0,0.0,0.0,0.0,0.0,1.0,0.0,44.0,10.0,3.0,2021.0,47
51.0,0.4,35.0,0.0,0.0,0.0,1.0,0.0,1.0,0.0,0.0,0.0,1185732.0,1.0,0.0,0.0,0.0,0.0,0.0,0.0,7.0,15.0,2.0,2021.0,150
4.0,0.35,25.000000000000007,0.0,0.0,0.0,0.0,1.0,1.0,0.0,0.0,0.0,1185732.0,0.0,0.0,0.0,0.0,1.0,0.0,0.0,19.0,20.0,3.0,2021.0,175
9.0,0.35,60.00000000000001,0.0,0.0,0.0,1.0,0.0,1.0,0.0,0.0,0.0,1185732.0,0.0,0.0,0.0,0.0,0.0,0.0,0.0,44.0,10.0,12.0,2021.0,325
30.0,0.42000000000000004,43.0,1.0,0.0,0.0,0.0,0.0,1.0,0.0,0.0,0.0,1185732.0,0.0,0.0,0.0,0.0,0.0,0.0,1.0,28.0,17.0,9.0,2021.0,116
43.0,0.3,49.99999999999999,0.0,0.0,0.0,0.0,0.0,1.0,0.0,0.0,0.0,1185732.0,1.0,0.0,0.0,0.0,0.0,0.0,0.0,38.0,6.0,9.0,2021.0,100
51.0,0.4,50.0,0.0,0.0,0.0,0.0,0.0,1.0,0.0,0.0,0.0,1185732.0,1.0,0.0,0.0,0.0,0.0,1.0,0.0,7.0,15.0,6.0,2021.0,75
20.0,0.45,32.0,1.0,0.0,0.0,0.0,0.0,1.0,0.0,0.0,0.0,1185732.0,0.0,0.0,1.0,0.0,0.0,0.0,1.0,6.0,3.0,3.0,2021.0,68
4.0,0.35,40.0,0.0,0.0,0.0,1.0,0.0,1.0,0.0,0.0,0.0,1185732.0,0.0,0.0,1.0,0.0,0.0,0.0,0.0,19.0,21.0,8.0,2021.0,150
36.0,0.41,58.0,0.0,0.0,0.0,0.0,0.0,1.0,0.0,0.0,0.0,1185732.0,0.0,1.0,0.0,0.0,0.0,1.0,0.0,29.0,8.0,10.0,2021.0,38
51.0,0.4,70.0,0.0,0.0,1.0,0.0,0.0,1.0,0.0,0.0,0.0,1185732.0,0.0,1.0,0.0,0.0,0.0,0.0,0.0,7.0,14.0,11.0,2021.0,375
0.0,0.44999999999999996,39.0,1.0,0.0,0.0,0.0,0.0,1.0,0.0,0.0,0.0,1185732.0,0.0,1.0,0.0,0.0,0.0,1.0,0.0,31.0,14.0,1.0,2021.0,156
42.0,0.39999999999999997,55.00000000000001,0.0,0.0,0.0,0.0,1.0,1.0,0.0,0.0,0.0,1185732.0,0.0,0.0,0.0,0.0,0.0,0.0,1.0,18.0,19.0,10.0,2021.0,125
51.0,0.49,50.0,0.0,1.0,0.0,0.0,0.0,1.0,0.0,0.0,0.0,1185732.0,1.0,0.0,0.0,0.0,0.0,1.0,0.0,7.0,13.0,9.0,2021.0,142
40.0,0.55,65.0,0.0,1.0,0.0,0.0,0.0,1.0,0.0,0.0,0.0,1185732.0,1.0,0.0,0.0,0.0,0.0,0.0,1.0,37.0,27.0,11.0,2021.0,500
43.0,0.51,51.0,0.0,0.0,1.0,0.0,0.0,1.0,0.0,0.0,0.0,1185732.0,1.0,0.0,0.0,0.0,0.0,1.0,0.0,38.0,8.0,6.0,2021.0,88
43.0,0.4,40.0,0.0,0.0,0.0,1.0,0.0,1.0,0.0,0.0,0.0,1185732.0,1.0,0.0,0.0,0.0,0.0,0.0,0.0,38.0,6.0,5.0,2021.0,150
35.0,0.37,35.0,0.0,0.0,0.0,1.0,0.0,1.0,0.0,0.0,0.0,1185732.0,1.0,0.0,0.0,0.0,0.0,0.0,1.0,31.0,13.0,3.0,2020.0,270
30.0,0.3,75.00000000000001,0.0,0.0,0.0,0.0,0.0,1.0,0.0,0.0,0.0,1185732.0,1.0,0.0,0.0,0.0,0.0,0.0,1.0,28.0,17.0,12.0,2021.0,350
42.0,0.5,48.0,1.0,0.0,0.0,0.0,0.0,1.0,0.0,0.0,0.0,1185732.0,0.0,0.0,0.0,0.0,0.0,1.0,0.0,18.0,6.0,11.0,2021.0,60
42.0,0.35,40.0,0.0,1.0,0.0,0.0,0.0,1.0,0.0,0.0,0.0,1185732.0,0.0,0.0,0.0,0.0,0.0,0.0,1.0,18.0,24.0,10.0,2021.0,470
30.0,0.37,49.0,0.0,0.0,0.0,1.0,0.0,1.0,0.0,0.0,0.0,1185732.0,1.0,0.0,0.0,0.0,0.0,1.0,0.0,28.0,24.0,1.0,2021.0,39
40.0,0.35,50.0,0.0,0.0,0.0,0.0,1.0,1.0,0.0,0.0,0.0,1185732.0,1.0,0.0,0.0,0.0,0.0,0.0,1.0,37.0,17.0,12.0,2021.0,125
0.0,0.45,45.0,0.0,1.0,0.0,0.0,0.0,1.0,0.0,0.0,0.0,1185732.0,0.0,0.0,0.0,0.0,1.0,0.0,0.0,31.0,8.0,3.0,2021.0,870
8.0,0.27,34.0,0.0,0.0,0.0,1.0,0.0,1.0,0.0,0.0,0.0,1185732.0,0.0,0.0,1.0,0.0,0.0,0.0,1.0,20.0,13.0,9.0,2021.0,39
0.0,0.3,50.0,0.0,0.0,0.0,0.0,0.0,1.0,0.0,0.0,0.0,1185732.0,0.0,1.0,0.0,0.0,0.0,0.0,0.0,31.0,14.0,1.0,2021.0,500
9.0,0.36,28.0,0.0,0.0,0.0,0.0,1.0,1.0,0.0,0.0,0.0,1185732.0,0.0,0.0,0.0,0.0,0.0,0.0,1.0,44.0,21.0,1.0,2021.0,101
40.0,0.3,60.0,0.0,0.0,0.0,0.0,0.0,1.0,0.0,0.0,0.0,1185732.0,1.0,0.0,0.0,0.0,0.0,0.0,1.0,37.0,13.0,11.0,2021.0,75
42.0,0.5,52.0,0.0,0.0,0.0,0.0,1.0,1.0,0.0,0.0,0.0,1185732.0,0.0,0.0,0.0,0.0,0.0,1.0,0.0,18.0,17.0,12.0,2021.0,68
36.0,0.52,37.0,0.0,0.0,0.0,0.0,1.0,1.0,0.0,0.0,0.0,1185732.0,0.0,1.0,0.0,0.0,0.0,1.0,0.0,29.0,6.0,7.0,2021.0,81
4.0,0.44999999999999996,33.0,0.0,0.0,1.0,0.0,0.0,1.0,0.0,0.0,0.0,1185732.0,0.0,0.0,0.0,0.0,1.0,1.0,0.0,19.0,20.0,3.0,2021.0,49
36.0,0.4,40.0,0.0,0.0,0.0,0.0,1.0,1.0,0.0,0.0,0.0,1185732.0,0.0,1.0,0.0,0.0,0.0,0.0,0.0,29.0,6.0,9.0,2021.0,175
30.0,0.42,71.0,0.0,0.0,0.0,0.0,0.0,1.0,0.0,0.0,0.0,1185732.0,1.0,0.0,0.0,0.0,0.0,1.0,0.0,28.0,18.0,11.0,2021.0,81
20.0,0.4,65.0,0.0,1.0,0.0,0.0,0.0,1.0,0.0,0.0,0.0,1185732.0,1.0,0.0,0.0,0.0,0.0,0.0,0.0,6.0,4.0,11.0,2021.0,425
30.0,0.4,50.0,1.0,0.0,0.0,0.0,0.0,1.0,0.0,0.0,0.0,1185732.0,0.0,0.0,0.0,0.0,0.0,0.0,0.0,28.0,17.0,3.0,2021.0,275
30.0,0.54,54.0,1.0,0.0,0.0,0.0,0.0,1.0,0.0,0.0,0.0,1185732.0,0.0,0.0,0.0,0.0,0.0,1.0,0.0,28.0,17.0,5.0,2021.0,87
35.0,0.35,45.0,0.0,0.0,0.0,1.0,0.0,1.0,0.0,0.0,0.0,1185732.0,1.0,0.0,0.0,0.0,0.0,0.0,0.0,31.0,4.0,1.0,2020.0,850
40.0,0.38999999999999996,51.0,0.0,0.0,0.0,0.0,0.0,1.0,0.0,0.0,0.0,1185732.0,1.0,0.0,0.0,0.0,0.0,0.0,1.0,37.0,25.0,12.0,2021.0,48
8.0,0.35,41.0,0.0,0.0,0.0,1.0,0.0,1.0,0.0,0.0,0.0,1185732.0,0.0,0.0,1.0,0.0,0.0,1.0,0.0,20.0,15.0,6.0,2021.0,65
40.0,0.38999999999999996,46.0,0.0,0.0,0.0,0.0,0.0,1.0,0.0,0.0,0.0,1185732.0,1.0,0.0,0.0,0.0,0.0,0.0,1.0,37.0,7.0,12.0,2021.0,54
35.0,0.52,27.0,0.0,0.0,0.0,1.0,0.0,1.0,0.0,0.0,0.0,1197831.0,0.0,0.0,1.0,0.0,0.0,0.0,1.0,31.0,22.0,7.0,2020.0,210
10.0,0.4,35.0,0.0,1.0,0.0,0.0,0.0,1.0,0.0,0.0,0.0,1185732.0,1.0,0.0,0.0,0.0,0.0,0.0,0.0,47.0,22.0,2.0,2021.0,475
35.0,0.37,31.0,0.0,0.0,0.0,1.0,0.0,1.0,0.0,0.0,0.0,1185732.0,1.0,0.0,0.0,0.0,0.0,0.0,1.0,31.0,3.0,2.0,2020.0,289
43.0,0.3,49.99999999999999,0.0,0.0,0.0,0.0,0.0,1.0,0.0,0.0,0.0,1185732.0,1.0,0.0,0.0,0.0,0.0,0.0,0.0,38.0,7.0,8.0,2021.0,125
20.0,0.4,50.0,1.0,0.0,0.0,0.0,0.0,1.0,0.0,0.0,0.0,1185732.0,0.0,0.0,1.0,0.0,0.0,0.0,0.0,6.0,3.0,7.0,2021.0,400
43.0,0.44999999999999996,47.0,0.0,1.0,0.0,0.0,0.0,1.0,0.0,0.0,0.0,1185732.0,1.0,0.0,0.0,0.0,0.0,1.0,0.0,38.0,8.0,6.0,2021.0,138
4.0,0.35,45.0,1.0,0.0,0.0,0.0,0.0,1.0,0.0,0.0,0.0,1185732.0,0.0,0.0,0.0,0.0,1.0,0.0,0.0,19.0,20.0,5.0,2021.0,175
30.0,0.4,60.00000000000001,1.0,0.0,0.0,0.0,0.0,1.0,0.0,0.0,0.0,1185732.0,0.0,0.0,0.0,0.0,0.0,0.0,1.0,28.0,18.0,8.0,2021.0,450
36.0,0.52,37.0,1.0,0.0,0.0,0.0,0.0,1.0,0.0,0.0,0.0,1185732.0,0.0,0.0,1.0,0.0,0.0,1.0,0.0,29.0,7.0,1.0,2021.0,87
30.0,0.3,40.0,0.0,0.0,0.0,0.0,1.0,1.0,0.0,0.0,0.0,1185732.0,0.0,0.0,0.0,0.0,0.0,0.0,0.0,28.0,17.0,3.0,2021.0,300
10.0,0.54,19.0,0.0,0.0,0.0,0.0,1.0,1.0,0.0,0.0,0.0,1185732.0,0.0,0.0,0.0,0.0,1.0,1.0,0.0,47.0,17.0,4.0,2021.0,68
20.0,0.4,54.99999999999999,0.0,1.0,0.0,0.0,0.0,1.0,0.0,0.0,0.0,1185732.0,0.0,0.0,1.0,0.0,0.0,0.0,0.0,6.0,3.0,9.0,2021.0,500
30.0,0.46,53.0,1.0,0.0,0.0,0.0,0.0,1.0,0.0,0.0,0.0,1185732.0,1.0,0.0,0.0,0.0,0.0,1.0,0.0,28.0,22.0,2.0,2021.0,59
10.0,0.4,45.00000000000001,1.0,0.0,0.0,0.0,0.0,1.0,0.0,0.0,0.0,1185732.0,0.0,0.0,0.0,0.0,1.0,0.0,0.0,47.0,17.0,8.0,2021.0,300
20.0,0.4,55.00000000000001,1.0,0.0,0.0,0.0,0.0,1.0,0.0,0.0,0.0,1185732.0,0.0,0.0,1.0,0.0,0.0,0.0,0.0,6.0,5.0,10.0,2021.0,275
35.0,0.35,50.0,0.0,0.0,0.0,1.0,0.0,1.0,0.0,0.0,0.0,1185732.0,1.0,0.0,0.0,0.0,0.0,0.0,1.0,31.0,9.0,2.0,2020.0,850
36.0,0.35,49.99999999999999,0.0,1.0,0.0,0.0,0.0,1.0,0.0,0.0,0.0,1185732.0,0.0,1.0,0.0,0.0,0.0,0.0,0.0,29.0,8.0,6.0,2021.0,600
4.0,0.44999999999999996,46.0,0.0,0.0,0.0,0.0,0.0,1.0,0.0,0.0,0.0,1185732.0,0.0,0.0,1.0,0.0,0.0,1.0,0.0,19.0,20.0,7.0,2021.0,51
20.0,0.47,34.0,1.0,0.0,0.0,0.0,0.0,1.0,0.0,0.0,0.0,1185732.0,1.0,0.0,0.0,0.0,0.0,1.0,0.0,6.0,8.0,2.0,2021.0,36
43.0,0.44,36.0,0.0,0.0,1.0,0.0,0.0,1.0,0.0,0.0,0.0,1185732.0,1.0,0.0,0.0,0.0,0.0,0.0,1.0,38.0,6.0,5.0,2021.0,93
0.0,0.3,40.0,1.0,0.0,0.0,0.0,0.0,1.0,0.0,0.0,0.0,1185732.0,0.0,1.0,0.0,0.0,0.0,0.0,0.0,31.0,14.0,1.0,2021.0,600
35.0,0.42,35.0,0.0,0.0,0.0,0.0,1.0,1.0,0.0,0.0,0.0,1185732.0,1.0,0.0,0.0,0.0,0.0,0.0,1.0,31.0,12.0,3.0,2020.0,295
51.0,0.51,24.0,0.0,0.0,0.0,0.0,1.0,1.0,0.0,0.0,0.0,1185732.0,0.0,1.0,0.0,0.0,0.0,1.0,0.0,7.0,8.0,2.0,2021.0,63
9.0,0.48,48.0,0.0,1.0,0.0,0.0,0.0,1.0,0.0,0.0,0.0,1185732.0,0.0,0.0,0.0,0.0,0.0,0.0,1.0,44.0,10.0,12.0,2021.0,186
9.0,0.4,50.0,0.0,1.0,0.0,0.0,0.0,1.0,0.0,0.0,0.0,1185732.0,0.0,0.0,0.0,0.0,0.0,0.0,0.0,44.0,21.0,1.0,2021.0,525
36.0,0.4,30.0,0.0,0.0,0.0,1.0,0.0,1.0,0.0,0.0,0.0,1185732.0,0.0,1.0,0.0,0.0,0.0,0.0,0.0,29.0,6.0,3.0,2021.0,75
35.0,0.37,66.0,0.0,0.0,1.0,0.0,0.0,1.0,0.0,0.0,0.0,1185732.0,0.0,0.0,0.0,1.0,0.0,1.0,0.0,31.0,2.0,5.0,2020.0,263
40.0,0.39999999999999997,32.0,1.0,0.0,0.0,0.0,0.0,1.0,0.0,0.0,0.0,1185732.0,1.0,0.0,0.0,0.0,0.0,0.0,1.0,37.0,29.0,10.0,2021.0,44
36.0,0.52,27.0,0.0,0.0,0.0,1.0,0.0,1.0,0.0,0.0,0.0,1185732.0,0.0,1.0,0.0,0.0,0.0,1.0,0.0,29.0,6.0,3.0,2021.0,22
9.0,0.35,55.00000000000001,0.0,0.0,0.0,0.0,0.0,1.0,0.0,0.0,0.0,1185732.0,0.0,0.0,0.0,0.0,0.0,0.0,0.0,44.0,11.0,4.0,2021.0,150
20.0,0.4,40.0,1.0,0.0,0.0,0.0,0.0,1.0,0.0,0.0,0.0,1185732.0,0.0,0.0,1.0,0.0,0.0,0.0,0.0,6.0,3.0,3.0,2021.0,225
36.0,0.4,35.0,0.0,0.0,1.0,0.0,0.0,1.0,0.0,0.0,0.0,1185732.0,0.0,1.0,0.0,0.0,0.0,0.0,0.0,29.0,8.0,2.0,2021.0,275
43.0,0.38999999999999996,48.0,0.0,1.0,0.0,0.0,0.0,1.0,0.0,0.0,0.0,1185732.0,0.0,0.0,1.0,0.0,0.0,0.0,1.0,38.0,6.0,12.0,2021.0,160
36.0,0.53,37.0,0.0,0.0,0.0,1.0,0.0,1.0,0.0,0.0,0.0,1185732.0,0.0,1.0,0.0,0.0,0.0,1.0,0.0,29.0,6.0,9.0,2021.0,38
42.0,0.5499999999999999,43.0,0.0,0.0,0.0,0.0,1.0,1.0,0.0,0.0,0.0,1185732.0,0.0,0.0,0.0,0.0,0.0,1.0,0.0,18.0,19.0,11.0,2021.0,63
35.0,0.35,40.0,0.0,0.0,0.0,0.0,1.0,1.0,0.0,0.0,0.0,1185732.0,1.0,0.0,0.0,0.0,0.0,0.0,1.0,31.0,21.0,1.0,2020.0,950
10.0,0.52,46.0,0.0,1.0,0.0,0.0,0.0,1.0,0.0,0.0,0.0,1185732.0,0.0,0.0,0.0,0.0,1.0,1.0,0.0,47.0,17.0,8.0,2021.0,131
36.0,0.3,49.99999999999999,0.0,0.0,0.0,0.0,0.0,1.0,0.0,0.0,0.0,1185732.0,0.0,1.0,0.0,0.0,0.0,0.0,0.0,29.0,8.0,6.0,2021.0,250
51.0,0.35,50.0,1.0,0.0,0.0,0.0,0.0,1.0,0.0,0.0,0.0,1185732.0,1.0,0.0,0.0,0.0,0.0,0.0,0.0,7.0,15.0,6.0,2021.0,400
43.0,0.3,60.0,0.0,0.0,0.0,0.0,0.0,1.0,0.0,0.0,0.0,1185732.0,1.0,0.0,0.0,0.0,0.0,0.0,0.0,38.0,8.0,10.0,2021.0,75
42.0,0.35,40.0,1.0,0.0,0.0,0.0,0.0,1.0,0.0,0.0,0.0,1185732.0,0.0,0.0,0.0,0.0,0.0,0.0,1.0,18.0,19.0,10.0,2021.0,150
51.0,0.3,65.0,0.0,0.0,0.0,0.0,0.0,1.0,0.0,0.0,0.0,1185732.0,0.0,1.0,0.0,0.0,0.0,0.0,0.0,7.0,13.0,12.0,2021.0,325
42.0,0.37,54.0,0.0,0.0,0.0,0.0,0.0,1.0,0.0,0.0,0.0,1185732.0,0.0,0.0,0.0,0.0,0.0,1.0,0.0,18.0,25.0,12.0,2021.0,41
8.0,0.31,30.0,0.0,0.0,0.0,0.0,1.0,1.0,0.0,0.0,0.0,1185732.0,0.0,0.0,1.0,0.0,0.0,0.0,1.0,20.0,13.0,5.0,2021.0,68
43.0,0.35,45.0,1.0,0.0,0.0,0.0,0.0,1.0,0.0,0.0,0.0,1185732.0,1.0,0.0,0.0,0.0,0.0,0.0,0.0,38.0,8.0,6.0,2021.0,300
8.0,0.27,33.0,0.0,0.0,0.0,0.0,0.0,1.0,0.0,0.0,0.0,1185732.0,0.0,0.0,1.0,0.0,0.0,0.0,1.0,20.0,14.0,4.0,2021.0,44
9.0,0.45,70.0,0.0,1.0,0.0,0.0,0.0,1.0,0.0,0.0,0.0,1185732.0,0.0,0.0,0.0,0.0,1.0,0.0,0.0,44.0,11.0,11.0,2021.0,450
36.0,0.45999999999999996,44.0,1.0,0.0,0.0,0.0,0.0,1.0,0.0,0.0,0.0,1185732.0,0.0,1.0,0.0,0.0,0.0,1.0,0.0,29.0,8.0,6.0,2021.0,105
35.0,0.43,58.0,0.0,0.0,0.0,0.0,0.0,1.0,0.0,0.0,0.0,1185732.0,1.0,0.0,0.0,0.0,0.0,1.0,0.0,31.0,14.0,3.0,2020.0,231
20.0,0.44999999999999996,41.0,0.0,0.0,0.0,1.0,0.0,1.0,0.0,0.0,0.0,1185732.0,0.0,0.0,1.0,0.0,0.0,1.0,0.0,6.0,3.0,9.0,2021.0,46
35.0,0.45999999999999996,54.0,0.0,0.0,0.0,1.0,0.0,1.0,0.0,0.0,0.0,1185732.0,0.0,0.0,0.0,1.0,0.0,1.0,0.0,31.0,6.0,5.0,2020.0,225
40.0,0.32,53.0,0.0,0.0,1.0,0.0,0.0,1.0,0.0,0.0,0.0,1185732.0,1.0,0.0,0.0,0.0,0.0,0.0,1.0,37.0,1.0,1.0,2020.0,83
40.0,0.42000000000000004,27.0,0.0,1.0,0.0,0.0,0.0,1.0,0.0,0.0,0.0,1128299.0,0.0,0.0,0.0,0.0,1.0,0.0,1.0,37.0,2.0,1.0,2020.0,158
42.0,0.49,51.0,0.0,1.0,0.0,0.0,0.0,1.0,0.0,0.0,0.0,1185732.0,0.0,0.0,0.0,0.0,0.0,1.0,0.0,18.0,17.0,11.0,2021.0,143
9.0,0.45999999999999996,45.0,0.0,0.0,1.0,0.0,0.0,1.0,0.0,0.0,0.0,1185732.0,0.0,0.0,0.0,0.0,0.0,0.0,1.0,44.0,10.0,9.0,2021.0,93
8.0,0.3,55.00000000000001,1.0,0.0,0.0,0.0,0.0,1.0,0.0,0.0,0.0,1185732.0,0.0,0.0,1.0,0.0,0.0,0.0,0.0,20.0,15.0,10.0,2021.0,225
8.0,0.45,45.0,1.0,0.0,0.0,0.0,0.0,1.0,0.0,0.0,0.0,1185732.0,0.0,0.0,0.0,0.0,0.0,0.0,0.0,20.0,14.0,1.0,2021.0,325
42.0,0.35,55.00000000000001,1.0,0.0,0.0,0.0,0.0,1.0,0.0,0.0,0.0,1185732.0,0.0,0.0,0.0,0.0,0.0,0.0,1.0,18.0,18.0,11.0,2021.0,200
10.0,0.45999999999999996,24.0,0.0,0.0,0.0,0.0,1.0,1.0,0.0,0.0,0.0,1185732.0,1.0,0.0,0.0,0.0,0.0,1.0,0.0,47.0,24.0,1.0,2021.0,63
20.0,0.32999999999999996,50.0,0.0,0.0,0.0,0.0,0.0,1.0,0.0,0.0,0.0,1185732.0,0.0,0.0,1.0,0.0,0.0,0.0,1.0,6.0,5.0,10.0,2021.0,45
35.0,0.35,37.0,1.0,0.0,0.0,0.0,0.0,1.0,0.0,0.0,0.0,1185732.0,1.0,0.0,0.0,0.0,0.0,0.0,1.0,31.0,7.0,2.0,2020.0,296
35.0,0.52,44.0,0.0,1.0,0.0,0.0,0.0,1.0,0.0,0.0,0.0,1185732.0,1.0,0.0,0.0,0.0,0.0,0.0,1.0,31.0,10.0,3.0,2020.0,434
20.0,0.4,50.0,1.0,0.0,0.0,0.0,0.0,1.0,0.0,0.0,0.0,1185732.0,0.0,0.0,1.0,0.0,0.0,0.0,0.0,6.0,5.0,6.0,2021.0,375
8.0,0.36,42.0,0.0,0.0,0.0,0.0,1.0,1.0,0.0,0.0,0.0,1185732.0,0.0,0.0,1.0,0.0,0.0,1.0,0.0,20.0,15.0,6.0,2021.0,68
8.0,0.3,30.0,0.0,0.0,0.0,0.0,1.0,1.0,0.0,0.0,0.0,1185732.0,0.0,0.0,1.0,0.0,0.0,0.0,1.0,20.0,13.0,9.0,2021.0,47
8.0,0.56,41.0,0.0,1.0,0.0,0.0,0.0,1.0,0.0,0.0,0.0,1185732.0,0.0,0.0,0.0,0.0,0.0,1.0,0.0,20.0,12.0,2.0,2021.0,167
51.0,0.35,54.99999999999999,0.0,1.0,0.0,0.0,0.0,1.0,0.0,0.0,0.0,1185732.0,1.0,0.0,0.0,0.0,0.0,0.0,0.0,7.0,13.0,9.0,2021.0,525
43.0,0.51,36.0,0.0,0.0,0.0,0.0,1.0,1.0,0.0,0.0,0.0,1185732.0,1.0,0.0,0.0,0.0,0.0,1.0,0.0,38.0,6.0,9.0,2021.0,38
20.0,0.55,51.0,0.0,1.0,0.0,0.0,0.0,1.0,0.0,0.0,0.0,1185732.0,0.0,0.0,1.0,0.0,0.0,1.0,0.0,6.0,4.0,8.0,2021.0,163
51.0,0.51,41.0,0.0,0.0,0.0,1.0,0.0,1.0,0.0,0.0,0.0,1185732.0,1.0,0.0,0.0,0.0,0.0,1.0,0.0,7.0,13.0,9.0,2021.0,60
30.0,0.35,49.0,0.0,0.0,0.0,1.0,0.0,1.0,0.0,0.0,0.0,1185732.0,1.0,0.0,0.0,0.0,0.0,0.0,1.0,28.0,17.0,12.0,2021.0,116
0.0,0.5900000000000001,44.0,0.0,1.0,0.0,0.0,0.0,1.0,0.0,0.0,0.0,1185732.0,0.0,0.0,0.0,0.0,1.0,1.0,0.0,31.0,8.0,3.0,2021.0,252
9.0,0.49,57.0,0.0,0.0,0.0,0.0,0.0,1.0,0.0,0.0,0.0,1185732.0,0.0,0.0,0.0,0.0,0.0,1.0,0.0,44.0,11.0,8.0,2021.0,65
42.0,0.39999999999999997,30.000000000000004,0.0,0.0,0.0,0.0,1.0,1.0,0.0,0.0,0.0,1185732.0,0.0,0.0,0.0,0.0,0.0,0.0,1.0,18.0,20.0,10.0,2021.0,200
35.0,0.35,55.00000000000001,0.0,0.0,0.0,1.0,0.0,1.0,0.0,0.0,0.0,1185732.0,0.0,0.0,0.0,1.0,0.0,0.0,1.0,31.0,30.0,4.0,2020.0,900
8.0,0.32,36.0,1.0,0.0,0.0,0.0,0.0,1.0,0.0,0.0,0.0,1185732.0,0.0,0.0,1.0,0.0,0.0,0.0,1.0,20.0,15.0,6.0,2021.0,114
35.0,0.45999999999999996,45.0,0.0,0.0,0.0,0.0,1.0,1.0,0.0,0.0,0.0,1185732.0,1.0,0.0,0.0,0.0,0.0,1.0,0.0,31.0,18.0,3.0,2020.0,257
20.0,0.44999999999999996,29.0,0.0,0.0,0.0,0.0,1.0,1.0,0.0,0.0,0.0,1185732.0,0.0,0.0,1.0,0.0,0.0,1.0,0.0,6.0,3.0,3.0,2021.0,68
4.0,0.5,38.0,1.0,0.0,0.0,0.0,0.0,1.0,0.0,0.0,0.0,1185732.0,1.0,0.0,0.0,0.0,0.0,1.0,0.0,19.0,17.0,1.0,2021.0,81
9.0,0.52,60.0,0.0,0.0,1.0,0.0,0.0,1.0,0.0,0.0,0.0,1185732.0,0.0,0.0,0.0,0.0,0.0,1.0,0.0,44.0,10.0,5.0,2021.0,120
9.0,0.53,45.0,1.0,0.0,0.0,0.0,0.0,1.0,0.0,0.0,0.0,1185732.0,0.0,0.0,0.0,0.0,0.0,1.0,0.0,44.0,21.0,1.0,2021.0,91
35.0,0.45999999999999996,46.0,0.0,0.0,0.0,1.0,0.0,1.0,0.0,0.0,0.0,1185732.0,1.0,0.0,0.0,0.0,0.0,1.0,0.0,31.0,13.0,3.0,2020.0,243
8.0,0.4,54.0,0.0,0.0,1.0,0.0,0.0,1.0,0.0,0.0,0.0,1185732.0,0.0,0.0,1.0,0.0,0.0,1.0,0.0,20.0,15.0,6.0,2021.0,101
4.0,0.35,30.0,0.0,0.0,0.0,1.0,0.0,1.0,0.0,0.0,0.0,1185732.0,0.0,0.0,0.0,0.0,1.0,0.0,0.0,19.0,20.0,3.0,2021.0,25
42.0,0.45999999999999996,50.0,0.0,1.0,0.0,0.0,0.0,1.0,0.0,0.0,0.0,1185732.0,0.0,0.0,0.0,0.0,0.0,1.0,0.0,18.0,21.0,12.0,2021.0,147
8.0,0.37,50.0,0.0,0.0,0.0,0.0,0.0,1.0,0.0,0.0,0.0,1185732.0,0.0,0.0,1.0,0.0,0.0,1.0,0.0,20.0,14.0,8.0,2021.0,44
9.0,0.48,57.0,0.0,0.0,0.0,0.0,1.0,1.0,0.0,0.0,0.0,1185732.0,0.0,0.0,0.0,0.0,1.0,1.0,0.0,44.0,11.0,11.0,2021.0,96
4.0,0.45999999999999996,49.0,0.0,0.0,0.0,0.0,1.0,1.0,0.0,0.0,0.0,1185732.0,0.0,0.0,1.0,0.0,0.0,1.0,0.0,19.0,22.0,10.0,2021.0,25
0.0,0.47,34.0,0.0,0.0,0.0,1.0,0.0,1.0,0.0,0.0,0.0,1185732.0,0.0,1.0,0.0,0.0,0.0,1.0,0.0,31.0,14.0,1.0,2021.0,131
35.0,0.3,60.0,0.0,0.0,0.0,0.0,0.0,1.0,0.0,0.0,0.0,1185732.0,1.0,0.0,0.0,0.0,0.0,0.0,1.0,31.0,4.0,2.0,2020.0,825
51.0,0.3,50.0,0.0,0.0,0.0,0.0,0.0,1.0,0.0,0.0,0.0,1185732.0,1.0,0.0,0.0,0.0,0.0,0.0,0.0,7.0,13.0,3.0,2021.0,175
9.0,0.45,55.00000000000001,1.0,0.0,0.0,0.0,0.0,1.0,0.0,0.0,0.0,1185732.0,0.0,0.0,0.0,0.0,0.0,0.0,0.0,44.0,10.0,7.0,2021.0,425
51.0,0.4,30.0,0.0,0.0,0.0,1.0,0.0,1.0,0.0,0.0,0.0,1185732.0,0.0,1.0,0.0,0.0,0.0,0.0,0.0,7.0,10.0,1.0,2021.0,125
10.0,0.53,33.0,1.0,0.0,0.0,0.0,0.0,1.0,0.0,0.0,0.0,1185732.0,1.0,0.0,0.0,0.0,0.0,1.0,0.0,47.0,17.0,11.0,2021.0,95
9.0,0.35,50.0,0.0,0.0,0.0,0.0,1.0,1.0,0.0,0.0,0.0,1185732.0,0.0,0.0,0.0,0.0,0.0,0.0,0.0,44.0,10.0,9.0,2021.0,225
43.0,0.29,22.0,0.0,0.0,0.0,0.0,1.0,1.0,0.0,0.0,0.0,1185732.0,0.0,0.0,1.0,0.0,0.0,0.0,1.0,38.0,17.0,1.0,2021.0,75
35.0,0.35,55.00000000000001,0.0,0.0,0.0,0.0,1.0,1.0,0.0,0.0,0.0,1185732.0,0.0,0.0,0.0,1.0,0.0,0.0,1.0,31.0,5.0,5.0,2020.0,950
9.0,0.35,60.00000000000001,0.0,0.0,0.0,1.0,0.0,1.0,0.0,0.0,0.0,1185732.0,0.0,0.0,0.0,0.0,0.0,0.0,0.0,44.0,11.0,11.0,2021.0,300
30.0,0.42000000000000004,52.0,0.0,1.0,0.0,0.0,0.0,1.0,0.0,0.0,0.0,1185732.0,1.0,0.0,0.0,0.0,0.0,0.0,1.0,28.0,19.0,10.0,2021.0,162
40.0,0.53,57.0,0.0,0.0,0.0,1.0,0.0,1.0,0.0,0.0,0.0,1185732.0,1.0,0.0,0.0,0.0,0.0,1.0,0.0,37.0,30.0,12.0,2021.0,53
4.0,0.35,40.0,1.0,0.0,0.0,0.0,0.0,1.0,0.0,0.0,0.0,1185732.0,1.0,0.0,0.0,0.0,0.0,0.0,0.0,19.0,15.0,2.0,2021.0,225
43.0,0.3,45.0,0.0,0.0,0.0,0.0,0.0,1.0,0.0,0.0,0.0,1185732.0,1.0,0.0,0.0,0.0,0.0,0.0,0.0,38.0,8.0,2.0,2021.0,125
8.0,0.25,65.0,0.0,0.0,0.0,0.0,0.0,1.0,0.0,0.0,0.0,1185732.0,0.0,0.0,1.0,0.0,0.0,0.0,0.0,20.0,15.0,10.0,2021.0,100
43.0,0.4,64.99999999999999,0.0,0.0,1.0,0.0,0.0,1.0,0.0,0.0,0.0,1185732.0,0.0,0.0,1.0,0.0,0.0,0.0,0.0,38.0,6.0,12.0,2021.0,325
8.0,0.32,39.0,0.0,0.0,0.0,0.0,0.0,1.0,0.0,0.0,0.0,1185732.0,0.0,0.0,1.0,0.0,0.0,0.0,1.0,20.0,15.0,6.0,2021.0,74
0.0,0.41,49.0,0.0,0.0,0.0,1.0,0.0,1.0,0.0,0.0,0.0,1185732.0,0.0,0.0,0.0,0.0,1.0,1.0,0.0,31.0,10.0,6.0,2021.0,144
4.0,0.3,49.99999999999999,0.0,0.0,0.0,0.0,0.0,1.0,0.0,0.0,0.0,1185732.0,0.0,0.0,1.0,0.0,0.0,0.0,0.0,19.0,20.0,9.0,2021.0,100
35.0,0.35,35.0,1.0,0.0,0.0,0.0,0.0,1.0,0.0,0.0,0.0,1197831.0,0.0,0.0,1.0,0.0,0.0,0.0,1.0,31.0,20.0,7.0,2020.0,900
8.0,0.52,35.0,0.0,1.0,0.0,0.0,0.0,1.0,0.0,0.0,0.0,1185732.0,0.0,0.0,0.0,0.0,0.0,0.0,1.0,20.0,14.0,1.0,2021.0,179
4.0,0.5,47.0,0.0,1.0,0.0,0.0,0.0,1.0,0.0,0.0,0.0,1185732.0,0.0,0.0,0.0,0.0,1.0,1.0,0.0,19.0,22.0,6.0,2021.0,125
8.0,0.28,51.0,0.0,0.0,0.0,0.0,0.0,1.0,0.0,0.0,0.0,1185732.0,0.0,0.0,1.0,0.0,0.0,0.0,1.0,20.0,15.0,10.0,2021.0,34
40.0,0.39999999999999997,55.00000000000001,0.0,0.0,0.0,0.0,1.0,1.0,0.0,0.0,0.0,1185732.0,1.0,0.0,0.0,0.0,0.0,0.0,1.0,37.0,29.0,11.0,2021.0,225
10.0,0.52,55.0,0.0,1.0,0.0,0.0,0.0,1.0,0.0,0.0,0.0,1185732.0,0.0,0.0,0.0,0.0,1.0,1.0,0.0,47.0,16.0,7.0,2021.0,182
4.0,0.49,24.0,0.0,0.0,0.0,0.0,1.0,1.0,0.0,0.0,0.0,1185732.0,0.0,0.0,0.0,0.0,1.0,1.0,0.0,19.0,20.0,3.0,2021.0,53
36.0,0.35,49.99999999999999,0.0,1.0,0.0,0.0,0.0,1.0,0.0,0.0,0.0,1185732.0,0.0,1.0,0.0,0.0,0.0,0.0,0.0,29.0,6.0,7.0,2021.0,625
43.0,0.52,39.0,0.0,0.0,0.0,1.0,0.0,1.0,0.0,0.0,0.0,1185732.0,1.0,0.0,0.0,0.0,0.0,1.0,0.0,38.0,6.0,5.0,2021.0,44
43.0,0.45,37.0,0.0,0.0,0.0,0.0,1.0,1.0,0.0,0.0,0.0,1185732.0,0.0,0.0,1.0,0.0,0.0,0.0,1.0,38.0,7.0,11.0,2021.0,68
35.0,0.3,65.0,0.0,0.0,0.0,0.0,0.0,1.0,0.0,0.0,0.0,1185732.0,0.0,0.0,0.0,1.0,0.0,0.0,1.0,31.0,7.0,5.0,2020.0,900
20.0,0.4,65.0,0.0,1.0,0.0,0.0,0.0,1.0,0.0,0.0,0.0,1185732.0,1.0,0.0,0.0,0.0,0.0,0.0,0.0,6.0,3.0,12.0,2021.0,575
0.0,0.48,54.0,1.0,0.0,0.0,0.0,0.0,1.0,0.0,0.0,0.0,1185732.0,0.0,0.0,0.0,0.0,1.0,1.0,0.0,31.0,10.0,6.0,2021.0,175
43.0,0.46,31.0,0.0,0.0,0.0,1.0,0.0,1.0,0.0,0.0,0.0,1185732.0,1.0,0.0,0.0,0.0,0.0,0.0,1.0,38.0,6.0,7.0,2021.0,60
30.0,0.46,48.0,0.0,1.0,0.0,0.0,0.0,1.0,0.0,0.0,0.0,1185732.0,0.0,0.0,0.0,0.0,0.0,0.0,1.0,28.0,18.0,8.0,2021.0,203
43.0,0.42000000000000004,32.0,0.0,0.0,0.0,0.0,1.0,1.0,0.0,0.0,0.0,1185732.0,1.0,0.0,0.0,0.0,0.0,0.0,1.0,38.0,6.0,5.0,2021.0,60
43.0,0.53,29.0,0.0,0.0,0.0,1.0,0.0,1.0,0.0,0.0,0.0,1185732.0,1.0,0.0,0.0,0.0,0.0,1.0,0.0,38.0,7.0,4.0,2021.0,13
8.0,0.3,54.99999999999999,0.0,1.0,0.0,0.0,0.0,1.0,0.0,0.0,0.0,1185732.0,0.0,0.0,1.0,0.0,0.0,0.0,0.0,20.0,13.0,9.0,2021.0,450
40.0,0.45999999999999996,43.0,0.0,0.0,0.0,1.0,0.0,1.0,0.0,0.0,0.0,1185732.0,1.0,0.0,0.0,0.0,0.0,0.0,1.0,37.0,24.0,12.0,2021.0,60
9.0,0.43000000000000005,39.0,1.0,0.0,0.0,0.0,0.0,1.0,0.0,0.0,0.0,1185732.0,0.0,0.0,0.0,0.0,0.0,0.0,1.0,44.0,21.0,1.0,2021.0,111
10.0,0.52,43.0,0.0,1.0,0.0,0.0,0.0,1.0,0.0,0.0,0.0,1185732.0,0.0,0.0,0.0,0.0,1.0,1.0,0.0,47.0,17.0,6.0,2021.0,150
43.0,0.38999999999999996,35.0,1.0,0.0,0.0,0.0,0.0,1.0,0.0,0.0,0.0,1185732.0,1.0,0.0,0.0,0.0,0.0,0.0,1.0,38.0,8.0,6.0,2021.0,105
9.0,0.55,49.0,0.0,1.0,0.0,0.0,0.0,1.0,0.0,0.0,0.0,1185732.0,0.0,0.0,0.0,0.0,0.0,1.0,0.0,44.0,21.0,1.0,2021.0,131
8.0,0.3,50.0,1.0,0.0,0.0,0.0,0.0,1.0,0.0,0.0,0.0,1185732.0,0.0,0.0,1.0,0.0,0.0,0.0,0.0,20.0,14.0,8.0,2021.0,350
20.0,0.53,29.0,0.0,0.0,0.0,1.0,0.0,1.0,0.0,0.0,0.0,1185732.0,1.0,0.0,0.0,0.0,0.0,1.0,0.0,6.0,10.0,1.0,2021.0,20
36.0,0.4,54.99999999999999,0.0,0.0,1.0,0.0,0.0,1.0,0.0,0.0,0.0,1185732.0,0.0,1.0,0.0,0.0,0.0,0.0,0.0,29.0,6.0,7.0,2021.0,450
4.0,0.4,54.0,0.0,0.0,1.0,0.0,0.0,1.0,0.0,0.0,0.0,1185732.0,0.0,0.0,1.0,0.0,0.0,1.0,0.0,19.0,20.0,9.0,2021.0,50
20.0,0.3,54.99999999999999,0.0,0.0,0.0,0.0,0.0,1.0,0.0,0.0,0.0,1185732.0,0.0,0.0,1.0,0.0,0.0,0.0,0.0,6.0,3.0,9.0,2021.0,175
10.0,0.4,30.000000000000004,0.0,0.0,1.0,0.0,0.0,1.0,0.0,0.0,0.0,1185732.0,0.0,0.0,0.0,0.0,1.0,0.0,0.0,47.0,16.0,3.0,2021.0,325
43.0,0.4,40.0,0.0,0.0,0.0,1.0,0.0,1.0,0.0,0.0,0.0,1185732.0,1.0,0.0,0.0,0.0,0.0,0.0,0.0,38.0,7.0,8.0,2021.0,150
9.0,0.5,44.0,1.0,0.0,0.0,0.0,0.0,1.0,0.0,0.0,0.0,1185732.0,0.0,0.0,0.0,0.0,0.0,0.0,1.0,44.0,12.0,6.0,2021.0,120
0.0,0.35,55.00000000000001,0.0,0.0,0.0,0.0,0.0,1.0,0.0,0.0,0.0,1185732.0,0.0,0.0,0.0,0.0,1.0,0.0,0.0,31.0,8.0,9.0,2021.0,525
40.0,0.51,32.0,0.0,1.0,0.0,0.0,0.0,1.0,0.0,0.0,0.0,1128299.0,0.0,0.0,0.0,0.0,1.0,1.0,0.0,37.0,2.0,1.0,2020.0,122
9.0,0.45999999999999996,36.0,0.0,0.0,0.0,1.0,0.0,1.0,0.0,0.0,0.0,1185732.0,0.0,0.0,0.0,0.0,0.0,1.0,0.0,44.0,12.0,2.0,2021.0,45
43.0,0.3,40.0,1.0,0.0,0.0,0.0,0.0,1.0,0.0,0.0,0.0,1185732.0,0.0,0.0,1.0,0.0,0.0,0.0,0.0,38.0,15.0,2.0,2021.0,150
0.0,0.3,45.0,0.0,0.0,0.0,1.0,0.0,1.0,0.0,0.0,0.0,1185732.0,0.0,0.0,0.0,0.0,1.0,0.0,0.0,31.0,9.0,8.0,2021.0,575
4.0,0.35,40.0,0.0,0.0,0.0,0.0,1.0,1.0,0.0,0.0,0.0,1185732.0,0.0,0.0,1.0,0.0,0.0,0.0,0.0,19.0,21.0,8.0,2021.0,200
8.0,0.45,45.0,0.0,1.0,0.0,0.0,0.0,1.0,0.0,0.0,0.0,1185732.0,0.0,0.0,0.0,0.0,0.0,0.0,0.0,20.0,14.0,1.0,2021.0,525
9.0,0.45,55.00000000000001,1.0,0.0,0.0,0.0,0.0,1.0,0.0,0.0,0.0,1185732.0,0.0,0.0,0.0,0.0,0.0,0.0,0.0,44.0,10.0,9.0,2021.0,325
0.0,0.56,59.0,0.0,1.0,0.0,0.0,0.0,1.0,0.0,0.0,0.0,1185732.0,0.0,0.0,0.0,0.0,1.0,1.0,0.0,31.0,10.0,6.0,2021.0,263
9.0,0.35,35.0,0.0,0.0,0.0,0.0,1.0,1.0,0.0,0.0,0.0,1185732.0,0.0,0.0,0.0,0.0,0.0,0.0,0.0,44.0,10.0,3.0,2021.0,275
9.0,0.5800000000000001,58.0,0.0,1.0,0.0,0.0,0.0,1.0,0.0,0.0,0.0,1185732.0,0.0,0.0,0.0,0.0,0.0,1.0,0.0,44.0,12.0,6.0,2021.0,163
20.0,0.44,53.0,0.0,0.0,0.0,0.0,0.0,1.0,0.0,0.0,0.0,1185732.0,0.0,0.0,1.0,0.0,0.0,1.0,0.0,6.0,5.0,6.0,2021.0,74
4.0,0.5,37.0,0.0,0.0,0.0,0.0,1.0,1.0,0.0,0.0,0.0,1185732.0,1.0,0.0,0.0,0.0,0.0,1.0,0.0,19.0,22.0,6.0,2021.0,47
40.0,0.36,53.0,0.0,0.0,1.0,0.0,0.0,1.0,0.0,0.0,0.0,1185732.0,1.0,0.0,0.0,0.0,0.0,0.0,1.0,37.0,26.0,12.0,2021.0,75
40.0,0.39999999999999997,45.0,0.0,0.0,0.0,1.0,0.0,1.0,0.0,0.0,0.0,1185732.0,1.0,0.0,0.0,0.0,0.0,0.0,1.0,37.0,6.0,11.0,2021.0,25
51.0,0.4,55.00000000000001,0.0,0.0,0.0,0.0,1.0,1.0,0.0,0.0,0.0,1185732.0,0.0,1.0,0.0,0.0,0.0,0.0,0.0,7.0,14.0,11.0,2021.0,320
35.0,0.5,50.0,0.0,1.0,0.0,0.0,0.0,1.0,0.0,0.0,0.0,1185732.0,1.0,0.0,0.0,0.0,0.0,0.0,1.0,31.0,25.0,1.0,2020.0,1220
30.0,0.42000000000000004,49.0,0.0,1.0,0.0,0.0,0.0,1.0,0.0,0.0,0.0,1185732.0,0.0,0.0,0.0,0.0,0.0,0.0,1.0,28.0,17.0,7.0,2021.0,224
20.0,0.49,38.0,0.0,0.0,1.0,0.0,0.0,1.0,0.0,0.0,0.0,1185732.0,0.0,0.0,1.0,0.0,0.0,1.0,0.0,6.0,3.0,3.0,2021.0,73
4.0,0.3,45.0,0.0,0.0,0.0,0.0,0.0,1.0,0.0,0.0,0.0,1185732.0,0.0,0.0,0.0,0.0,1.0,0.0,0.0,19.0,20.0,3.0,2021.0,75
20.0,0.42,50.0,0.0,0.0,0.0,1.0,0.0,1.0,0.0,0.0,0.0,1185732.0,1.0,0.0,0.0,0.0,0.0,1.0,0.0,6.0,4.0,11.0,2021.0,80
9.0,0.35,50.0,0.0,0.0,0.0,0.0,1.0,1.0,0.0,0.0,0.0,1185732.0,0.0,0.0,0.0,0.0,0.0,0.0,0.0,44.0,11.0,8.0,2021.0,350
9.0,0.49,45.0,0.0,0.0,0.0,1.0,0.0,1.0,0.0,0.0,0.0,1185732.0,0.0,0.0,0.0,0.0,0.0,1.0,0.0,44.0,10.0,9.0,2021.0,52
4.0,0.35,45.0,1.0,0.0,0.0,0.0,0.0,1.0,0.0,0.0,0.0,1185732.0,0.0,0.0,1.0,0.0,0.0,0.0,0.0,19.0,20.0,9.0,2021.0,225
8.0,0.49,36.0,1.0,0.0,0.0,0.0,0.0,1.0,0.0,0.0,0.0,1185732.0,0.0,0.0,0.0,0.0,0.0,0.0,1.0,20.0,14.0,1.0,2021.0,107
9.0,0.44999999999999996,38.0,0.0,0.0,0.0,0.0,1.0,1.0,0.0,0.0,0.0,1185732.0,0.0,0.0,0.0,0.0,0.0,1.0,0.0,44.0,21.0,1.0,2021.0,81
30.0,0.33999999999999997,43.0,0.0,0.0,0.0,1.0,0.0,1.0,0.0,0.0,0.0,1185732.0,1.0,0.0,0.0,0.0,0.0,0.0,1.0,28.0,18.0,11.0,2021.0,114
43.0,0.44,38.0,1.0,0.0,0.0,0.0,0.0,1.0,0.0,0.0,0.0,1185732.0,0.0,0.0,1.0,0.0,0.0,1.0,0.0,38.0,17.0,1.0,2021.0,68
20.0,0.35,35.0,1.0,0.0,0.0,0.0,0.0,1.0,0.0,0.0,0.0,1185732.0,1.0,0.0,0.0,0.0,0.0,0.0,0.0,6.0,10.0,1.0,2021.0,225
42.0,0.47,37.0,1.0,0.0,0.0,0.0,0.0,1.0,0.0,0.0,0.0,1185732.0,0.0,0.0,0.0,0.0,0.0,1.0,0.0,18.0,31.0,10.0,2021.0,44
42.0,0.35,65.0,0.0,1.0,0.0,0.0,0.0,1.0,0.0,0.0,0.0,1185732.0,0.0,0.0,0.0,0.0,0.0,0.0,1.0,18.0,17.0,12.0,2021.0,475
43.0,0.42,40.0,0.0,1.0,0.0,0.0,0.0,1.0,0.0,0.0,0.0,1185732.0,0.0,0.0,1.0,0.0,0.0,0.0,1.0,38.0,7.0,11.0,2021.0,105
30.0,0.37,33.0,0.0,0.0,1.0,0.0,0.0,1.0,0.0,0.0,0.0,1185732.0,0.0,0.0,0.0,0.0,0.0,0.0,1.0,28.0,18.0,4.0,2021.0,101
30.0,0.42,50.0,0.0,0.0,1.0,0.0,0.0,1.0,0.0,0.0,0.0,1185732.0,0.0,0.0,0.0,0.0,0.0,0.0,1.0,28.0,19.0,6.0,2021.0,162
36.0,0.4,40.0,0.0,0.0,0.0,1.0,0.0,1.0,0.0,0.0,0.0,1185732.0,0.0,1.0,0.0,0.0,0.0,0.0,0.0,29.0,6.0,7.0,2021.0,250
9.0,0.39999999999999997,65.0,0.0,0.0,1.0,0.0,0.0,1.0,0.0,0.0,0.0,1185732.0,0.0,0.0,0.0,0.0,0.0,0.0,0.0,44.0,12.0,6.0,2021.0,450
35.0,0.43,60.0,0.0,0.0,0.0,0.0,0.0,1.0,0.0,0.0,0.0,1185732.0,0.0,0.0,0.0,1.0,0.0,1.0,0.0,31.0,7.0,5.0,2020.0,261
4.0,0.3,54.99999999999999,0.0,0.0,1.0,0.0,0.0,1.0,0.0,0.0,0.0,1185732.0,0.0,0.0,0.0,0.0,1.0,0.0,0.0,19.0,20.0,5.0,2021.0,250
8.0,0.3,55.00000000000001,1.0,0.0,0.0,0.0,0.0,1.0,0.0,0.0,0.0,1185732.0,0.0,0.0,0.0,0.0,0.0,0.0,0.0,20.0,14.0,11.0,2021.0,300
4.0,0.42,61.0,0.0,0.0,1.0,0.0,0.0,1.0,0.0,0.0,0.0,1185732.0,1.0,0.0,0.0,0.0,0.0,1.0,0.0,19.0,20.0,12.0,2021.0,72
10.0,0.4,35.0,1.0,0.0,0.0,0.0,0.0,1.0,0.0,0.0,0.0,1185732.0,0.0,0.0,0.0,0.0,1.0,0.0,0.0,47.0,17.0,10.0,2021.0,275
36.0,0.53,39.0,0.0,0.0,0.0,0.0,1.0,1.0,0.0,0.0,0.0,1185732.0,0.0,1.0,0.0,0.0,0.0,1.0,0.0,29.0,6.0,9.0,2021.0,51
42.0,0.51,39.0,0.0,0.0,1.0,0.0,0.0,1.0,0.0,0.0,0.0,1185732.0,0.0,0.0,0.0,0.0,0.0,1.0,0.0,18.0,4.0,11.0,2021.0,63
8.0,0.37,31.0,0.0,0.0,1.0,0.0,0.0,1.0,0.0,0.0,0.0,1185732.0,0.0,0.0,1.0,0.0,0.0,0.0,1.0,20.0,13.0,3.0,2021.0,68
20.0,0.32999999999999996,43.0,0.0,0.0,0.0,0.0,0.0,1.0,0.0,0.0,0.0,1185732.0,0.0,0.0,1.0,0.0,0.0,0.0,1.0,6.0,4.0,8.0,2021.0,62
20.0,0.35,40.0,0.0,0.0,1.0,0.0,0.0,1.0,0.0,0.0,0.0,1185732.0,0.0,0.0,1.0,0.0,0.0,0.0,0.0,6.0,4.0,4.0,2021.0,275
20.0,0.42,23.0,0.0,1.0,0.0,0.0,0.0,1.0,0.0,0.0,0.0,1185732.0,1.0,0.0,0.0,0.0,0.0,0.0,1.0,6.0,10.0,1.0,2021.0,149
35.0,0.39999999999999997,42.0,0.0,0.0,0.0,0.0,1.0,1.0,0.0,0.0,0.0,1185732.0,0.0,0.0,0.0,1.0,0.0,0.0,1.0,31.0,5.0,5.0,2020.0,333
43.0,0.52,23.0,0.0,0.0,0.0,0.0,1.0,1.0,0.0,0.0,0.0,1185732.0,1.0,0.0,0.0,0.0,0.0,1.0,0.0,38.0,6.0,3.0,2021.0,51
42.0,0.44999999999999996,42.0,0.0,0.0,0.0,1.0,0.0,1.0,0.0,0.0,0.0,1185732.0,0.0,0.0,0.0,0.0,0.0,1.0,0.0,18.0,30.0,12.0,2021.0,36
9.0,0.51,42.0,1.0,0.0,0.0,0.0,0.0,1.0,0.0,0.0,0.0,1185732.0,0.0,0.0,0.0,0.0,0.0,0.0,1.0,44.0,10.0,9.0,2021.0,111
20.0,0.4,54.99999999999999,0.0,1.0,0.0,0.0,0.0,1.0,0.0,0.0,0.0,1185732.0,0.0,0.0,1.0,0.0,0.0,0.0,0.0,6.0,5.0,6.0,2021.0,625
43.0,0.35,31.0,1.0,0.0,0.0,0.0,0.0,1.0,0.0,0.0,0.0,1185732.0,0.0,0.0,1.0,0.0,0.0,0.0,1.0,38.0,15.0,2.0,2021.0,53
4.0,0.45999999999999996,37.0,1.0,0.0,0.0,0.0,0.0,1.0,0.0,0.0,0.0,1185732.0,1.0,0.0,0.0,0.0,0.0,1.0,0.0,19.0,15.0,2.0,2021.0,61
10.0,0.4,35.0,0.0,0.0,0.0,0.0,0.0,1.0,0.0,0.0,0.0,1185732.0,0.0,0.0,0.0,0.0,1.0,0.0,0.0,47.0,18.0,9.0,2021.0,225
40.0,0.45999999999999996,51.0,0.0,0.0,0.0,0.0,0.0,1.0,0.0,0.0,0.0,1185732.0,1.0,0.0,0.0,0.0,0.0,1.0,0.0,37.0,1.0,11.0,2021.0,36
42.0,0.49,62.0,0.0,1.0,0.0,0.0,0.0,1.0,0.0,0.0,0.0,1185732.0,0.0,0.0,0.0,0.0,0.0,1.0,0.0,18.0,18.0,11.0,2021.0,98
9.0,0.51,48.0,0.0,1.0,0.0,0.0,0.0,1.0,0.0,0.0,0.0,1185732.0,0.0,0.0,0.0,0.0,0.0,0.0,1.0,44.0,10.0,5.0,2021.0,177
9.0,0.32999999999999996,43.0,0.0,0.0,0.0,0.0,0.0,1.0,0.0,0.0,0.0,1185732.0,0.0,0.0,0.0,0.0,0.0,0.0,1.0,44.0,21.0,1.0,2021.0,74
10.0,0.55,42.0,1.0,0.0,0.0,0.0,0.0,1.0,0.0,0.0,0.0,1185732.0,0.0,0.0,0.0,0.0,1.0,1.0,0.0,47.0,17.0,8.0,2021.0,90
10.0,0.52,44.0,0.0,1.0,0.0,0.0,0.0,1.0,0.0,0.0,0.0,1185732.0,1.0,0.0,0.0,0.0,0.0,1.0,0.0,47.0,17.0,11.0,2021.0,117
43.0,0.25,30.000000000000004,0.0,0.0,0.0,0.0,1.0,1.0,0.0,0.0,0.0,1185732.0,0.0,0.0,1.0,0.0,0.0,0.0,0.0,38.0,17.0,1.0,2021.0,250
20.0,0.38999999999999996,32.0,0.0,0.0,1.0,0.0,0.0,1.0,0.0,0.0,0.0,1185732.0,0.0,0.0,1.0,0.0,0.0,0.0,1.0,6.0,5.0,2.0,2021.0,96
35.0,0.45999999999999996,41.0,0.0,0.0,0.0,1.0,0.0,1.0,0.0,0.0,0.0,1185732.0,1.0,0.0,0.0,0.0,0.0,1.0,0.0,31.0,4.0,1.0,2020.0,247
42.0,0.4,60.0,0.0,0.0,1.0,0.0,0.0,1.0,0.0,0.0,0.0,1185732.0,0.0,0.0,0.0,0.0,0.0,0.0,1.0,18.0,20.0,12.0,2021.0,375
9.0,0.5,59.0,0.0,0.0,0.0,0.0,1.0,1.0,0.0,0.0,0.0,1185732.0,0.0,0.0,0.0,0.0,0.0,1.0,0.0,44.0,12.0,10.0,2021.0,54
43.0,0.5,54.0,0.0,1.0,0.0,0.0,0.0,1.0,0.0,0.0,0.0,1185732.0,0.0,0.0,1.0,0.0,0.0,1.0,0.0,38.0,6.0,12.0,2021.0,135
4.0,0.3,50.0,0.0,0.0,0.0,0.0,0.0,1.0,0.0,0.0,0.0,1185732.0,1.0,0.0,0.0,0.0,0.0,0.0,0.0,19.0,17.0,1.0,2021.0,225
35.0,0.6,60.0,0.0,1.0,0.0,0.0,0.0,1.0,0.0,0.0,0.0,1185732.0,0.0,0.0,0.0,1.0,0.0,1.0,0.0,31.0,27.0,4.0,2020.0,299
20.0,0.35,60.0,0.0,0.0,1.0,0.0,0.0,1.0,0.0,0.0,0.0,1185732.0,0.0,0.0,1.0,0.0,0.0,0.0,0.0,6.0,3.0,9.0,2021.0,275
30.0,0.32999999999999996,52.0,0.0,0.0,0.0,0.0,1.0,1.0,0.0,0.0,0.0,1185732.0,1.0,0.0,0.0,0.0,0.0,0.0,1.0,28.0,19.0,10.0,2021.0,60
43.0,0.43000000000000005,30.0,0.0,0.0,0.0,0.0,1.0,1.0,0.0,0.0,0.0,1185732.0,1.0,0.0,0.0,0.0,0.0,0.0,1.0,38.0,7.0,8.0,2021.0,85
35.0,0.37,48.0,0.0,0.0,0.0,0.0,0.0,1.0,0.0,0.0,0.0,1185732.0,0.0,0.0,0.0,1.0,0.0,0.0,1.0,31.0,7.0,5.0,2020.0,279
20.0,0.3,35.0,0.0,0.0,0.0,1.0,0.0,1.0,0.0,0.0,0.0,1185732.0,0.0,0.0,1.0,0.0,0.0,0.0,0.0,6.0,4.0,4.0,2021.0,125
40.0,0.41,47.0,1.0,0.0,0.0,0.0,0.0,1.0,0.0,0.0,0.0,1185732.0,1.0,0.0,0.0,0.0,0.0,0.0,1.0,37.0,28.0,12.0,2021.0,85
8.0,0.37,36.0,1.0,0.0,0.0,0.0,0.0,1.0,0.0,0.0,0.0,1185732.0,0.0,0.0,1.0,0.0,0.0,0.0,1.0,20.0,13.0,7.0,2021.0,105
30.0,0.4,52.0,0.0,0.0,0.0,1.0,0.0,1.0,0.0,0.0,0.0,1185732.0,0.0,0.0,0.0,0.0,0.0,1.0,0.0,28.0,17.0,5.0,2021.0,80
35.0,0.37,43.0,0.0,0.0,0.0,0.0,0.0,1.0,0.0,0.0,0.0,1185732.0,1.0,0.0,0.0,0.0,0.0,0.0,1.0,31.0,5.0,1.0,2020.0,306
8.0,0.25,55.00000000000001,0.0,0.0,0.0,1.0,0.0,1.0,0.0,0.0,0.0,1185732.0,0.0,0.0,0.0,0.0,0.0,0.0,0.0,20.0,13.0,12.0,2021.0,300
43.0,0.5,50.0,0.0,0.0,1.0,0.0,0.0,1.0,0.0,0.0,0.0,1185732.0,1.0,0.0,0.0,0.0,0.0,1.0,0.0,38.0,6.0,7.0,2021.0,116
43.0,0.3,40.0,1.0,0.0,0.0,0.0,0.0,1.0,0.0,0.0,0.0,1185732.0,0.0,0.0,1.0,0.0,0.0,0.0,0.0,38.0,17.0,1.0,2021.0,250
9.0,0.51,44.0,0.0,0.0,1.0,0.0,0.0,1.0,0.0,0.0,0.0,1185732.0,0.0,0.0,0.0,0.0,0.0,1.0,0.0,44.0,11.0,4.0,2021.0,90
20.0,0.41,44.0,0.0,0.0,0.0,1.0,0.0,1.0,0.0,0.0,0.0,1185732.0,0.0,0.0,1.0,0.0,0.0,1.0,0.0,6.0,3.0,5.0,2021.0,63
40.0,0.48,64.0,0.0,0.0,0.0,0.0,0.0,1.0,0.0,0.0,0.0,1185732.0,1.0,0.0,0.0,0.0,0.0,1.0,0.0,37.0,25.0,12.0,2021.0,42
43.0,0.47000000000000003,40.0,0.0,0.0,0.0,0.0,1.0,1.0,0.0,0.0,0.0,1185732.0,0.0,0.0,1.0,0.0,0.0,0.0,1.0,38.0,6.0,12.0,2021.0,88
8.0,0.28,31.0,0.0,0.0,0.0,1.0,0.0,1.0,0.0,0.0,0.0,1185732.0,0.0,0.0,1.0,0.0,0.0,0.0,1.0,20.0,14.0,8.0,2021.0,58
20.0,0.48,56.0,0.0,0.0,1.0,0.0,0.0,1.0,0.0,0.0,0.0,1185732.0,0.0,0.0,1.0,0.0,0.0,1.0,0.0,6.0,3.0,7.0,2021.0,143
51.0,0.4,45.0,0.0,0.0,0.0,1.0,0.0,1.0,0.0,0.0,0.0,1185732.0,1.0,0.0,0.0,0.0,0.0,0.0,0.0,7.0,14.0,8.0,2021.0,250
8.0,0.3,50.0,1.0,0.0,0.0,0.0,0.0,1.0,0.0,0.0,0.0,1185732.0,0.0,0.0,1.0,0.0,0.0,0.0,0.0,20.0,15.0,6.0,2021.0,325
40.0,0.3,50.0,1.0,0.0,0.0,0.0,0.0,1.0,0.0,0.0,0.0,1185732.0,1.0,0.0,0.0,0.0,0.0,0.0,1.0,37.0,16.0,12.0,2021.0,225
51.0,0.35,35.0,0.0,1.0,0.0,0.0,0.0,1.0,0.0,0.0,0.0,1185732.0,0.0,1.0,0.0,0.0,0.0,0.0,0.0,7.0,8.0,2.0,2021.0,525
8.0,0.44999999999999996,58.0,0.0,0.0,1.0,0.0,0.0,1.0,0.0,0.0,0.0,1185732.0,0.0,0.0,1.0,0.0,0.0,1.0,0.0,20.0,14.0,8.0,2021.0,91
30.0,0.25,45.0,0.0,0.0,0.0,0.0,1.0,1.0,0.0,0.0,0.0,1185732.0,1.0,0.0,0.0,0.0,0.0,0.0,1.0,28.0,24.0,1.0,2021.0,300
30.0,0.44,51.0,0.0,1.0,0.0,0.0,0.0,1.0,0.0,0.0,0.0,1185732.0,0.0,0.0,0.0,0.0,0.0,0.0,1.0,28.0,17.0,9.0,2021.0,193
4.0,0.47,49.0,0.0,0.0,0.0,1.0,0.0,1.0,0.0,0.0,0.0,1185732.0,1.0,0.0,0.0,0.0,0.0,1.0,0.0,19.0,20.0,12.0,2021.0,44
40.0,0.35,60.00000000000001,1.0,0.0,0.0,0.0,0.0,1.0,0.0,0.0,0.0,1185732.0,1.0,0.0,0.0,0.0,0.0,0.0,1.0,37.0,22.0,11.0,2021.0,250
40.0,0.5,52.0,0.0,0.0,0.0,0.0,1.0,1.0,0.0,0.0,0.0,1185732.0,1.0,0.0,0.0,0.0,0.0,1.0,0.0,37.0,23.0,11.0,2021.0,44
30.0,0.53,64.0,0.0,1.0,0.0,0.0,0.0,1.0,0.0,0.0,0.0,1185732.0,0.0,0.0,0.0,0.0,0.0,1.0,0.0,28.0,17.0,7.0,2021.0,196
10.0,0.52,38.0,0.0,0.0,0.0,0.0,1.0,1.0,0.0,0.0,0.0,1185732.0,0.0,0.0,0.0,0.0,1.0,1.0,0.0,47.0,17.0,8.0,2021.0,87
9.0,0.35,70.0,0.0,0.0,0.0,0.0,0.0,1.0,0.0,0.0,0.0,1185732.0,0.0,0.0,0.0,0.0,0.0,0.0,0.0,44.0,12.0,10.0,2021.0,175
4.0,0.35,30.0,0.0,0.0,0.0,1.0,0.0,1.0,0.0,0.0,0.0,1185732.0,0.0,0.0,0.0,0.0,1.0,0.0,0.0,19.0,22.0,2.0,2021.0,50
10.0,0.4,35.0,0.0,0.0,0.0,0.0,1.0,1.0,0.0,0.0,0.0,1185732.0,0.0,0.0,0.0,0.0,1.0,0.0,0.0,47.0,17.0,10.0,2021.0,175
0.0,0.45,45.0,0.0,1.0,0.0,0.0,0.0,1.0,0.0,0.0,0.0,1185732.0,0.0,0.0,0.0,0.0,1.0,0.0,0.0,31.0,9.0,4.0,2021.0,825
0.0,0.5,70.0,0.0,0.0,1.0,0.0,0.0,1.0,0.0,0.0,0.0,1185732.0,0.0,0.0,0.0,0.0,1.0,0.0,0.0,31.0,10.0,6.0,2021.0,725
40.0,0.39999999999999997,60.00000000000001,0.0,0.0,0.0,0.0,1.0,1.0,0.0,0.0,0.0,1185732.0,1.0,0.0,0.0,0.0,0.0,0.0,1.0,37.0,23.0,12.0,2021.0,195
0.0,0.5,45.0,0.0,0.0,1.0,0.0,0.0,1.0,0.0,0.0,0.0,1185732.0,0.0,0.0,0.0,0.0,1.0,0.0,0.0,31.0,10.0,2.0,2021.0,650
20.0,0.4,25.000000000000007,0.0,0.0,0.0,0.0,1.0,1.0,0.0,0.0,0.0,1185732.0,1.0,0.0,0.0,0.0,0.0,0.0,0.0,6.0,10.0,1.0,2021.0,225
30.0,0.47000000000000003,40.0,1.0,0.0,0.0,0.0,0.0,1.0,0.0,0.0,0.0,1185732.0,0.0,0.0,0.0,0.0,0.0,0.0,1.0,28.0,19.0,6.0,2021.0,140
30.0,0.28,50.0,0.0,0.0,0.0,0.0,0.0,1.0,0.0,0.0,0.0,1185732.0,1.0,0.0,0.0,0.0,0.0,0.0,1.0,28.0,24.0,1.0,2021.0,64
8.0,0.31,29.0,0.0,0.0,0.0,0.0,1.0,1.0,0.0,0.0,0.0,1185732.0,0.0,0.0,1.0,0.0,0.0,0.0,1.0,20.0,14.0,8.0,2021.0,85
8.0,0.25,55.00000000000001,0.0,0.0,0.0,0.0,1.0,1.0,0.0,0.0,0.0,1185732.0,0.0,0.0,0.0,0.0,0.0,0.0,0.0,20.0,13.0,12.0,2021.0,350
10.0,0.55,33.0,0.0,0.0,0.0,1.0,0.0,1.0,0.0,0.0,0.0,1185732.0,0.0,0.0,0.0,0.0,1.0,1.0,0.0,47.0,18.0,5.0,2021.0,50
30.0,0.47000000000000003,39.0,1.0,0.0,0.0,0.0,0.0,1.0,0.0,0.0,0.0,1185732.0,0.0,0.0,0.0,0.0,0.0,0.0,1.0,28.0,18.0,8.0,2021.0,135
10.0,0.51,28.0,0.0,1.0,0.0,0.0,0.0,1.0,0.0,0.0,0.0,1185732.0,0.0,0.0,0.0,0.0,1.0,1.0,0.0,47.0,16.0,3.0,2021.0,165
35.0,0.55,34.0,0.0,0.0,0.0,1.0,0.0,1.0,0.0,0.0,0.0,1197831.0,0.0,0.0,1.0,0.0,0.0,1.0,0.0,31.0,22.0,7.0,2020.0,175
8.0,0.28,34.0,0.0,0.0,0.0,1.0,0.0,1.0,0.0,0.0,0.0,1185732.0,0.0,0.0,1.0,0.0,0.0,0.0,1.0,20.0,15.0,6.0,2021.0,72
35.0,0.6,59.0,0.0,1.0,0.0,0.0,0.0,1.0,0.0,0.0,0.0,1185732.0,1.0,0.0,0.0,0.0,0.0,1.0,0.0,31.0,10.0,3.0,2020.0,319
9.0,0.52,68.0,0.0,0.0,1.0,0.0,0.0,1.0,0.0,0.0,0.0,1185732.0,0.0,0.0,0.0,0.0,0.0,1.0,0.0,44.0,10.0,12.0,2021.0,106
35.0,0.32999999999999996,43.0,0.0,0.0,0.0,0.0,0.0,1.0,0.0,0.0,0.0,1185732.0,0.0,0.0,0.0,1.0,0.0,0.0,1.0,31.0,17.0,4.0,2020.0,279
8.0,0.25,55.00000000000001,0.0,0.0,0.0,1.0,0.0,1.0,0.0,0.0,0.0,1185732.0,0.0,0.0,0.0,0.0,0.0,0.0,0.0,20.0,14.0,11.0,2021.0,275
9.0,0.42,40.0,0.0,0.0,0.0,1.0,0.0,1.0,0.0,0.0,0.0,1185732.0,0.0,0.0,0.0,0.0,0.0,0.0,1.0,44.0,11.0,8.0,2021.0,85
30.0,0.3,40.0,0.0,0.0,0.0,0.0,1.0,1.0,0.0,0.0,0.0,1185732.0,0.0,0.0,0.0,0.0,0.0,0.0,0.0,28.0,18.0,4.0,2021.0,250
43.0,0.39,48.0,0.0,0.0,0.0,0.0,0.0,1.0,0.0,0.0,0.0,1185732.0,0.0,0.0,1.0,0.0,0.0,1.0,0.0,38.0,17.0,1.0,2021.0,41
30.0,0.32999999999999996,41.0,0.0,0.0,0.0,0.0,0.0,1.0,0.0,0.0,0.0,1185732.0,0.0,0.0,0.0,0.0,0.0,0.0,1.0,28.0,19.0,2.0,2021.0,96
51.0,0.4,55.00000000000001,0.0,0.0,0.0,1.0,0.0,1.0,0.0,0.0,0.0,1185732.0,0.0,1.0,0.0,0.0,0.0,0.0,0.0,7.0,13.0,12.0,2021.0,325
36.0,0.54,59.0,0.0,0.0,1.0,0.0,0.0,1.0,0.0,0.0,0.0,1185732.0,0.0,0.0,1.0,0.0,0.0,1.0,0.0,29.0,6.0,12.0,2021.0,101
43.0,0.41,48.0,0.0,0.0,0.0,0.0,0.0,1.0,0.0,0.0,0.0,1185732.0,1.0,0.0,0.0,0.0,0.0,1.0,0.0,38.0,8.0,6.0,2021.0,58
35.0,0.3,50.0,1.0,0.0,0.0,0.0,0.0,1.0,0.0,0.0,0.0,1185732.0,1.0,0.0,0.0,0.0,0.0,0.0,1.0,31.0,1.0,2.0,2020.0,900
30.0,0.54,58.0,1.0,0.0,0.0,0.0,0.0,1.0,0.0,0.0,0.0,1185732.0,0.0,0.0,0.0,0.0,0.0,1.0,0.0,28.0,18.0,8.0,2021.0,135
4.0,0.35,40.0,0.0,0.0,0.0,1.0,0.0,1.0,0.0,0.0,0.0,1185732.0,1.0,0.0,0.0,0.0,0.0,0.0,0.0,19.0,22.0,6.0,2021.0,150
20.0,0.3,55.00000000000001,0.0,0.0,0.0,1.0,0.0,1.0,0.0,0.0,0.0,1185732.0,0.0,0.0,1.0,0.0,0.0,0.0,0.0,6.0,5.0,10.0,2021.0,150
20.0,0.3,45.0,0.0,0.0,0.0,0.0,1.0,1.0,0.0,0.0,0.0,1185732.0,0.0,0.0,1.0,0.0,0.0,0.0,0.0,6.0,3.0,7.0,2021.0,325
40.0,0.5,43.0,0.0,0.0,0.0,1.0,0.0,1.0,0.0,0.0,0.0,1128299.0,0.0,0.0,0.0,0.0,1.0,1.0,0.0,37.0,5.0,1.0,2020.0,87
8.0,0.25,45.0,0.0,0.0,0.0,0.0,1.0,1.0,0.0,0.0,0.0,1185732.0,0.0,0.0,1.0,0.0,0.0,0.0,0.0,20.0,15.0,6.0,2021.0,250
40.0,0.44999999999999996,48.0,0.0,0.0,0.0,1.0,0.0,1.0,0.0,0.0,0.0,1185732.0,1.0,0.0,0.0,0.0,0.0,1.0,0.0,37.0,18.0,12.0,2021.0,29
36.0,0.35,45.0,1.0,0.0,0.0,0.0,0.0,1.0,0.0,0.0,0.0,1185732.0,0.0,1.0,0.0,0.0,0.0,0.0,0.0,29.0,8.0,6.0,2021.0,350
30.0,0.49,64.0,0.0,0.0,1.0,0.0,0.0,1.0,0.0,0.0,0.0,1185732.0,0.0,0.0,0.0,0.0,0.0,1.0,0.0,28.0,17.0,7.0,2021.0,137
8.0,0.25,45.0,0.0,0.0,0.0,0.0,1.0,1.0,0.0,0.0,0.0,1185732.0,0.0,0.0,1.0,0.0,0.0,0.0,0.0,20.0,13.0,7.0,2021.0,275
4.0,0.48,42.0,1.0,0.0,0.0,0.0,0.0,1.0,0.0,0.0,0.0,1185732.0,0.0,0.0,1.0,0.0,0.0,1.0,0.0,19.0,20.0,7.0,2021.0,72
42.0,0.4,41.0,0.0,0.0,0.0,1.0,0.0,1.0,0.0,0.0,0.0,1185732.0,0.0,0.0,0.0,0.0,0.0,1.0,0.0,18.0,8.0,11.0,2021.0,34
10.0,0.4,44.99999999999999,0.0,0.0,0.0,0.0,0.0,1.0,0.0,0.0,0.0,1185732.0,0.0,0.0,0.0,0.0,1.0,0.0,0.0,47.0,18.0,5.0,2021.0,225
42.0,0.39999999999999997,45.0,0.0,0.0,0.0,0.0,1.0,1.0,0.0,0.0,0.0,1185732.0,0.0,0.0,0.0,0.0,0.0,0.0,1.0,18.0,7.0,11.0,2021.0,175
35.0,0.5,65.0,0.0,1.0,0.0,0.0,0.0,1.0,0.0,0.0,0.0,1185732.0,0.0,0.0,0.0,1.0,0.0,0.0,1.0,31.0,3.0,5.0,2020.0,1200
9.0,0.38999999999999996,43.0,0.0,0.0,0.0,0.0,0.0,1.0,0.0,0.0,0.0,1185732.0,0.0,0.0,0.0,0.0,0.0,0.0,1.0,44.0,11.0,8.0,2021.0,72
8.0,0.32,30.0,0.0,0.0,1.0,0.0,0.0,1.0,0.0,0.0,0.0,1185732.0,0.0,0.0,1.0,0.0,0.0,0.0,1.0,20.0,15.0,2.0,2021.0,80
42.0,0.49,38.0,0.0,1.0,0.0,0.0,0.0,1.0,0.0,0.0,0.0,1185732.0,0.0,0.0,0.0,0.0,0.0,1.0,0.0,18.0,18.0,10.0,2021.0,140
8.0,0.38,52.0,0.0,0.0,0.0,1.0,0.0,1.0,0.0,0.0,0.0,1185732.0,0.0,0.0,0.0,0.0,0.0,1.0,0.0,20.0,13.0,12.0,2021.0,75
10.0,0.4,20.0,0.0,0.0,0.0,0.0,1.0,1.0,0.0,0.0,0.0,1185732.0,0.0,0.0,0.0,0.0,1.0,0.0,0.0,47.0,16.0,3.0,2021.0,325
0.0,0.48,51.0,0.0,0.0,0.0,0.0,0.0,1.0,0.0,0.0,0.0,1185732.0,0.0,0.0,0.0,0.0,1.0,1.0,0.0,31.0,8.0,9.0,2021.0,131
35.0,0.36,40.0,1.0,0.0,0.0,0.0,0.0,1.0,0.0,0.0,0.0,1185732.0,0.0,0.0,0.0,1.0,0.0,0.0,1.0,31.0,28.0,4.0,2020.0,312
10.0,0.4,35.0,1.0,0.0,0.0,0.0,0.0,1.0,0.0,0.0,0.0,1185732.0,1.0,0.0,0.0,0.0,0.0,0.0,0.0,47.0,17.0,11.0,2021.0,350
42.0,0.35,54.99999999999999,0.0,1.0,0.0,0.0,0.0,1.0,0.0,0.0,0.0,1185732.0,0.0,0.0,0.0,0.0,0.0,0.0,1.0,18.0,5.0,11.0,2021.0,495
36.0,0.53,59.0,0.0,0.0,1.0,0.0,0.0,1.0,0.0,0.0,0.0,1185732.0,0.0,0.0,1.0,0.0,0.0,1.0,0.0,29.0,7.0,11.0,2021.0,91
36.0,0.35,45.0,1.0,0.0,0.0,0.0,0.0,1.0,0.0,0.0,0.0,1185732.0,0.0,1.0,0.0,0.0,0.0,0.0,0.0,29.0,6.0,5.0,2021.0,225
43.0,0.53,52.0,0.0,0.0,1.0,0.0,0.0,1.0,0.0,0.0,0.0,1185732.0,1.0,0.0,0.0,0.0,0.0,1.0,0.0,38.0,6.0,5.0,2021.0,81
51.0,0.52,59.0,0.0,0.0,1.0,0.0,0.0,1.0,0.0,0.0,0.0,1185732.0,1.0,0.0,0.0,0.0,0.0,1.0,0.0,7.0,14.0,8.0,2021.0,120
35.0,0.5,50.0,0.0,1.0,0.0,0.0,0.0,1.0,0.0,0.0,0.0,1185732.0,1.0,0.0,0.0,0.0,0.0,0.0,0.0,31.0,7.0,1.0,2020.0,1250
0.0,0.49,29.0,0.0,0.0,0.0,0.0,1.0,1.0,0.0,0.0,0.0,1185732.0,0.0,1.0,0.0,0.0,0.0,1.0,0.0,31.0,12.0,2.0,2021.0,143
40.0,0.33999999999999997,32.0,0.0,0.0,1.0,0.0,0.0,1.0,0.0,0.0,0.0,1185732.0,1.0,0.0,0.0,0.0,0.0,0.0,1.0,37.0,27.0,10.0,2021.0,70
10.0,0.35,35.0,1.0,0.0,0.0,0.0,0.0,1.0,0.0,0.0,0.0,1185732.0,1.0,0.0,0.0,0.0,0.0,0.0,0.0,47.0,24.0,1.0,2021.0,225
51.0,0.44999999999999996,47.0,1.0,0.0,0.0,0.0,0.0,1.0,0.0,0.0,0.0,1185732.0,1.0,0.0,0.0,0.0,0.0,1.0,0.0,7.0,13.0,7.0,2021.0,119
42.0,0.38,61.0,0.0,0.0,0.0,0.0,0.0,1.0,0.0,0.0,0.0,1185732.0,0.0,0.0,0.0,0.0,0.0,1.0,0.0,18.0,19.0,10.0,2021.0,27
8.0,0.35,35.0,0.0,0.0,0.0,0.0,1.0,1.0,0.0,0.0,0.0,1185732.0,0.0,0.0,0.0,0.0,0.0,0.0,0.0,20.0,12.0,2.0,2021.0,275
43.0,0.4,40.0,0.0,0.0,0.0,1.0,0.0,1.0,0.0,0.0,0.0,1185732.0,1.0,0.0,0.0,0.0,0.0,0.0,0.0,38.0,6.0,7.0,2021.0,200
9.0,0.4,50.0,1.0,0.0,0.0,0.0,0.0,1.0,0.0,0.0,0.0,1185732.0,0.0,0.0,0.0,0.0,0.0,0.0,0.0,44.0,21.0,1.0,2021.0,325
30.0,0.42000000000000004,38.0,1.0,0.0,0.0,0.0,0.0,1.0,0.0,0.0,0.0,1185732.0,0.0,0.0,0.0,0.0,0.0,0.0,1.0,28.0,18.0,4.0,2021.0,85
43.0,0.4,40.0,0.0,0.0,0.0,0.0,1.0,1.0,0.0,0.0,0.0,1185732.0,1.0,0.0,0.0,0.0,0.0,0.0,0.0,38.0,6.0,7.0,2021.0,250
36.0,0.44,44.0,0.0,0.0,0.0,0.0,0.0,1.0,0.0,0.0,0.0,1185732.0,0.0,1.0,0.0,0.0,0.0,1.0,0.0,29.0,7.0,4.0,2021.0,27
8.0,0.3,32.0,0.0,0.0,0.0,0.0,1.0,1.0,0.0,0.0,0.0,1185732.0,0.0,0.0,1.0,0.0,0.0,0.0,1.0,20.0,13.0,7.0,2021.0,88
30.0,0.3,65.00000000000001,0.0,0.0,0.0,1.0,0.0,1.0,0.0,0.0,0.0,1185732.0,1.0,0.0,0.0,0.0,0.0,0.0,1.0,28.0,18.0,11.0,2021.0,325
0.0,0.61,37.0,0.0,1.0,0.0,0.0,0.0,1.0,0.0,0.0,0.0,1185732.0,0.0,1.0,0.0,0.0,0.0,1.0,0.0,31.0,12.0,2.0,2021.0,238
35.0,0.49,50.0,0.0,0.0,0.0,1.0,0.0,1.0,0.0,0.0,0.0,1185732.0,0.0,0.0,0.0,1.0,0.0,1.0,0.0,31.0,30.0,4.0,2020.0,252
42.0,0.35,50.0,1.0,0.0,0.0,0.0,0.0,1.0,0.0,0.0,0.0,1185732.0,0.0,0.0,0.0,0.0,0.0,0.0,1.0,18.0,18.0,11.0,2021.0,300
43.0,0.45,43.0,0.0,0.0,1.0,0.0,0.0,1.0,0.0,0.0,0.0,1185732.0,1.0,0.0,0.0,0.0,0.0,0.0,1.0,38.0,8.0,6.0,2021.0,119
42.0,0.54,67.0,0.0,0.0,1.0,0.0,0.0,1.0,0.0,0.0,0.0,1185732.0,0.0,0.0,0.0,0.0,0.0,1.0,0.0,18.0,18.0,11.0,2021.0,63
40.0,0.42,45.0,1.0,0.0,0.0,0.0,0.0,1.0,0.0,0.0,0.0,1185732.0,1.0,0.0,0.0,0.0,0.0,1.0,0.0,37.0,10.0,11.0,2021.0,45
8.0,0.45,45.0,1.0,0.0,0.0,0.0,0.0,1.0,0.0,0.0,0.0,1185732.0,0.0,0.0,0.0,0.0,0.0,0.0,0.0,20.0,12.0,2.0,2021.0,225
35.0,0.25,50.0,0.0,0.0,1.0,0.0,0.0,1.0,0.0,0.0,0.0,1185732.0,1.0,0.0,0.0,0.0,0.0,0.0,1.0,31.0,5.0,2.0,2020.0,950
35.0,0.4,58.0,0.0,0.0,0.0,0.0,0.0,1.0,0.0,0.0,0.0,1185732.0,0.0,0.0,0.0,1.0,0.0,1.0,0.0,31.0,23.0,4.0,2020.0,252
10.0,0.4,65.00000000000001,0.0,0.0,1.0,0.0,0.0,1.0,0.0,0.0,0.0,1185732.0,0.0,0.0,0.0,0.0,1.0,0.0,0.0,47.0,16.0,7.0,2021.0,475
43.0,0.55,38.0,0.0,0.0,0.0,0.0,1.0,1.0,0.0,0.0,0.0,1185732.0,1.0,0.0,0.0,0.0,0.0,1.0,0.0,38.0,7.0,8.0,2021.0,75
30.0,0.53,68.0,0.0,1.0,0.0,0.0,0.0,1.0,0.0,0.0,0.0,1185732.0,1.0,0.0,0.0,0.0,0.0,1.0,0.0,28.0,18.0,11.0,2021.0,117
0.0,0.45999999999999996,60.0,0.0,0.0,0.0,0.0,0.0,1.0,0.0,0.0,0.0,1185732.0,0.0,1.0,0.0,0.0,0.0,1.0,0.0,31.0,8.0,12.0,2021.0,155
40.0,0.25,50.0,0.0,0.0,1.0,0.0,0.0,1.0,0.0,0.0,0.0,1185732.0,1.0,0.0,0.0,0.0,0.0,0.0,1.0,37.0,8.0,11.0,2021.0,175
35.0,0.52,41.0,0.0,1.0,0.0,0.0,0.0,1.0,0.0,0.0,0.0,1185732.0,1.0,0.0,0.0,0.0,0.0,0.0,1.0,31.0,16.0,3.0,2020.0,375
8.0,0.27,40.0,0.0,0.0,0.0,0.0,0.0,1.0,0.0,0.0,0.0,1185732.0,0.0,0.0,1.0,0.0,0.0,0.0,1.0,20.0,14.0,8.0,2021.0,51
42.0,0.25,45.0,0.0,0.0,0.0,0.0,1.0,1.0,0.0,0.0,0.0,1128299.0,0.0,0.0,0.0,0.0,1.0,0.0,1.0,18.0,10.0,1.0,2021.0,375
20.0,0.4,40.0,0.0,1.0,0.0,0.0,0.0,1.0,0.0,0.0,0.0,1185732.0,0.0,0.0,1.0,0.0,0.0,0.0,0.0,6.0,4.0,4.0,2021.0,500
9.0,0.52,62.0,0.0,0.0,1.0,0.0,0.0,1.0,0.0,0.0,0.0,1185732.0,0.0,0.0,0.0,0.0,0.0,1.0,0.0,44.0,12.0,6.0,2021.0,117
40.0,0.35,60.00000000000001,1.0,0.0,0.0,0.0,0.0,1.0,0.0,0.0,0.0,1185732.0,1.0,0.0,0.0,0.0,0.0,0.0,1.0,37.0,22.0,12.0,2021.0,200
35.0,0.3,50.0,1.0,0.0,0.0,0.0,0.0,1.0,0.0,0.0,0.0,1185732.0,1.0,0.0,0.0,0.0,0.0,0.0,1.0,31.0,26.0,1.0,2020.0,925
43.0,0.44,58.0,0.0,0.0,0.0,0.0,0.0,1.0,0.0,0.0,0.0,1185732.0,0.0,0.0,1.0,0.0,0.0,1.0,0.0,38.0,7.0,11.0,2021.0,44
4.0,0.3,64.99999999999999,0.0,0.0,1.0,0.0,0.0,1.0,0.0,0.0,0.0,1185732.0,1.0,0.0,0.0,0.0,0.0,0.0,0.0,19.0,20.0,12.0,2021.0,275
36.0,0.54,37.0,0.0,0.0,0.0,0.0,1.0,1.0,0.0,0.0,0.0,1185732.0,0.0,1.0,0.0,0.0,0.0,1.0,0.0,29.0,7.0,8.0,2021.0,75
30.0,0.32999999999999996,40.0,0.0,0.0,0.0,0.0,0.0,1.0,0.0,0.0,0.0,1185732.0,0.0,0.0,0.0,0.0,0.0,0.0,1.0,28.0,18.0,4.0,2021.0,61
0.0,0.35,55.00000000000001,0.0,0.0,0.0,0.0,0.0,1.0,0.0,0.0,0.0,1185732.0,0.0,0.0,0.0,0.0,1.0,0.0,0.0,31.0,8.0,3.0,2021.0,475
10.0,0.4,65.00000000000001,0.0,0.0,1.0,0.0,0.0,1.0,0.0,0.0,0.0,1185732.0,0.0,0.0,0.0,0.0,1.0,0.0,0.0,47.0,17.0,6.0,2021.0,425
8.0,0.44,38.0,0.0,1.0,0.0,0.0,0.0,1.0,0.0,0.0,0.0,1185732.0,0.0,0.0,1.0,0.0,0.0,1.0,0.0,20.0,13.0,3.0,2021.0,127
36.0,0.54,39.0,0.0,0.0,0.0,1.0,0.0,1.0,0.0,0.0,0.0,1185732.0,0.0,1.0,0.0,0.0,0.0,1.0,0.0,29.0,8.0,6.0,2021.0,65
51.0,0.42,50.0,0.0,0.0,0.0,0.0,0.0,1.0,0.0,0.0,0.0,1185732.0,1.0,0.0,0.0,0.0,0.0,1.0,0.0,7.0,13.0,5.0,2021.0,74
10.0,0.35,35.0,1.0,0.0,0.0,0.0,0.0,1.0,0.0,0.0,0.0,1185732.0,0.0,0.0,0.0,0.0,1.0,0.0,0.0,47.0,22.0,2.0,2021.0,125
36.0,0.5,38.0,0.0,0.0,0.0,0.0,1.0,1.0,0.0,0.0,0.0,1185732.0,0.0,1.0,0.0,0.0,0.0,1.0,0.0,29.0,6.0,5.0,2021.0,75
40.0,0.54,41.0,0.0,0.0,0.0,0.0,1.0,1.0,0.0,0.0,0.0,1128299.0,0.0,0.0,0.0,0.0,1.0,1.0,0.0,37.0,4.0,1.0,2020.0,117
43.0,0.4,47.0,0.0,0.0,0.0,0.0,0.0,1.0,0.0,0.0,0.0,1185732.0,1.0,0.0,0.0,0.0,0.0,1.0,0.0,38.0,6.0,7.0,2021.0,63
35.0,0.37,62.0,0.0,0.0,1.0,0.0,0.0,1.0,0.0,0.0,0.0,1185732.0,0.0,0.0,0.0,1.0,0.0,1.0,0.0,31.0,18.0,4.0,2020.0,290
9.0,0.35,60.00000000000001,0.0,0.0,0.0,0.0,1.0,1.0,0.0,0.0,0.0,1185732.0,0.0,0.0,0.0,0.0,0.0,0.0,0.0,44.0,10.0,12.0,2021.0,375
40.0,0.63,46.0,0.0,1.0,0.0,0.0,0.0,1.0,0.0,0.0,0.0,1185732.0,1.0,0.0,0.0,0.0,0.0,1.0,0.0,37.0,9.0,11.0,2021.0,122
51.0,0.3,50.0,0.0,0.0,0.0,0.0,0.0,1.0,0.0,0.0,0.0,1185732.0,1.0,0.0,0.0,0.0,0.0,0.0,0.0,7.0,15.0,2.0,2021.0,225
9.0,0.53,71.0,0.0,0.0,1.0,0.0,0.0,1.0,0.0,0.0,0.0,1185732.0,0.0,0.0,0.0,0.0,1.0,1.0,0.0,44.0,12.0,10.0,2021.0,81
4.0,0.35,40.0,0.0,0.0,0.0,0.0,1.0,1.0,0.0,0.0,0.0,1185732.0,0.0,0.0,0.0,0.0,1.0,0.0,0.0,19.0,20.0,5.0,2021.0,150
51.0,0.53,39.0,0.0,0.0,1.0,0.0,0.0,1.0,0.0,0.0,0.0,1185732.0,1.0,0.0,0.0,0.0,0.0,1.0,0.0,7.0,15.0,2.0,2021.0,98
9.0,0.39999999999999997,75.0,0.0,0.0,1.0,0.0,0.0,1.0,0.0,0.0,0.0,1185732.0,0.0,0.0,0.0,0.0,0.0,0.0,0.0,44.0,10.0,12.0,2021.0,425
36.0,0.47,48.0,0.0,1.0,0.0,0.0,0.0,1.0,0.0,0.0,0.0,1185732.0,0.0,1.0,0.0,0.0,0.0,1.0,0.0,29.0,6.0,5.0,2021.0,130
20.0,0.42,45.0,0.0,0.0,1.0,0.0,0.0,1.0,0.0,0.0,0.0,1185732.0,0.0,0.0,1.0,0.0,0.0,0.0,1.0,6.0,3.0,9.0,2021.0,83
43.0,0.36,33.0,0.0,0.0,0.0,0.0,0.0,1.0,0.0,0.0,0.0,1185732.0,1.0,0.0,0.0,0.0,0.0,0.0,1.0,38.0,6.0,3.0,2021.0,25
40.0,0.25,50.0,0.0,0.0,1.0,0.0,0.0,1.0,0.0,0.0,0.0,1185732.0,1.0,0.0,0.0,0.0,0.0,0.0,1.0,37.0,14.0,11.0,2021.0,200
35.0,0.36,47.0,0.0,0.0,0.0,0.0,0.0,1.0,0.0,0.0,0.0,1185732.0,0.0,0.0,0.0,1.0,0.0,0.0,1.0,31.0,1.0,5.0,2020.0,280
20.0,0.3,55.00000000000001,0.0,0.0,0.0,1.0,0.0,1.0,0.0,0.0,0.0,1185732.0,1.0,0.0,0.0,0.0,0.0,0.0,0.0,6.0,4.0,11.0,2021.0,275
40.0,0.67,42.0,0.0,1.0,0.0,0.0,0.0,1.0,0.0,0.0,0.0,1185732.0,1.0,0.0,0.0,0.0,0.0,1.0,0.0,37.0,28.0,10.0,2021.0,119
20.0,0.35,70.0,0.0,0.0,1.0,0.0,0.0,1.0,0.0,0.0,0.0,1185732.0,1.0,0.0,0.0,0.0,0.0,0.0,0.0,6.0,5.0,10.0,2021.0,275
35.0,0.27,36.0,0.0,0.0,1.0,0.0,0.0,1.0,0.0,0.0,0.0,1185732.0,1.0,0.0,0.0,0.0,0.0,0.0,1.0,31.0,30.0,1.0,2020.0,323
40.0,0.35,65.0,0.0,0.0,0.0,0.0,0.0,1.0,0.0,0.0,0.0,1185732.0,1.0,0.0,0.0,0.0,0.0,0.0,1.0,37.0,1.0,12.0,2021.0,200
35.0,0.5,43.0,0.0,0.0,0.0,1.0,0.0,1.0,0.0,0.0,0.0,1185732.0,1.0,0.0,0.0,0.0,0.0,1.0,0.0,31.0,28.0,1.0,2020.0,216
0.0,0.3,50.0,0.0,0.0,0.0,1.0,0.0,1.0,0.0,0.0,0.0,1185732.0,0.0,0.0,0.0,0.0,1.0,0.0,0.0,31.0,10.0,6.0,2021.0,575
9.0,0.37,55.0,0.0,0.0,0.0,0.0,0.0,1.0,0.0,0.0,0.0,1185732.0,0.0,0.0,0.0,0.0,0.0,0.0,1.0,44.0,12.0,10.0,2021.0,58
8.0,0.29,52.0,0.0,0.0,0.0,0.0,0.0,1.0,0.0,0.0,0.0,1185732.0,0.0,0.0,0.0,0.0,0.0,0.0,1.0,20.0,13.0,12.0,2021.0,90
30.0,0.44,62.0,0.0,0.0,0.0,1.0,0.0,1.0,0.0,0.0,0.0,1185732.0,1.0,0.0,0.0,0.0,0.0,1.0,0.0,28.0,17.0,12.0,2021.0,88
30.0,0.44999999999999996,59.0,0.0,0.0,0.0,0.0,0.0,1.0,0.0,0.0,0.0,1185732.0,0.0,0.0,0.0,0.0,0.0,1.0,0.0,28.0,18.0,8.0,2021.0,73
35.0,0.49,41.0,0.0,0.0,0.0,1.0,0.0,1.0,0.0,0.0,0.0,1185732.0,1.0,0.0,0.0,0.0,0.0,1.0,0.0,31.0,3.0,2.0,2020.0,239
43.0,0.44999999999999996,44.0,0.0,0.0,0.0,0.0,0.0,1.0,0.0,0.0,0.0,1185732.0,1.0,0.0,0.0,0.0,0.0,1.0,0.0,38.0,6.0,3.0,2021.0,20
0.0,0.35,60.00000000000001,0.0,0.0,0.0,0.0,0.0,1.0,0.0,0.0,0.0,1185732.0,0.0,0.0,0.0,0.0,1.0,0.0,0.0,31.0,10.0,10.0,2021.0,500
4.0,0.35,50.0,0.0,0.0,0.0,0.0,1.0,1.0,0.0,0.0,0.0,1185732.0,1.0,0.0,0.0,0.0,0.0,0.0,0.0,19.0,21.0,11.0,2021.0,170
35.0,0.3,55.00000000000001,1.0,0.0,0.0,0.0,0.0,1.0,0.0,0.0,0.0,1185732.0,1.0,0.0,0.0,0.0,0.0,0.0,1.0,31.0,17.0,3.0,2020.0,1025
43.0,0.54,39.0,0.0,0.0,0.0,0.0,1.0,1.0,0.0,0.0,0.0,1185732.0,1.0,0.0,0.0,0.0,0.0,1.0,0.0,38.0,6.0,5.0,2021.0,60
0.0,0.25,35.0,0.0,0.0,0.0,0.0,1.0,1.0,0.0,0.0,0.0,1185732.0,0.0,0.0,0.0,0.0,1.0,0.0,0.0,31.0,8.0,3.0,2021.0,575
10.0,0.52,58.0,0.0,1.0,0.0,0.0,0.0,1.0,0.0,0.0,0.0,1185732.0,0.0,0.0,0.0,0.0,1.0,1.0,0.0,47.0,18.0,5.0,2021.0,179
43.0,0.38,34.0,0.0,0.0,0.0,1.0,0.0,1.0,0.0,0.0,0.0,1185732.0,0.0,0.0,1.0,0.0,0.0,1.0,0.0,38.0,17.0,1.0,2021.0,26
42.0,0.25,50.0,0.0,0.0,0.0,0.0,0.0,1.0,0.0,0.0,0.0,1185732.0,0.0,0.0,0.0,0.0,0.0,0.0,1.0,18.0,3.0,11.0,2021.0,75
9.0,0.51,61.0,0.0,0.0,1.0,0.0,0.0,1.0,0.0,0.0,0.0,1185732.0,0.0,0.0,0.0,0.0,0.0,1.0,0.0,44.0,11.0,8.0,2021.0,104
10.0,0.52,52.0,1.0,0.0,0.0,0.0,0.0,1.0,0.0,0.0,0.0,1185732.0,1.0,0.0,0.0,0.0,0.0,1.0,0.0,47.0,16.0,12.0,2021.0,135
40.0,0.45999999999999996,60.0,0.0,0.0,0.0,0.0,0.0,1.0,0.0,0.0,0.0,1185732.0,1.0,0.0,0.0,0.0,0.0,1.0,0.0,37.0,25.0,11.0,2021.0,45
0.0,0.36,45.0,0.0,0.0,0.0,0.0,1.0,1.0,0.0,0.0,0.0,1185732.0,0.0,0.0,0.0,0.0,1.0,1.0,0.0,31.0,9.0,11.0,2021.0,147
10.0,0.4,35.0,0.0,0.0,0.0,0.0,1.0,1.0,0.0,0.0,0.0,1185732.0,0.0,0.0,0.0,0.0,1.0,0.0,0.0,47.0,18.0,5.0,2021.0,275
43.0,0.4,40.0,0.0,0.0,0.0,0.0,1.0,1.0,0.0,0.0,0.0,1185732.0,1.0,0.0,0.0,0.0,0.0,0.0,0.0,38.0,6.0,9.0,2021.0,125
0.0,0.35,65.0,0.0,0.0,0.0,0.0,0.0,1.0,0.0,0.0,0.0,1185732.0,0.0,0.0,0.0,0.0,1.0,0.0,0.0,31.0,8.0,7.0,2021.0,600
4.0,0.3,54.99999999999999,0.0,0.0,1.0,0.0,0.0,1.0,0.0,0.0,0.0,1185732.0,1.0,0.0,0.0,0.0,0.0,0.0,0.0,19.0,22.0,6.0,2021.0,300
0.0,0.3,55.00000000000001,0.0,0.0,0.0,1.0,0.0,1.0,0.0,0.0,0.0,1185732.0,0.0,0.0,0.0,0.0,1.0,0.0,0.0,31.0,8.0,7.0,2021.0,575
9.0,0.45999999999999996,49.0,0.0,0.0,0.0,0.0,1.0,1.0,0.0,0.0,0.0,1185732.0,0.0,0.0,0.0,0.0,0.0,1.0,0.0,44.0,10.0,5.0,2021.0,75
42.0,0.4,60.0,0.0,0.0,1.0,0.0,0.0,1.0,0.0,0.0,0.0,1185732.0,0.0,0.0,0.0,0.0,0.0,0.0,1.0,18.0,10.0,11.0,2021.0,275
42.0,0.35,50.0,1.0,0.0,0.0,0.0,0.0,1.0,0.0,0.0,0.0,1185732.0,0.0,0.0,0.0,0.0,0.0,0.0,1.0,18.0,28.0,12.0,2021.0,250
4.0,0.48,36.0,0.0,0.0,0.0,0.0,1.0,1.0,0.0,0.0,0.0,1185732.0,0.0,0.0,0.0,0.0,1.0,1.0,0.0,19.0,20.0,5.0,2021.0,38
35.0,0.32,46.0,0.0,0.0,1.0,0.0,0.0,1.0,0.0,0.0,0.0,1185732.0,1.0,0.0,0.0,0.0,0.0,0.0,1.0,31.0,9.0,3.0,2020.0,347
43.0,0.51,52.0,0.0,0.0,1.0,0.0,0.0,1.0,0.0,0.0,0.0,1185732.0,1.0,0.0,0.0,0.0,0.0,1.0,0.0,38.0,6.0,9.0,2021.0,58
20.0,0.42000000000000004,38.0,1.0,0.0,0.0,0.0,0.0,1.0,0.0,0.0,0.0,1185732.0,0.0,0.0,1.0,0.0,0.0,0.0,1.0,6.0,3.0,7.0,2021.0,120
9.0,0.38,30.0,0.0,0.0,0.0,1.0,0.0,1.0,0.0,0.0,0.0,1185732.0,0.0,0.0,0.0,0.0,0.0,0.0,1.0,44.0,12.0,2.0,2021.0,48
36.0,0.4,30.0,0.0,0.0,0.0,1.0,0.0,1.0,0.0,0.0,0.0,1185732.0,0.0,1.0,0.0,0.0,0.0,0.0,0.0,29.0,7.0,4.0,2021.0,100
30.0,0.4,50.0,1.0,0.0,0.0,0.0,0.0,1.0,0.0,0.0,0.0,1185732.0,0.0,0.0,0.0,0.0,0.0,0.0,0.0,28.0,18.0,4.0,2021.0,250
30.0,0.5,55.0,1.0,0.0,0.0,0.0,0.0,1.0,0.0,0.0,0.0,1185732.0,0.0,0.0,0.0,0.0,0.0,1.0,0.0,28.0,17.0,7.0,2021.0,131
43.0,0.44,25.0,0.0,0.0,1.0,0.0,0.0,1.0,0.0,0.0,0.0,1185732.0,1.0,0.0,0.0,0.0,0.0,0.0,1.0,38.0,6.0,3.0,2021.0,58
10.0,0.53,49.0,0.0,0.0,0.0,0.0,1.0,1.0,0.0,0.0,0.0,1185732.0,0.0,0.0,0.0,0.0,1.0,1.0,0.0,47.0,16.0,7.0,2021.0,98
9.0,0.35,60.0,0.0,0.0,0.0,0.0,0.0,1.0,0.0,0.0,0.0,1185732.0,0.0,0.0,0.0,0.0,0.0,0.0,0.0,44.0,11.0,8.0,2021.0,225
43.0,0.36,37.0,0.0,0.0,0.0,0.0,0.0,1.0,0.0,0.0,0.0,1185732.0,1.0,0.0,0.0,0.0,0.0,0.0,1.0,38.0,7.0,8.0,2021.0,40
40.0,0.51,56.0,0.0,0.0,0.0,1.0,0.0,1.0,0.0,0.0,0.0,1185732.0,1.0,0.0,0.0,0.0,0.0,1.0,0.0,37.0,24.0,12.0,2021.0,44
40.0,0.38,36.0,0.0,0.0,0.0,1.0,0.0,1.0,0.0,0.0,0.0,1185732.0,1.0,0.0,0.0,0.0,0.0,0.0,1.0,37.0,12.0,11.0,2021.0,24
8.0,0.3,70.0,0.0,0.0,1.0,0.0,0.0,1.0,0.0,0.0,0.0,1185732.0,0.0,0.0,0.0,0.0,0.0,0.0,0.0,20.0,13.0,12.0,2021.0,400
36.0,0.35,45.0,1.0,0.0,0.0,0.0,0.0,1.0,0.0,0.0,0.0,1185732.0,0.0,1.0,0.0,0.0,0.0,0.0,0.0,29.0,7.0,8.0,2021.0,375
35.0,0.45,35.0,0.0,0.0,0.0,1.0,0.0,1.0,0.0,0.0,0.0,1197831.0,0.0,0.0,1.0,0.0,0.0,0.0,1.0,31.0,22.0,7.0,2020.0,700
20.0,0.42,32.0,0.0,0.0,0.0,1.0,0.0,1.0,0.0,0.0,0.0,1185732.0,0.0,0.0,1.0,0.0,0.0,1.0,0.0,6.0,3.0,3.0,2021.0,30
20.0,0.4,40.0,1.0,0.0,0.0,0.0,0.0,1.0,0.0,0.0,0.0,1185732.0,0.0,0.0,1.0,0.0,0.0,0.0,0.0,6.0,4.0,4.0,2021.0,200
30.0,0.37,47.0,0.0,0.0,0.0,0.0,0.0,1.0,0.0,0.0,0.0,1185732.0,0.0,0.0,0.0,0.0,0.0,0.0,1.0,28.0,17.0,7.0,2021.0,119
30.0,0.3,65.00000000000001,0.0,0.0,0.0,0.0,1.0,1.0,0.0,0.0,0.0,1185732.0,1.0,0.0,0.0,0.0,0.0,0.0,1.0,28.0,17.0,12.0,2021.0,400
35.0,0.36,44.0,0.0,0.0,0.0,0.0,0.0,1.0,0.0,0.0,0.0,1185732.0,1.0,0.0,0.0,0.0,0.0,0.0,1.0,31.0,4.0,2.0,2020.0,281
35.0,0.44999999999999996,46.0,0.0,0.0,0.0,0.0,1.0,1.0,0.0,0.0,0.0,1185732.0,1.0,0.0,0.0,0.0,0.0,1.0,0.0,31.0,12.0,3.0,2020.0,247
30.0,0.37000000000000005,41.0,0.0,1.0,0.0,0.0,0.0,1.0,0.0,0.0,0.0,1185732.0,1.0,0.0,0.0,0.0,0.0,0.0,1.0,28.0,22.0,2.0,2021.0,184
36.0,0.49,46.0,1.0,0.0,0.0,0.0,0.0,1.0,0.0,0.0,0.0,1185732.0,0.0,0.0,1.0,0.0,0.0,1.0,0.0,29.0,7.0,11.0,2021.0,80
40.0,0.45999999999999996,63.0,0.0,0.0,0.0,0.0,0.0,1.0,0.0,0.0,0.0,1185732.0,1.0,0.0,0.0,0.0,0.0,1.0,0.0,37.0,31.0,12.0,2021.0,47
51.0,0.4,45.0,0.0,0.0,0.0,0.0,1.0,1.0,0.0,0.0,0.0,1185732.0,1.0,0.0,0.0,0.0,0.0,0.0,0.0,7.0,13.0,5.0,2021.0,300
35.0,0.35,50.0,0.0,0.0,0.0,0.0,1.0,1.0,0.0,0.0,0.0,1185732.0,1.0,0.0,0.0,0.0,0.0,0.0,1.0,31.0,6.0,3.0,2020.0,925
40.0,0.39999999999999997,55.00000000000001,0.0,0.0,0.0,1.0,0.0,1.0,0.0,0.0,0.0,1185732.0,1.0,0.0,0.0,0.0,0.0,0.0,1.0,37.0,30.0,11.0,2021.0,175
20.0,0.32,26.0,0.0,0.0,0.0,1.0,0.0,1.0,0.0,0.0,0.0,1185732.0,0.0,0.0,1.0,0.0,0.0,0.0,1.0,6.0,4.0,4.0,2021.0,41
35.0,0.48,46.0,0.0,0.0,0.0,0.0,1.0,1.0,0.0,0.0,0.0,1185732.0,1.0,0.0,0.0,0.0,0.0,1.0,0.0,31.0,6.0,3.0,2020.0,278
51.0,0.4,60.0,0.0,0.0,1.0,0.0,0.0,1.0,0.0,0.0,0.0,1185732.0,1.0,0.0,0.0,0.0,0.0,0.0,0.0,7.0,14.0,8.0,2021.0,400
51.0,0.5,42.0,0.0,0.0,0.0,0.0,1.0,1.0,0.0,0.0,0.0,1185732.0,1.0,0.0,0.0,0.0,0.0,1.0,0.0,7.0,14.0,8.0,2021.0,105
40.0,0.35,47.0,0.0,0.0,1.0,0.0,0.0,1.0,0.0,0.0,0.0,1185732.0,1.0,0.0,0.0,0.0,0.0,1.0,0.0,37.0,8.0,11.0,2021.0,44
8.0,0.32999999999999996,40.0,0.0,1.0,0.0,0.0,0.0,1.0,0.0,0.0,0.0,1185732.0,0.0,0.0,1.0,0.0,0.0,0.0,1.0,20.0,14.0,8.0,2021.0,196
43.0,0.35,50.0,1.0,0.0,0.0,0.0,0.0,1.0,0.0,0.0,0.0,1185732.0,0.0,0.0,1.0,0.0,0.0,0.0,0.0,38.0,6.0,12.0,2021.0,300
30.0,0.27,29.0,0.0,0.0,0.0,0.0,1.0,1.0,0.0,0.0,0.0,1185732.0,1.0,0.0,0.0,0.0,0.0,0.0,1.0,28.0,22.0,2.0,2021.0,83
9.0,0.39999999999999997,75.0,0.0,0.0,1.0,0.0,0.0,1.0,0.0,0.0,0.0,1185732.0,0.0,0.0,0.0,0.0,1.0,0.0,0.0,44.0,12.0,10.0,2021.0,300
42.0,0.41,41.0,0.0,0.0,0.0,1.0,0.0,1.0,0.0,0.0,0.0,1185732.0,0.0,0.0,0.0,0.0,0.0,1.0,0.0,18.0,24.0,12.0,2021.0,51
9.0,0.4,50.0,0.0,1.0,0.0,0.0,0.0,1.0,0.0,0.0,0.0,1185732.0,0.0,0.0,0.0,0.0,0.0,0.0,0.0,44.0,19.0,2.0,2021.0,600
30.0,0.53,48.0,0.0,1.0,0.0,0.0,0.0,1.0,0.0,0.0,0.0,1185732.0,0.0,0.0,0.0,0.0,0.0,1.0,0.0,28.0,18.0,4.0,2021.0,154
8.0,0.25,54.99999999999999,0.0,0.0,0.0,0.0,0.0,1.0,0.0,0.0,0.0,1185732.0,0.0,0.0,1.0,0.0,0.0,0.0,0.0,20.0,15.0,6.0,2021.0,225
30.0,0.37,46.0,0.0,0.0,1.0,0.0,0.0,1.0,0.0,0.0,0.0,1185732.0,0.0,0.0,0.0,0.0,0.0,0.0,1.0,28.0,18.0,8.0,2021.0,145
30.0,0.45999999999999996,68.0,0.0,0.0,1.0,0.0,0.0,1.0,0.0,0.0,0.0,1185732.0,0.0,0.0,0.0,0.0,0.0,1.0,0.0,28.0,17.0,9.0,2021.0,98
4.0,0.4,49.99999999999999,0.0,1.0,0.0,0.0,0.0,1.0,0.0,0.0,0.0,1185732.0,0.0,0.0,0.0,0.0,1.0,0.0,0.0,19.0,22.0,6.0,2021.0,500
40.0,0.47,55.0,1.0,0.0,0.0,0.0,0.0,1.0,0.0,0.0,0.0,1185732.0,1.0,0.0,0.0,0.0,0.0,1.0,0.0,37.0,22.0,12.0,2021.0,60
42.0,0.39999999999999997,45.0,0.0,0.0,0.0,0.0,1.0,1.0,0.0,0.0,0.0,1185732.0,0.0,0.0,0.0,0.0,0.0,0.0,1.0,18.0,23.0,12.0,2021.0,225
40.0,0.32999999999999996,43.0,0.0,0.0,0.0,0.0,0.0,1.0,0.0,0.0,0.0,1185732.0,1.0,0.0,0.0,0.0,0.0,0.0,1.0,37.0,19.0,12.0,2021.0,30
9.0,0.53,49.0,0.0,1.0,0.0,0.0,0.0,1.0,0.0,0.0,0.0,1185732.0,0.0,0.0,0.0,0.0,0.0,1.0,0.0,44.0,19.0,2.0,2021.0,180
20.0,0.44,44.0,0.0,0.0,0.0,0.0,1.0,1.0,0.0,0.0,0.0,1185732.0,0.0,0.0,1.0,0.0,0.0,1.0,0.0,6.0,3.0,7.0,2021.0,81
42.0,0.47,49.0,1.0,0.0,0.0,0.0,0.0,1.0,0.0,0.0,0.0,1185732.0,0.0,0.0,0.0,0.0,0.0,1.0,0.0,18.0,22.0,12.0,2021.0,90
42.0,0.39999999999999997,55.00000000000001,0.0,0.0,0.0,0.0,1.0,1.0,0.0,0.0,0.0,1185732.0,0.0,0.0,0.0,0.0,0.0,0.0,1.0,18.0,17.0,12.0,2021.0,250
9.0,0.45,60.00000000000001,1.0,0.0,0.0,0.0,0.0,1.0,0.0,0.0,0.0,1185732.0,0.0,0.0,0.0,0.0,0.0,0.0,0.0,44.0,10.0,12.0,2021.0,400
8.0,0.51,44.0,0.0,0.0,1.0,0.0,0.0,1.0,0.0,0.0,0.0,1185732.0,0.0,0.0,0.0,0.0,0.0,1.0,0.0,20.0,14.0,1.0,2021.0,98
10.0,0.4,55.000000000000014,1.0,0.0,0.0,0.0,0.0,1.0,0.0,0.0,0.0,1185732.0,0.0,0.0,0.0,0.0,1.0,0.0,0.0,47.0,16.0,7.0,2021.0,400
51.0,0.4,60.0,0.0,0.0,0.0,0.0,0.0,1.0,0.0,0.0,0.0,1185732.0,0.0,1.0,0.0,0.0,0.0,1.0,0.0,7.0,14.0,11.0,2021.0,72
43.0,0.4,54.99999999999999,0.0,0.0,1.0,0.0,0.0,1.0,0.0,0.0,0.0,1185732.0,1.0,0.0,0.0,0.0,0.0,0.0,0.0,38.0,8.0,6.0,2021.0,350
51.0,0.5,53.0,0.0,1.0,0.0,0.0,0.0,1.0,0.0,0.0,0.0,1185732.0,1.0,0.0,0.0,0.0,0.0,1.0,0.0,7.0,13.0,7.0,2021.0,182
30.0,0.36,37.0,0.0,0.0,0.0,0.0,1.0,1.0,0.0,0.0,0.0,1185732.0,0.0,0.0,0.0,0.0,0.0,0.0,1.0,28.0,17.0,7.0,2021.0,128
43.0,0.42,28.0,0.0,1.0,0.0,0.0,0.0,1.0,0.0,0.0,0.0,1185732.0,1.0,0.0,0.0,0.0,0.0,0.0,1.0,38.0,7.0,4.0,2021.0,132
10.0,0.51,36.0,0.0,0.0,0.0,1.0,0.0,1.0,0.0,0.0,0.0,1185732.0,0.0,0.0,0.0,0.0,1.0,1.0,0.0,47.0,17.0,8.0,2021.0,72
40.0,0.39999999999999997,40.0,0.0,0.0,0.0,0.0,1.0,1.0,0.0,0.0,0.0,1185732.0,1.0,0.0,0.0,0.0,0.0,0.0,1.0,37.0,5.0,11.0,2021.0,175
43.0,0.43000000000000005,29.0,0.0,0.0,0.0,1.0,0.0,1.0,0.0,0.0,0.0,1185732.0,1.0,0.0,0.0,0.0,0.0,0.0,1.0,38.0,7.0,8.0,2021.0,47
10.0,0.3,35.0,0.0,0.0,1.0,0.0,0.0,1.0,0.0,0.0,0.0,1185732.0,1.0,0.0,0.0,0.0,0.0,0.0,0.0,47.0,24.0,1.0,2021.0,225
0.0,0.35,55.00000000000001,1.0,0.0,0.0,0.0,0.0,1.0,0.0,0.0,0.0,1185732.0,0.0,0.0,0.0,0.0,1.0,0.0,0.0,31.0,8.0,12.0,2021.0,675
0.0,0.45,65.0,0.0,1.0,0.0,0.0,0.0,1.0,0.0,0.0,0.0,1185732.0,0.0,0.0,0.0,0.0,1.0,0.0,0.0,31.0,8.0,7.0,2021.0,950
0.0,0.35,60.00000000000001,1.0,0.0,0.0,0.0,0.0,1.0,0.0,0.0,0.0,1185732.0,0.0,0.0,0.0,0.0,1.0,0.0,0.0,31.0,8.0,7.0,2021.0,700
43.0,0.45,21.0,0.0,0.0,0.0,1.0,0.0,1.0,0.0,0.0,0.0,1185732.0,1.0,0.0,0.0,0.0,0.0,0.0,1.0,38.0,7.0,4.0,2021.0,17
36.0,0.4,40.0,0.0,1.0,0.0,0.0,0.0,1.0,0.0,0.0,0.0,1185732.0,0.0,0.0,1.0,0.0,0.0,0.0,0.0,29.0,7.0,1.0,2021.0,500
36.0,0.52,51.0,0.0,0.0,1.0,0.0,0.0,1.0,0.0,0.0,0.0,1185732.0,0.0,1.0,0.0,0.0,0.0,1.0,0.0,29.0,6.0,5.0,2021.0,102
43.0,0.46,30.0,0.0,0.0,0.0,1.0,0.0,1.0,0.0,0.0,0.0,1185732.0,1.0,0.0,0.0,0.0,0.0,0.0,1.0,38.0,6.0,9.0,2021.0,32
40.0,0.35,54.99999999999999,0.0,0.0,0.0,0.0,0.0,1.0,0.0,0.0,0.0,1185732.0,1.0,0.0,0.0,0.0,0.0,0.0,1.0,37.0,1.0,11.0,2021.0,125
42.0,0.3,55.00000000000001,0.0,0.0,0.0,1.0,0.0,1.0,0.0,0.0,0.0,1185732.0,0.0,0.0,0.0,0.0,0.0,0.0,1.0,18.0,17.0,12.0,2021.0,200
8.0,0.32999999999999996,37.0,0.0,1.0,0.0,0.0,0.0,1.0,0.0,0.0,0.0,1185732.0,0.0,0.0,1.0,0.0,0.0,0.0,1.0,20.0,13.0,7.0,2021.0,180
51.0,0.35,54.99999999999999,0.0,1.0,0.0,0.0,0.0,1.0,0.0,0.0,0.0,1185732.0,1.0,0.0,0.0,0.0,0.0,0.0,0.0,7.0,13.0,7.0,2021.0,675
9.0,0.47,55.0,0.0,0.0,0.0,0.0,0.0,1.0,0.0,0.0,0.0,1185732.0,0.0,0.0,0.0,0.0,0.0,1.0,0.0,44.0,10.0,5.0,2021.0,72
35.0,0.38,32.0,0.0,0.0,0.0,1.0,0.0,1.0,0.0,0.0,0.0,1185732.0,1.0,0.0,0.0,0.0,0.0,0.0,1.0,31.0,22.0,1.0,2020.0,248
30.0,0.3,55.00000000000001,0.0,0.0,0.0,0.0,1.0,1.0,0.0,0.0,0.0,1185732.0,0.0,0.0,0.0,0.0,0.0,0.0,0.0,28.0,17.0,5.0,2021.0,325
9.0,0.47,55.0,0.0,0.0,0.0,0.0,1.0,1.0,0.0,0.0,0.0,1185732.0,0.0,0.0,0.0,0.0,0.0,1.0,0.0,44.0,10.0,12.0,2021.0,113
0.0,0.45,55.00000000000001,0.0,1.0,0.0,0.0,0.0,1.0,0.0,0.0,0.0,1185732.0,0.0,0.0,0.0,0.0,1.0,0.0,0.0,31.0,8.0,5.0,2021.0,870
20.0,0.35,35.0,0.0,0.0,0.0,1.0,0.0,1.0,0.0,0.0,0.0,1185732.0,0.0,0.0,1.0,0.0,0.0,0.0,1.0,6.0,5.0,6.0,2021.0,85
30.0,0.3,75.00000000000001,0.0,0.0,0.0,0.0,0.0,1.0,0.0,0.0,0.0,1185732.0,1.0,0.0,0.0,0.0,0.0,0.0,1.0,28.0,19.0,10.0,2021.0,175
10.0,0.5,32.0,0.0,0.0,0.0,0.0,1.0,1.0,0.0,0.0,0.0,1185732.0,1.0,0.0,0.0,0.0,0.0,1.0,0.0,47.0,17.0,11.0,2021.0,77
4.0,0.35,40.0,0.0,1.0,0.0,0.0,0.0,1.0,0.0,0.0,0.0,1185732.0,1.0,0.0,0.0,0.0,0.0,0.0,0.0,19.0,15.0,2.0,2021.0,575
20.0,0.38999999999999996,39.0,0.0,0.0,1.0,0.0,0.0,1.0,0.0,0.0,0.0,1185732.0,0.0,0.0,1.0,0.0,0.0,0.0,1.0,6.0,5.0,6.0,2021.0,128
20.0,0.49,55.0,0.0,0.0,1.0,0.0,0.0,1.0,0.0,0.0,0.0,1185732.0,0.0,0.0,1.0,0.0,0.0,1.0,0.0,6.0,3.0,5.0,2021.0,113
8.0,0.25,35.0,0.0,0.0,0.0,1.0,0.0,1.0,0.0,0.0,0.0,1185732.0,0.0,0.0,1.0,0.0,0.0,0.0,0.0,20.0,14.0,4.0,2021.0,125
20.0,0.5,39.0,0.0,1.0,0.0,0.0,0.0,1.0,0.0,0.0,0.0,1185732.0,0.0,0.0,1.0,0.0,0.0,1.0,0.0,6.0,3.0,3.0,2021.0,130
30.0,0.36,47.0,0.0,0.0,0.0,0.0,1.0,1.0,0.0,0.0,0.0,1185732.0,1.0,0.0,0.0,0.0,0.0,0.0,1.0,28.0,17.0,12.0,2021.0,128
10.0,0.5,23.0,0.0,0.0,0.0,1.0,0.0,1.0,0.0,0.0,0.0,1185732.0,0.0,0.0,0.0,0.0,1.0,1.0,0.0,47.0,18.0,9.0,2021.0,59
36.0,0.35,45.0,1.0,0.0,0.0,0.0,0.0,1.0,0.0,0.0,0.0,1185732.0,0.0,1.0,0.0,0.0,0.0,0.0,0.0,29.0,6.0,9.0,2021.0,275
40.0,0.6000000000000001,32.0,0.0,1.0,0.0,0.0,0.0,1.0,0.0,0.0,0.0,1185732.0,1.0,0.0,0.0,0.0,0.0,0.0,1.0,37.0,28.0,10.0,2021.0,166
40.0,0.45999999999999996,59.0,1.0,0.0,0.0,0.0,0.0,1.0,0.0,0.0,0.0,1185732.0,1.0,0.0,0.0,0.0,0.0,1.0,0.0,37.0,22.0,11.0,2021.0,70
30.0,0.32,44.0,0.0,0.0,0.0,1.0,0.0,1.0,0.0,0.0,0.0,1185732.0,1.0,0.0,0.0,0.0,0.0,0.0,1.0,28.0,19.0,10.0,2021.0,61
8.0,0.4,41.0,0.0,0.0,0.0,0.0,1.0,1.0,0.0,0.0,0.0,1185732.0,0.0,0.0,1.0,0.0,0.0,1.0,0.0,20.0,13.0,5.0,2021.0,56
51.0,0.51,52.0,0.0,0.0,0.0,0.0,1.0,1.0,0.0,0.0,0.0,1185732.0,0.0,1.0,0.0,0.0,0.0,1.0,0.0,7.0,14.0,11.0,2021.0,86
20.0,0.44,41.0,0.0,0.0,0.0,0.0,1.0,1.0,0.0,0.0,0.0,1185732.0,0.0,0.0,1.0,0.0,0.0,1.0,0.0,6.0,3.0,9.0,2021.0,60
51.0,0.48,34.0,0.0,1.0,0.0,0.0,0.0,1.0,0.0,0.0,0.0,1185732.0,0.0,1.0,0.0,0.0,0.0,1.0,0.0,7.0,8.0,2.0,2021.0,147
36.0,0.43,48.0,0.0,0.0,0.0,0.0,0.0,1.0,0.0,0.0,0.0,1185732.0,0.0,1.0,0.0,0.0,0.0,1.0,0.0,29.0,6.0,7.0,2021.0,74
8.0,0.44,37.0,1.0,0.0,0.0,0.0,0.0,1.0,0.0,0.0,0.0,1185732.0,0.0,0.0,1.0,0.0,0.0,1.0,0.0,20.0,14.0,4.0,2021.0,45
30.0,0.3,55.00000000000001,0.0,0.0,0.0,0.0,1.0,1.0,0.0,0.0,0.0,1185732.0,0.0,0.0,0.0,0.0,0.0,0.0,0.0,28.0,19.0,6.0,2021.0,350
40.0,0.44999999999999996,44.0,0.0,0.0,1.0,0.0,0.0,1.0,0.0,0.0,0.0,1185732.0,1.0,0.0,0.0,0.0,0.0,1.0,0.0,37.0,2.0,11.0,2021.0,68
43.0,0.43000000000000005,34.0,0.0,0.0,0.0,1.0,0.0,1.0,0.0,0.0,0.0,1185732.0,0.0,0.0,1.0,0.0,0.0,0.0,1.0,38.0,6.0,12.0,2021.0,77
40.0,0.35,52.0,0.0,0.0,1.0,0.0,0.0,1.0,0.0,0.0,0.0,1185732.0,1.0,0.0,0.0,0.0,0.0,0.0,1.0,37.0,26.0,11.0,2021.0,105
30.0,0.43000000000000005,40.0,1.0,0.0,0.0,0.0,0.0,1.0,0.0,0.0,0.0,1185732.0,0.0,0.0,0.0,0.0,0.0,0.0,1.0,28.0,17.0,5.0,2021.0,93
40.0,0.3,60.00000000000001,1.0,0.0,0.0,0.0,0.0,1.0,0.0,0.0,0.0,1185732.0,1.0,0.0,0.0,0.0,0.0,0.0,1.0,37.0,16.0,11.0,2021.0,175
51.0,0.35,54.99999999999999,0.0,1.0,0.0,0.0,0.0,1.0,0.0,0.0,0.0,1185732.0,1.0,0.0,0.0,0.0,0.0,0.0,0.0,7.0,14.0,8.0,2021.0,650
43.0,0.35,50.0,1.0,0.0,0.0,0.0,0.0,1.0,0.0,0.0,0.0,1185732.0,0.0,0.0,1.0,0.0,0.0,0.0,0.0,38.0,7.0,11.0,2021.0,225
35.0,0.32,43.0,0.0,0.0,0.0,0.0,0.0,1.0,0.0,0.0,0.0,1185732.0,1.0,0.0,0.0,0.0,0.0,0.0,1.0,31.0,29.0,1.0,2020.0,289
20.0,0.44999999999999996,51.0,0.0,0.0,0.0,0.0,1.0,1.0,0.0,0.0,0.0,1185732.0,1.0,0.0,0.0,0.0,0.0,1.0,0.0,6.0,4.0,11.0,2021.0,80
40.0,0.3,75.0,0.0,0.0,1.0,0.0,0.0,1.0,0.0,0.0,0.0,1185732.0,1.0,0.0,0.0,0.0,0.0,0.0,1.0,37.0,1.0,1.0,2020.0,275
42.0,0.35,40.0,0.0,1.0,0.0,0.0,0.0,1.0,0.0,0.0,0.0,1185732.0,0.0,0.0,0.0,0.0,0.0,0.0,1.0,18.0,30.0,10.0,2021.0,450
9.0,0.45,60.00000000000001,1.0,0.0,0.0,0.0,0.0,1.0,0.0,0.0,0.0,1185732.0,0.0,0.0,0.0,0.0,0.0,0.0,0.0,44.0,12.0,10.0,2021.0,300
43.0,0.52,24.0,0.0,0.0,0.0,0.0,1.0,1.0,0.0,0.0,0.0,1185732.0,1.0,0.0,0.0,0.0,0.0,1.0,0.0,38.0,7.0,4.0,2021.0,36
40.0,0.39999999999999997,60.00000000000001,0.0,0.0,0.0,1.0,0.0,1.0,0.0,0.0,0.0,1185732.0,1.0,0.0,0.0,0.0,0.0,0.0,1.0,37.0,30.0,12.0,2021.0,175
43.0,0.55,48.0,0.0,0.0,0.0,1.0,0.0,1.0,0.0,0.0,0.0,1185732.0,0.0,0.0,1.0,0.0,0.0,1.0,0.0,38.0,7.0,11.0,2021.0,58
36.0,0.44999999999999996,55.0,0.0,0.0,0.0,0.0,0.0,1.0,0.0,0.0,0.0,1185732.0,0.0,0.0,1.0,0.0,0.0,1.0,0.0,29.0,6.0,12.0,2021.0,83
8.0,0.25,45.0,0.0,0.0,0.0,1.0,0.0,1.0,0.0,0.0,0.0,1185732.0,0.0,0.0,1.0,0.0,0.0,0.0,0.0,20.0,13.0,5.0,2021.0,175
36.0,0.4,50.0,0.0,0.0,0.0,1.0,0.0,1.0,0.0,0.0,0.0,1185732.0,0.0,0.0,1.0,0.0,0.0,0.0,0.0,29.0,7.0,11.0,2021.0,250
8.0,0.45,45.0,0.0,1.0,0.0,0.0,0.0,1.0,0.0,0.0,0.0,1185732.0,0.0,0.0,0.0,0.0,0.0,0.0,0.0,20.0,12.0,2.0,2021.0,575
42.0,0.37,52.0,0.0,0.0,0.0,0.0,0.0,1.0,0.0,0.0,0.0,1185732.0,0.0,0.0,0.0,0.0,0.0,1.0,0.0,18.0,31.0,12.0,2021.0,36
8.0,0.38,51.0,0.0,0.0,0.0,0.0,0.0,1.0,0.0,0.0,0.0,1185732.0,0.0,0.0,1.0,0.0,0.0,1.0,0.0,20.0,15.0,6.0,2021.0,59
36.0,0.49,46.0,0.0,1.0,0.0,0.0,0.0,1.0,0.0,0.0,0.0,1185732.0,0.0,1.0,0.0,0.0,0.0,1.0,0.0,29.0,6.0,9.0,2021.0,124
36.0,0.51,47.0,0.0,0.0,0.0,1.0,0.0,1.0,0.0,0.0,0.0,1185732.0,0.0,0.0,1.0,0.0,0.0,1.0,0.0,29.0,6.0,12.0,2021.0,83
43.0,0.42,38.0,1.0,0.0,0.0,0.0,0.0,1.0,0.0,0.0,0.0,1185732.0,0.0,0.0,1.0,0.0,0.0,1.0,0.0,38.0,15.0,2.0,2021.0,41
43.0,0.4,45.0,0.0,0.0,0.0,0.0,0.0,1.0,0.0,0.0,0.0,1185732.0,1.0,0.0,0.0,0.0,0.0,1.0,0.0,38.0,7.0,8.0,2021.0,31
9.0,0.44,39.0,0.0,0.0,0.0,0.0,1.0,1.0,0.0,0.0,0.0,1185732.0,0.0,0.0,0.0,0.0,0.0,1.0,0.0,44.0,19.0,2.0,2021.0,90
9.0,0.39999999999999997,40.0,0.0,0.0,0.0,1.0,0.0,1.0,0.0,0.0,0.0,1185732.0,0.0,0.0,0.0,0.0,0.0,0.0,1.0,44.0,10.0,5.0,2021.0,83
43.0,0.44999999999999996,46.0,0.0,1.0,0.0,0.0,0.0,1.0,0.0,0.0,0.0,1185732.0,1.0,0.0,0.0,0.0,0.0,1.0,0.0,38.0,6.0,7.0,2021.0,167
51.0,0.35,40.0,0.0,1.0,0.0,0.0,0.0,1.0,0.0,0.0,0.0,1185732.0,1.0,0.0,0.0,0.0,0.0,0.0,0.0,7.0,14.0,4.0,2021.0,525
51.0,0.53,43.0,0.0,0.0,0.0,0.0,1.0,1.0,0.0,0.0,0.0,1185732.0,1.0,0.0,0.0,0.0,0.0,1.0,0.0,7.0,15.0,6.0,2021.0,85
43.0,0.4,35.0,0.0,0.0,1.0,0.0,0.0,1.0,0.0,0.0,0.0,1185732.0,1.0,0.0,0.0,0.0,0.0,0.0,0.0,38.0,6.0,3.0,2021.0,175
10.0,0.55,41.0,0.0,0.0,0.0,0.0,0.0,1.0,0.0,0.0,0.0,1185732.0,0.0,0.0,0.0,0.0,1.0,1.0,0.0,47.0,17.0,10.0,2021.0,53
51.0,0.35,54.99999999999999,0.0,1.0,0.0,0.0,0.0,1.0,0.0,0.0,0.0,1185732.0,1.0,0.0,0.0,0.0,0.0,0.0,0.0,7.0,15.0,6.0,2021.0,650
30.0,0.3,65.00000000000001,0.0,0.0,0.0,0.0,1.0,1.0,0.0,0.0,0.0,1185732.0,1.0,0.0,0.0,0.0,0.0,0.0,1.0,28.0,19.0,10.0,2021.0,200
35.0,0.63,46.0,0.0,1.0,0.0,0.0,0.0,1.0,0.0,0.0,0.0,1185732.0,1.0,0.0,0.0,0.0,0.0,1.0,0.0,31.0,25.0,1.0,2020.0,354
10.0,0.4,30.000000000000004,0.0,1.0,0.0,0.0,0.0,1.0,0.0,0.0,0.0,1185732.0,0.0,0.0,0.0,0.0,1.0,0.0,0.0,47.0,17.0,4.0,2021.0,550
8.0,0.3,60.0,0.0,1.0,0.0,0.0,0.0,1.0,0.0,0.0,0.0,1185732.0,0.0,0.0,1.0,0.0,0.0,0.0,0.0,20.0,15.0,10.0,2021.0,400
40.0,0.45999999999999996,43.0,0.0,0.0,0.0,1.0,0.0,1.0,0.0,0.0,0.0,1185732.0,1.0,0.0,0.0,0.0,0.0,0.0,1.0,37.0,6.0,12.0,2021.0,62
20.0,0.43000000000000005,51.0,0.0,1.0,0.0,0.0,0.0,1.0,0.0,0.0,0.0,1185732.0,1.0,0.0,0.0,0.0,0.0,0.0,1.0,6.0,4.0,11.0,2021.0,149
30.0,0.44,59.0,0.0,0.0,0.0,0.0,1.0,1.0,0.0,0.0,0.0,1185732.0,1.0,0.0,0.0,0.0,0.0,1.0,0.0,28.0,19.0,10.0,2021.0,54
30.0,0.4,50.0,0.0,1.0,0.0,0.0,0.0,1.0,0.0,0.0,0.0,1185732.0,0.0,0.0,0.0,0.0,0.0,0.0,0.0,28.0,17.0,3.0,2021.0,570
10.0,0.52,32.0,1.0,0.0,0.0,0.0,0.0,1.0,0.0,0.0,0.0,1185732.0,0.0,0.0,0.0,0.0,1.0,1.0,0.0,47.0,17.0,10.0,2021.0,80
35.0,0.25,70.0,0.0,0.0,1.0,0.0,0.0,1.0,0.0,0.0,0.0,1185732.0,0.0,0.0,0.0,1.0,0.0,0.0,1.0,31.0,18.0,7.0,2020.0,1000
20.0,0.49,56.0,0.0,0.0,1.0,0.0,0.0,1.0,0.0,0.0,0.0,1185732.0,0.0,0.0,1.0,0.0,0.0,1.0,0.0,6.0,5.0,6.0,2021.0,123
51.0,0.55,64.0,0.0,0.0,1.0,0.0,0.0,1.0,0.0,0.0,0.0,1185732.0,0.0,1.0,0.0,0.0,0.0,1.0,0.0,7.0,14.0,11.0,2021.0,98
30.0,0.3,65.00000000000001,0.0,0.0,0.0,0.0,1.0,1.0,0.0,0.0,0.0,1185732.0,1.0,0.0,0.0,0.0,0.0,0.0,1.0,28.0,18.0,11.0,2021.0,345
9.0,0.47,58.0,0.0,0.0,0.0,0.0,0.0,1.0,0.0,0.0,0.0,1185732.0,0.0,0.0,0.0,0.0,0.0,1.0,0.0,44.0,10.0,9.0,2021.0,50
0.0,0.5,51.0,1.0,0.0,0.0,0.0,0.0,1.0,0.0,0.0,0.0,1185732.0,0.0,0.0,0.0,0.0,1.0,1.0,0.0,31.0,8.0,12.0,2021.0,169
35.0,0.47,47.0,0.0,0.0,0.0,0.0,1.0,1.0,0.0,0.0,0.0,1185732.0,0.0,0.0,0.0,1.0,0.0,1.0,0.0,31.0,21.0,4.0,2020.0,268
9.0,0.38999999999999996,35.0,0.0,0.0,0.0,0.0,1.0,1.0,0.0,0.0,0.0,1185732.0,0.0,0.0,0.0,0.0,0.0,0.0,1.0,44.0,12.0,6.0,2021.0,104
35.0,0.25,50.0,0.0,0.0,1.0,0.0,0.0,1.0,0.0,0.0,0.0,1185732.0,1.0,0.0,0.0,0.0,0.0,0.0,0.0,31.0,6.0,1.0,2020.0,1000
9.0,0.4,50.0,1.0,0.0,0.0,0.0,0.0,1.0,0.0,0.0,0.0,1185732.0,0.0,0.0,0.0,0.0,0.0,0.0,0.0,44.0,19.0,2.0,2021.0,250
40.0,0.3,50.0,1.0,0.0,0.0,0.0,0.0,1.0,0.0,0.0,0.0,1185732.0,1.0,0.0,0.0,0.0,0.0,0.0,1.0,37.0,10.0,11.0,2021.0,150
51.0,0.35,55.00000000000001,1.0,0.0,0.0,0.0,0.0,1.0,0.0,0.0,0.0,1185732.0,0.0,1.0,0.0,0.0,0.0,0.0,0.0,7.0,14.0,11.0,2021.0,325
36.0,0.4,41.0,0.0,0.0,0.0,0.0,0.0,1.0,0.0,0.0,0.0,1185732.0,0.0,1.0,0.0,0.0,0.0,1.0,0.0,29.0,8.0,2.0,2021.0,47
30.0,0.36,43.0,0.0,0.0,0.0,0.0,1.0,1.0,0.0,0.0,0.0,1185732.0,0.0,0.0,0.0,0.0,0.0,0.0,1.0,28.0,19.0,6.0,2021.0,109
43.0,0.37,32.0,1.0,0.0,0.0,0.0,0.0,1.0,0.0,0.0,0.0,1185732.0,1.0,0.0,0.0,0.0,0.0,0.0,1.0,38.0,6.0,5.0,2021.0,58
30.0,0.32,42.0,0.0,0.0,0.0,1.0,0.0,1.0,0.0,0.0,0.0,1185732.0,0.0,0.0,0.0,0.0,0.0,0.0,1.0,28.0,18.0,8.0,2021.0,88
9.0,0.55,55.0,1.0,0.0,0.0,0.0,0.0,1.0,0.0,0.0,0.0,1185732.0,0.0,0.0,0.0,0.0,0.0,1.0,0.0,44.0,10.0,12.0,2021.0,100
42.0,0.55,36.0,0.0,0.0,1.0,0.0,0.0,1.0,0.0,0.0,0.0,1185732.0,0.0,0.0,0.0,0.0,0.0,1.0,0.0,18.0,29.0,10.0,2021.0,50
43.0,0.44999999999999996,46.0,1.0,0.0,0.0,0.0,0.0,1.0,0.0,0.0,0.0,1185732.0,0.0,0.0,1.0,0.0,0.0,1.0,0.0,38.0,7.0,11.0,2021.0,63
51.0,0.54,50.0,0.0,0.0,0.0,0.0,1.0,1.0,0.0,0.0,0.0,1185732.0,0.0,1.0,0.0,0.0,0.0,1.0,0.0,7.0,13.0,12.0,2021.0,109
40.0,0.53,47.0,0.0,1.0,0.0,0.0,0.0,1.0,0.0,0.0,0.0,1185732.0,1.0,0.0,0.0,0.0,0.0,0.0,1.0,37.0,15.0,12.0,2021.0,124
43.0,0.48,46.0,0.0,1.0,0.0,0.0,0.0,1.0,0.0,0.0,0.0,1185732.0,1.0,0.0,0.0,0.0,0.0,1.0,0.0,38.0,7.0,8.0,2021.0,143
9.0,0.45,45.0,0.0,1.0,0.0,0.0,0.0,1.0,0.0,0.0,0.0,1185732.0,0.0,0.0,0.0,0.0,0.0,0.0,0.0,44.0,11.0,4.0,2021.0,525
4.0,0.51,27.0,0.0,0.0,0.0,0.0,1.0,1.0,0.0,0.0,0.0,1185732.0,1.0,0.0,0.0,0.0,0.0,1.0,0.0,19.0,15.0,2.0,2021.0,69
0.0,0.64,42.0,0.0,0.0,1.0,0.0,0.0,1.0,0.0,0.0,0.0,1185732.0,0.0,0.0,0.0,0.0,1.0,1.0,0.0,31.0,10.0,2.0,2021.0,182
4.0,0.41,52.0,0.0,0.0,1.0,0.0,0.0,1.0,0.0,0.0,0.0,1185732.0,0.0,0.0,0.0,0.0,1.0,1.0,0.0,19.0,20.0,5.0,2021.0,63
51.0,0.3,50.0,0.0,0.0,0.0,0.0,0.0,1.0,0.0,0.0,0.0,1185732.0,1.0,0.0,0.0,0.0,0.0,0.0,0.0,7.0,14.0,4.0,2021.0,150
30.0,0.35,70.0,0.0,0.0,1.0,0.0,0.0,1.0,0.0,0.0,0.0,1185732.0,0.0,0.0,0.0,0.0,0.0,0.0,1.0,28.0,18.0,8.0,2021.0,425
8.0,0.35,53.0,0.0,0.0,0.0,0.0,1.0,1.0,0.0,0.0,0.0,1185732.0,0.0,0.0,1.0,0.0,0.0,1.0,0.0,20.0,15.0,10.0,2021.0,34
43.0,0.44,47.0,0.0,0.0,1.0,0.0,0.0,1.0,0.0,0.0,0.0,1185732.0,0.0,0.0,1.0,0.0,0.0,0.0,1.0,38.0,8.0,10.0,2021.0,66
0.0,0.35,55.00000000000001,1.0,0.0,0.0,0.0,0.0,1.0,0.0,0.0,0.0,1185732.0,0.0,0.0,0.0,0.0,1.0,0.0,0.0,31.0,8.0,5.0,2021.0,575
36.0,0.3,49.99999999999999,0.0,0.0,0.0,0.0,0.0,1.0,0.0,0.0,0.0,1185732.0,0.0,1.0,0.0,0.0,0.0,0.0,0.0,29.0,6.0,9.0,2021.0,150
36.0,0.4,40.0,0.0,0.0,0.0,0.0,1.0,1.0,0.0,0.0,0.0,1185732.0,0.0,1.0,0.0,0.0,0.0,0.0,0.0,29.0,7.0,8.0,2021.0,300
20.0,0.4,60.0,0.0,1.0,0.0,0.0,0.0,1.0,0.0,0.0,0.0,1185732.0,0.0,0.0,1.0,0.0,0.0,0.0,0.0,6.0,5.0,10.0,2021.0,450
36.0,0.44999999999999996,29.0,0.0,0.0,0.0,0.0,1.0,1.0,0.0,0.0,0.0,1185732.0,0.0,0.0,1.0,0.0,0.0,1.0,0.0,29.0,5.0,2.0,2021.0,65
35.0,0.35,36.0,1.0,0.0,0.0,0.0,0.0,1.0,0.0,0.0,0.0,1185732.0,1.0,0.0,0.0,0.0,0.0,0.0,1.0,31.0,2.0,1.0,2020.0,320
9.0,0.39999999999999997,35.0,0.0,0.0,1.0,0.0,0.0,1.0,0.0,0.0,0.0,1185732.0,0.0,0.0,0.0,0.0,0.0,0.0,1.0,44.0,21.0,1.0,2021.0,101
8.0,0.25,50.0,0.0,0.0,0.0,0.0,0.0,1.0,0.0,0.0,0.0,1185732.0,0.0,0.0,1.0,0.0,0.0,0.0,0.0,20.0,14.0,4.0,2021.0,125
0.0,0.45,60.00000000000001,0.0,1.0,0.0,0.0,0.0,1.0,0.0,0.0,0.0,1185732.0,0.0,0.0,0.0,0.0,1.0,0.0,0.0,31.0,10.0,10.0,2021.0,800
35.0,0.25,50.0,0.0,0.0,1.0,0.0,0.0,1.0,0.0,0.0,0.0,1185732.0,1.0,0.0,0.0,0.0,0.0,0.0,1.0,31.0,30.0,1.0,2020.0,950
43.0,0.48,45.0,1.0,0.0,0.0,0.0,0.0,1.0,0.0,0.0,0.0,1185732.0,0.0,0.0,1.0,0.0,0.0,1.0,0.0,38.0,6.0,12.0,2021.0,78
51.0,0.45999999999999996,51.0,1.0,0.0,0.0,0.0,0.0,1.0,0.0,0.0,0.0,1185732.0,1.0,0.0,0.0,0.0,0.0,1.0,0.0,7.0,15.0,10.0,2021.0,90
35.0,0.64,62.0,0.0,1.0,0.0,0.0,0.0,1.0,0.0,0.0,0.0,1185732.0,0.0,0.0,0.0,1.0,0.0,1.0,0.0,31.0,3.0,5.0,2020.0,312
51.0,0.4,25.000000000000007,0.0,0.0,0.0,0.0,1.0,1.0,0.0,0.0,0.0,1185732.0,0.0,1.0,0.0,0.0,0.0,0.0,0.0,7.0,8.0,2.0,2021.0,225
9.0,0.45,60.0,0.0,1.0,0.0,0.0,0.0,1.0,0.0,0.0,0.0,1185732.0,0.0,0.0,0.0,0.0,0.0,0.0,0.0,44.0,10.0,9.0,2021.0,525
30.0,0.46,36.0,1.0,0.0,0.0,0.0,0.0,1.0,0.0,0.0,0.0,1185732.0,0.0,0.0,0.0,0.0,0.0,0.0,1.0,28.0,17.0,3.0,2021.0,88
4.0,0.45999999999999996,29.0,0.0,0.0,0.0,1.0,0.0,1.0,0.0,0.0,0.0,1185732.0,0.0,0.0,0.0,0.0,1.0,1.0,0.0,19.0,20.0,3.0,2021.0,7
43.0,0.47,42.0,1.0,0.0,0.0,0.0,0.0,1.0,0.0,0.0,0.0,1185732.0,1.0,0.0,0.0,0.0,0.0,1.0,0.0,38.0,7.0,8.0,2021.0,91
9.0,0.47000000000000003,44.0,0.0,1.0,0.0,0.0,0.0,1.0,0.0,0.0,0.0,1185732.0,0.0,0.0,0.0,0.0,0.0,0.0,1.0,44.0,12.0,10.0,2021.0,157
51.0,0.45999999999999996,47.0,1.0,0.0,0.0,0.0,0.0,1.0,0.0,0.0,0.0,1185732.0,1.0,0.0,0.0,0.0,0.0,1.0,0.0,7.0,14.0,8.0,2021.0,128
9.0,0.39999999999999997,65.0,0.0,0.0,1.0,0.0,0.0,1.0,0.0,0.0,0.0,1185732.0,0.0,0.0,0.0,0.0,0.0,0.0,0.0,44.0,10.0,7.0,2021.0,500
40.0,0.42,55.0,0.0,0.0,0.0,0.0,0.0,1.0,0.0,0.0,0.0,1185732.0,1.0,0.0,0.0,0.0,0.0,1.0,0.0,37.0,13.0,11.0,2021.0,22
8.0,0.32,37.0,1.0,0.0,0.0,0.0,0.0,1.0,0.0,0.0,0.0,1185732.0,0.0,0.0,0.0,0.0,0.0,0.0,1.0,20.0,13.0,12.0,2021.0,113
40.0,0.43,56.0,0.0,0.0,0.0,0.0,0.0,1.0,0.0,0.0,0.0,1185732.0,1.0,0.0,0.0,0.0,0.0,1.0,0.0,37.0,19.0,12.0,2021.0,27
51.0,0.5,27.0,0.0,0.0,0.0,1.0,0.0,1.0,0.0,0.0,0.0,1185732.0,0.0,1.0,0.0,0.0,0.0,1.0,0.0,7.0,10.0,1.0,2021.0,38
40.0,0.48,44.0,1.0,0.0,0.0,0.0,0.0,1.0,0.0,0.0,0.0,1185732.0,1.0,0.0,0.0,0.0,0.0,1.0,0.0,37.0,29.0,10.0,2021.0,35
51.0,0.35,50.0,1.0,0.0,0.0,0.0,0.0,1.0,0.0,0.0,0.0,1185732.0,1.0,0.0,0.0,0.0,0.0,0.0,0.0,7.0,13.0,7.0,2021.0,425
43.0,0.54,48.0,0.0,0.0,0.0,0.0,1.0,1.0,0.0,0.0,0.0,1185732.0,0.0,0.0,1.0,0.0,0.0,1.0,0.0,38.0,7.0,11.0,2021.0,64
4.0,0.5,28.0,0.0,0.0,0.0,1.0,0.0,1.0,0.0,0.0,0.0,1185732.0,0.0,0.0,0.0,0.0,1.0,1.0,0.0,19.0,22.0,2.0,2021.0,14
40.0,0.65,64.0,0.0,1.0,0.0,0.0,0.0,1.0,0.0,0.0,0.0,1185732.0,1.0,0.0,0.0,0.0,0.0,1.0,0.0,37.0,21.0,11.0,2021.0,135
51.0,0.35,55.00000000000001,1.0,0.0,0.0,0.0,0.0,1.0,0.0,0.0,0.0,1185732.0,1.0,0.0,0.0,0.0,0.0,0.0,0.0,7.0,15.0,10.0,2021.0,300
30.0,0.37,33.0,0.0,0.0,0.0,1.0,0.0,1.0,0.0,0.0,0.0,1185732.0,0.0,0.0,0.0,0.0,0.0,0.0,1.0,28.0,17.0,3.0,2021.0,45
20.0,0.5,36.0,0.0,0.0,1.0,0.0,0.0,1.0,0.0,0.0,0.0,1185732.0,0.0,0.0,1.0,0.0,0.0,1.0,0.0,6.0,4.0,4.0,2021.0,69
36.0,0.3,50.0,0.0,0.0,0.0,0.0,0.0,1.0,0.0,0.0,0.0,1185732.0,0.0,0.0,1.0,0.0,0.0,0.0,0.0,29.0,7.0,1.0,2021.0,200
20.0,0.4,25.000000000000007,0.0,0.0,0.0,0.0,1.0,1.0,0.0,0.0,0.0,1185732.0,1.0,0.0,0.0,0.0,0.0,0.0,0.0,6.0,8.0,2.0,2021.0,175
8.0,0.35,47.0,0.0,0.0,1.0,0.0,0.0,1.0,0.0,0.0,0.0,1185732.0,0.0,0.0,1.0,0.0,0.0,0.0,1.0,20.0,15.0,6.0,2021.0,120
9.0,0.44,59.0,0.0,0.0,0.0,0.0,0.0,1.0,0.0,0.0,0.0,1185732.0,0.0,0.0,0.0,0.0,0.0,1.0,0.0,44.0,21.0,1.0,2021.0,56
42.0,0.35,40.0,0.0,1.0,0.0,0.0,0.0,1.0,0.0,0.0,0.0,1185732.0,0.0,0.0,0.0,0.0,0.0,0.0,1.0,18.0,18.0,10.0,2021.0,500
40.0,0.55,45.0,0.0,1.0,0.0,0.0,0.0,1.0,0.0,0.0,0.0,1185732.0,1.0,0.0,0.0,0.0,0.0,0.0,1.0,37.0,28.0,10.0,2021.0,475
20.0,0.44,50.0,0.0,0.0,0.0,0.0,0.0,1.0,0.0,0.0,0.0,1185732.0,0.0,0.0,1.0,0.0,0.0,1.0,0.0,6.0,3.0,5.0,2021.0,70
9.0,0.47,45.0,0.0,0.0,0.0,0.0,1.0,1.0,0.0,0.0,0.0,1185732.0,0.0,0.0,0.0,0.0,0.0,1.0,0.0,44.0,12.0,6.0,2021.0,81
35.0,0.37,26.0,1.0,0.0,0.0,0.0,0.0,1.0,0.0,0.0,0.0,1197831.0,0.0,0.0,1.0,0.0,0.0,0.0,1.0,31.0,20.0,7.0,2020.0,270
8.0,0.25,45.0,0.0,0.0,0.0,1.0,0.0,1.0,0.0,0.0,0.0,1185732.0,0.0,0.0,1.0,0.0,0.0,0.0,0.0,20.0,13.0,7.0,2021.0,225
51.0,0.52,41.0,0.0,0.0,0.0,0.0,1.0,1.0,0.0,0.0,0.0,1185732.0,1.0,0.0,0.0,0.0,0.0,1.0,0.0,7.0,13.0,5.0,2021.0,81
20.0,0.35,60.0,0.0,0.0,1.0,0.0,0.0,1.0,0.0,0.0,0.0,1185732.0,0.0,0.0,1.0,0.0,0.0,0.0,0.0,6.0,4.0,8.0,2021.0,375
43.0,0.4,35.0,0.0,0.0,1.0,0.0,0.0,1.0,0.0,0.0,0.0,1185732.0,1.0,0.0,0.0,0.0,0.0,0.0,0.0,38.0,8.0,2.0,2021.0,225
36.0,0.47,47.0,0.0,1.0,0.0,0.0,0.0,1.0,0.0,0.0,0.0,1185732.0,0.0,1.0,0.0,0.0,0.0,1.0,0.0,29.0,6.0,7.0,2021.0,188
10.0,0.5,37.0,0.0,0.0,0.0,0.0,0.0,1.0,0.0,0.0,0.0,1185732.0,0.0,0.0,0.0,0.0,1.0,1.0,0.0,47.0,16.0,3.0,2021.0,59
35.0,0.35,45.0,0.0,0.0,1.0,0.0,0.0,1.0,0.0,0.0,0.0,1185732.0,1.0,0.0,0.0,0.0,0.0,1.0,0.0,31.0,30.0,1.0,2020.0,238
0.0,0.35,55.00000000000001,0.0,0.0,0.0,0.0,0.0,1.0,0.0,0.0,0.0,1185732.0,0.0,0.0,0.0,0.0,1.0,0.0,0.0,31.0,9.0,4.0,2021.0,475
20.0,0.4,54.99999999999999,0.0,1.0,0.0,0.0,0.0,1.0,0.0,0.0,0.0,1185732.0,0.0,0.0,1.0,0.0,0.0,0.0,0.0,6.0,4.0,8.0,2021.0,625
36.0,0.48,47.0,0.0,1.0,0.0,0.0,0.0,1.0,0.0,0.0,0.0,1185732.0,0.0,1.0,0.0,0.0,0.0,1.0,0.0,29.0,7.0,8.0,2021.0,180
40.0,0.55,65.0,0.0,1.0,0.0,0.0,0.0,1.0,0.0,0.0,0.0,1185732.0,1.0,0.0,0.0,0.0,0.0,0.0,1.0,37.0,3.0,12.0,2021.0,525
40.0,0.3,75.0,0.0,0.0,1.0,0.0,0.0,1.0,0.0,0.0,0.0,1185732.0,1.0,0.0,0.0,0.0,0.0,0.0,1.0,37.0,26.0,12.0,2021.0,250
8.0,0.35,40.0,0.0,0.0,0.0,1.0,0.0,1.0,0.0,0.0,0.0,1185732.0,0.0,0.0,0.0,0.0,0.0,0.0,0.0,20.0,14.0,1.0,2021.0,175
35.0,0.48,46.0,0.0,0.0,0.0,1.0,0.0,1.0,0.0,0.0,0.0,1185732.0,1.0,0.0,0.0,0.0,0.0,1.0,0.0,31.0,9.0,2.0,2020.0,230
8.0,0.25,35.0,0.0,0.0,0.0,1.0,0.0,1.0,0.0,0.0,0.0,1185732.0,0.0,0.0,1.0,0.0,0.0,0.0,0.0,20.0,15.0,2.0,2021.0,250
35.0,0.3,65.0,0.0,0.0,0.0,0.0,0.0,1.0,0.0,0.0,0.0,1185732.0,0.0,0.0,0.0,1.0,0.0,0.0,1.0,31.0,25.0,4.0,2020.0,875
9.0,0.48,66.0,0.0,0.0,0.0,0.0,0.0,1.0,0.0,0.0,0.0,1185732.0,0.0,0.0,0.0,0.0,0.0,1.0,0.0,44.0,12.0,10.0,2021.0,51
10.0,0.4,50.0,0.0,0.0,0.0,1.0,0.0,1.0,0.0,0.0,0.0,1185732.0,0.0,0.0,0.0,0.0,1.0,0.0,0.0,47.0,16.0,7.0,2021.0,275
51.0,0.4,45.0,0.0,0.0,0.0,0.0,1.0,1.0,0.0,0.0,0.0,1185732.0,1.0,0.0,0.0,0.0,0.0,0.0,0.0,7.0,14.0,8.0,2021.0,350
42.0,0.5,41.0,0.0,0.0,0.0,0.0,1.0,1.0,0.0,0.0,0.0,1185732.0,0.0,0.0,0.0,0.0,0.0,1.0,0.0,18.0,23.0,12.0,2021.0,68
43.0,0.5,32.0,1.0,0.0,0.0,0.0,0.0,1.0,0.0,0.0,0.0,1185732.0,1.0,0.0,0.0,0.0,0.0,1.0,0.0,38.0,7.0,4.0,2021.0,33
4.0,0.5,41.0,1.0,0.0,0.0,0.0,0.0,1.0,0.0,0.0,0.0,1185732.0,0.0,0.0,1.0,0.0,0.0,1.0,0.0,19.0,21.0,8.0,2021.0,83
10.0,0.4,33.0,0.0,0.0,1.0,0.0,0.0,1.0,0.0,0.0,0.0,1185732.0,1.0,0.0,0.0,0.0,0.0,1.0,0.0,47.0,24.0,1.0,2021.0,59
8.0,0.25,65.0,0.0,0.0,0.0,0.0,0.0,1.0,0.0,0.0,0.0,1185732.0,0.0,0.0,0.0,0.0,0.0,0.0,0.0,20.0,14.0,11.0,2021.0,250
43.0,0.33999999999999997,33.0,0.0,0.0,0.0,0.0,0.0,1.0,0.0,0.0,0.0,1185732.0,1.0,0.0,0.0,0.0,0.0,0.0,1.0,38.0,6.0,7.0,2021.0,68
10.0,0.35,30.0,0.0,0.0,0.0,1.0,0.0,1.0,0.0,0.0,0.0,1185732.0,1.0,0.0,0.0,0.0,0.0,0.0,0.0,47.0,24.0,1.0,2021.0,75
9.0,0.37,33.0,0.0,0.0,0.0,0.0,1.0,1.0,0.0,0.0,0.0,1185732.0,0.0,0.0,0.0,0.0,0.0,0.0,1.0,44.0,10.0,7.0,2021.0,109
8.0,0.28,23.0,0.0,0.0,0.0,1.0,0.0,1.0,0.0,0.0,0.0,1185732.0,0.0,0.0,1.0,0.0,0.0,0.0,1.0,20.0,14.0,4.0,2021.0,39
40.0,0.39999999999999997,55.00000000000001,0.0,0.0,0.0,1.0,0.0,1.0,0.0,0.0,0.0,1185732.0,1.0,0.0,0.0,0.0,0.0,0.0,1.0,37.0,24.0,11.0,2021.0,150
20.0,0.35,35.0,1.0,0.0,0.0,0.0,0.0,1.0,0.0,0.0,0.0,1185732.0,1.0,0.0,0.0,0.0,0.0,0.0,0.0,6.0,8.0,2.0,2021.0,125
9.0,0.35,60.0,0.0,0.0,0.0,0.0,0.0,1.0,0.0,0.0,0.0,1185732.0,0.0,0.0,0.0,0.0,0.0,0.0,0.0,44.0,10.0,9.0,2021.0,200
20.0,0.42,42.0,0.0,0.0,0.0,1.0,0.0,1.0,0.0,0.0,0.0,1185732.0,0.0,0.0,1.0,0.0,0.0,1.0,0.0,6.0,5.0,6.0,2021.0,80
42.0,0.54,54.0,0.0,0.0,1.0,0.0,0.0,1.0,0.0,0.0,0.0,1185732.0,0.0,0.0,0.0,0.0,0.0,1.0,0.0,18.0,26.0,12.0,2021.0,91
10.0,0.4,65.0,0.0,0.0,0.0,0.0,0.0,1.0,0.0,0.0,0.0,1185732.0,1.0,0.0,0.0,0.0,0.0,0.0,0.0,47.0,17.0,11.0,2021.0,300
35.0,0.32,51.0,0.0,0.0,0.0,0.0,0.0,1.0,0.0,0.0,0.0,1185732.0,0.0,0.0,0.0,1.0,0.0,0.0,1.0,31.0,25.0,4.0,2020.0,289
9.0,0.37,46.0,0.0,0.0,0.0,0.0,1.0,1.0,0.0,0.0,0.0,1185732.0,0.0,0.0,0.0,0.0,1.0,0.0,1.0,44.0,11.0,11.0,2021.0,102
36.0,0.53,32.0,0.0,0.0,1.0,0.0,0.0,1.0,0.0,0.0,0.0,1185732.0,0.0,1.0,0.0,0.0,0.0,1.0,0.0,29.0,8.0,2.0,2021.0,74
4.0,0.3,54.99999999999999,0.0,0.0,1.0,0.0,0.0,1.0,0.0,0.0,0.0,1185732.0,0.0,0.0,1.0,0.0,0.0,0.0,0.0,19.0,21.0,8.0,2021.0,300
9.0,0.42,40.0,0.0,0.0,0.0,0.0,1.0,1.0,0.0,0.0,0.0,1185732.0,0.0,0.0,0.0,0.0,0.0,0.0,1.0,44.0,10.0,9.0,2021.0,72
8.0,0.44,65.0,0.0,0.0,1.0,0.0,0.0,1.0,0.0,0.0,0.0,1185732.0,0.0,0.0,0.0,0.0,0.0,1.0,0.0,20.0,13.0,12.0,2021.0,112
42.0,0.5,53.0,1.0,0.0,0.0,0.0,0.0,1.0,0.0,0.0,0.0,1185732.0,0.0,0.0,0.0,0.0,0.0,1.0,0.0,18.0,17.0,12.0,2021.0,74
30.0,0.33999999999999997,26.0,0.0,0.0,0.0,0.0,1.0,1.0,0.0,0.0,0.0,1185732.0,0.0,0.0,0.0,0.0,0.0,0.0,1.0,28.0,18.0,4.0,2021.0,80
36.0,0.48,59.0,0.0,1.0,0.0,0.0,0.0,1.0,0.0,0.0,0.0,1185732.0,0.0,0.0,1.0,0.0,0.0,1.0,0.0,29.0,7.0,11.0,2021.0,108
30.0,0.35,70.0,0.0,0.0,1.0,0.0,0.0,1.0,0.0,0.0,0.0,1185732.0,0.0,0.0,0.0,0.0,0.0,0.0,1.0,28.0,17.0,9.0,2021.0,325
20.0,0.32999999999999996,35.0,0.0,0.0,0.0,0.0,1.0,1.0,0.0,0.0,0.0,1185732.0,0.0,0.0,1.0,0.0,0.0,0.0,1.0,6.0,5.0,6.0,2021.0,96
51.0,0.4,55.00000000000001,0.0,0.0,0.0,1.0,0.0,1.0,0.0,0.0,0.0,1185732.0,0.0,1.0,0.0,0.0,0.0,0.0,0.0,7.0,14.0,11.0,2021.0,300
30.0,0.35,39.0,0.0,0.0,0.0,0.0,1.0,1.0,0.0,0.0,0.0,1185732.0,0.0,0.0,0.0,0.0,0.0,0.0,1.0,28.0,18.0,8.0,2021.0,113
42.0,0.49,39.0,0.0,1.0,0.0,0.0,0.0,1.0,0.0,0.0,0.0,1185732.0,0.0,0.0,0.0,0.0,0.0,1.0,0.0,18.0,24.0,10.0,2021.0,127
51.0,0.4,55.00000000000001,0.0,0.0,0.0,0.0,1.0,1.0,0.0,0.0,0.0,1185732.0,1.0,0.0,0.0,0.0,0.0,0.0,0.0,7.0,15.0,10.0,2021.0,200
0.0,0.3,40.0,0.0,0.0,0.0,1.0,0.0,1.0,0.0,0.0,0.0,1185732.0,0.0,0.0,0.0,0.0,1.0,0.0,0.0,31.0,8.0,3.0,2021.0,425
40.0,0.54,53.0,0.0,0.0,0.0,1.0,0.0,1.0,0.0,0.0,0.0,1185732.0,1.0,0.0,0.0,0.0,0.0,1.0,0.0,37.0,6.0,12.0,2021.0,58
8.0,0.36,34.0,0.0,0.0,0.0,1.0,0.0,1.0,0.0,0.0,0.0,1185732.0,0.0,0.0,1.0,0.0,0.0,1.0,0.0,20.0,13.0,3.0,2021.0,87
51.0,0.35,35.0,0.0,1.0,0.0,0.0,0.0,1.0,0.0,0.0,0.0,1185732.0,0.0,1.0,0.0,0.0,0.0,0.0,0.0,7.0,10.0,1.0,2021.0,475
40.0,0.52,34.0,0.0,0.0,0.0,0.0,1.0,1.0,0.0,0.0,0.0,1185732.0,1.0,0.0,0.0,0.0,0.0,1.0,0.0,37.0,30.0,10.0,2021.0,46
0.0,0.5,70.0,0.0,0.0,1.0,0.0,0.0,1.0,0.0,0.0,0.0,1185732.0,0.0,0.0,0.0,0.0,1.0,0.0,0.0,31.0,9.0,11.0,2021.0,650
43.0,0.4,30.0,0.0,0.0,0.0,1.0,0.0,1.0,0.0,0.0,0.0,1185732.0,1.0,0.0,0.0,0.0,0.0,0.0,0.0,38.0,7.0,4.0,2021.0,50
8.0,0.25,45.0,0.0,0.0,0.0,0.0,1.0,1.0,0.0,0.0,0.0,1185732.0,0.0,0.0,1.0,0.0,0.0,0.0,0.0,20.0,14.0,8.0,2021.0,275
43.0,0.45,36.0,0.0,0.0,0.0,1.0,0.0,1.0,0.0,0.0,0.0,1185732.0,0.0,0.0,1.0,0.0,0.0,0.0,1.0,38.0,7.0,11.0,2021.0,68
30.0,0.3,65.0,0.0,0.0,0.0,0.0,0.0,1.0,0.0,0.0,0.0,1185732.0,0.0,0.0,0.0,0.0,0.0,0.0,1.0,28.0,17.0,9.0,2021.0,225
43.0,0.4,55.0,0.0,0.0,0.0,0.0,0.0,1.0,0.0,0.0,0.0,1185732.0,1.0,0.0,0.0,0.0,0.0,1.0,0.0,38.0,8.0,10.0,2021.0,19
4.0,0.35,50.0,0.0,0.0,0.0,0.0,1.0,1.0,0.0,0.0,0.0,1185732.0,1.0,0.0,0.0,0.0,0.0,0.0,0.0,19.0,20.0,12.0,2021.0,225
30.0,0.4,60.00000000000001,1.0,0.0,0.0,0.0,0.0,1.0,0.0,0.0,0.0,1185732.0,0.0,0.0,0.0,0.0,0.0,0.0,1.0,28.0,17.0,7.0,2021.0,450
4.0,0.3,49.99999999999999,0.0,0.0,0.0,0.0,0.0,1.0,0.0,0.0,0.0,1185732.0,0.0,0.0,1.0,0.0,0.0,0.0,0.0,19.0,21.0,8.0,2021.0,125
43.0,0.32999999999999996,40.0,0.0,0.0,0.0,0.0,0.0,1.0,0.0,0.0,0.0,1185732.0,1.0,0.0,0.0,0.0,0.0,0.0,1.0,38.0,8.0,10.0,2021.0,23
10.0,0.55,38.0,0.0,0.0,0.0,1.0,0.0,1.0,0.0,0.0,0.0,1185732.0,1.0,0.0,0.0,0.0,0.0,1.0,0.0,47.0,17.0,11.0,2021.0,91
35.0,0.39999999999999997,40.0,0.0,0.0,0.0,1.0,0.0,1.0,0.0,0.0,0.0,1185732.0,1.0,0.0,0.0,0.0,0.0,0.0,1.0,31.0,31.0,3.0,2020.0,324
8.0,0.36,52.0,0.0,0.0,0.0,0.0,0.0,1.0,0.0,0.0,0.0,1185732.0,0.0,0.0,1.0,0.0,0.0,1.0,0.0,20.0,13.0,9.0,2021.0,34
43.0,0.29,24.0,0.0,0.0,0.0,0.0,1.0,1.0,0.0,0.0,0.0,1185732.0,0.0,0.0,1.0,0.0,0.0,0.0,1.0,38.0,15.0,2.0,2021.0,70
0.0,0.62,64.0,0.0,0.0,1.0,0.0,0.0,1.0,0.0,0.0,0.0,1185732.0,0.0,0.0,0.0,0.0,1.0,1.0,0.0,31.0,10.0,10.0,2021.0,156
20.0,0.44999999999999996,46.0,0.0,0.0,0.0,0.0,0.0,1.0,0.0,0.0,0.0,1185732.0,0.0,0.0,1.0,0.0,0.0,1.0,0.0,6.0,4.0,4.0,2021.0,35
40.0,0.37,33.0,1.0,0.0,0.0,0.0,0.0,1.0,0.0,0.0,0.0,1185732.0,1.0,0.0,0.0,0.0,0.0,0.0,1.0,37.0,4.0,11.0,2021.0,53
36.0,0.35,60.0,0.0,1.0,0.0,0.0,0.0,1.0,0.0,0.0,0.0,1185732.0,0.0,0.0,1.0,0.0,0.0,0.0,0.0,29.0,6.0,12.0,2021.0,550
43.0,0.54,32.0,0.0,0.0,1.0,0.0,0.0,1.0,0.0,0.0,0.0,1185732.0,1.0,0.0,0.0,0.0,0.0,1.0,0.0,38.0,6.0,3.0,2021.0,51
9.0,0.42,44.0,0.0,0.0,0.0,1.0,0.0,1.0,0.0,0.0,0.0,1185732.0,0.0,0.0,0.0,0.0,0.0,0.0,1.0,44.0,10.0,12.0,2021.0,101
35.0,0.37,41.0,0.0,0.0,0.0,1.0,0.0,1.0,0.0,0.0,0.0,1185732.0,0.0,0.0,0.0,1.0,0.0,0.0,1.0,31.0,30.0,4.0,2020.0,270
8.0,0.31,36.0,0.0,0.0,0.0,0.0,1.0,1.0,0.0,0.0,0.0,1185732.0,0.0,0.0,1.0,0.0,0.0,0.0,1.0,20.0,15.0,6.0,2021.0,75
35.0,0.25,65.0,0.0,0.0,1.0,0.0,0.0,1.0,0.0,0.0,0.0,1185732.0,1.0,0.0,0.0,0.0,0.0,0.0,1.0,31.0,15.0,3.0,2020.0,1100
0.0,0.25,40.0,0.0,0.0,1.0,0.0,0.0,1.0,0.0,0.0,0.0,1185732.0,0.0,1.0,0.0,0.0,0.0,0.0,0.0,31.0,14.0,1.0,2021.0,600
0.0,0.63,59.0,0.0,0.0,1.0,0.0,0.0,1.0,0.0,0.0,0.0,1185732.0,0.0,0.0,0.0,0.0,1.0,1.0,0.0,31.0,8.0,5.0,2021.0,169
20.0,0.3,45.0,0.0,0.0,0.0,1.0,0.0,1.0,0.0,0.0,0.0,1185732.0,0.0,0.0,1.0,0.0,0.0,0.0,0.0,6.0,5.0,6.0,2021.0,275
42.0,0.4,60.0,0.0,0.0,1.0,0.0,0.0,1.0,0.0,0.0,0.0,1185732.0,0.0,0.0,0.0,0.0,0.0,0.0,1.0,18.0,17.0,9.0,2021.0,225
4.0,0.35,25.000000000000007,0.0,0.0,0.0,0.0,1.0,1.0,0.0,0.0,0.0,1185732.0,0.0,0.0,0.0,0.0,1.0,0.0,0.0,19.0,21.0,4.0,2021.0,125
20.0,0.39999999999999997,28.0,1.0,0.0,0.0,0.0,0.0,1.0,0.0,0.0,0.0,1185732.0,1.0,0.0,0.0,0.0,0.0,0.0,1.0,6.0,10.0,1.0,2021.0,79
20.0,0.53,48.0,1.0,0.0,0.0,0.0,0.0,1.0,0.0,0.0,0.0,1185732.0,0.0,0.0,1.0,0.0,0.0,1.0,0.0,6.0,3.0,5.0,2021.0,73
30.0,0.47000000000000003,50.0,1.0,0.0,0.0,0.0,0.0,1.0,0.0,0.0,0.0,1185732.0,1.0,0.0,0.0,0.0,0.0,1.0,0.0,28.0,24.0,1.0,2021.0,84
0.0,0.6,50.0,0.0,1.0,0.0,0.0,0.0,1.0,0.0,0.0,0.0,1185732.0,0.0,0.0,0.0,0.0,1.0,1.0,0.0,31.0,8.0,5.0,2021.0,261
20.0,0.3,35.0,0.0,0.0,0.0,1.0,0.0,1.0,0.0,0.0,0.0,1185732.0,0.0,0.0,1.0,0.0,0.0,0.0,0.0,6.0,3.0,3.0,2021.0,100
20.0,0.4,35.0,0.0,0.0,1.0,0.0,0.0,1.0,0.0,0.0,0.0,1185732.0,1.0,0.0,0.0,0.0,0.0,0.0,0.0,6.0,10.0,1.0,2021.0,225
8.0,0.25,45.0,0.0,0.0,0.0,1.0,0.0,1.0,0.0,0.0,0.0,1185732.0,0.0,0.0,1.0,0.0,0.0,0.0,0.0,20.0,13.0,9.0,2021.0,125
20.0,0.54,54.0,0.0,1.0,0.0,0.0,0.0,1.0,0.0,0.0,0.0,1185732.0,0.0,0.0,1.0,0.0,0.0,1.0,0.0,6.0,3.0,7.0,2021.0,189
35.0,0.45999999999999996,47.0,0.0,0.0,0.0,1.0,0.0,1.0,0.0,0.0,0.0,1185732.0,0.0,0.0,0.0,1.0,0.0,1.0,0.0,31.0,22.0,4.0,2020.0,252
30.0,0.3,75.00000000000001,0.0,0.0,0.0,0.0,0.0,1.0,0.0,0.0,0.0,1185732.0,1.0,0.0,0.0,0.0,0.0,0.0,1.0,28.0,18.0,11.0,2021.0,300
30.0,0.3,65.00000000000001,0.0,0.0,0.0,1.0,0.0,1.0,0.0,0.0,0.0,1185732.0,1.0,0.0,0.0,0.0,0.0,0.0,1.0,28.0,17.0,12.0,2021.0,350
0.0,0.65,41.0,0.0,0.0,1.0,0.0,0.0,1.0,0.0,0.0,0.0,1185732.0,0.0,0.0,0.0,0.0,1.0,1.0,0.0,31.0,9.0,4.0,2021.0,156
10.0,0.4,55.00000000000001,0.0,0.0,0.0,0.0,1.0,1.0,0.0,0.0,0.0,1185732.0,0.0,0.0,0.0,0.0,1.0,0.0,0.0,47.0,16.0,12.0,2021.0,400
30.0,0.3,60.00000000000001,0.0,0.0,0.0,0.0,0.0,1.0,0.0,0.0,0.0,1185732.0,0.0,0.0,0.0,0.0,0.0,0.0,0.0,28.0,17.0,3.0,2021.0,200
43.0,0.3,45.0,0.0,0.0,0.0,0.0,0.0,1.0,0.0,0.0,0.0,1185732.0,1.0,0.0,0.0,0.0,0.0,0.0,0.0,38.0,6.0,3.0,2021.0,75
51.0,0.4,30.000000000000004,0.0,0.0,0.0,0.0,1.0,1.0,0.0,0.0,0.0,1185732.0,1.0,0.0,0.0,0.0,0.0,0.0,0.0,7.0,14.0,4.0,2021.0,225
40.0,0.4,55.0,0.0,0.0,1.0,0.0,0.0,1.0,0.0,0.0,0.0,1185732.0,1.0,0.0,0.0,0.0,0.0,1.0,0.0,37.0,14.0,12.0,2021.0,61
35.0,0.5,39.0,0.0,0.0,0.0,0.0,1.0,1.0,0.0,0.0,0.0,1185732.0,1.0,0.0,0.0,0.0,0.0,1.0,0.0,31.0,2.0,2.0,2020.0,252
30.0,0.47,45.0,0.0,0.0,1.0,0.0,0.0,1.0,0.0,0.0,0.0,1185732.0,0.0,0.0,0.0,0.0,0.0,1.0,0.0,28.0,17.0,3.0,2021.0,75
43.0,0.43000000000000005,51.0,0.0,0.0,1.0,0.0,0.0,1.0,0.0,0.0,0.0,1185732.0,0.0,0.0,1.0,0.0,0.0,0.0,1.0,38.0,6.0,12.0,2021.0,111
35.0,0.39,64.0,0.0,0.0,1.0,0.0,0.0,1.0,0.0,0.0,0.0,1185732.0,1.0,0.0,0.0,0.0,0.0,1.0,0.0,31.0,9.0,3.0,2020.0,305
36.0,0.3,60.0,0.0,0.0,0.0,0.0,0.0,1.0,0.0,0.0,0.0,1185732.0,0.0,0.0,1.0,0.0,0.0,0.0,0.0,29.0,7.0,11.0,2021.0,225
35.0,0.37,41.0,1.0,0.0,0.0,0.0,0.0,1.0,0.0,0.0,0.0,1185732.0,1.0,0.0,0.0,0.0,0.0,0.0,1.0,31.0,11.0,3.0,2020.0,318
8.0,0.37,35.0,1.0,0.0,0.0,0.0,0.0,1.0,0.0,0.0,0.0,1185732.0,0.0,0.0,1.0,0.0,0.0,0.0,1.0,20.0,13.0,9.0,2021.0,88
20.0,0.3,54.99999999999999,0.0,0.0,0.0,0.0,0.0,1.0,0.0,0.0,0.0,1185732.0,0.0,0.0,1.0,0.0,0.0,0.0,0.0,6.0,3.0,5.0,2021.0,250
35.0,0.36,35.0,1.0,0.0,0.0,0.0,0.0,1.0,0.0,0.0,0.0,1185732.0,1.0,0.0,0.0,0.0,0.0,0.0,1.0,31.0,26.0,1.0,2020.0,315
9.0,0.35,50.0,0.0,0.0,0.0,1.0,0.0,1.0,0.0,0.0,0.0,1185732.0,0.0,0.0,0.0,0.0,0.0,0.0,0.0,44.0,10.0,7.0,2021.0,300
40.0,0.4,45.0,0.0,0.0,0.0,0.0,1.0,1.0,0.0,0.0,0.0,1128299.0,0.0,0.0,0.0,0.0,1.0,0.0,1.0,37.0,4.0,1.0,2020.0,450
8.0,0.3,32.0,0.0,0.0,0.0,1.0,0.0,1.0,0.0,0.0,0.0,1185732.0,0.0,0.0,1.0,0.0,0.0,0.0,1.0,20.0,13.0,5.0,2021.0,54
10.0,0.45999999999999996,34.0,1.0,0.0,0.0,0.0,0.0,1.0,0.0,0.0,0.0,1185732.0,0.0,0.0,0.0,0.0,1.0,1.0,0.0,47.0,22.0,2.0,2021.0,38
30.0,0.44,53.0,0.0,0.0,0.0,1.0,0.0,1.0,0.0,0.0,0.0,1185732.0,0.0,0.0,0.0,0.0,0.0,1.0,0.0,28.0,17.0,7.0,2021.0,85
40.0,0.37,51.0,0.0,0.0,1.0,0.0,0.0,1.0,0.0,0.0,0.0,1185732.0,1.0,0.0,0.0,0.0,0.0,0.0,1.0,37.0,20.0,11.0,2021.0,78
8.0,0.35,62.0,0.0,0.0,0.0,0.0,0.0,1.0,0.0,0.0,0.0,1185732.0,0.0,0.0,1.0,0.0,0.0,1.0,0.0,20.0,15.0,10.0,2021.0,27
8.0,0.35,42.0,0.0,0.0,0.0,0.0,1.0,1.0,0.0,0.0,0.0,1185732.0,0.0,0.0,1.0,0.0,0.0,1.0,0.0,20.0,14.0,8.0,2021.0,69
9.0,0.39999999999999997,35.0,0.0,0.0,0.0,1.0,0.0,1.0,0.0,0.0,0.0,1185732.0,0.0,0.0,0.0,0.0,0.0,0.0,1.0,44.0,10.0,9.0,2021.0,66
20.0,0.44999999999999996,34.0,1.0,0.0,0.0,0.0,0.0,1.0,0.0,0.0,0.0,1185732.0,1.0,0.0,0.0,0.0,0.0,1.0,0.0,6.0,10.0,1.0,2021.0,63
20.0,0.54,38.0,1.0,0.0,0.0,0.0,0.0,1.0,0.0,0.0,0.0,1185732.0,0.0,0.0,1.0,0.0,0.0,1.0,0.0,6.0,3.0,3.0,2021.0,56
20.0,0.44,32.0,0.0,0.0,0.0,1.0,0.0,1.0,0.0,0.0,0.0,1185732.0,0.0,0.0,1.0,0.0,0.0,1.0,0.0,6.0,5.0,2.0,2021.0,34
36.0,0.45999999999999996,53.0,0.0,1.0,0.0,0.0,0.0,1.0,0.0,0.0,0.0,1185732.0,0.0,1.0,0.0,0.0,0.0,1.0,0.0,29.0,8.0,10.0,2021.0,119
9.0,0.35,55.00000000000001,0.0,0.0,0.0,0.0,0.0,1.0,0.0,0.0,0.0,1185732.0,0.0,0.0,0.0,0.0,0.0,0.0,0.0,44.0,10.0,3.0,2021.0,175
42.0,0.54,27.0,0.0,0.0,0.0,0.0,1.0,1.0,0.0,0.0,0.0,1185732.0,0.0,0.0,0.0,0.0,0.0,1.0,0.0,18.0,1.0,11.0,2021.0,44
36.0,0.51,36.0,0.0,0.0,0.0,1.0,0.0,1.0,0.0,0.0,0.0,1185732.0,0.0,1.0,0.0,0.0,0.0,1.0,0.0,29.0,7.0,8.0,2021.0,52
40.0,0.38999999999999996,45.0,1.0,0.0,0.0,0.0,0.0,1.0,0.0,0.0,0.0,1185732.0,1.0,0.0,0.0,0.0,0.0,0.0,1.0,37.0,28.0,11.0,2021.0,99
40.0,0.5,65.0,0.0,1.0,0.0,0.0,0.0,1.0,0.0,0.0,0.0,1185732.0,1.0,0.0,0.0,0.0,0.0,0.0,1.0,37.0,9.0,12.0,2021.0,475
36.0,0.49,32.0,1.0,0.0,0.0,0.0,0.0,1.0,0.0,0.0,0.0,1185732.0,0.0,1.0,0.0,0.0,0.0,1.0,0.0,29.0,6.0,3.0,2021.0,58
8.0,0.3,65.0,0.0,1.0,0.0,0.0,0.0,1.0,0.0,0.0,0.0,1185732.0,0.0,0.0,0.0,0.0,0.0,0.0,0.0,20.0,13.0,12.0,2021.0,575
20.0,0.42000000000000004,40.0,0.0,1.0,0.0,0.0,0.0,1.0,0.0,0.0,0.0,1185732.0,0.0,0.0,1.0,0.0,0.0,0.0,1.0,6.0,4.0,8.0,2021.0,194
43.0,0.35,35.0,1.0,0.0,0.0,0.0,0.0,1.0,0.0,0.0,0.0,1185732.0,1.0,0.0,0.0,0.0,0.0,0.0,0.0,38.0,6.0,3.0,2021.0,150
51.0,0.47,38.0,1.0,0.0,0.0,0.0,0.0,1.0,0.0,0.0,0.0,1185732.0,1.0,0.0,0.0,0.0,0.0,1.0,0.0,7.0,14.0,4.0,2021.0,61
35.0,0.33999999999999997,37.0,1.0,0.0,0.0,0.0,0.0,1.0,0.0,0.0,0.0,1185732.0,1.0,0.0,0.0,0.0,0.0,0.0,1.0,31.0,17.0,3.0,2020.0,359
35.0,0.42,43.0,0.0,0.0,0.0,0.0,1.0,1.0,0.0,0.0,0.0,1185732.0,0.0,0.0,0.0,1.0,0.0,0.0,1.0,31.0,29.0,4.0,2020.0,294
8.0,0.32999999999999996,40.0,0.0,1.0,0.0,0.0,0.0,1.0,0.0,0.0,0.0,1185732.0,0.0,0.0,1.0,0.0,0.0,0.0,1.0,20.0,15.0,10.0,2021.0,132
0.0,0.6,43.0,0.0,0.0,1.0,0.0,0.0,1.0,0.0,0.0,0.0,1185732.0,0.0,0.0,0.0,0.0,1.0,1.0,0.0,31.0,8.0,3.0,2021.0,161
0.0,0.5,60.00000000000001,0.0,0.0,1.0,0.0,0.0,1.0,0.0,0.0,0.0,1185732.0,0.0,0.0,0.0,0.0,1.0,0.0,0.0,31.0,8.0,9.0,2021.0,625
42.0,0.35,55.00000000000001,1.0,0.0,0.0,0.0,0.0,1.0,0.0,0.0,0.0,1185732.0,0.0,0.0,0.0,0.0,0.0,0.0,1.0,18.0,17.0,12.0,2021.0,275
8.0,0.38,63.0,0.0,0.0,0.0,0.0,0.0,1.0,0.0,0.0,0.0,1185732.0,0.0,0.0,0.0,0.0,0.0,1.0,0.0,20.0,14.0,11.0,2021.0,70
51.0,0.4,60.0,0.0,0.0,1.0,0.0,0.0,1.0,0.0,0.0,0.0,1185732.0,1.0,0.0,0.0,0.0,0.0,0.0,0.0,7.0,13.0,7.0,2021.0,500
4.0,0.35,50.0,0.0,0.0,0.0,1.0,0.0,1.0,0.0,0.0,0.0,1185732.0,1.0,0.0,0.0,0.0,0.0,0.0,0.0,19.0,21.0,11.0,2021.0,150
42.0,0.3,35.0,0.0,0.0,0.0,1.0,0.0,1.0,0.0,0.0,0.0,1185732.0,0.0,0.0,0.0,0.0,0.0,0.0,1.0,18.0,27.0,10.0,2021.0,50
20.0,0.4,50.0,1.0,0.0,0.0,0.0,0.0,1.0,0.0,0.0,0.0,1185732.0,0.0,0.0,1.0,0.0,0.0,0.0,0.0,6.0,3.0,5.0,2021.0,250
40.0,0.35,45.0,0.0,0.0,0.0,0.0,1.0,1.0,0.0,0.0,0.0,1185732.0,1.0,0.0,0.0,0.0,0.0,0.0,1.0,37.0,11.0,12.0,2021.0,200
9.0,0.3,60.00000000000001,0.0,0.0,0.0,0.0,0.0,1.0,0.0,0.0,0.0,1185732.0,0.0,0.0,0.0,0.0,0.0,0.0,0.0,44.0,21.0,1.0,2021.0,225
10.0,0.52,60.0,0.0,1.0,0.0,0.0,0.0,1.0,0.0,0.0,0.0,1185732.0,1.0,0.0,0.0,0.0,0.0,1.0,0.0,47.0,16.0,12.0,2021.0,176
4.0,0.3,54.99999999999999,0.0,0.0,1.0,0.0,0.0,1.0,0.0,0.0,0.0,1185732.0,0.0,0.0,1.0,0.0,0.0,0.0,0.0,19.0,20.0,9.0,2021.0,200
36.0,0.3,30.000000000000004,0.0,0.0,0.0,0.0,1.0,1.0,0.0,0.0,0.0,1185732.0,0.0,0.0,1.0,0.0,0.0,0.0,0.0,29.0,5.0,2.0,2021.0,250
35.0,0.39999999999999997,33.0,0.0,0.0,0.0,1.0,0.0,1.0,0.0,0.0,0.0,1185732.0,1.0,0.0,0.0,0.0,0.0,0.0,1.0,31.0,9.0,2.0,2020.0,289
42.0,0.3,55.00000000000001,0.0,0.0,0.0,1.0,0.0,1.0,0.0,0.0,0.0,1185732.0,0.0,0.0,0.0,0.0,0.0,0.0,1.0,18.0,19.0,10.0,2021.0,100
20.0,0.47000000000000003,40.0,1.0,0.0,0.0,0.0,0.0,1.0,0.0,0.0,0.0,1185732.0,0.0,0.0,1.0,0.0,0.0,0.0,1.0,6.0,3.0,9.0,2021.0,93
36.0,0.3,49.99999999999999,0.0,0.0,0.0,0.0,0.0,1.0,0.0,0.0,0.0,1185732.0,0.0,1.0,0.0,0.0,0.0,0.0,0.0,29.0,7.0,8.0,2021.0,175
43.0,0.5,34.0,0.0,1.0,0.0,0.0,0.0,1.0,0.0,0.0,0.0,1185732.0,1.0,0.0,0.0,0.0,0.0,1.0,0.0,38.0,6.0,3.0,2021.0,111
42.0,0.48,53.0,0.0,1.0,0.0,0.0,0.0,1.0,0.0,0.0,0.0,1185732.0,0.0,0.0,0.0,0.0,0.0,1.0,0.0,18.0,27.0,12.0,2021.0,122
8.0,0.39,44.0,0.0,0.0,0.0,1.0,0.0,1.0,0.0,0.0,0.0,1185732.0,0.0,0.0,1.0,0.0,0.0,1.0,0.0,20.0,13.0,5.0,2021.0,47
36.0,0.48,55.0,0.0,1.0,0.0,0.0,0.0,1.0,0.0,0.0,0.0,1185732.0,0.0,0.0,1.0,0.0,0.0,1.0,0.0,29.0,6.0,12.0,2021.0,149
40.0,0.42,44.0,1.0,0.0,0.0,0.0,0.0,1.0,0.0,0.0,0.0,1185732.0,1.0,0.0,0.0,0.0,0.0,0.0,1.0,37.0,4.0,12.0,2021.0,102
36.0,0.44,55.0,0.0,0.0,0.0,0.0,0.0,1.0,0.0,0.0,0.0,1185732.0,0.0,0.0,1.0,0.0,0.0,1.0,0.0,29.0,7.0,11.0,2021.0,59
4.0,0.44999999999999996,41.0,0.0,0.0,0.0,0.0,0.0,1.0,0.0,0.0,0.0,1185732.0,0.0,0.0,0.0,0.0,1.0,1.0,0.0,19.0,21.0,4.0,2021.0,15
40.0,0.35,55.00000000000001,0.0,0.0,0.0,0.0,1.0,1.0,0.0,0.0,0.0,1185732.0,1.0,0.0,0.0,0.0,0.0,0.0,1.0,37.0,17.0,11.0,2021.0,150
40.0,0.6000000000000001,48.0,0.0,1.0,0.0,0.0,0.0,1.0,0.0,0.0,0.0,1185732.0,1.0,0.0,0.0,0.0,0.0,0.0,1.0,37.0,21.0,12.0,2021.0,124
10.0,0.51,48.0,0.0,0.0,0.0,1.0,0.0,1.0,0.0,0.0,0.0,1185732.0,0.0,0.0,0.0,0.0,1.0,1.0,0.0,47.0,16.0,7.0,2021.0,77
8.0,0.3,60.0,0.0,0.0,1.0,0.0,0.0,1.0,0.0,0.0,0.0,1185732.0,0.0,0.0,1.0,0.0,0.0,0.0,0.0,20.0,13.0,5.0,2021.0,325
43.0,0.4,40.0,0.0,0.0,0.0,1.0,0.0,1.0,0.0,0.0,0.0,1185732.0,1.0,0.0,0.0,0.0,0.0,0.0,0.0,38.0,8.0,6.0,2021.0,200
30.0,0.38999999999999996,64.0,0.0,0.0,1.0,0.0,0.0,1.0,0.0,0.0,0.0,1185732.0,1.0,0.0,0.0,0.0,0.0,0.0,1.0,28.0,19.0,10.0,2021.0,90
10.0,0.51,27.0,0.0,1.0,0.0,0.0,0.0,1.0,0.0,0.0,0.0,1185732.0,0.0,0.0,0.0,0.0,1.0,1.0,0.0,47.0,17.0,4.0,2021.0,143
40.0,0.32,35.0,1.0,0.0,0.0,0.0,0.0,1.0,0.0,0.0,0.0,1185732.0,1.0,0.0,0.0,0.0,0.0,0.0,1.0,37.0,16.0,12.0,2021.0,68
20.0,0.4,30.0,0.0,0.0,0.0,1.0,0.0,1.0,0.0,0.0,0.0,1185732.0,1.0,0.0,0.0,0.0,0.0,0.0,0.0,6.0,10.0,1.0,2021.0,75
43.0,0.35,49.99999999999999,0.0,1.0,0.0,0.0,0.0,1.0,0.0,0.0,0.0,1185732.0,1.0,0.0,0.0,0.0,0.0,0.0,0.0,38.0,6.0,5.0,2021.0,470
42.0,0.35,55.00000000000001,1.0,0.0,0.0,0.0,0.0,1.0,0.0,0.0,0.0,1185732.0,0.0,0.0,0.0,0.0,0.0,0.0,1.0,18.0,19.0,10.0,2021.0,225
51.0,0.52,41.0,0.0,0.0,0.0,1.0,0.0,1.0,0.0,0.0,0.0,1185732.0,1.0,0.0,0.0,0.0,0.0,1.0,0.0,7.0,13.0,5.0,2021.0,65
36.0,0.45999999999999996,45.0,0.0,1.0,0.0,0.0,0.0,1.0,0.0,0.0,0.0,1185732.0,0.0,1.0,0.0,0.0,0.0,1.0,0.0,29.0,8.0,6.0,2021.0,156
9.0,0.49,35.0,0.0,1.0,0.0,0.0,0.0,1.0,0.0,0.0,0.0,1185732.0,0.0,0.0,0.0,0.0,0.0,0.0,1.0,44.0,10.0,3.0,2021.0,185
40.0,0.44999999999999996,41.0,0.0,0.0,0.0,0.0,1.0,1.0,0.0,0.0,0.0,1185732.0,1.0,0.0,0.0,0.0,0.0,1.0,0.0,37.0,11.0,12.0,2021.0,50
10.0,0.4,70.0,0.0,0.0,1.0,0.0,0.0,1.0,0.0,0.0,0.0,1185732.0,1.0,0.0,0.0,0.0,0.0,0.0,0.0,47.0,16.0,12.0,2021.0,450
40.0,0.35,45.0,0.0,0.0,0.0,1.0,0.0,1.0,0.0,0.0,0.0,1128299.0,0.0,0.0,0.0,0.0,1.0,0.0,1.0,37.0,5.0,1.0,2020.0,300
40.0,0.53,55.0,0.0,0.0,0.0,0.0,1.0,1.0,0.0,0.0,0.0,1185732.0,1.0,0.0,0.0,0.0,0.0,1.0,0.0,37.0,29.0,12.0,2021.0,65
36.0,0.3,45.0,0.0,0.0,0.0,0.0,0.0,1.0,0.0,0.0,0.0,1185732.0,0.0,1.0,0.0,0.0,0.0,0.0,0.0,29.0,6.0,3.0,2021.0,125
35.0,0.41,27.0,0.0,0.0,0.0,0.0,1.0,1.0,0.0,0.0,0.0,1185732.0,1.0,0.0,0.0,0.0,0.0,0.0,1.0,31.0,27.0,1.0,2020.0,314
0.0,0.3,45.0,0.0,0.0,0.0,1.0,0.0,1.0,0.0,0.0,0.0,1185732.0,0.0,0.0,0.0,0.0,1.0,0.0,0.0,31.0,8.0,9.0,2021.0,525
20.0,0.39999999999999997,24.0,0.0,1.0,0.0,0.0,0.0,1.0,0.0,0.0,0.0,1185732.0,1.0,0.0,0.0,0.0,0.0,0.0,1.0,6.0,8.0,2.0,2021.0,162
40.0,0.33999999999999997,36.0,0.0,0.0,0.0,0.0,0.0,1.0,0.0,0.0,0.0,1185732.0,1.0,0.0,0.0,0.0,0.0,0.0,1.0,37.0,13.0,12.0,2021.0,41
35.0,0.35,50.0,0.0,0.0,0.0,1.0,0.0,1.0,0.0,0.0,0.0,1185732.0,1.0,0.0,0.0,0.0,0.0,0.0,1.0,31.0,7.0,3.0,2020.0,900
51.0,0.48,51.0,0.0,1.0,0.0,0.0,0.0,1.0,0.0,0.0,0.0,1185732.0,1.0,0.0,0.0,0.0,0.0,1.0,0.0,7.0,13.0,5.0,2021.0,160
9.0,0.45,60.0,0.0,1.0,0.0,0.0,0.0,1.0,0.0,0.0,0.0,1185732.0,0.0,0.0,0.0,0.0,0.0,0.0,0.0,44.0,11.0,8.0,2021.0,650
43.0,0.3,60.0,0.0,0.0,0.0,0.0,0.0,1.0,0.0,0.0,0.0,1185732.0,0.0,0.0,1.0,0.0,0.0,0.0,0.0,38.0,7.0,11.0,2021.0,175
20.0,0.32999999999999996,24.0,0.0,0.0,0.0,1.0,0.0,1.0,0.0,0.0,0.0,1185732.0,0.0,0.0,1.0,0.0,0.0,0.0,1.0,6.0,5.0,2.0,2021.0,39
43.0,0.35,49.99999999999999,0.0,1.0,0.0,0.0,0.0,1.0,0.0,0.0,0.0,1185732.0,1.0,0.0,0.0,0.0,0.0,0.0,0.0,38.0,7.0,8.0,2021.0,550
4.0,0.35,40.0,0.0,0.0,0.0,0.0,1.0,1.0,0.0,0.0,0.0,1185732.0,1.0,0.0,0.0,0.0,0.0,0.0,0.0,19.0,22.0,6.0,2021.0,175
9.0,0.33999999999999997,31.0,0.0,0.0,0.0,0.0,1.0,1.0,0.0,0.0,0.0,1185732.0,0.0,0.0,0.0,0.0,0.0,0.0,1.0,44.0,19.0,2.0,2021.0,96
20.0,0.5,52.0,1.0,0.0,0.0,0.0,0.0,1.0,0.0,0.0,0.0,1185732.0,0.0,0.0,1.0,0.0,0.0,1.0,0.0,6.0,5.0,10.0,2021.0,72
43.0,0.4,40.0,0.0,0.0,0.0,1.0,0.0,1.0,0.0,0.0,0.0,1185732.0,1.0,0.0,0.0,0.0,0.0,0.0,0.0,38.0,6.0,9.0,2021.0,100
36.0,0.5,42.0,1.0,0.0,0.0,0.0,0.0,1.0,0.0,0.0,0.0,1185732.0,0.0,1.0,0.0,0.0,0.0,1.0,0.0,29.0,6.0,7.0,2021.0,98
40.0,0.45999999999999996,52.0,0.0,0.0,0.0,0.0,1.0,1.0,0.0,0.0,0.0,1185732.0,1.0,0.0,0.0,0.0,0.0,1.0,0.0,37.0,17.0,11.0,2021.0,42
4.0,0.3,35.0,0.0,0.0,1.0,0.0,0.0,1.0,0.0,0.0,0.0,1185732.0,0.0,0.0,0.0,0.0,1.0,0.0,0.0,19.0,22.0,2.0,2021.0,225
40.0,0.3,60.0,0.0,0.0,0.0,0.0,0.0,1.0,0.0,0.0,0.0,1185732.0,1.0,0.0,0.0,0.0,0.0,0.0,1.0,37.0,7.0,11.0,2021.0,75
4.0,0.44999999999999996,36.0,0.0,1.0,0.0,0.0,0.0,1.0,0.0,0.0,0.0,1185732.0,1.0,0.0,0.0,0.0,0.0,1.0,0.0,19.0,17.0,1.0,2021.0,137
35.0,0.49,44.0,0.0,0.0,0.0,1.0,0.0,1.0,0.0,0.0,0.0,1185732.0,1.0,0.0,0.0,0.0,0.0,1.0,0.0,31.0,22.0,1.0,2020.0,206
9.0,0.41,44.0,0.0,0.0,0.0,0.0,0.0,1.0,0.0,0.0,0.0,1185732.0,0.0,0.0,0.0,0.0,0.0,0.0,1.0,44.0,12.0,6.0,2021.0,105
43.0,0.37,41.0,0.0,0.0,0.0,0.0,0.0,1.0,0.0,0.0,0.0,1185732.0,0.0,0.0,1.0,0.0,0.0,0.0,1.0,38.0,6.0,12.0,2021.0,74
51.0,0.47,33.0,1.0,0.0,0.0,0.0,0.0,1.0,0.0,0.0,0.0,1185732.0,0.0,1.0,0.0,0.0,0.0,1.0,0.0,7.0,10.0,1.0,2021.0,77
40.0,0.47,41.0,0.0,0.0,0.0,1.0,0.0,1.0,0.0,0.0,0.0,1185732.0,1.0,0.0,0.0,0.0,0.0,1.0,0.0,37.0,12.0,12.0,2021.0,53
4.0,0.43,62.0,0.0,0.0,1.0,0.0,0.0,1.0,0.0,0.0,0.0,1185732.0,1.0,0.0,0.0,0.0,0.0,1.0,0.0,19.0,21.0,11.0,2021.0,63
9.0,0.45999999999999996,51.0,0.0,0.0,0.0,0.0,0.0,1.0,0.0,0.0,0.0,1185732.0,0.0,0.0,0.0,0.0,0.0,1.0,0.0,44.0,11.0,4.0,2021.0,38
30.0,0.48,46.0,0.0,0.0,1.0,0.0,0.0,1.0,0.0,0.0,0.0,1185732.0,0.0,0.0,0.0,0.0,0.0,1.0,0.0,28.0,19.0,2.0,2021.0,98
35.0,0.28,53.0,0.0,0.0,1.0,0.0,0.0,1.0,0.0,0.0,0.0,1185732.0,0.0,0.0,0.0,1.0,0.0,0.0,1.0,31.0,2.0,5.0,2020.0,322
35.0,0.35,50.0,0.0,0.0,0.0,0.0,1.0,1.0,0.0,0.0,0.0,1185732.0,1.0,0.0,0.0,0.0,0.0,0.0,1.0,31.0,8.0,2.0,2020.0,900
35.0,0.47,54.0,0.0,0.0,0.0,0.0,1.0,1.0,0.0,0.0,0.0,1185732.0,0.0,0.0,0.0,1.0,0.0,1.0,0.0,31.0,5.0,5.0,2020.0,285
0.0,0.35,50.000000000000014,1.0,0.0,0.0,0.0,0.0,1.0,0.0,0.0,0.0,1185732.0,0.0,0.0,0.0,0.0,1.0,0.0,0.0,31.0,9.0,11.0,2021.0,600
40.0,0.42,65.0,0.0,0.0,1.0,0.0,0.0,1.0,0.0,0.0,0.0,1185732.0,1.0,0.0,0.0,0.0,0.0,1.0,0.0,37.0,26.0,11.0,2021.0,81
20.0,0.35,70.0,0.0,0.0,1.0,0.0,0.0,1.0,0.0,0.0,0.0,1185732.0,1.0,0.0,0.0,0.0,0.0,0.0,0.0,6.0,3.0,12.0,2021.0,400
42.0,0.4,43.0,0.0,0.0,0.0,0.0,1.0,1.0,0.0,0.0,0.0,1128299.0,0.0,0.0,0.0,0.0,1.0,1.0,0.0,18.0,10.0,1.0,2021.0,101
8.0,0.28,25.0,0.0,0.0,0.0,1.0,0.0,1.0,0.0,0.0,0.0,1185732.0,0.0,0.0,1.0,0.0,0.0,0.0,1.0,20.0,13.0,3.0,2021.0,93
43.0,0.55,39.0,0.0,0.0,0.0,0.0,1.0,1.0,0.0,0.0,0.0,1185732.0,1.0,0.0,0.0,0.0,0.0,1.0,0.0,38.0,8.0,6.0,2021.0,65
4.0,0.4,60.0,0.0,1.0,0.0,0.0,0.0,1.0,0.0,0.0,0.0,1185732.0,1.0,0.0,0.0,0.0,0.0,0.0,0.0,19.0,21.0,11.0,2021.0,350
35.0,0.44999999999999996,59.0,0.0,0.0,0.0,0.0,0.0,1.0,0.0,0.0,0.0,1185732.0,1.0,0.0,0.0,0.0,0.0,1.0,0.0,31.0,10.0,2.0,2020.0,245
36.0,0.3,35.0,0.0,0.0,0.0,1.0,0.0,1.0,0.0,0.0,0.0,1185732.0,0.0,0.0,1.0,0.0,0.0,0.0,0.0,29.0,7.0,1.0,2021.0,150
35.0,0.52,34.0,0.0,1.0,0.0,0.0,0.0,1.0,0.0,0.0,0.0,1185732.0,1.0,0.0,0.0,0.0,0.0,0.0,1.0,31.0,1.0,1.0,2020.0,384
36.0,0.35,50.0,1.0,0.0,0.0,0.0,0.0,1.0,0.0,0.0,0.0,1185732.0,0.0,0.0,1.0,0.0,0.0,0.0,0.0,29.0,6.0,12.0,2021.0,350
42.0,0.25,50.0,0.0,0.0,0.0,0.0,0.0,1.0,0.0,0.0,0.0,1185732.0,0.0,0.0,0.0,0.0,0.0,0.0,1.0,18.0,28.0,10.0,2021.0,100
36.0,0.44,33.0,0.0,0.0,0.0,1.0,0.0,1.0,0.0,0.0,0.0,1185732.0,0.0,0.0,1.0,0.0,0.0,1.0,0.0,29.0,7.0,1.0,2021.0,42
20.0,0.3,65.0,0.0,0.0,0.0,0.0,0.0,1.0,0.0,0.0,0.0,1185732.0,0.0,0.0,1.0,0.0,0.0,0.0,0.0,6.0,5.0,10.0,2021.0,150
10.0,0.4,30.000000000000004,1.0,0.0,0.0,0.0,0.0,1.0,0.0,0.0,0.0,1185732.0,0.0,0.0,0.0,0.0,1.0,0.0,0.0,47.0,16.0,3.0,2021.0,275
20.0,0.49,54.0,0.0,0.0,1.0,0.0,0.0,1.0,0.0,0.0,0.0,1185732.0,0.0,0.0,1.0,0.0,0.0,1.0,0.0,6.0,3.0,9.0,2021.0,83
43.0,0.53,37.0,0.0,0.0,0.0,1.0,0.0,1.0,0.0,0.0,0.0,1185732.0,1.0,0.0,0.0,0.0,0.0,1.0,0.0,38.0,7.0,8.0,2021.0,39
42.0,0.52,52.0,0.0,0.0,0.0,0.0,1.0,1.0,0.0,0.0,0.0,1185732.0,0.0,0.0,0.0,0.0,0.0,1.0,0.0,18.0,18.0,11.0,2021.0,55
9.0,0.47,35.0,0.0,0.0,1.0,0.0,0.0,1.0,0.0,0.0,0.0,1185732.0,0.0,0.0,0.0,0.0,0.0,0.0,1.0,44.0,12.0,2.0,2021.0,107
35.0,0.5,50.0,0.0,1.0,0.0,0.0,0.0,1.0,0.0,0.0,0.0,1185732.0,1.0,0.0,0.0,0.0,0.0,0.0,1.0,31.0,31.0,1.0,2020.0,1200
35.0,0.3,65.0,0.0,0.0,0.0,0.0,0.0,1.0,0.0,0.0,0.0,1185732.0,0.0,0.0,0.0,1.0,0.0,0.0,1.0,31.0,1.0,5.0,2020.0,875
43.0,0.35,45.0,1.0,0.0,0.0,0.0,0.0,1.0,0.0,0.0,0.0,1185732.0,1.0,0.0,0.0,0.0,0.0,0.0,0.0,38.0,7.0,8.0,2021.0,325
40.0,0.39,60.0,0.0,0.0,1.0,0.0,0.0,1.0,0.0,0.0,0.0,1185732.0,1.0,0.0,0.0,0.0,0.0,1.0,0.0,37.0,20.0,12.0,2021.0,63
36.0,0.5,49.0,0.0,0.0,0.0,0.0,1.0,1.0,0.0,0.0,0.0,1185732.0,0.0,0.0,1.0,0.0,0.0,1.0,0.0,29.0,6.0,12.0,2021.0,91
8.0,0.25,55.00000000000001,0.0,0.0,0.0,0.0,1.0,1.0,0.0,0.0,0.0,1185732.0,0.0,0.0,1.0,0.0,0.0,0.0,0.0,20.0,15.0,10.0,2021.0,125
30.0,0.28,33.0,0.0,0.0,0.0,1.0,0.0,1.0,0.0,0.0,0.0,1185732.0,1.0,0.0,0.0,0.0,0.0,0.0,1.0,28.0,24.0,1.0,2021.0,51
9.0,0.39999999999999997,30.0,0.0,0.0,0.0,1.0,0.0,1.0,0.0,0.0,0.0,1185732.0,0.0,0.0,0.0,0.0,0.0,0.0,1.0,44.0,11.0,4.0,2021.0,50
30.0,0.3,55.00000000000001,0.0,0.0,0.0,1.0,0.0,1.0,0.0,0.0,0.0,1185732.0,0.0,0.0,0.0,0.0,0.0,0.0,1.0,28.0,17.0,7.0,2021.0,325
9.0,0.5900000000000001,54.0,1.0,0.0,0.0,0.0,0.0,1.0,0.0,0.0,0.0,1185732.0,0.0,0.0,0.0,0.0,0.0,1.0,0.0,44.0,12.0,10.0,2021.0,75
43.0,0.3,49.99999999999999,0.0,0.0,0.0,0.0,0.0,1.0,0.0,0.0,0.0,1185732.0,1.0,0.0,0.0,0.0,0.0,0.0,0.0,38.0,8.0,6.0,2021.0,200
35.0,0.54,33.0,0.0,1.0,0.0,0.0,0.0,1.0,0.0,0.0,0.0,1185732.0,1.0,0.0,0.0,0.0,0.0,0.0,1.0,31.0,31.0,1.0,2020.0,372
9.0,0.47,54.0,0.0,0.0,0.0,0.0,0.0,1.0,0.0,0.0,0.0,1185732.0,0.0,0.0,0.0,0.0,0.0,1.0,0.0,44.0,10.0,7.0,2021.0,94
43.0,0.4,40.0,0.0,0.0,0.0,0.0,1.0,1.0,0.0,0.0,0.0,1185732.0,1.0,0.0,0.0,0.0,0.0,0.0,0.0,38.0,8.0,6.0,2021.0,225
40.0,0.35,60.00000000000001,1.0,0.0,0.0,0.0,0.0,1.0,0.0,0.0,0.0,1185732.0,1.0,0.0,0.0,0.0,0.0,0.0,1.0,37.0,28.0,12.0,2021.0,275
40.0,0.6100000000000001,53.0,0.0,1.0,0.0,0.0,0.0,1.0,0.0,0.0,0.0,1185732.0,1.0,0.0,0.0,0.0,0.0,0.0,1.0,37.0,27.0,12.0,2021.0,143
30.0,0.3,55.00000000000001,0.0,0.0,0.0,1.0,0.0,1.0,0.0,0.0,0.0,1185732.0,0.0,0.0,0.0,0.0,0.0,0.0,1.0,28.0,17.0,9.0,2021.0,225
43.0,0.35,60.0,0.0,1.0,0.0,0.0,0.0,1.0,0.0,0.0,0.0,1185732.0,0.0,0.0,1.0,0.0,0.0,0.0,0.0,38.0,7.0,11.0,2021.0,350
43.0,0.4,50.0,0.0,0.0,0.0,0.0,1.0,1.0,0.0,0.0,0.0,1185732.0,1.0,0.0,0.0,0.0,0.0,0.0,0.0,38.0,8.0,10.0,2021.0,100
20.0,0.44,39.0,1.0,0.0,0.0,0.0,0.0,1.0,0.0,0.0,0.0,1185732.0,0.0,0.0,1.0,0.0,0.0,0.0,1.0,6.0,5.0,10.0,2021.0,94
9.0,0.5700000000000001,55.0,0.0,1.0,0.0,0.0,0.0,1.0,0.0,0.0,0.0,1185732.0,0.0,0.0,0.0,0.0,0.0,1.0,0.0,44.0,10.0,5.0,2021.0,154
8.0,0.47000000000000003,33.0,0.0,1.0,0.0,0.0,0.0,1.0,0.0,0.0,0.0,1185732.0,0.0,0.0,0.0,0.0,0.0,0.0,1.0,20.0,12.0,2.0,2021.0,184
42.0,0.39,46.0,0.0,0.0,0.0,0.0,0.0,1.0,0.0,0.0,0.0,1185732.0,0.0,0.0,0.0,0.0,0.0,1.0,0.0,18.0,22.0,10.0,2021.0,45
30.0,0.35,50.0,0.0,0.0,1.0,0.0,0.0,1.0,0.0,0.0,0.0,1185732.0,0.0,0.0,0.0,0.0,0.0,0.0,0.0,28.0,18.0,4.0,2021.0,325
10.0,0.4,24.999999999999993,0.0,0.0,0.0,1.0,0.0,1.0,0.0,0.0,0.0,1185732.0,0.0,0.0,0.0,0.0,1.0,0.0,0.0,47.0,17.0,4.0,2021.0,175
42.0,0.48,46.0,1.0,0.0,0.0,0.0,0.0,1.0,0.0,0.0,0.0,1185732.0,0.0,0.0,0.0,0.0,0.0,1.0,0.0,18.0,18.0,11.0,2021.0,84
42.0,0.25,65.0,0.0,0.0,0.0,0.0,0.0,1.0,0.0,0.0,0.0,1185732.0,0.0,0.0,0.0,0.0,0.0,0.0,1.0,18.0,17.0,12.0,2021.0,200
20.0,0.3,55.00000000000001,0.0,0.0,0.0,0.0,1.0,1.0,0.0,0.0,0.0,1185732.0,1.0,0.0,0.0,0.0,0.0,0.0,0.0,6.0,3.0,12.0,2021.0,350
4.0,0.51,36.0,0.0,0.0,1.0,0.0,0.0,1.0,0.0,0.0,0.0,1185732.0,1.0,0.0,0.0,0.0,0.0,1.0,0.0,19.0,17.0,1.0,2021.0,81
43.0,0.41,38.0,0.0,1.0,0.0,0.0,0.0,1.0,0.0,0.0,0.0,1185732.0,1.0,0.0,0.0,0.0,0.0,0.0,1.0,38.0,7.0,8.0,2021.0,182
40.0,0.5700000000000001,49.0,0.0,1.0,0.0,0.0,0.0,1.0,0.0,0.0,0.0,1185732.0,1.0,0.0,0.0,0.0,0.0,0.0,1.0,37.0,27.0,11.0,2021.0,175
36.0,0.4,30.0,0.0,0.0,0.0,1.0,0.0,1.0,0.0,0.0,0.0,1185732.0,0.0,1.0,0.0,0.0,0.0,0.0,0.0,29.0,8.0,2.0,2021.0,100
10.0,0.51,64.0,0.0,0.0,1.0,0.0,0.0,1.0,0.0,0.0,0.0,1185732.0,1.0,0.0,0.0,0.0,0.0,1.0,0.0,47.0,17.0,11.0,2021.0,100
10.0,0.54,54.0,0.0,0.0,1.0,0.0,0.0,1.0,0.0,0.0,0.0,1185732.0,0.0,0.0,0.0,0.0,1.0,1.0,0.0,47.0,17.0,8.0,2021.0,115
30.0,0.32,41.0,0.0,0.0,1.0,0.0,0.0,1.0,0.0,0.0,0.0,1185732.0,1.0,0.0,0.0,0.0,0.0,0.0,1.0,28.0,24.0,1.0,2021.0,105
9.0,0.6,58.0,0.0,1.0,0.0,0.0,0.0,1.0,0.0,0.0,0.0,1185732.0,0.0,0.0,0.0,0.0,0.0,1.0,0.0,44.0,11.0,8.0,2021.0,176
9.0,0.35,60.00000000000001,0.0,0.0,0.0,0.0,1.0,1.0,0.0,0.0,0.0,1185732.0,0.0,0.0,0.0,0.0,1.0,0.0,0.0,44.0,11.0,11.0,2021.0,320
0.0,0.47,53.0,1.0,0.0,0.0,0.0,0.0,1.0,0.0,0.0,0.0,1185732.0,0.0,0.0,0.0,0.0,1.0,1.0,0.0,31.0,8.0,5.0,2021.0,161
20.0,0.44,51.0,0.0,0.0,0.0,0.0,0.0,1.0,0.0,0.0,0.0,1185732.0,0.0,0.0,1.0,0.0,0.0,1.0,0.0,6.0,4.0,8.0,2021.0,52
51.0,0.35,35.0,1.0,0.0,0.0,0.0,0.0,1.0,0.0,0.0,0.0,1185732.0,0.0,1.0,0.0,0.0,0.0,0.0,0.0,7.0,10.0,1.0,2021.0,275
30.0,0.42,53.0,0.0,0.0,0.0,1.0,0.0,1.0,0.0,0.0,0.0,1185732.0,0.0,0.0,0.0,0.0,0.0,1.0,0.0,28.0,17.0,9.0,2021.0,56
20.0,0.5,63.0,0.0,0.0,1.0,0.0,0.0,1.0,0.0,0.0,0.0,1185732.0,1.0,0.0,0.0,0.0,0.0,1.0,0.0,6.0,5.0,10.0,2021.0,74
4.0,0.51,33.0,0.0,1.0,0.0,0.0,0.0,1.0,0.0,0.0,0.0,1185732.0,0.0,0.0,0.0,0.0,1.0,1.0,0.0,19.0,21.0,4.0,2021.0,128
43.0,0.35,60.0,0.0,1.0,0.0,0.0,0.0,1.0,0.0,0.0,0.0,1185732.0,0.0,0.0,1.0,0.0,0.0,0.0,0.0,38.0,6.0,12.0,2021.0,500
30.0,0.53,59.0,0.0,1.0,0.0,0.0,0.0,1.0,0.0,0.0,0.0,1185732.0,0.0,0.0,0.0,0.0,0.0,1.0,0.0,28.0,19.0,6.0,2021.0,169
9.0,0.35,40.0,0.0,0.0,0.0,1.0,0.0,1.0,0.0,0.0,0.0,1185732.0,0.0,0.0,0.0,0.0,0.0,0.0,0.0,44.0,11.0,4.0,2021.0,150
8.0,0.3,50.0,1.0,0.0,0.0,0.0,0.0,1.0,0.0,0.0,0.0,1185732.0,0.0,0.0,1.0,0.0,0.0,0.0,0.0,20.0,13.0,5.0,2021.0,200
36.0,0.3,45.0,0.0,0.0,0.0,0.0,0.0,1.0,0.0,0.0,0.0,1185732.0,0.0,1.0,0.0,0.0,0.0,0.0,0.0,29.0,8.0,2.0,2021.0,175
10.0,0.51,47.0,0.0,0.0,1.0,0.0,0.0,1.0,0.0,0.0,0.0,1185732.0,0.0,0.0,0.0,0.0,1.0,1.0,0.0,47.0,17.0,4.0,2021.0,94
42.0,0.25,54.99999999999999,0.0,0.0,0.0,0.0,0.0,1.0,0.0,0.0,0.0,1185732.0,0.0,0.0,0.0,0.0,0.0,0.0,1.0,18.0,9.0,11.0,2021.0,150
43.0,0.43,56.0,0.0,0.0,0.0,0.0,0.0,1.0,0.0,0.0,0.0,1185732.0,0.0,0.0,1.0,0.0,0.0,1.0,0.0,38.0,6.0,12.0,2021.0,68
30.0,0.4,65.0,0.0,1.0,0.0,0.0,0.0,1.0,0.0,0.0,0.0,1185732.0,0.0,0.0,0.0,0.0,0.0,0.0,1.0,28.0,18.0,8.0,2021.0,675
35.0,0.35,50.0,0.0,0.0,0.0,1.0,0.0,1.0,0.0,0.0,0.0,1185732.0,1.0,0.0,0.0,0.0,0.0,0.0,1.0,31.0,31.0,3.0,2020.0,925
30.0,0.35,50.0,0.0,0.0,1.0,0.0,0.0,1.0,0.0,0.0,0.0,1185732.0,0.0,0.0,0.0,0.0,0.0,0.0,0.0,28.0,19.0,2.0,2021.0,375
0.0,0.41,37.0,1.0,0.0,0.0,0.0,0.0,1.0,0.0,0.0,0.0,1185732.0,0.0,1.0,0.0,0.0,0.0,1.0,0.0,31.0,12.0,2.0,2021.0,145
10.0,0.5,47.0,0.0,0.0,1.0,0.0,0.0,1.0,0.0,0.0,0.0,1185732.0,1.0,0.0,0.0,0.0,0.0,1.0,0.0,47.0,17.0,10.0,2021.0,84
8.0,0.36,28.0,1.0,0.0,0.0,0.0,0.0,1.0,0.0,0.0,0.0,1185732.0,0.0,0.0,1.0,0.0,0.0,0.0,1.0,20.0,14.0,4.0,2021.0,51
51.0,0.54,53.0,0.0,0.0,0.0,1.0,0.0,1.0,0.0,0.0,0.0,1185732.0,0.0,1.0,0.0,0.0,0.0,1.0,0.0,7.0,13.0,12.0,2021.0,98
10.0,0.4,50.0,0.0,0.0,0.0,0.0,0.0,1.0,0.0,0.0,0.0,1185732.0,0.0,0.0,0.0,0.0,1.0,0.0,0.0,47.0,17.0,8.0,2021.0,250
8.0,0.3,54.99999999999999,0.0,1.0,0.0,0.0,0.0,1.0,0.0,0.0,0.0,1185732.0,0.0,0.0,1.0,0.0,0.0,0.0,0.0,20.0,13.0,5.0,2021.0,495
30.0,0.4,65.0,0.0,1.0,0.0,0.0,0.0,1.0,0.0,0.0,0.0,1185732.0,0.0,0.0,0.0,0.0,0.0,0.0,0.0,28.0,17.0,5.0,2021.0,595
51.0,0.51,24.0,0.0,0.0,0.0,0.0,1.0,1.0,0.0,0.0,0.0,1185732.0,0.0,1.0,0.0,0.0,0.0,1.0,0.0,7.0,10.0,1.0,2021.0,72
30.0,0.42,62.0,0.0,0.0,0.0,0.0,1.0,1.0,0.0,0.0,0.0,1185732.0,1.0,0.0,0.0,0.0,0.0,1.0,0.0,28.0,17.0,12.0,2021.0,108
35.0,0.35,50.0,0.0,0.0,0.0,0.0,1.0,1.0,0.0,0.0,0.0,1185732.0,0.0,0.0,0.0,1.0,0.0,0.0,1.0,31.0,21.0,4.0,2020.0,925
35.0,0.35,40.0,0.0,0.0,0.0,0.0,1.0,1.0,0.0,0.0,0.0,1185732.0,1.0,0.0,0.0,0.0,0.0,0.0,1.0,31.0,2.0,2.0,2020.0,900
43.0,0.3,49.99999999999999,0.0,0.0,0.0,0.0,0.0,1.0,0.0,0.0,0.0,1185732.0,1.0,0.0,0.0,0.0,0.0,0.0,0.0,38.0,6.0,5.0,2021.0,175
35.0,0.42,59.0,0.0,0.0,0.0,0.0,0.0,1.0,0.0,0.0,0.0,1185732.0,1.0,0.0,0.0,0.0,0.0,1.0,0.0,31.0,29.0,1.0,2020.0,230
43.0,0.42000000000000004,16.0,0.0,0.0,0.0,0.0,1.0,1.0,0.0,0.0,0.0,1185732.0,1.0,0.0,0.0,0.0,0.0,0.0,1.0,38.0,7.0,4.0,2021.0,44
4.0,0.3,35.0,0.0,0.0,1.0,0.0,0.0,1.0,0.0,0.0,0.0,1185732.0,0.0,0.0,0.0,0.0,1.0,0.0,0.0,19.0,21.0,4.0,2021.0,200
9.0,0.38999999999999996,42.0,0.0,0.0,0.0,1.0,0.0,1.0,0.0,0.0,0.0,1185732.0,0.0,0.0,0.0,0.0,0.0,0.0,1.0,44.0,11.0,11.0,2021.0,96
30.0,0.43,60.0,0.0,0.0,0.0,0.0,0.0,1.0,0.0,0.0,0.0,1185732.0,0.0,0.0,0.0,0.0,0.0,1.0,0.0,28.0,19.0,6.0,2021.0,94
8.0,0.35,40.0,1.0,0.0,0.0,0.0,0.0,1.0,0.0,0.0,0.0,1185732.0,0.0,0.0,0.0,0.0,0.0,0.0,1.0,20.0,14.0,11.0,2021.0,102
0.0,0.35,51.0,0.0,0.0,0.0,0.0,1.0,1.0,0.0,0.0,0.0,1185732.0,0.0,0.0,0.0,0.0,1.0,1.0,0.0,31.0,8.0,7.0,2021.0,169
43.0,0.35,45.0,1.0,0.0,0.0,0.0,0.0,1.0,0.0,0.0,0.0,1185732.0,1.0,0.0,0.0,0.0,0.0,0.0,0.0,38.0,6.0,9.0,2021.0,225
9.0,0.53,70.0,0.0,0.0,1.0,0.0,0.0,1.0,0.0,0.0,0.0,1185732.0,0.0,0.0,0.0,0.0,0.0,1.0,0.0,44.0,11.0,11.0,2021.0,94
35.0,0.29,36.0,0.0,0.0,1.0,0.0,0.0,1.0,0.0,0.0,0.0,1185732.0,1.0,0.0,0.0,0.0,0.0,0.0,1.0,31.0,24.0,1.0,2020.0,350
35.0,0.47,24.0,0.0,1.0,0.0,0.0,0.0,1.0,0.0,0.0,0.0,1197831.0,0.0,0.0,1.0,0.0,0.0,1.0,0.0,31.0,19.0,7.0,2020.0,234
51.0,0.35,65.0,0.0,1.0,0.0,0.0,0.0,1.0,0.0,0.0,0.0,1185732.0,0.0,1.0,0.0,0.0,0.0,0.0,0.0,7.0,13.0,12.0,2021.0,600
10.0,0.4,30.000000000000004,1.0,0.0,0.0,0.0,0.0,1.0,0.0,0.0,0.0,1185732.0,0.0,0.0,0.0,0.0,1.0,0.0,0.0,47.0,17.0,4.0,2021.0,250
4.0,0.55,32.0,0.0,0.0,0.0,1.0,0.0,1.0,0.0,0.0,0.0,1185732.0,1.0,0.0,0.0,0.0,0.0,1.0,0.0,19.0,17.0,1.0,2021.0,47
40.0,0.67,60.0,0.0,1.0,0.0,0.0,0.0,1.0,0.0,0.0,0.0,1185732.0,1.0,0.0,0.0,0.0,0.0,1.0,0.0,37.0,27.0,11.0,2021.0,145
9.0,0.52,45.0,0.0,1.0,0.0,0.0,0.0,1.0,0.0,0.0,0.0,1185732.0,0.0,0.0,0.0,0.0,0.0,0.0,1.0,44.0,10.0,7.0,2021.0,209
35.0,0.44999999999999996,54.0,0.0,0.0,0.0,0.0,0.0,1.0,0.0,0.0,0.0,1185732.0,0.0,0.0,0.0,1.0,0.0,1.0,0.0,31.0,17.0,4.0,2020.0,270
35.0,0.35,50.0,0.0,0.0,0.0,0.0,1.0,1.0,0.0,0.0,0.0,1185732.0,1.0,0.0,0.0,0.0,0.0,0.0,1.0,31.0,18.0,3.0,2020.0,950
43.0,0.47000000000000003,38.0,0.0,0.0,1.0,0.0,0.0,1.0,0.0,0.0,0.0,1185732.0,1.0,0.0,0.0,0.0,0.0,0.0,1.0,38.0,7.0,8.0,2021.0,96
20.0,0.42,26.0,0.0,0.0,1.0,0.0,0.0,1.0,0.0,0.0,0.0,1185732.0,0.0,0.0,1.0,0.0,0.0,0.0,1.0,6.0,4.0,4.0,2021.0,94
4.0,0.3,60.0,0.0,0.0,0.0,0.0,0.0,1.0,0.0,0.0,0.0,1185732.0,1.0,0.0,0.0,0.0,0.0,0.0,0.0,19.0,20.0,12.0,2021.0,175
30.0,0.4,75.00000000000001,0.0,1.0,0.0,0.0,0.0,1.0,0.0,0.0,0.0,1185732.0,1.0,0.0,0.0,0.0,0.0,0.0,1.0,28.0,17.0,12.0,2021.0,625
42.0,0.4,40.0,0.0,0.0,1.0,0.0,0.0,1.0,0.0,0.0,0.0,1185732.0,0.0,0.0,0.0,0.0,0.0,0.0,1.0,18.0,23.0,10.0,2021.0,250
0.0,0.3,55.00000000000001,0.0,0.0,0.0,1.0,0.0,1.0,0.0,0.0,0.0,1185732.0,0.0,1.0,0.0,0.0,0.0,0.0,0.0,31.0,8.0,12.0,2021.0,575
30.0,0.35,80.0,0.0,0.0,1.0,0.0,0.0,1.0,0.0,0.0,0.0,1185732.0,1.0,0.0,0.0,0.0,0.0,0.0,1.0,28.0,17.0,12.0,2021.0,450
4.0,0.35,45.0,1.0,0.0,0.0,0.0,0.0,1.0,0.0,0.0,0.0,1185732.0,0.0,0.0,0.0,0.0,1.0,0.0,0.0,19.0,22.0,6.0,2021.0,250
0.0,0.35,35.0,0.0,0.0,0.0,1.0,0.0,1.0,0.0,0.0,0.0,1185732.0,0.0,1.0,0.0,0.0,0.0,0.0,0.0,31.0,14.0,1.0,2021.0,450
8.0,0.44999999999999996,38.0,1.0,0.0,0.0,0.0,0.0,1.0,0.0,0.0,0.0,1185732.0,0.0,0.0,1.0,0.0,0.0,1.0,0.0,20.0,13.0,3.0,2021.0,47
35.0,0.5,65.0,0.0,1.0,0.0,0.0,0.0,1.0,0.0,0.0,0.0,1185732.0,0.0,0.0,0.0,1.0,0.0,0.0,1.0,31.0,27.0,4.0,2020.0,1150
8.0,0.4,49.0,1.0,0.0,0.0,0.0,0.0,1.0,0.0,0.0,0.0,1185732.0,0.0,0.0,1.0,0.0,0.0,1.0,0.0,20.0,13.0,9.0,2021.0,63
35.0,0.33999999999999997,46.0,0.0,0.0,0.0,0.0,0.0,1.0,0.0,0.0,0.0,1185732.0,1.0,0.0,0.0,0.0,0.0,0.0,1.0,31.0,14.0,3.0,2020.0,278
43.0,0.44,26.0,0.0,0.0,1.0,0.0,0.0,1.0,0.0,0.0,0.0,1185732.0,1.0,0.0,0.0,0.0,0.0,0.0,1.0,38.0,7.0,4.0,2021.0,60
36.0,0.51,38.0,0.0,1.0,0.0,0.0,0.0,1.0,0.0,0.0,0.0,1185732.0,0.0,0.0,1.0,0.0,0.0,1.0,0.0,29.0,7.0,1.0,2021.0,125
9.0,0.44999999999999996,47.0,0.0,0.0,0.0,1.0,0.0,1.0,0.0,0.0,0.0,1185732.0,0.0,0.0,0.0,0.0,0.0,1.0,0.0,44.0,12.0,6.0,2021.0,90
35.0,0.32999999999999996,35.0,1.0,0.0,0.0,0.0,0.0,1.0,0.0,0.0,0.0,1185732.0,1.0,0.0,0.0,0.0,0.0,0.0,1.0,31.0,1.0,2.0,2020.0,315
30.0,0.44,53.0,0.0,0.0,0.0,0.0,1.0,1.0,0.0,0.0,0.0,1185732.0,0.0,0.0,0.0,0.0,0.0,1.0,0.0,28.0,19.0,6.0,2021.0,88
8.0,0.3,40.0,1.0,0.0,0.0,0.0,0.0,1.0,0.0,0.0,0.0,1185732.0,0.0,0.0,1.0,0.0,0.0,0.0,0.0,20.0,13.0,3.0,2021.0,175
30.0,0.43000000000000005,59.0,0.0,1.0,0.0,0.0,0.0,1.0,0.0,0.0,0.0,1185732.0,1.0,0.0,0.0,0.0,0.0,0.0,1.0,28.0,18.0,11.0,2021.0,149
43.0,0.53,33.0,0.0,0.0,1.0,0.0,0.0,1.0,0.0,0.0,0.0,1185732.0,1.0,0.0,0.0,0.0,0.0,1.0,0.0,38.0,8.0,2.0,2021.0,65
42.0,0.4,50.0,0.0,0.0,0.0,1.0,0.0,1.0,0.0,0.0,0.0,1185732.0,0.0,0.0,0.0,0.0,0.0,1.0,0.0,18.0,19.0,10.0,2021.0,26
9.0,0.45999999999999996,48.0,0.0,0.0,0.0,0.0,1.0,1.0,0.0,0.0,0.0,1185732.0,0.0,0.0,0.0,0.0,0.0,1.0,0.0,44.0,11.0,8.0,2021.0,105
20.0,0.47000000000000003,38.0,1.0,0.0,0.0,0.0,0.0,1.0,0.0,0.0,0.0,1185732.0,0.0,0.0,1.0,0.0,0.0,0.0,1.0,6.0,5.0,6.0,2021.0,124
35.0,0.45999999999999996,36.0,0.0,0.0,0.0,0.0,1.0,1.0,0.0,0.0,0.0,1185732.0,1.0,0.0,0.0,0.0,0.0,1.0,0.0,31.0,3.0,1.0,2020.0,250
42.0,0.4,40.0,0.0,0.0,1.0,0.0,0.0,1.0,0.0,0.0,0.0,1185732.0,0.0,0.0,0.0,0.0,0.0,0.0,1.0,18.0,17.0,10.0,2021.0,250
8.0,0.35,48.0,0.0,0.0,1.0,0.0,0.0,1.0,0.0,0.0,0.0,1185732.0,0.0,0.0,0.0,0.0,0.0,0.0,1.0,20.0,14.0,11.0,2021.0,123
35.0,0.41,47.0,1.0,0.0,0.0,0.0,0.0,1.0,0.0,0.0,0.0,1185732.0,1.0,0.0,0.0,0.0,0.0,1.0,0.0,31.0,1.0,2.0,2020.0,234
20.0,0.35,40.0,0.0,0.0,1.0,0.0,0.0,1.0,0.0,0.0,0.0,1185732.0,0.0,0.0,1.0,0.0,0.0,0.0,0.0,6.0,5.0,2.0,2021.0,300
35.0,0.35,40.0,0.0,0.0,0.0,0.0,1.0,1.0,0.0,0.0,0.0,1185732.0,1.0,0.0,0.0,0.0,0.0,0.0,1.0,31.0,27.0,1.0,2020.0,950
20.0,0.35,38.0,0.0,0.0,0.0,1.0,0.0,1.0,0.0,0.0,0.0,1185732.0,1.0,0.0,0.0,0.0,0.0,0.0,1.0,6.0,3.0,12.0,2021.0,96
30.0,0.39999999999999997,47.0,0.0,0.0,1.0,0.0,0.0,1.0,0.0,0.0,0.0,1185732.0,0.0,0.0,0.0,0.0,0.0,0.0,1.0,28.0,17.0,7.0,2021.0,163
9.0,0.35,50.0,0.0,0.0,1.0,0.0,0.0,1.0,0.0,0.0,0.0,1185732.0,0.0,0.0,0.0,0.0,0.0,0.0,0.0,44.0,21.0,1.0,2021.0,325
4.0,0.43,34.0,0.0,0.0,1.0,0.0,0.0,1.0,0.0,0.0,0.0,1185732.0,0.0,0.0,0.0,0.0,1.0,1.0,0.0,19.0,22.0,2.0,2021.0,63
20.0,0.3,54.99999999999999,0.0,0.0,0.0,0.0,0.0,1.0,0.0,0.0,0.0,1185732.0,0.0,0.0,1.0,0.0,0.0,0.0,0.0,6.0,3.0,7.0,2021.0,300
9.0,0.43000000000000005,37.0,1.0,0.0,0.0,0.0,0.0,1.0,0.0,0.0,0.0,1185732.0,0.0,0.0,0.0,0.0,0.0,0.0,1.0,44.0,19.0,2.0,2021.0,85
30.0,0.25,45.0,0.0,0.0,0.0,0.0,1.0,1.0,0.0,0.0,0.0,1185732.0,1.0,0.0,0.0,0.0,0.0,0.0,1.0,28.0,22.0,2.0,2021.0,275
8.0,0.32,27.0,0.0,0.0,0.0,1.0,0.0,1.0,0.0,0.0,0.0,1185732.0,0.0,0.0,1.0,0.0,0.0,0.0,1.0,20.0,15.0,2.0,2021.0,75
8.0,0.6,42.0,1.0,0.0,0.0,0.0,0.0,1.0,0.0,0.0,0.0,1185732.0,0.0,0.0,0.0,0.0,0.0,1.0,0.0,20.0,14.0,1.0,2021.0,94
30.0,0.42,52.0,0.0,0.0,0.0,1.0,0.0,1.0,0.0,0.0,0.0,1185732.0,0.0,0.0,0.0,0.0,0.0,1.0,0.0,28.0,19.0,6.0,2021.0,91
9.0,0.35,50.0,0.0,0.0,0.0,1.0,0.0,1.0,0.0,0.0,0.0,1185732.0,0.0,0.0,0.0,0.0,0.0,0.0,0.0,44.0,12.0,6.0,2021.0,300
8.0,0.6,44.0,1.0,0.0,0.0,0.0,0.0,1.0,0.0,0.0,0.0,1185732.0,0.0,0.0,0.0,0.0,0.0,1.0,0.0,20.0,12.0,2.0,2021.0,61
4.0,0.35,40.0,0.0,1.0,0.0,0.0,0.0,1.0,0.0,0.0,0.0,1185732.0,1.0,0.0,0.0,0.0,0.0,0.0,0.0,19.0,17.0,1.0,2021.0,525
35.0,0.47,46.0,0.0,0.0,0.0,0.0,1.0,1.0,0.0,0.0,0.0,1185732.0,1.0,0.0,0.0,0.0,0.0,1.0,0.0,31.0,8.0,2.0,2020.0,261
36.0,0.4,40.0,1.0,0.0,0.0,0.0,0.0,1.0,0.0,0.0,0.0,1185732.0,0.0,0.0,1.0,0.0,0.0,0.0,0.0,29.0,7.0,1.0,2021.0,300
0.0,0.45999999999999996,46.0,1.0,0.0,0.0,0.0,0.0,1.0,0.0,0.0,0.0,1185732.0,0.0,0.0,0.0,0.0,1.0,1.0,0.0,31.0,10.0,10.0,2021.0,156
8.0,0.3,50.0,1.0,0.0,0.0,0.0,0.0,1.0,0.0,0.0,0.0,1185732.0,0.0,0.0,1.0,0.0,0.0,0.0,0.0,20.0,13.0,9.0,2021.0,250
20.0,0.43000000000000005,34.0,1.0,0.0,0.0,0.0,0.0,1.0,0.0,0.0,0.0,1185732.0,0.0,0.0,1.0,0.0,0.0,0.0,1.0,6.0,4.0,8.0,2021.0,128
30.0,0.4,65.00000000000001,1.0,0.0,0.0,0.0,0.0,1.0,0.0,0.0,0.0,1185732.0,1.0,0.0,0.0,0.0,0.0,0.0,1.0,28.0,19.0,10.0,2021.0,300
30.0,0.4,60.00000000000001,1.0,0.0,0.0,0.0,0.0,1.0,0.0,0.0,0.0,1185732.0,0.0,0.0,0.0,0.0,0.0,0.0,0.0,28.0,19.0,6.0,2021.0,425
0.0,0.56,62.0,0.0,1.0,0.0,0.0,0.0,1.0,0.0,0.0,0.0,1185732.0,0.0,0.0,0.0,0.0,1.0,1.0,0.0,31.0,9.0,8.0,2021.0,250
4.0,0.5,37.0,0.0,0.0,0.0,1.0,0.0,1.0,0.0,0.0,0.0,1185732.0,1.0,0.0,0.0,0.0,0.0,1.0,0.0,19.0,22.0,6.0,2021.0,44
20.0,0.51,51.0,1.0,0.0,0.0,0.0,0.0,1.0,0.0,0.0,0.0,1185732.0,1.0,0.0,0.0,0.0,0.0,1.0,0.0,6.0,3.0,12.0,2021.0,101
9.0,0.43000000000000005,34.0,0.0,1.0,0.0,0.0,0.0,1.0,0.0,0.0,0.0,1185732.0,0.0,0.0,0.0,0.0,0.0,0.0,1.0,44.0,21.0,1.0,2021.0,173
30.0,0.51,60.0,0.0,1.0,0.0,0.0,0.0,1.0,0.0,0.0,0.0,1185732.0,0.0,0.0,0.0,0.0,0.0,1.0,0.0,28.0,18.0,8.0,2021.0,196
4.0,0.35,40.0,0.0,0.0,0.0,1.0,0.0,1.0,0.0,0.0,0.0,1185732.0,0.0,0.0,0.0,0.0,1.0,0.0,0.0,19.0,20.0,5.0,2021.0,100
36.0,0.4,54.99999999999999,0.0,0.0,1.0,0.0,0.0,1.0,0.0,0.0,0.0,1185732.0,0.0,1.0,0.0,0.0,0.0,0.0,0.0,29.0,6.0,9.0,2021.0,250
10.0,0.54,41.0,0.0,1.0,0.0,0.0,0.0,1.0,0.0,0.0,0.0,1185732.0,0.0,0.0,0.0,0.0,1.0,1.0,0.0,47.0,17.0,10.0,2021.0,115
36.0,0.54,33.0,0.0,0.0,1.0,0.0,0.0,1.0,0.0,0.0,0.0,1185732.0,0.0,1.0,0.0,0.0,0.0,1.0,0.0,29.0,7.0,4.0,2021.0,68
30.0,0.4,70.0,0.0,1.0,0.0,0.0,0.0,1.0,0.0,0.0,0.0,1185732.0,1.0,0.0,0.0,0.0,0.0,0.0,1.0,28.0,19.0,10.0,2021.0,475
42.0,0.54,42.0,0.0,0.0,0.0,0.0,1.0,1.0,0.0,0.0,0.0,1185732.0,0.0,0.0,0.0,0.0,0.0,1.0,0.0,18.0,7.0,11.0,2021.0,47
9.0,0.42,41.0,0.0,0.0,0.0,0.0,0.0,1.0,0.0,0.0,0.0,1185732.0,0.0,0.0,0.0,0.0,0.0,0.0,1.0,44.0,11.0,4.0,2021.0,53
0.0,0.35,45.0,1.0,0.0,0.0,0.0,0.0,1.0,0.0,0.0,0.0,1185732.0,0.0,0.0,0.0,0.0,1.0,0.0,0.0,31.0,9.0,4.0,2021.0,525
0.0,0.41,37.0,0.0,0.0,0.0,1.0,0.0,1.0,0.0,0.0,0.0,1185732.0,0.0,0.0,0.0,0.0,1.0,1.0,0.0,31.0,9.0,4.0,2021.0,135
43.0,0.32,33.0,0.0,0.0,0.0,0.0,0.0,1.0,0.0,0.0,0.0,1185732.0,1.0,0.0,0.0,0.0,0.0,0.0,1.0,38.0,7.0,4.0,2021.0,15
20.0,0.3,55.00000000000001,0.0,0.0,0.0,0.0,1.0,1.0,0.0,0.0,0.0,1185732.0,1.0,0.0,0.0,0.0,0.0,0.0,0.0,6.0,4.0,11.0,2021.0,295
30.0,0.44,47.0,1.0,0.0,0.0,0.0,0.0,1.0,0.0,0.0,0.0,1185732.0,0.0,0.0,0.0,0.0,0.0,0.0,1.0,28.0,17.0,7.0,2021.0,149
51.0,0.35,54.99999999999999,0.0,1.0,0.0,0.0,0.0,1.0,0.0,0.0,0.0,1185732.0,1.0,0.0,0.0,0.0,0.0,0.0,0.0,7.0,13.0,5.0,2021.0,570
20.0,0.38999999999999996,52.0,0.0,0.0,1.0,0.0,0.0,1.0,0.0,0.0,0.0,1185732.0,1.0,0.0,0.0,0.0,0.0,0.0,1.0,6.0,4.0,11.0,2021.0,116
8.0,0.36,50.0,0.0,0.0,0.0,0.0,1.0,1.0,0.0,0.0,0.0,1185732.0,0.0,0.0,0.0,0.0,0.0,1.0,0.0,20.0,14.0,11.0,2021.0,83
40.0,0.63,58.0,0.0,1.0,0.0,0.0,0.0,1.0,0.0,0.0,0.0,1185732.0,1.0,0.0,0.0,0.0,0.0,1.0,0.0,37.0,15.0,11.0,2021.0,136
9.0,0.52,30.0,0.0,1.0,0.0,0.0,0.0,1.0,0.0,0.0,0.0,1185732.0,0.0,0.0,0.0,0.0,0.0,0.0,1.0,44.0,11.0,4.0,2021.0,168
42.0,0.51,56.0,0.0,0.0,1.0,0.0,0.0,1.0,0.0,0.0,0.0,1185732.0,0.0,0.0,0.0,0.0,0.0,1.0,0.0,18.0,16.0,11.0,2021.0,85
51.0,0.41,45.0,0.0,0.0,0.0,0.0,0.0,1.0,0.0,0.0,0.0,1185732.0,1.0,0.0,0.0,0.0,0.0,1.0,0.0,7.0,15.0,2.0,2021.0,65
30.0,0.42000000000000004,33.0,0.0,1.0,0.0,0.0,0.0,1.0,0.0,0.0,0.0,1185732.0,0.0,0.0,0.0,0.0,0.0,0.0,1.0,28.0,18.0,4.0,2021.0,187
42.0,0.51,42.0,0.0,0.0,0.0,0.0,1.0,1.0,0.0,0.0,0.0,1185732.0,0.0,0.0,0.0,0.0,0.0,1.0,0.0,18.0,13.0,11.0,2021.0,58
42.0,0.39,47.0,0.0,0.0,0.0,0.0,0.0,1.0,0.0,0.0,0.0,1185732.0,0.0,0.0,0.0,0.0,0.0,1.0,0.0,18.0,16.0,10.0,2021.0,42
9.0,0.5,58.0,0.0,0.0,0.0,0.0,0.0,1.0,0.0,0.0,0.0,1185732.0,0.0,0.0,0.0,0.0,0.0,1.0,0.0,44.0,12.0,6.0,2021.0,81
9.0,0.35,60.0,0.0,0.0,0.0,0.0,0.0,1.0,0.0,0.0,0.0,1185732.0,0.0,0.0,0.0,0.0,0.0,0.0,0.0,44.0,10.0,5.0,2021.0,275
35.0,0.52,44.0,0.0,1.0,0.0,0.0,0.0,1.0,0.0,0.0,0.0,1185732.0,1.0,0.0,0.0,0.0,0.0,0.0,1.0,31.0,6.0,2.0,2020.0,366
20.0,0.3,30.000000000000004,0.0,0.0,0.0,0.0,1.0,1.0,0.0,0.0,0.0,1185732.0,0.0,0.0,1.0,0.0,0.0,0.0,0.0,6.0,4.0,4.0,2021.0,200
4.0,0.35,40.0,0.0,0.0,0.0,1.0,0.0,1.0,0.0,0.0,0.0,1185732.0,0.0,0.0,1.0,0.0,0.0,0.0,0.0,19.0,20.0,9.0,2021.0,100
43.0,0.4,50.0,0.0,0.0,0.0,1.0,0.0,1.0,0.0,0.0,0.0,1185732.0,0.0,0.0,1.0,0.0,0.0,0.0,0.0,38.0,7.0,11.0,2021.0,200
9.0,0.35,70.0,0.0,0.0,0.0,0.0,0.0,1.0,0.0,0.0,0.0,1185732.0,0.0,0.0,0.0,0.0,0.0,0.0,0.0,44.0,10.0,12.0,2021.0,325
51.0,0.5,41.0,0.0,0.0,0.0,1.0,0.0,1.0,0.0,0.0,0.0,1185732.0,1.0,0.0,0.0,0.0,0.0,1.0,0.0,7.0,14.0,8.0,2021.0,63
30.0,0.47000000000000003,49.0,0.0,1.0,0.0,0.0,0.0,1.0,0.0,0.0,0.0,1185732.0,1.0,0.0,0.0,0.0,0.0,0.0,1.0,28.0,17.0,12.0,2021.0,200
4.0,0.3,45.0,0.0,0.0,0.0,0.0,0.0,1.0,0.0,0.0,0.0,1185732.0,0.0,0.0,0.0,0.0,1.0,0.0,0.0,19.0,22.0,2.0,2021.0,125
40.0,0.52,44.0,0.0,1.0,0.0,0.0,0.0,1.0,0.0,0.0,0.0,1185732.0,1.0,0.0,0.0,0.0,0.0,0.0,1.0,37.0,15.0,11.0,2021.0,150
0.0,0.45,55.00000000000001,0.0,1.0,0.0,0.0,0.0,1.0,0.0,0.0,0.0,1185732.0,0.0,0.0,0.0,0.0,1.0,0.0,0.0,31.0,8.0,9.0,2021.0,850
10.0,0.54,24.0,0.0,0.0,1.0,0.0,0.0,1.0,0.0,0.0,0.0,1185732.0,0.0,0.0,0.0,0.0,1.0,1.0,0.0,47.0,17.0,2.0,2021.0,105
4.0,0.47,45.0,1.0,0.0,0.0,0.0,0.0,1.0,0.0,0.0,0.0,1185732.0,1.0,0.0,0.0,0.0,0.0,1.0,0.0,19.0,21.0,11.0,2021.0,51
20.0,0.36,41.0,0.0,0.0,0.0,0.0,0.0,1.0,0.0,0.0,0.0,1185732.0,0.0,0.0,1.0,0.0,0.0,0.0,1.0,6.0,3.0,9.0,2021.0,58
43.0,0.44999999999999996,34.0,1.0,0.0,0.0,0.0,0.0,1.0,0.0,0.0,0.0,1185732.0,1.0,0.0,0.0,0.0,0.0,1.0,0.0,38.0,6.0,3.0,2021.0,44
43.0,0.49,32.0,0.0,1.0,0.0,0.0,0.0,1.0,0.0,0.0,0.0,1185732.0,1.0,0.0,0.0,0.0,0.0,1.0,0.0,38.0,7.0,4.0,2021.0,111
36.0,0.4,40.0,0.0,0.0,0.0,1.0,0.0,1.0,0.0,0.0,0.0,1185732.0,0.0,1.0,0.0,0.0,0.0,0.0,0.0,29.0,6.0,9.0,2021.0,150
51.0,0.5,39.0,0.0,0.0,1.0,0.0,0.0,1.0,0.0,0.0,0.0,1185732.0,1.0,0.0,0.0,0.0,0.0,1.0,0.0,7.0,13.0,3.0,2021.0,72
51.0,0.35,50.0,1.0,0.0,0.0,0.0,0.0,1.0,0.0,0.0,0.0,1185732.0,1.0,0.0,0.0,0.0,0.0,0.0,0.0,7.0,13.0,9.0,2021.0,325
0.0,0.56,42.0,0.0,1.0,0.0,0.0,0.0,1.0,0.0,0.0,0.0,1185732.0,0.0,0.0,0.0,0.0,1.0,1.0,0.0,31.0,9.0,4.0,2021.0,248
10.0,0.4,40.0,1.0,0.0,0.0,0.0,0.0,1.0,0.0,0.0,0.0,1185732.0,0.0,0.0,0.0,0.0,1.0,0.0,0.0,47.0,18.0,5.0,2021.0,300
35.0,0.25,65.0,0.0,0.0,1.0,0.0,0.0,1.0,0.0,0.0,0.0,1185732.0,0.0,0.0,0.0,1.0,0.0,0.0,1.0,31.0,24.0,4.0,2020.0,1000
35.0,0.44,46.0,1.0,0.0,0.0,0.0,0.0,1.0,0.0,0.0,0.0,1185732.0,1.0,0.0,0.0,0.0,0.0,1.0,0.0,31.0,8.0,1.0,2020.0,261
4.0,0.53,48.0,0.0,1.0,0.0,0.0,0.0,1.0,0.0,0.0,0.0,1185732.0,0.0,0.0,1.0,0.0,0.0,1.0,0.0,19.0,21.0,8.0,2021.0,135
8.0,0.44999999999999996,53.0,1.0,0.0,0.0,0.0,0.0,1.0,0.0,0.0,0.0,1185732.0,0.0,0.0,1.0,0.0,0.0,1.0,0.0,20.0,15.0,10.0,2021.0,56
43.0,0.4,30.0,0.0,0.0,0.0,1.0,0.0,1.0,0.0,0.0,0.0,1185732.0,1.0,0.0,0.0,0.0,0.0,0.0,0.0,38.0,8.0,2.0,2021.0,50
0.0,0.4,47.0,0.0,0.0,0.0,1.0,0.0,1.0,0.0,0.0,0.0,1185732.0,0.0,0.0,0.0,0.0,1.0,1.0,0.0,31.0,9.0,11.0,2021.0,144
10.0,0.4,65.0,0.0,0.0,0.0,0.0,0.0,1.0,0.0,0.0,0.0,1185732.0,0.0,0.0,0.0,0.0,1.0,0.0,0.0,47.0,17.0,4.0,2021.0,200
35.0,0.4,61.0,0.0,0.0,1.0,0.0,0.0,1.0,0.0,0.0,0.0,1185732.0,1.0,0.0,0.0,0.0,0.0,1.0,0.0,31.0,15.0,3.0,2020.0,286
35.0,0.33999999999999997,41.0,1.0,0.0,0.0,0.0,0.0,1.0,0.0,0.0,0.0,1185732.0,1.0,0.0,0.0,0.0,0.0,0.0,1.0,31.0,5.0,3.0,2020.0,340
0.0,0.36,34.0,0.0,0.0,0.0,0.0,1.0,1.0,0.0,0.0,0.0,1185732.0,0.0,0.0,0.0,0.0,1.0,1.0,0.0,31.0,9.0,4.0,2021.0,152
8.0,0.36,41.0,0.0,1.0,0.0,0.0,0.0,1.0,0.0,0.0,0.0,1185732.0,0.0,0.0,1.0,0.0,0.0,0.0,1.0,20.0,13.0,5.0,2021.0,173
40.0,0.42,64.0,0.0,0.0,1.0,0.0,0.0,1.0,0.0,0.0,0.0,1185732.0,1.0,0.0,0.0,0.0,0.0,1.0,0.0,37.0,2.0,12.0,2021.0,98
36.0,0.3,30.000000000000004,0.0,0.0,0.0,0.0,1.0,1.0,0.0,0.0,0.0,1185732.0,0.0,0.0,1.0,0.0,0.0,0.0,0.0,29.0,7.0,1.0,2021.0,300
36.0,0.3,60.0,0.0,0.0,0.0,0.0,0.0,1.0,0.0,0.0,0.0,1185732.0,0.0,1.0,0.0,0.0,0.0,0.0,0.0,29.0,8.0,10.0,2021.0,125
10.0,0.5,33.0,0.0,1.0,0.0,0.0,0.0,1.0,0.0,0.0,0.0,1185732.0,1.0,0.0,0.0,0.0,0.0,1.0,0.0,47.0,24.0,1.0,2021.0,106
42.0,0.54,58.0,0.0,0.0,1.0,0.0,0.0,1.0,0.0,0.0,0.0,1185732.0,0.0,0.0,0.0,0.0,0.0,1.0,0.0,18.0,20.0,12.0,2021.0,113
9.0,0.5900000000000001,53.0,1.0,0.0,0.0,0.0,0.0,1.0,0.0,0.0,0.0,1185732.0,0.0,0.0,0.0,0.0,0.0,1.0,0.0,44.0,11.0,8.0,2021.0,106
0.0,0.25,55.00000000000001,0.0,0.0,0.0,0.0,1.0,1.0,0.0,0.0,0.0,1185732.0,0.0,0.0,0.0,0.0,1.0,0.0,0.0,31.0,9.0,8.0,2021.0,625
4.0,0.44999999999999996,47.0,0.0,0.0,0.0,0.0,0.0,1.0,0.0,0.0,0.0,1185732.0,0.0,0.0,1.0,0.0,0.0,1.0,0.0,19.0,21.0,8.0,2021.0,38
9.0,0.48,55.0,0.0,0.0,0.0,1.0,0.0,1.0,0.0,0.0,0.0,1185732.0,0.0,0.0,0.0,0.0,0.0,1.0,0.0,44.0,12.0,10.0,2021.0,46
20.0,0.36,44.0,0.0,0.0,0.0,0.0,0.0,1.0,0.0,0.0,0.0,1185732.0,1.0,0.0,0.0,0.0,0.0,0.0,1.0,6.0,4.0,11.0,2021.0,88
35.0,0.39999999999999997,31.0,0.0,0.0,0.0,1.0,0.0,1.0,0.0,0.0,0.0,1185732.0,1.0,0.0,0.0,0.0,0.0,0.0,1.0,31.0,28.0,1.0,2020.0,240
51.0,0.4,45.0,0.0,0.0,0.0,1.0,0.0,1.0,0.0,0.0,0.0,1185732.0,1.0,0.0,0.0,0.0,0.0,0.0,0.0,7.0,13.0,5.0,2021.0,250
20.0,0.46,37.0,1.0,0.0,0.0,0.0,0.0,1.0,0.0,0.0,0.0,1185732.0,1.0,0.0,0.0,0.0,0.0,0.0,1.0,6.0,4.0,11.0,2021.0,105
35.0,0.3,60.0,0.0,0.0,0.0,0.0,0.0,1.0,0.0,0.0,0.0,1185732.0,1.0,0.0,0.0,0.0,0.0,0.0,0.0,31.0,5.0,1.0,2020.0,900
35.0,0.38,28.0,0.0,0.0,0.0,0.0,1.0,1.0,0.0,0.0,0.0,1185732.0,1.0,0.0,0.0,0.0,0.0,0.0,1.0,31.0,2.0,2.0,2020.0,315
36.0,0.4,25.000000000000007,0.0,0.0,0.0,0.0,1.0,1.0,0.0,0.0,0.0,1185732.0,0.0,1.0,0.0,0.0,0.0,0.0,0.0,29.0,6.0,3.0,2021.0,225
20.0,0.44,30.0,1.0,0.0,0.0,0.0,0.0,1.0,0.0,0.0,0.0,1185732.0,0.0,0.0,1.0,0.0,0.0,0.0,1.0,6.0,4.0,4.0,2021.0,64
42.0,0.47,38.0,1.0,0.0,0.0,0.0,0.0,1.0,0.0,0.0,0.0,1185732.0,0.0,0.0,0.0,0.0,0.0,1.0,0.0,18.0,19.0,10.0,2021.0,45
0.0,0.41,54.0,0.0,0.0,0.0,1.0,0.0,1.0,0.0,0.0,0.0,1185732.0,0.0,1.0,0.0,0.0,0.0,1.0,0.0,31.0,8.0,12.0,2021.0,155
40.0,0.38999999999999996,46.0,0.0,0.0,0.0,0.0,0.0,1.0,0.0,0.0,0.0,1185732.0,1.0,0.0,0.0,0.0,0.0,0.0,1.0,37.0,31.0,12.0,2021.0,56
36.0,0.4,28.0,0.0,0.0,0.0,0.0,1.0,1.0,0.0,0.0,0.0,1185732.0,0.0,0.0,1.0,0.0,0.0,1.0,0.0,29.0,7.0,1.0,2021.0,90
9.0,0.45,55.00000000000001,1.0,0.0,0.0,0.0,0.0,1.0,0.0,0.0,0.0,1185732.0,0.0,0.0,0.0,0.0,0.0,0.0,0.0,44.0,12.0,6.0,2021.0,400
20.0,0.37,39.0,0.0,0.0,0.0,0.0,0.0,1.0,0.0,0.0,0.0,1185732.0,0.0,0.0,1.0,0.0,0.0,0.0,1.0,6.0,5.0,2.0,2021.0,66
43.0,0.43000000000000005,29.0,0.0,0.0,0.0,0.0,1.0,1.0,0.0,0.0,0.0,1185732.0,1.0,0.0,0.0,0.0,0.0,0.0,1.0,38.0,6.0,9.0,2021.0,39
0.0,0.45999999999999996,44.0,1.0,0.0,0.0,0.0,0.0,1.0,0.0,0.0,0.0,1185732.0,0.0,0.0,0.0,0.0,1.0,1.0,0.0,31.0,8.0,3.0,2021.0,165
30.0,0.35000000000000003,55.00000000000001,1.0,0.0,0.0,0.0,0.0,1.0,0.0,0.0,0.0,1185732.0,1.0,0.0,0.0,0.0,0.0,0.0,1.0,28.0,24.0,1.0,2021.0,300
4.0,0.3,49.99999999999999,0.0,0.0,0.0,0.0,0.0,1.0,0.0,0.0,0.0,1185732.0,1.0,0.0,0.0,0.0,0.0,0.0,0.0,19.0,22.0,6.0,2021.0,150
43.0,0.35,39.0,0.0,0.0,0.0,0.0,0.0,1.0,0.0,0.0,0.0,1185732.0,1.0,0.0,0.0,0.0,0.0,0.0,1.0,38.0,8.0,6.0,2021.0,66
10.0,0.53,62.0,0.0,0.0,0.0,0.0,0.0,1.0,0.0,0.0,0.0,1185732.0,1.0,0.0,0.0,0.0,0.0,1.0,0.0,47.0,17.0,11.0,2021.0,78
36.0,0.4,50.0,0.0,0.0,0.0,0.0,1.0,1.0,0.0,0.0,0.0,1185732.0,0.0,1.0,0.0,0.0,0.0,0.0,0.0,29.0,8.0,10.0,2021.0,150
9.0,0.45,60.0,0.0,1.0,0.0,0.0,0.0,1.0,0.0,0.0,0.0,1185732.0,0.0,0.0,0.0,0.0,0.0,0.0,0.0,44.0,10.0,7.0,2021.0,675
43.0,0.4,54.99999999999999,0.0,0.0,1.0,0.0,0.0,1.0,0.0,0.0,0.0,1185732.0,1.0,0.0,0.0,0.0,0.0,0.0,0.0,38.0,6.0,5.0,2021.0,300
20.0,0.4,54.99999999999999,0.0,1.0,0.0,0.0,0.0,1.0,0.0,0.0,0.0,1185732.0,0.0,0.0,1.0,0.0,0.0,0.0,0.0,6.0,3.0,5.0,2021.0,545
42.0,0.48,37.0,0.0,1.0,0.0,0.0,0.0,1.0,0.0,0.0,0.0,1185732.0,0.0,0.0,0.0,0.0,0.0,1.0,0.0,18.0,30.0,10.0,2021.0,122
9.0,0.47,57.0,0.0,0.0,1.0,0.0,0.0,1.0,0.0,0.0,0.0,1185732.0,0.0,0.0,0.0,0.0,0.0,0.0,1.0,44.0,11.0,11.0,2021.0,128
4.0,0.4,60.0,0.0,0.0,1.0,0.0,0.0,1.0,0.0,0.0,0.0,1185732.0,1.0,0.0,0.0,0.0,0.0,1.0,0.0,19.0,22.0,10.0,2021.0,52
30.0,0.33999999999999997,32.0,0.0,0.0,0.0,0.0,1.0,1.0,0.0,0.0,0.0,1185732.0,0.0,0.0,0.0,0.0,0.0,0.0,1.0,28.0,17.0,3.0,2021.0,105
30.0,0.3,65.00000000000001,0.0,0.0,0.0,1.0,0.0,1.0,0.0,0.0,0.0,1185732.0,1.0,0.0,0.0,0.0,0.0,0.0,1.0,28.0,19.0,10.0,2021.0,175
40.0,0.41,34.0,0.0,0.0,0.0,1.0,0.0,1.0,0.0,0.0,0.0,1128299.0,0.0,0.0,0.0,0.0,1.0,0.0,1.0,37.0,5.0,1.0,2020.0,90
0.0,0.6,59.0,0.0,0.0,1.0,0.0,0.0,1.0,0.0,0.0,0.0,1185732.0,0.0,0.0,0.0,0.0,1.0,1.0,0.0,31.0,8.0,9.0,2021.0,156
43.0,0.52,45.0,0.0,0.0,0.0,0.0,1.0,1.0,0.0,0.0,0.0,1185732.0,1.0,0.0,0.0,0.0,0.0,1.0,0.0,38.0,8.0,10.0,2021.0,29
8.0,0.39,51.0,0.0,0.0,0.0,0.0,1.0,1.0,0.0,0.0,0.0,1185732.0,0.0,0.0,0.0,0.0,0.0,1.0,0.0,20.0,13.0,12.0,2021.0,98
35.0,0.42,64.0,0.0,0.0,0.0,0.0,0.0,1.0,0.0,0.0,0.0,1185732.0,0.0,0.0,0.0,1.0,0.0,1.0,0.0,31.0,25.0,4.0,2020.0,236
43.0,0.25,30.000000000000004,0.0,0.0,0.0,0.0,1.0,1.0,0.0,0.0,0.0,1185732.0,0.0,0.0,1.0,0.0,0.0,0.0,0.0,38.0,15.0,2.0,2021.0,200
9.0,0.39999999999999997,45.0,0.0,0.0,1.0,0.0,0.0,1.0,0.0,0.0,0.0,1185732.0,0.0,0.0,0.0,0.0,0.0,0.0,0.0,44.0,10.0,3.0,2021.0,275
40.0,0.35,70.0,0.0,0.0,0.0,0.0,0.0,1.0,0.0,0.0,0.0,1185732.0,1.0,0.0,0.0,0.0,0.0,0.0,1.0,37.0,31.0,12.0,2021.0,175
35.0,0.32999999999999996,39.0,1.0,0.0,0.0,0.0,0.0,1.0,0.0,0.0,0.0,1185732.0,1.0,0.0,0.0,0.0,0.0,0.0,1.0,31.0,8.0,1.0,2020.0,315
20.0,0.55,24.0,0.0,0.0,0.0,0.0,1.0,1.0,0.0,0.0,0.0,1185732.0,1.0,0.0,0.0,0.0,0.0,1.0,0.0,6.0,10.0,1.0,2021.0,63
35.0,0.42,47.0,1.0,0.0,0.0,0.0,0.0,1.0,0.0,0.0,0.0,1185732.0,1.0,0.0,0.0,0.0,0.0,1.0,0.0,31.0,2.0,1.0,2020.0,260
42.0,0.36,60.0,0.0,0.0,0.0,0.0,0.0,1.0,0.0,0.0,0.0,1185732.0,0.0,0.0,0.0,0.0,0.0,1.0,0.0,18.0,18.0,11.0,2021.0,41
40.0,0.55,70.0,0.0,1.0,0.0,0.0,0.0,1.0,0.0,0.0,0.0,1185732.0,1.0,0.0,0.0,0.0,0.0,0.0,1.0,37.0,21.0,12.0,2021.0,375
10.0,0.53,32.0,0.0,0.0,0.0,1.0,0.0,1.0,0.0,0.0,0.0,1185732.0,0.0,0.0,0.0,0.0,1.0,1.0,0.0,47.0,17.0,10.0,2021.0,47
0.0,0.3,50.000000000000014,0.0,0.0,0.0,1.0,0.0,1.0,0.0,0.0,0.0,1185732.0,0.0,0.0,0.0,0.0,1.0,0.0,0.0,31.0,9.0,11.0,2021.0,575
4.0,0.49,37.0,0.0,0.0,0.0,0.0,1.0,1.0,0.0,0.0,0.0,1185732.0,0.0,0.0,1.0,0.0,0.0,1.0,0.0,19.0,20.0,7.0,2021.0,60
43.0,0.5,47.0,0.0,0.0,0.0,1.0,0.0,1.0,0.0,0.0,0.0,1185732.0,1.0,0.0,0.0,0.0,0.0,1.0,0.0,38.0,8.0,10.0,2021.0,23
51.0,0.5,65.0,0.0,0.0,1.0,0.0,0.0,1.0,0.0,0.0,0.0,1185732.0,0.0,1.0,0.0,0.0,0.0,1.0,0.0,7.0,13.0,12.0,2021.0,123
4.0,0.45999999999999996,48.0,1.0,0.0,0.0,0.0,0.0,1.0,0.0,0.0,0.0,1185732.0,0.0,0.0,1.0,0.0,0.0,1.0,0.0,19.0,22.0,10.0,2021.0,58
0.0,0.25,50.0,0.0,0.0,0.0,0.0,1.0,1.0,0.0,0.0,0.0,1185732.0,0.0,0.0,0.0,0.0,1.0,0.0,0.0,31.0,8.0,5.0,2021.0,550
0.0,0.49,56.0,0.0,0.0,0.0,0.0,0.0,1.0,0.0,0.0,0.0,1185732.0,0.0,0.0,0.0,0.0,1.0,1.0,0.0,31.0,8.0,5.0,2021.0,137
51.0,0.4,45.0,0.0,0.0,0.0,1.0,0.0,1.0,0.0,0.0,0.0,1185732.0,1.0,0.0,0.0,0.0,0.0,0.0,0.0,7.0,15.0,6.0,2021.0,300
9.0,0.49,36.0,0.0,0.0,0.0,1.0,0.0,1.0,0.0,0.0,0.0,1185732.0,0.0,0.0,0.0,0.0,0.0,1.0,0.0,44.0,10.0,3.0,2021.0,38
36.0,0.35,40.0,0.0,0.0,1.0,0.0,0.0,1.0,0.0,0.0,0.0,1185732.0,0.0,0.0,1.0,0.0,0.0,0.0,0.0,29.0,7.0,1.0,2021.0,300
0.0,0.63,39.0,0.0,1.0,0.0,0.0,0.0,1.0,0.0,0.0,0.0,1185732.0,0.0,1.0,0.0,0.0,0.0,1.0,0.0,31.0,14.0,1.0,2021.0,216
51.0,0.4,55.00000000000001,0.0,0.0,0.0,1.0,0.0,1.0,0.0,0.0,0.0,1185732.0,1.0,0.0,0.0,0.0,0.0,0.0,0.0,7.0,15.0,10.0,2021.0,175
0.0,0.42,37.0,0.0,0.0,0.0,1.0,0.0,1.0,0.0,0.0,0.0,1185732.0,0.0,0.0,0.0,0.0,1.0,1.0,0.0,31.0,10.0,2.0,2021.0,133
42.0,0.35,54.99999999999999,0.0,1.0,0.0,0.0,0.0,1.0,0.0,0.0,0.0,1185732.0,0.0,0.0,0.0,0.0,0.0,0.0,1.0,18.0,27.0,12.0,2021.0,450
35.0,0.32999999999999996,43.0,1.0,0.0,0.0,0.0,0.0,1.0,0.0,0.0,0.0,1185732.0,0.0,0.0,0.0,1.0,0.0,0.0,1.0,31.0,20.0,4.0,2020.0,350
9.0,0.39999999999999997,45.0,0.0,0.0,1.0,0.0,0.0,1.0,0.0,0.0,0.0,1185732.0,0.0,0.0,0.0,0.0,0.0,0.0,0.0,44.0,11.0,4.0,2021.0,300
20.0,0.42,41.0,0.0,0.0,1.0,0.0,0.0,1.0,0.0,0.0,0.0,1185732.0,0.0,0.0,1.0,0.0,0.0,0.0,1.0,6.0,3.0,5.0,2021.0,128
36.0,0.5,32.0,0.0,0.0,1.0,0.0,0.0,1.0,0.0,0.0,0.0,1185732.0,0.0,1.0,0.0,0.0,0.0,1.0,0.0,29.0,6.0,3.0,2021.0,61
9.0,0.35,35.0,0.0,0.0,0.0,0.0,1.0,1.0,0.0,0.0,0.0,1185732.0,0.0,0.0,0.0,0.0,0.0,0.0,0.0,44.0,11.0,4.0,2021.0,225
4.0,0.3,49.99999999999999,0.0,0.0,0.0,0.0,0.0,1.0,0.0,0.0,0.0,1185732.0,0.0,0.0,1.0,0.0,0.0,0.0,0.0,19.0,20.0,7.0,2021.0,175
4.0,0.55,58.0,0.0,1.0,0.0,0.0,0.0,1.0,0.0,0.0,0.0,1185732.0,1.0,0.0,0.0,0.0,0.0,1.0,0.0,19.0,21.0,11.0,2021.0,88
35.0,0.41,53.0,1.0,0.0,0.0,0.0,0.0,1.0,0.0,0.0,0.0,1185732.0,1.0,0.0,0.0,0.0,0.0,1.0,0.0,31.0,17.0,3.0,2020.0,308
30.0,0.44999999999999996,63.0,0.0,0.0,0.0,0.0,1.0,1.0,0.0,0.0,0.0,1185732.0,1.0,0.0,0.0,0.0,0.0,1.0,0.0,28.0,18.0,11.0,2021.0,104
36.0,0.53,52.0,0.0,0.0,1.0,0.0,0.0,1.0,0.0,0.0,0.0,1185732.0,0.0,1.0,0.0,0.0,0.0,1.0,0.0,29.0,7.0,8.0,2021.0,105
8.0,0.41,39.0,0.0,0.0,1.0,0.0,0.0,1.0,0.0,0.0,0.0,1185732.0,0.0,0.0,1.0,0.0,0.0,1.0,0.0,20.0,13.0,3.0,2021.0,54
10.0,0.53,50.0,0.0,0.0,0.0,0.0,1.0,1.0,0.0,0.0,0.0,1185732.0,0.0,0.0,0.0,0.0,1.0,1.0,0.0,47.0,16.0,12.0,2021.0,112
0.0,0.44999999999999996,48.0,1.0,0.0,0.0,0.0,0.0,1.0,0.0,0.0,0.0,1185732.0,0.0,0.0,0.0,0.0,1.0,1.0,0.0,31.0,8.0,9.0,2021.0,163
40.0,0.38,38.0,0.0,0.0,0.0,0.0,1.0,1.0,0.0,0.0,0.0,1185732.0,1.0,0.0,0.0,0.0,0.0,0.0,1.0,37.0,17.0,12.0,2021.0,38
42.0,0.38,53.0,0.0,0.0,0.0,0.0,0.0,1.0,0.0,0.0,0.0,1185732.0,0.0,0.0,0.0,0.0,0.0,1.0,0.0,18.0,21.0,11.0,2021.0,60
40.0,0.39999999999999997,55.00000000000001,0.0,0.0,0.0,0.0,1.0,1.0,0.0,0.0,0.0,1185732.0,1.0,0.0,0.0,0.0,0.0,0.0,1.0,37.0,23.0,11.0,2021.0,175
30.0,0.32,35.0,0.0,0.0,0.0,1.0,0.0,1.0,0.0,0.0,0.0,1185732.0,0.0,0.0,0.0,0.0,0.0,0.0,1.0,28.0,18.0,4.0,2021.0,53
51.0,0.48,50.0,1.0,0.0,0.0,0.0,0.0,1.0,0.0,0.0,0.0,1185732.0,0.0,1.0,0.0,0.0,0.0,1.0,0.0,7.0,13.0,12.0,2021.0,100
40.0,0.39999999999999997,55.00000000000001,0.0,0.0,0.0,1.0,0.0,1.0,0.0,0.0,0.0,1185732.0,1.0,0.0,0.0,0.0,0.0,0.0,1.0,37.0,6.0,12.0,2021.0,200
0.0,0.25,50.000000000000014,0.0,0.0,0.0,0.0,1.0,1.0,0.0,0.0,0.0,1185732.0,0.0,0.0,0.0,0.0,1.0,0.0,0.0,31.0,9.0,11.0,2021.0,545
8.0,0.25,54.99999999999999,0.0,0.0,0.0,0.0,0.0,1.0,0.0,0.0,0.0,1185732.0,0.0,0.0,1.0,0.0,0.0,0.0,0.0,20.0,13.0,5.0,2021.0,200
10.0,0.4,40.0,0.0,0.0,0.0,0.0,0.0,1.0,0.0,0.0,0.0,1185732.0,0.0,0.0,0.0,0.0,1.0,0.0,0.0,47.0,16.0,3.0,2021.0,225
40.0,0.41,42.0,0.0,0.0,0.0,0.0,0.0,1.0,0.0,0.0,0.0,1185732.0,1.0,0.0,0.0,0.0,0.0,0.0,1.0,37.0,26.0,10.0,2021.0,41
0.0,0.36,33.0,0.0,0.0,0.0,0.0,1.0,1.0,0.0,0.0,0.0,1185732.0,0.0,0.0,0.0,0.0,1.0,1.0,0.0,31.0,8.0,3.0,2021.0,161
20.0,0.47000000000000003,43.0,0.0,1.0,0.0,0.0,0.0,1.0,0.0,0.0,0.0,1185732.0,0.0,0.0,1.0,0.0,0.0,0.0,1.0,6.0,3.0,9.0,2021.0,170
30.0,0.3,55.00000000000001,0.0,0.0,0.0,0.0,1.0,1.0,0.0,0.0,0.0,1185732.0,0.0,0.0,0.0,0.0,0.0,0.0,1.0,28.0,18.0,8.0,2021.0,375
8.0,0.3,54.99999999999999,0.0,1.0,0.0,0.0,0.0,1.0,0.0,0.0,0.0,1185732.0,0.0,0.0,1.0,0.0,0.0,0.0,0.0,20.0,15.0,6.0,2021.0,575
0.0,0.45999999999999996,50.0,0.0,0.0,0.0,0.0,0.0,1.0,0.0,0.0,0.0,1185732.0,0.0,0.0,0.0,0.0,1.0,1.0,0.0,31.0,10.0,2.0,2021.0,154
8.0,0.44999999999999996,57.0,0.0,0.0,1.0,0.0,0.0,1.0,0.0,0.0,0.0,1185732.0,0.0,0.0,1.0,0.0,0.0,1.0,0.0,20.0,13.0,9.0,2021.0,63
8.0,0.38,32.0,0.0,0.0,0.0,1.0,0.0,1.0,0.0,0.0,0.0,1185732.0,0.0,0.0,1.0,0.0,0.0,1.0,0.0,20.0,15.0,2.0,2021.0,68
35.0,0.38999999999999996,36.0,0.0,0.0,0.0,0.0,1.0,1.0,0.0,0.0,0.0,1185732.0,0.0,0.0,0.0,1.0,0.0,0.0,1.0,31.0,21.0,4.0,2020.0,315
20.0,0.55,38.0,1.0,0.0,0.0,0.0,0.0,1.0,0.0,0.0,0.0,1185732.0,0.0,0.0,1.0,0.0,0.0,1.0,0.0,6.0,4.0,4.0,2021.0,58
42.0,0.3,45.0,0.0,0.0,0.0,1.0,0.0,1.0,0.0,0.0,0.0,1185732.0,0.0,0.0,0.0,0.0,0.0,0.0,1.0,18.0,24.0,12.0,2021.0,175
9.0,0.44,34.0,0.0,1.0,0.0,0.0,0.0,1.0,0.0,0.0,0.0,1185732.0,0.0,0.0,0.0,0.0,0.0,0.0,1.0,44.0,19.0,2.0,2021.0,186
20.0,0.36,43.0,0.0,0.0,0.0,1.0,0.0,1.0,0.0,0.0,0.0,1185732.0,0.0,0.0,1.0,0.0,0.0,0.0,1.0,6.0,5.0,10.0,2021.0,45
8.0,0.42,55.0,0.0,0.0,1.0,0.0,0.0,1.0,0.0,0.0,0.0,1185732.0,0.0,0.0,1.0,0.0,0.0,1.0,0.0,20.0,13.0,7.0,2021.0,128
9.0,0.37,48.0,0.0,0.0,0.0,0.0,0.0,1.0,0.0,0.0,0.0,1185732.0,0.0,0.0,0.0,0.0,0.0,0.0,1.0,44.0,10.0,9.0,2021.0,68
42.0,0.25,54.99999999999999,0.0,0.0,0.0,0.0,0.0,1.0,0.0,0.0,0.0,1185732.0,0.0,0.0,0.0,0.0,0.0,0.0,1.0,18.0,25.0,12.0,2021.0,150
42.0,0.53,56.0,0.0,0.0,1.0,0.0,0.0,1.0,0.0,0.0,0.0,1185732.0,0.0,0.0,0.0,0.0,0.0,1.0,0.0,18.0,10.0,11.0,2021.0,72
43.0,0.49,41.0,1.0,0.0,0.0,0.0,0.0,1.0,0.0,0.0,0.0,1185732.0,1.0,0.0,0.0,0.0,0.0,1.0,0.0,38.0,8.0,6.0,2021.0,90
8.0,0.32999999999999996,51.0,0.0,0.0,1.0,0.0,0.0,1.0,0.0,0.0,0.0,1185732.0,0.0,0.0,0.0,0.0,0.0,0.0,1.0,20.0,13.0,12.0,2021.0,128
30.0,0.44999999999999996,54.0,0.0,0.0,1.0,0.0,0.0,1.0,0.0,0.0,0.0,1185732.0,1.0,0.0,0.0,0.0,0.0,1.0,0.0,28.0,24.0,1.0,2021.0,78
30.0,0.38999999999999996,46.0,0.0,0.0,1.0,0.0,0.0,1.0,0.0,0.0,0.0,1185732.0,0.0,0.0,0.0,0.0,0.0,0.0,1.0,28.0,17.0,5.0,2021.0,140
0.0,0.39,52.0,0.0,0.0,0.0,0.0,1.0,1.0,0.0,0.0,0.0,1185732.0,0.0,1.0,0.0,0.0,0.0,1.0,0.0,31.0,8.0,12.0,2021.0,163
35.0,0.5,60.0,0.0,1.0,0.0,0.0,0.0,1.0,0.0,0.0,0.0,1185732.0,1.0,0.0,0.0,0.0,0.0,0.0,1.0,31.0,16.0,3.0,2020.0,1250
40.0,0.35,50.0,0.0,0.0,0.0,1.0,0.0,1.0,0.0,0.0,0.0,1185732.0,1.0,0.0,0.0,0.0,0.0,0.0,1.0,37.0,18.0,12.0,2021.0,100
40.0,0.5,60.0,0.0,1.0,0.0,0.0,0.0,1.0,0.0,0.0,0.0,1185732.0,1.0,0.0,0.0,0.0,0.0,0.0,1.0,37.0,15.0,12.0,2021.0,400
43.0,0.37,37.0,1.0,0.0,0.0,0.0,0.0,1.0,0.0,0.0,0.0,1185732.0,0.0,0.0,1.0,0.0,0.0,0.0,1.0,38.0,6.0,12.0,2021.0,102
36.0,0.3,49.99999999999999,0.0,0.0,0.0,0.0,0.0,1.0,0.0,0.0,0.0,1185732.0,0.0,1.0,0.0,0.0,0.0,0.0,0.0,29.0,6.0,7.0,2021.0,275
36.0,0.5,24.0,0.0,0.0,0.0,0.0,1.0,1.0,0.0,0.0,0.0,1185732.0,0.0,1.0,0.0,0.0,0.0,1.0,0.0,29.0,7.0,4.0,2021.0,51
8.0,0.44,52.0,1.0,0.0,0.0,0.0,0.0,1.0,0.0,0.0,0.0,1185732.0,0.0,0.0,0.0,0.0,0.0,1.0,0.0,20.0,14.0,11.0,2021.0,90
42.0,0.4,70.0,0.0,0.0,1.0,0.0,0.0,1.0,0.0,0.0,0.0,1185732.0,0.0,0.0,0.0,0.0,0.0,0.0,1.0,18.0,18.0,11.0,2021.0,250
36.0,0.41,47.0,0.0,0.0,0.0,0.0,0.0,1.0,0.0,0.0,0.0,1185732.0,0.0,1.0,0.0,0.0,0.0,1.0,0.0,29.0,6.0,5.0,2021.0,68
10.0,0.4,60.0,0.0,1.0,0.0,0.0,0.0,1.0,0.0,0.0,0.0,1185732.0,0.0,0.0,0.0,0.0,1.0,0.0,0.0,47.0,18.0,5.0,2021.0,595
42.0,0.4,40.0,0.0,0.0,1.0,0.0,0.0,1.0,0.0,0.0,0.0,1185732.0,0.0,0.0,0.0,0.0,0.0,0.0,1.0,18.0,29.0,10.0,2021.0,200
30.0,0.38,36.0,0.0,0.0,1.0,0.0,0.0,1.0,0.0,0.0,0.0,1185732.0,0.0,0.0,0.0,0.0,0.0,0.0,1.0,28.0,17.0,3.0,2021.0,99
51.0,0.4,45.0,0.0,0.0,0.0,1.0,0.0,1.0,0.0,0.0,0.0,1185732.0,1.0,0.0,0.0,0.0,0.0,0.0,0.0,7.0,13.0,7.0,2021.0,300
8.0,0.41,64.0,0.0,1.0,0.0,0.0,0.0,1.0,0.0,0.0,0.0,1185732.0,0.0,0.0,0.0,0.0,0.0,1.0,0.0,20.0,13.0,12.0,2021.0,150
42.0,0.35,33.0,0.0,1.0,0.0,0.0,0.0,1.0,0.0,0.0,0.0,1128299.0,0.0,0.0,0.0,0.0,1.0,1.0,0.0,18.0,10.0,1.0,2021.0,98
4.0,0.42,54.0,0.0,0.0,1.0,0.0,0.0,1.0,0.0,0.0,0.0,1185732.0,0.0,0.0,1.0,0.0,0.0,1.0,0.0,19.0,20.0,7.0,2021.0,102
10.0,0.55,41.0,0.0,0.0,0.0,0.0,0.0,1.0,0.0,0.0,0.0,1185732.0,0.0,0.0,0.0,0.0,1.0,1.0,0.0,47.0,17.0,6.0,2021.0,74
51.0,0.41,46.0,0.0,0.0,0.0,0.0,0.0,1.0,0.0,0.0,0.0,1185732.0,1.0,0.0,0.0,0.0,0.0,1.0,0.0,7.0,13.0,3.0,2021.0,49
9.0,0.45,45.0,1.0,0.0,0.0,0.0,0.0,1.0,0.0,0.0,0.0,1185732.0,0.0,0.0,0.0,0.0,0.0,0.0,0.0,44.0,10.0,3.0,2021.0,250
42.0,0.4,32.0,0.0,0.0,0.0,1.0,0.0,1.0,0.0,0.0,0.0,1185732.0,0.0,0.0,0.0,0.0,0.0,1.0,0.0,18.0,27.0,10.0,2021.0,13
0.0,0.4,47.0,0.0,0.0,0.0,1.0,0.0,1.0,0.0,0.0,0.0,1185732.0,0.0,0.0,0.0,0.0,1.0,1.0,0.0,31.0,8.0,5.0,2021.0,130
8.0,0.55,44.0,0.0,1.0,0.0,0.0,0.0,1.0,0.0,0.0,0.0,1185732.0,0.0,0.0,0.0,0.0,0.0,1.0,0.0,20.0,14.0,1.0,2021.0,152
43.0,0.5,53.0,0.0,1.0,0.0,0.0,0.0,1.0,0.0,0.0,0.0,1185732.0,1.0,0.0,0.0,0.0,0.0,1.0,0.0,38.0,8.0,10.0,2021.0,94
9.0,0.47,46.0,0.0,0.0,0.0,1.0,0.0,1.0,0.0,0.0,0.0,1185732.0,0.0,0.0,0.0,0.0,0.0,1.0,0.0,44.0,10.0,5.0,2021.0,65
36.0,0.4,54.99999999999999,0.0,0.0,1.0,0.0,0.0,1.0,0.0,0.0,0.0,1185732.0,0.0,1.0,0.0,0.0,0.0,0.0,0.0,29.0,6.0,5.0,2021.0,350
0.0,0.5,45.0,0.0,0.0,1.0,0.0,0.0,1.0,0.0,0.0,0.0,1185732.0,0.0,0.0,0.0,0.0,1.0,0.0,0.0,31.0,8.0,3.0,2021.0,575
40.0,0.42,43.0,0.0,0.0,0.0,0.0,0.0,1.0,0.0,0.0,0.0,1185732.0,1.0,0.0,0.0,0.0,0.0,0.0,1.0,37.0,25.0,11.0,2021.0,48
9.0,0.42,25.0,0.0,0.0,0.0,0.0,1.0,1.0,0.0,0.0,0.0,1185732.0,0.0,0.0,0.0,0.0,0.0,0.0,1.0,44.0,11.0,4.0,2021.0,74
20.0,0.44999999999999996,60.0,0.0,0.0,0.0,0.0,0.0,1.0,0.0,0.0,0.0,1185732.0,1.0,0.0,0.0,0.0,0.0,1.0,0.0,6.0,3.0,12.0,2021.0,78
20.0,0.43,29.0,0.0,0.0,0.0,0.0,1.0,1.0,0.0,0.0,0.0,1185732.0,0.0,0.0,1.0,0.0,0.0,1.0,0.0,6.0,4.0,4.0,2021.0,56
20.0,0.3,50.0,0.0,0.0,0.0,0.0,0.0,1.0,0.0,0.0,0.0,1185732.0,0.0,0.0,1.0,0.0,0.0,0.0,0.0,6.0,4.0,4.0,2021.0,125
9.0,0.44999999999999996,56.0,0.0,0.0,0.0,1.0,0.0,1.0,0.0,0.0,0.0,1185732.0,0.0,0.0,0.0,0.0,0.0,1.0,0.0,44.0,10.0,12.0,2021.0,81
42.0,0.37,51.0,0.0,0.0,0.0,0.0,0.0,1.0,0.0,0.0,0.0,1185732.0,0.0,0.0,0.0,0.0,0.0,1.0,0.0,18.0,9.0,11.0,2021.0,42
9.0,0.39999999999999997,45.0,0.0,0.0,1.0,0.0,0.0,1.0,0.0,0.0,0.0,1185732.0,0.0,0.0,0.0,0.0,0.0,0.0,0.0,44.0,12.0,2.0,2021.0,325
20.0,0.38,44.0,0.0,0.0,1.0,0.0,0.0,1.0,0.0,0.0,0.0,1185732.0,0.0,0.0,1.0,0.0,0.0,0.0,1.0,6.0,4.0,8.0,2021.0,124
30.0,0.37,41.0,0.0,0.0,0.0,1.0,0.0,1.0,0.0,0.0,0.0,1185732.0,0.0,0.0,0.0,0.0,0.0,0.0,1.0,28.0,17.0,9.0,2021.0,74
40.0,0.25,64.99999999999999,0.0,0.0,1.0,0.0,0.0,1.0,0.0,0.0,0.0,1185732.0,1.0,0.0,0.0,0.0,0.0,0.0,1.0,37.0,20.0,12.0,2021.0,225
43.0,0.33999999999999997,28.0,1.0,0.0,0.0,0.0,0.0,1.0,0.0,0.0,0.0,1185732.0,0.0,0.0,1.0,0.0,0.0,0.0,1.0,38.0,17.0,1.0,2021.0,88
10.0,0.54,33.0,0.0,0.0,0.0,0.0,1.0,1.0,0.0,0.0,0.0,1185732.0,0.0,0.0,0.0,0.0,1.0,1.0,0.0,47.0,17.0,6.0,2021.0,81
40.0,0.44999999999999996,55.0,1.0,0.0,0.0,0.0,0.0,1.0,0.0,0.0,0.0,1185732.0,1.0,0.0,0.0,0.0,0.0,1.0,0.0,37.0,28.0,12.0,2021.0,69
20.0,0.38999999999999996,24.0,1.0,0.0,0.0,0.0,0.0,1.0,0.0,0.0,0.0,1185732.0,1.0,0.0,0.0,0.0,0.0,0.0,1.0,6.0,8.0,2.0,2021.0,41
42.0,0.43,54.0,0.0,0.0,0.0,1.0,0.0,1.0,0.0,0.0,0.0,1185732.0,0.0,0.0,0.0,0.0,0.0,1.0,0.0,18.0,18.0,11.0,2021.0,46
43.0,0.48,43.0,1.0,0.0,0.0,0.0,0.0,1.0,0.0,0.0,0.0,1185732.0,1.0,0.0,0.0,0.0,0.0,1.0,0.0,38.0,6.0,9.0,2021.0,56
9.0,0.51,41.0,1.0,0.0,0.0,0.0,0.0,1.0,0.0,0.0,0.0,1185732.0,0.0,0.0,0.0,0.0,0.0,0.0,1.0,44.0,10.0,12.0,2021.0,132
0.0,0.5800000000000001,59.0,0.0,1.0,0.0,0.0,0.0,1.0,0.0,0.0,0.0,1185732.0,0.0,0.0,0.0,0.0,1.0,1.0,0.0,31.0,8.0,12.0,2021.0,245
35.0,0.37,49.0,0.0,0.0,1.0,0.0,0.0,1.0,0.0,0.0,0.0,1185732.0,1.0,0.0,0.0,0.0,0.0,1.0,0.0,31.0,5.0,2.0,2020.0,238
0.0,0.44999999999999996,49.0,0.0,0.0,0.0,0.0,0.0,1.0,0.0,0.0,0.0,1185732.0,0.0,1.0,0.0,0.0,0.0,1.0,0.0,31.0,14.0,1.0,2021.0,145
43.0,0.45,41.0,0.0,0.0,1.0,0.0,0.0,1.0,0.0,0.0,0.0,1185732.0,1.0,0.0,0.0,0.0,0.0,0.0,1.0,38.0,6.0,9.0,2021.0,64
40.0,0.37,45.0,0.0,0.0,0.0,0.0,0.0,1.0,0.0,0.0,0.0,1185732.0,1.0,0.0,0.0,0.0,0.0,0.0,1.0,37.0,13.0,11.0,2021.0,26
10.0,0.4,44.99999999999999,0.0,1.0,0.0,0.0,0.0,1.0,0.0,0.0,0.0,1185732.0,1.0,0.0,0.0,0.0,0.0,0.0,0.0,47.0,17.0,11.0,2021.0,450
4.0,0.3,60.0,0.0,0.0,0.0,0.0,0.0,1.0,0.0,0.0,0.0,1185732.0,1.0,0.0,0.0,0.0,0.0,0.0,0.0,19.0,21.0,11.0,2021.0,125
42.0,0.35,65.0,0.0,1.0,0.0,0.0,0.0,1.0,0.0,0.0,0.0,1185732.0,0.0,0.0,0.0,0.0,0.0,0.0,1.0,18.0,18.0,11.0,2021.0,375
30.0,0.35,50.0,0.0,0.0,1.0,0.0,0.0,1.0,0.0,0.0,0.0,1185732.0,0.0,0.0,0.0,0.0,0.0,0.0,0.0,28.0,17.0,3.0,2021.0,300
30.0,0.41,38.0,0.0,0.0,0.0,0.0,1.0,1.0,0.0,0.0,0.0,1185732.0,0.0,0.0,0.0,0.0,0.0,1.0,0.0,28.0,17.0,3.0,2021.0,75
9.0,0.5,36.0,0.0,0.0,0.0,1.0,0.0,1.0,0.0,0.0,0.0,1185732.0,0.0,0.0,0.0,0.0,0.0,1.0,0.0,44.0,11.0,4.0,2021.0,44
0.0,0.47,50.0,0.0,0.0,0.0,0.0,0.0,1.0,0.0,0.0,0.0,1185732.0,0.0,0.0,0.0,0.0,1.0,1.0,0.0,31.0,9.0,4.0,2021.0,124
4.0,0.4,35.0,0.0,1.0,0.0,0.0,0.0,1.0,0.0,0.0,0.0,1185732.0,0.0,0.0,0.0,0.0,1.0,0.0,0.0,19.0,20.0,3.0,2021.0,445
9.0,0.3,40.0,0.0,0.0,0.0,0.0,1.0,1.0,0.0,0.0,0.0,1185732.0,0.0,0.0,0.0,0.0,0.0,0.0,0.0,44.0,21.0,1.0,2021.0,325
35.0,0.3,60.0,0.0,0.0,0.0,0.0,0.0,1.0,0.0,0.0,0.0,1185732.0,1.0,0.0,0.0,0.0,0.0,0.0,1.0,31.0,8.0,3.0,2020.0,900
9.0,0.5499999999999999,41.0,0.0,0.0,1.0,0.0,0.0,1.0,0.0,0.0,0.0,1185732.0,0.0,0.0,0.0,0.0,0.0,1.0,0.0,44.0,10.0,3.0,2021.0,80
8.0,0.49,39.0,0.0,0.0,0.0,1.0,0.0,1.0,0.0,0.0,0.0,1185732.0,0.0,0.0,0.0,0.0,0.0,1.0,0.0,20.0,14.0,1.0,2021.0,44
30.0,0.53,64.0,0.0,1.0,0.0,0.0,0.0,1.0,0.0,0.0,0.0,1185732.0,0.0,0.0,0.0,0.0,0.0,1.0,0.0,28.0,17.0,5.0,2021.0,173
40.0,0.48,64.0,0.0,0.0,0.0,0.0,0.0,1.0,0.0,0.0,0.0,1185732.0,1.0,0.0,0.0,0.0,0.0,1.0,0.0,37.0,1.0,12.0,2021.0,60
20.0,0.42,64.0,0.0,0.0,0.0,0.0,0.0,1.0,0.0,0.0,0.0,1185732.0,0.0,0.0,1.0,0.0,0.0,1.0,0.0,6.0,5.0,10.0,2021.0,42
0.0,0.41,45.0,0.0,0.0,0.0,1.0,0.0,1.0,0.0,0.0,0.0,1185732.0,0.0,0.0,0.0,0.0,1.0,1.0,0.0,31.0,10.0,10.0,2021.0,135
20.0,0.36,34.0,0.0,0.0,0.0,0.0,0.0,1.0,0.0,0.0,0.0,1185732.0,1.0,0.0,0.0,0.0,0.0,0.0,1.0,6.0,10.0,1.0,2021.0,44
40.0,0.42,43.0,1.0,0.0,0.0,0.0,0.0,1.0,0.0,0.0,0.0,1185732.0,1.0,0.0,0.0,0.0,0.0,0.0,1.0,37.0,22.0,12.0,2021.0,68
20.0,0.4,55.00000000000001,1.0,0.0,0.0,0.0,0.0,1.0,0.0,0.0,0.0,1185732.0,1.0,0.0,0.0,0.0,0.0,0.0,0.0,6.0,4.0,11.0,2021.0,300
4.0,0.35,45.0,1.0,0.0,0.0,0.0,0.0,1.0,0.0,0.0,0.0,1185732.0,0.0,0.0,1.0,0.0,0.0,0.0,0.0,19.0,21.0,8.0,2021.0,275
40.0,0.37,38.0,0.0,0.0,0.0,0.0,1.0,1.0,0.0,0.0,0.0,1185732.0,1.0,0.0,0.0,0.0,0.0,0.0,1.0,37.0,17.0,11.0,2021.0,53
10.0,0.4,54.99999999999999,0.0,0.0,1.0,0.0,0.0,1.0,0.0,0.0,0.0,1185732.0,0.0,0.0,0.0,0.0,1.0,0.0,0.0,47.0,18.0,5.0,2021.0,350
0.0,0.44999999999999996,62.0,0.0,0.0,0.0,0.0,0.0,1.0,0.0,0.0,0.0,1185732.0,0.0,0.0,0.0,0.0,1.0,1.0,0.0,31.0,9.0,11.0,2021.0,154
10.0,0.47,24.0,0.0,0.0,0.0,0.0,1.0,1.0,0.0,0.0,0.0,1185732.0,0.0,0.0,0.0,0.0,1.0,1.0,0.0,47.0,22.0,2.0,2021.0,46
0.0,0.35,50.000000000000014,1.0,0.0,0.0,0.0,0.0,1.0,0.0,0.0,0.0,1185732.0,0.0,0.0,0.0,0.0,1.0,0.0,0.0,31.0,10.0,10.0,2021.0,625
30.0,0.51,56.0,1.0,0.0,0.0,0.0,0.0,1.0,0.0,0.0,0.0,1185732.0,0.0,0.0,0.0,0.0,0.0,1.0,0.0,28.0,19.0,6.0,2021.0,123
51.0,0.4,62.0,0.0,0.0,0.0,0.0,0.0,1.0,0.0,0.0,0.0,1185732.0,1.0,0.0,0.0,0.0,0.0,1.0,0.0,7.0,15.0,10.0,2021.0,49
10.0,0.4,50.0,0.0,0.0,0.0,0.0,1.0,1.0,0.0,0.0,0.0,1185732.0,0.0,0.0,0.0,0.0,1.0,0.0,0.0,47.0,16.0,7.0,2021.0,325
20.0,0.3,35.0,0.0,0.0,0.0,1.0,0.0,1.0,0.0,0.0,0.0,1185732.0,0.0,0.0,1.0,0.0,0.0,0.0,0.0,6.0,5.0,2.0,2021.0,125
40.0,0.35,45.0,1.0,0.0,0.0,0.0,0.0,1.0,0.0,0.0,0.0,1185732.0,1.0,0.0,0.0,0.0,0.0,0.0,1.0,37.0,29.0,10.0,2021.0,125
36.0,0.4,50.0,0.0,0.0,0.0,0.0,1.0,1.0,0.0,0.0,0.0,1185732.0,0.0,0.0,1.0,0.0,0.0,0.0,0.0,29.0,7.0,11.0,2021.0,270
9.0,0.47,49.0,0.0,0.0,1.0,0.0,0.0,1.0,0.0,0.0,0.0,1185732.0,0.0,0.0,0.0,0.0,0.0,0.0,1.0,44.0,10.0,7.0,2021.0,175
10.0,0.55,60.0,0.0,0.0,0.0,0.0,0.0,1.0,0.0,0.0,0.0,1185732.0,0.0,0.0,0.0,0.0,1.0,1.0,0.0,47.0,17.0,4.0,2021.0,56
0.0,0.45,65.0,0.0,1.0,0.0,0.0,0.0,1.0,0.0,0.0,0.0,1185732.0,0.0,0.0,0.0,0.0,1.0,0.0,0.0,31.0,8.0,12.0,2021.0,875
43.0,0.4,30.0,0.0,0.0,0.0,1.0,0.0,1.0,0.0,0.0,0.0,1185732.0,1.0,0.0,0.0,0.0,0.0,0.0,0.0,38.0,6.0,3.0,2021.0,25
8.0,0.31,22.0,0.0,0.0,0.0,0.0,1.0,1.0,0.0,0.0,0.0,1185732.0,0.0,0.0,1.0,0.0,0.0,0.0,1.0,20.0,14.0,4.0,2021.0,51
51.0,0.35,35.0,1.0,0.0,0.0,0.0,0.0,1.0,0.0,0.0,0.0,1185732.0,0.0,1.0,0.0,0.0,0.0,0.0,0.0,7.0,8.0,2.0,2021.0,175
40.0,0.65,66.0,0.0,1.0,0.0,0.0,0.0,1.0,0.0,0.0,0.0,1185732.0,1.0,0.0,0.0,0.0,0.0,1.0,0.0,37.0,21.0,12.0,2021.0,113
35.0,0.37,32.0,0.0,0.0,0.0,0.0,1.0,1.0,0.0,0.0,0.0,1185732.0,1.0,0.0,0.0,0.0,0.0,0.0,1.0,31.0,3.0,1.0,2020.0,350
9.0,0.35,60.0,0.0,0.0,0.0,0.0,0.0,1.0,0.0,0.0,0.0,1185732.0,0.0,0.0,0.0,0.0,0.0,0.0,0.0,44.0,10.0,7.0,2021.0,325
35.0,0.44,50.0,1.0,0.0,0.0,0.0,0.0,1.0,0.0,0.0,0.0,1185732.0,0.0,0.0,0.0,1.0,0.0,1.0,0.0,31.0,20.0,4.0,2020.0,270
36.0,0.35,45.0,1.0,0.0,0.0,0.0,0.0,1.0,0.0,0.0,0.0,1185732.0,0.0,1.0,0.0,0.0,0.0,0.0,0.0,29.0,6.0,7.0,2021.0,375
30.0,0.39999999999999997,36.0,0.0,0.0,1.0,0.0,0.0,1.0,0.0,0.0,0.0,1185732.0,0.0,0.0,0.0,0.0,0.0,0.0,1.0,28.0,19.0,2.0,2021.0,124
42.0,0.3,55.00000000000001,0.0,0.0,0.0,1.0,0.0,1.0,0.0,0.0,0.0,1185732.0,0.0,0.0,0.0,0.0,0.0,0.0,1.0,18.0,18.0,11.0,2021.0,175
35.0,0.3,60.0,0.0,0.0,0.0,0.0,0.0,1.0,0.0,0.0,0.0,1185732.0,0.0,0.0,0.0,1.0,0.0,0.0,1.0,31.0,23.0,4.0,2020.0,900
10.0,0.4,24.999999999999993,0.0,0.0,1.0,0.0,0.0,1.0,0.0,0.0,0.0,1185732.0,0.0,0.0,0.0,0.0,1.0,0.0,0.0,47.0,17.0,2.0,2021.0,350
4.0,0.44,32.0,0.0,0.0,1.0,0.0,0.0,1.0,0.0,0.0,0.0,1185732.0,0.0,0.0,0.0,0.0,1.0,1.0,0.0,19.0,21.0,4.0,2021.0,52
43.0,0.5,48.0,0.0,0.0,0.0,1.0,0.0,1.0,0.0,0.0,0.0,1185732.0,0.0,0.0,1.0,0.0,0.0,1.0,0.0,38.0,6.0,12.0,2021.0,65
30.0,0.36,48.0,0.0,0.0,0.0,0.0,0.0,1.0,0.0,0.0,0.0,1185732.0,0.0,0.0,0.0,0.0,0.0,0.0,1.0,28.0,17.0,9.0,2021.0,70
30.0,0.4,36.0,1.0,0.0,0.0,0.0,0.0,1.0,0.0,0.0,0.0,1185732.0,1.0,0.0,0.0,0.0,0.0,0.0,1.0,28.0,24.0,1.0,2021.0,93
36.0,0.35,50.0,1.0,0.0,0.0,0.0,0.0,1.0,0.0,0.0,0.0,1185732.0,0.0,0.0,1.0,0.0,0.0,0.0,0.0,29.0,7.0,11.0,2021.0,275
10.0,0.51,34.0,0.0,1.0,0.0,0.0,0.0,1.0,0.0,0.0,0.0,1185732.0,0.0,0.0,0.0,0.0,1.0,1.0,0.0,47.0,18.0,9.0,2021.0,154
8.0,0.42,47.0,1.0,0.0,0.0,0.0,0.0,1.0,0.0,0.0,0.0,1185732.0,0.0,0.0,1.0,0.0,0.0,1.0,0.0,20.0,15.0,6.0,2021.0,94
20.0,0.55,59.0,0.0,1.0,0.0,0.0,0.0,1.0,0.0,0.0,0.0,1185732.0,0.0,0.0,1.0,0.0,0.0,1.0,0.0,6.0,5.0,10.0,2021.0,113
10.0,0.54,49.0,0.0,0.0,0.0,0.0,0.0,1.0,0.0,0.0,0.0,1185732.0,0.0,0.0,0.0,0.0,1.0,1.0,0.0,47.0,17.0,8.0,2021.0,68
35.0,0.25,65.0,0.0,0.0,1.0,0.0,0.0,1.0,0.0,0.0,0.0,1185732.0,1.0,0.0,0.0,0.0,0.0,0.0,1.0,31.0,3.0,3.0,2020.0,1000
51.0,0.44999999999999996,50.0,0.0,0.0,0.0,0.0,0.0,1.0,0.0,0.0,0.0,1185732.0,1.0,0.0,0.0,0.0,0.0,1.0,0.0,7.0,14.0,8.0,2021.0,63
43.0,0.4,50.0,0.0,0.0,0.0,1.0,0.0,1.0,0.0,0.0,0.0,1185732.0,0.0,0.0,1.0,0.0,0.0,0.0,0.0,38.0,6.0,12.0,2021.0,225
40.0,0.66,60.0,0.0,1.0,0.0,0.0,0.0,1.0,0.0,0.0,0.0,1185732.0,1.0,0.0,0.0,0.0,0.0,1.0,0.0,37.0,3.0,12.0,2021.0,158
20.0,0.35,35.0,0.0,1.0,0.0,0.0,0.0,1.0,0.0,0.0,0.0,1185732.0,1.0,0.0,0.0,0.0,0.0,0.0,0.0,6.0,10.0,1.0,2021.0,425
30.0,0.4,64.0,0.0,0.0,0.0,1.0,0.0,1.0,0.0,0.0,0.0,1185732.0,1.0,0.0,0.0,0.0,0.0,1.0,0.0,28.0,18.0,11.0,2021.0,85
40.0,0.47,39.0,0.0,0.0,0.0,1.0,0.0,1.0,0.0,0.0,0.0,1185732.0,1.0,0.0,0.0,0.0,0.0,0.0,1.0,37.0,30.0,11.0,2021.0,56
0.0,0.25,55.00000000000001,0.0,0.0,0.0,0.0,1.0,1.0,0.0,0.0,0.0,1185732.0,0.0,1.0,0.0,0.0,0.0,0.0,0.0,31.0,8.0,12.0,2021.0,625
8.0,0.25,65.0,0.0,0.0,0.0,0.0,0.0,1.0,0.0,0.0,0.0,1185732.0,0.0,0.0,0.0,0.0,0.0,0.0,0.0,20.0,13.0,12.0,2021.0,300
4.0,0.47,27.0,0.0,0.0,0.0,1.0,0.0,1.0,0.0,0.0,0.0,1185732.0,0.0,0.0,0.0,0.0,1.0,1.0,0.0,19.0,21.0,4.0,2021.0,13
30.0,0.37,53.0,0.0,0.0,1.0,0.0,0.0,1.0,0.0,0.0,0.0,1185732.0,0.0,0.0,0.0,0.0,0.0,0.0,1.0,28.0,17.0,9.0,2021.0,104
51.0,0.4,40.0,0.0,0.0,1.0,0.0,0.0,1.0,0.0,0.0,0.0,1185732.0,1.0,0.0,0.0,0.0,0.0,0.0,0.0,7.0,15.0,2.0,2021.0,325
42.0,0.3,35.0,0.0,0.0,0.0,1.0,0.0,1.0,0.0,0.0,0.0,1185732.0,0.0,0.0,0.0,0.0,0.0,0.0,1.0,18.0,21.0,10.0,2021.0,75
35.0,0.42,51.0,1.0,0.0,0.0,0.0,0.0,1.0,0.0,0.0,0.0,1185732.0,0.0,0.0,0.0,1.0,0.0,1.0,0.0,31.0,4.0,5.0,2020.0,300
20.0,0.38999999999999996,29.0,0.0,0.0,1.0,0.0,0.0,1.0,0.0,0.0,0.0,1185732.0,0.0,0.0,1.0,0.0,0.0,0.0,1.0,6.0,3.0,3.0,2021.0,85
20.0,0.47000000000000003,26.0,0.0,0.0,1.0,0.0,0.0,1.0,0.0,0.0,0.0,1185732.0,1.0,0.0,0.0,0.0,0.0,0.0,1.0,6.0,10.0,1.0,2021.0,72
35.0,0.27,47.0,0.0,0.0,1.0,0.0,0.0,1.0,0.0,0.0,0.0,1185732.0,1.0,0.0,0.0,0.0,0.0,0.0,1.0,31.0,15.0,3.0,2020.0,352
20.0,0.44,35.0,1.0,0.0,0.0,0.0,0.0,1.0,0.0,0.0,0.0,1185732.0,0.0,0.0,1.0,0.0,0.0,0.0,1.0,6.0,3.0,5.0,2021.0,83
40.0,0.42,27.0,0.0,0.0,0.0,0.0,1.0,1.0,0.0,0.0,0.0,1185732.0,1.0,0.0,0.0,0.0,0.0,0.0,1.0,37.0,11.0,11.0,2021.0,51
30.0,0.33999999999999997,59.0,0.0,0.0,0.0,0.0,0.0,1.0,0.0,0.0,0.0,1185732.0,1.0,0.0,0.0,0.0,0.0,0.0,1.0,28.0,18.0,11.0,2021.0,96
8.0,0.35,29.0,0.0,0.0,0.0,0.0,1.0,1.0,0.0,0.0,0.0,1185732.0,0.0,0.0,1.0,0.0,0.0,1.0,0.0,20.0,14.0,4.0,2021.0,41
40.0,0.44999999999999996,25.0,0.0,0.0,0.0,0.0,1.0,1.0,0.0,0.0,0.0,1185732.0,1.0,0.0,0.0,0.0,0.0,0.0,1.0,37.0,30.0,10.0,2021.0,54
10.0,0.53,48.0,0.0,0.0,0.0,0.0,0.0,1.0,0.0,0.0,0.0,1185732.0,0.0,0.0,0.0,0.0,1.0,1.0,0.0,47.0,17.0,2.0,2021.0,65
8.0,0.44,66.0,0.0,0.0,1.0,0.0,0.0,1.0,0.0,0.0,0.0,1185732.0,0.0,0.0,0.0,0.0,0.0,1.0,0.0,20.0,15.0,10.0,2021.0,65
36.0,0.4,40.0,0.0,0.0,0.0,1.0,0.0,1.0,0.0,0.0,0.0,1185732.0,0.0,1.0,0.0,0.0,0.0,0.0,0.0,29.0,8.0,6.0,2021.0,250
40.0,0.6,62.0,0.0,1.0,0.0,0.0,0.0,1.0,0.0,0.0,0.0,1185732.0,1.0,0.0,0.0,0.0,0.0,1.0,0.0,37.0,9.0,12.0,2021.0,143
30.0,0.35,70.0,0.0,0.0,1.0,0.0,0.0,1.0,0.0,0.0,0.0,1185732.0,0.0,0.0,0.0,0.0,0.0,0.0,0.0,28.0,19.0,6.0,2021.0,475
42.0,0.35,40.0,1.0,0.0,0.0,0.0,0.0,1.0,0.0,0.0,0.0,1185732.0,0.0,0.0,0.0,0.0,0.0,0.0,1.0,18.0,31.0,10.0,2021.0,150
51.0,0.4,35.0,0.0,0.0,0.0,1.0,0.0,1.0,0.0,0.0,0.0,1185732.0,1.0,0.0,0.0,0.0,0.0,0.0,0.0,7.0,14.0,4.0,2021.0,150
30.0,0.32,52.0,0.0,0.0,0.0,0.0,0.0,1.0,0.0,0.0,0.0,1185732.0,0.0,0.0,0.0,0.0,0.0,0.0,1.0,28.0,17.0,5.0,2021.0,90
40.0,0.54,36.0,0.0,0.0,0.0,0.0,1.0,1.0,0.0,0.0,0.0,1185732.0,1.0,0.0,0.0,0.0,0.0,1.0,0.0,37.0,5.0,11.0,2021.0,51
35.0,0.37,36.0,0.0,0.0,0.0,1.0,0.0,1.0,0.0,0.0,0.0,1185732.0,1.0,0.0,0.0,0.0,0.0,0.0,1.0,31.0,4.0,1.0,2020.0,281
51.0,0.44999999999999996,39.0,1.0,0.0,0.0,0.0,0.0,1.0,0.0,0.0,0.0,1185732.0,1.0,0.0,0.0,0.0,0.0,1.0,0.0,7.0,13.0,3.0,2021.0,68
10.0,0.5,61.0,0.0,0.0,0.0,0.0,0.0,1.0,0.0,0.0,0.0,1185732.0,1.0,0.0,0.0,0.0,0.0,1.0,0.0,47.0,16.0,12.0,2021.0,95
9.0,0.49,47.0,0.0,1.0,0.0,0.0,0.0,1.0,0.0,0.0,0.0,1185732.0,0.0,0.0,0.0,0.0,0.0,0.0,1.0,44.0,12.0,6.0,2021.0,195
10.0,0.4,35.0,0.0,0.0,0.0,1.0,0.0,1.0,0.0,0.0,0.0,1185732.0,0.0,0.0,0.0,0.0,1.0,0.0,0.0,47.0,17.0,2.0,2021.0,175
9.0,0.35,40.0,0.0,0.0,0.0,1.0,0.0,1.0,0.0,0.0,0.0,1185732.0,0.0,0.0,0.0,0.0,0.0,0.0,0.0,44.0,10.0,3.0,2021.0,125
43.0,0.4,50.0,0.0,0.0,0.0,0.0,1.0,1.0,0.0,0.0,0.0,1185732.0,0.0,0.0,1.0,0.0,0.0,0.0,0.0,38.0,7.0,11.0,2021.0,220
43.0,0.55,60.0,0.0,0.0,1.0,0.0,0.0,1.0,0.0,0.0,0.0,1185732.0,0.0,0.0,1.0,0.0,0.0,1.0,0.0,38.0,6.0,12.0,2021.0,85
8.0,0.32,50.0,0.0,0.0,0.0,0.0,0.0,1.0,0.0,0.0,0.0,1185732.0,0.0,0.0,0.0,0.0,0.0,0.0,1.0,20.0,14.0,11.0,2021.0,78
43.0,0.4,54.99999999999999,0.0,0.0,1.0,0.0,0.0,1.0,0.0,0.0,0.0,1185732.0,1.0,0.0,0.0,0.0,0.0,0.0,0.0,38.0,7.0,8.0,2021.0,300
8.0,0.41,47.0,1.0,0.0,0.0,0.0,0.0,1.0,0.0,0.0,0.0,1185732.0,0.0,0.0,1.0,0.0,0.0,1.0,0.0,20.0,14.0,8.0,2021.0,88
20.0,0.46,24.0,0.0,0.0,0.0,1.0,0.0,1.0,0.0,0.0,0.0,1185732.0,1.0,0.0,0.0,0.0,0.0,0.0,1.0,6.0,10.0,1.0,2021.0,24
43.0,0.4,50.0,0.0,0.0,0.0,0.0,1.0,1.0,0.0,0.0,0.0,1185732.0,0.0,0.0,1.0,0.0,0.0,0.0,0.0,38.0,6.0,12.0,2021.0,275
0.0,0.49,62.0,0.0,0.0,0.0,0.0,0.0,1.0,0.0,0.0,0.0,1185732.0,0.0,0.0,0.0,0.0,1.0,1.0,0.0,31.0,10.0,6.0,2021.0,150
30.0,0.4,65.00000000000001,1.0,0.0,0.0,0.0,0.0,1.0,0.0,0.0,0.0,1185732.0,1.0,0.0,0.0,0.0,0.0,0.0,1.0,28.0,18.0,11.0,2021.0,325
43.0,0.3,60.0,0.0,0.0,0.0,0.0,0.0,1.0,0.0,0.0,0.0,1185732.0,0.0,0.0,1.0,0.0,0.0,0.0,0.0,38.0,6.0,12.0,2021.0,225
10.0,0.4,49.99999999999999,0.0,0.0,0.0,0.0,0.0,1.0,0.0,0.0,0.0,1185732.0,0.0,0.0,0.0,0.0,1.0,0.0,0.0,47.0,17.0,2.0,2021.0,250
40.0,0.37,39.0,0.0,0.0,0.0,0.0,0.0,1.0,0.0,0.0,0.0,1185732.0,1.0,0.0,0.0,0.0,0.0,0.0,1.0,37.0,1.0,11.0,2021.0,40
8.0,0.44,50.0,0.0,1.0,0.0,0.0,0.0,1.0,0.0,0.0,0.0,1185732.0,0.0,0.0,1.0,0.0,0.0,1.0,0.0,20.0,14.0,8.0,2021.0,161
35.0,0.5,50.0,0.0,1.0,0.0,0.0,0.0,1.0,0.0,0.0,0.0,1185732.0,1.0,0.0,0.0,0.0,0.0,0.0,0.0,31.0,1.0,1.0,2020.0,1200
10.0,0.4,45.0,0.0,1.0,0.0,0.0,0.0,1.0,0.0,0.0,0.0,1185732.0,0.0,0.0,0.0,0.0,1.0,0.0,0.0,47.0,17.0,6.0,2021.0,600
9.0,0.5800000000000001,43.0,1.0,0.0,0.0,0.0,0.0,1.0,0.0,0.0,0.0,1185732.0,0.0,0.0,0.0,0.0,0.0,1.0,0.0,44.0,11.0,4.0,2021.0,56
30.0,0.42,51.0,0.0,0.0,0.0,1.0,0.0,1.0,0.0,0.0,0.0,1185732.0,0.0,0.0,0.0,0.0,0.0,1.0,0.0,28.0,18.0,8.0,2021.0,72
20.0,0.3,45.0,0.0,0.0,0.0,0.0,0.0,1.0,0.0,0.0,0.0,1185732.0,1.0,0.0,0.0,0.0,0.0,0.0,0.0,6.0,10.0,1.0,2021.0,125
43.0,0.41,41.0,0.0,0.0,0.0,0.0,0.0,1.0,0.0,0.0,0.0,1185732.0,1.0,0.0,0.0,0.0,0.0,1.0,0.0,38.0,8.0,2.0,2021.0,35
8.0,0.5,33.0,0.0,0.0,0.0,0.0,1.0,1.0,0.0,0.0,0.0,1185732.0,0.0,0.0,0.0,0.0,0.0,1.0,0.0,20.0,12.0,2.0,2021.0,74
30.0,0.44,44.0,1.0,0.0,0.0,0.0,0.0,1.0,0.0,0.0,0.0,1185732.0,1.0,0.0,0.0,0.0,0.0,0.0,1.0,28.0,19.0,10.0,2021.0,99
8.0,0.41,55.0,0.0,0.0,1.0,0.0,0.0,1.0,0.0,0.0,0.0,1185732.0,0.0,0.0,1.0,0.0,0.0,1.0,0.0,20.0,13.0,5.0,2021.0,88
35.0,0.42,53.0,1.0,0.0,0.0,0.0,0.0,1.0,0.0,0.0,0.0,1185732.0,1.0,0.0,0.0,0.0,0.0,1.0,0.0,31.0,11.0,3.0,2020.0,267
36.0,0.4,40.0,0.0,0.0,0.0,0.0,1.0,1.0,0.0,0.0,0.0,1185732.0,0.0,1.0,0.0,0.0,0.0,0.0,0.0,29.0,6.0,5.0,2021.0,250
51.0,0.3,54.99999999999999,0.0,0.0,0.0,0.0,0.0,1.0,0.0,0.0,0.0,1185732.0,1.0,0.0,0.0,0.0,0.0,0.0,0.0,7.0,13.0,5.0,2021.0,275
8.0,0.32,34.0,0.0,0.0,0.0,1.0,0.0,1.0,0.0,0.0,0.0,1185732.0,0.0,0.0,1.0,0.0,0.0,0.0,1.0,20.0,13.0,7.0,2021.0,77
0.0,0.55,56.0,0.0,1.0,0.0,0.0,0.0,1.0,0.0,0.0,0.0,1185732.0,0.0,0.0,0.0,0.0,1.0,1.0,0.0,31.0,9.0,11.0,2021.0,217
30.0,0.55,59.0,1.0,0.0,0.0,0.0,0.0,1.0,0.0,0.0,0.0,1185732.0,1.0,0.0,0.0,0.0,0.0,1.0,0.0,28.0,17.0,12.0,2021.0,115
40.0,0.44999999999999996,54.0,0.0,0.0,0.0,0.0,0.0,1.0,0.0,0.0,0.0,1185732.0,1.0,0.0,0.0,0.0,0.0,1.0,0.0,37.0,26.0,10.0,2021.0,36
42.0,0.3,45.0,0.0,0.0,0.0,1.0,0.0,1.0,0.0,0.0,0.0,1185732.0,0.0,0.0,0.0,0.0,0.0,0.0,1.0,18.0,20.0,11.0,2021.0,175
43.0,0.4,49.0,0.0,0.0,0.0,0.0,0.0,1.0,0.0,0.0,0.0,1185732.0,1.0,0.0,0.0,0.0,0.0,1.0,0.0,38.0,6.0,5.0,2021.0,46
4.0,0.4,56.0,0.0,0.0,0.0,0.0,0.0,1.0,0.0,0.0,0.0,1185732.0,1.0,0.0,0.0,0.0,0.0,1.0,0.0,19.0,22.0,10.0,2021.0,20
43.0,0.5,49.0,0.0,1.0,0.0,0.0,0.0,1.0,0.0,0.0,0.0,1185732.0,1.0,0.0,0.0,0.0,0.0,1.0,0.0,38.0,6.0,5.0,2021.0,122
30.0,0.37,50.0,0.0,0.0,0.0,0.0,0.0,1.0,0.0,0.0,0.0,1185732.0,1.0,0.0,0.0,0.0,0.0,0.0,1.0,28.0,17.0,12.0,2021.0,123
40.0,0.53,52.0,0.0,0.0,0.0,1.0,0.0,1.0,0.0,0.0,0.0,1185732.0,1.0,0.0,0.0,0.0,0.0,1.0,0.0,37.0,24.0,11.0,2021.0,39
9.0,0.45,55.00000000000001,1.0,0.0,0.0,0.0,0.0,1.0,0.0,0.0,0.0,1185732.0,0.0,0.0,0.0,0.0,0.0,0.0,0.0,44.0,11.0,8.0,2021.0,425
8.0,0.3,41.0,0.0,0.0,0.0,0.0,1.0,1.0,0.0,0.0,0.0,1185732.0,0.0,0.0,1.0,0.0,0.0,0.0,1.0,20.0,15.0,10.0,2021.0,38
51.0,0.55,33.0,0.0,0.0,1.0,0.0,0.0,1.0,0.0,0.0,0.0,1185732.0,0.0,1.0,0.0,0.0,0.0,1.0,0.0,7.0,10.0,1.0,2021.0,69
51.0,0.4,55.00000000000001,0.0,0.0,0.0,0.0,1.0,1.0,0.0,0.0,0.0,1185732.0,0.0,1.0,0.0,0.0,0.0,0.0,0.0,7.0,13.0,12.0,2021.0,375
35.0,0.3,60.0,0.0,0.0,0.0,0.0,0.0,1.0,0.0,0.0,0.0,1185732.0,1.0,0.0,0.0,0.0,0.0,0.0,1.0,31.0,29.0,1.0,2020.0,850
43.0,0.4,35.0,0.0,0.0,1.0,0.0,0.0,1.0,0.0,0.0,0.0,1185732.0,1.0,0.0,0.0,0.0,0.0,0.0,0.0,38.0,7.0,4.0,2021.0,200
42.0,0.36,50.0,0.0,0.0,0.0,0.0,0.0,1.0,0.0,0.0,0.0,1185732.0,0.0,0.0,0.0,0.0,0.0,1.0,0.0,18.0,15.0,11.0,2021.0,53
4.0,0.47,36.0,0.0,0.0,0.0,1.0,0.0,1.0,0.0,0.0,0.0,1185732.0,0.0,0.0,1.0,0.0,0.0,1.0,0.0,19.0,20.0,7.0,2021.0,45
30.0,0.33999999999999997,42.0,0.0,0.0,0.0,0.0,1.0,1.0,0.0,0.0,0.0,1185732.0,0.0,0.0,0.0,0.0,0.0,0.0,1.0,28.0,17.0,5.0,2021.0,101
35.0,0.42,64.0,0.0,0.0,0.0,0.0,0.0,1.0,0.0,0.0,0.0,1185732.0,0.0,0.0,0.0,1.0,0.0,1.0,0.0,31.0,1.0,5.0,2020.0,254
10.0,0.54,29.0,0.0,0.0,1.0,0.0,0.0,1.0,0.0,0.0,0.0,1185732.0,0.0,0.0,0.0,0.0,1.0,1.0,0.0,47.0,16.0,3.0,2021.0,81
0.0,0.5,60.00000000000001,0.0,0.0,1.0,0.0,0.0,1.0,0.0,0.0,0.0,1185732.0,0.0,0.0,0.0,0.0,1.0,0.0,0.0,31.0,9.0,8.0,2021.0,725
42.0,0.4,40.0,0.0,0.0,1.0,0.0,0.0,1.0,0.0,0.0,0.0,1185732.0,0.0,0.0,0.0,0.0,0.0,0.0,1.0,18.0,4.0,11.0,2021.0,225
8.0,0.36,34.0,1.0,0.0,0.0,0.0,0.0,1.0,0.0,0.0,0.0,1185732.0,0.0,0.0,1.0,0.0,0.0,0.0,1.0,20.0,13.0,5.0,2021.0,68
30.0,0.25,65.00000000000001,0.0,0.0,0.0,0.0,0.0,1.0,0.0,0.0,0.0,1185732.0,1.0,0.0,0.0,0.0,0.0,0.0,1.0,28.0,24.0,1.0,2021.0,200
10.0,0.3,45.0,0.0,0.0,0.0,0.0,0.0,1.0,0.0,0.0,0.0,1185732.0,1.0,0.0,0.0,0.0,0.0,0.0,0.0,47.0,24.0,1.0,2021.0,125
0.0,0.44999999999999996,55.0,1.0,0.0,0.0,0.0,0.0,1.0,0.0,0.0,0.0,1185732.0,0.0,0.0,0.0,0.0,1.0,1.0,0.0,31.0,9.0,8.0,2021.0,210
20.0,0.33999999999999997,39.0,0.0,0.0,0.0,0.0,0.0,1.0,0.0,0.0,0.0,1185732.0,0.0,0.0,1.0,0.0,0.0,0.0,1.0,6.0,3.0,3.0,2021.0,53
0.0,0.5700000000000001,57.0,0.0,1.0,0.0,0.0,0.0,1.0,0.0,0.0,0.0,1185732.0,0.0,0.0,0.0,0.0,1.0,1.0,0.0,31.0,10.0,10.0,2021.0,208
4.0,0.45999999999999996,48.0,0.0,0.0,0.0,1.0,0.0,1.0,0.0,0.0,0.0,1185732.0,1.0,0.0,0.0,0.0,0.0,1.0,0.0,19.0,21.0,11.0,2021.0,41
43.0,0.44999999999999996,43.0,1.0,0.0,0.0,0.0,0.0,1.0,0.0,0.0,0.0,1185732.0,1.0,0.0,0.0,0.0,0.0,1.0,0.0,38.0,6.0,5.0,2021.0,49
51.0,0.5,55.0,0.0,0.0,1.0,0.0,0.0,1.0,0.0,0.0,0.0,1185732.0,1.0,0.0,0.0,0.0,0.0,1.0,0.0,7.0,13.0,7.0,2021.0,145
36.0,0.52,48.0,0.0,0.0,0.0,1.0,0.0,1.0,0.0,0.0,0.0,1185732.0,0.0,1.0,0.0,0.0,0.0,1.0,0.0,29.0,8.0,10.0,2021.0,31
9.0,0.35,50.0,0.0,0.0,0.0,1.0,0.0,1.0,0.0,0.0,0.0,1185732.0,0.0,0.0,0.0,0.0,0.0,0.0,0.0,44.0,10.0,5.0,2021.0,250
40.0,0.3,60.0,0.0,0.0,0.0,0.0,0.0,1.0,0.0,0.0,0.0,1185732.0,1.0,0.0,0.0,0.0,0.0,0.0,1.0,37.0,19.0,12.0,2021.0,100
42.0,0.51,37.0,0.0,0.0,1.0,0.0,0.0,1.0,0.0,0.0,0.0,1185732.0,0.0,0.0,0.0,0.0,0.0,1.0,0.0,18.0,23.0,10.0,2021.0,63
40.0,0.52,39.0,0.0,0.0,0.0,1.0,0.0,1.0,0.0,0.0,0.0,1185732.0,1.0,0.0,0.0,0.0,0.0,1.0,0.0,37.0,31.0,10.0,2021.0,13
40.0,0.7000000000000001,49.0,0.0,1.0,0.0,0.0,0.0,1.0,0.0,0.0,0.0,1185732.0,1.0,0.0,0.0,0.0,0.0,1.0,0.0,37.0,3.0,11.0,2021.0,120
35.0,0.3,60.0,0.0,0.0,0.0,0.0,0.0,1.0,0.0,0.0,0.0,1185732.0,0.0,0.0,0.0,1.0,0.0,0.0,1.0,31.0,17.0,4.0,2020.0,900
30.0,0.3,55.00000000000001,0.0,0.0,0.0,1.0,0.0,1.0,0.0,0.0,0.0,1185732.0,0.0,0.0,0.0,0.0,0.0,0.0,1.0,28.0,18.0,8.0,2021.0,275
43.0,0.35,49.99999999999999,0.0,1.0,0.0,0.0,0.0,1.0,0.0,0.0,0.0,1185732.0,1.0,0.0,0.0,0.0,0.0,0.0,0.0,38.0,6.0,7.0,2021.0,575
9.0,0.51,41.0,1.0,0.0,0.0,0.0,0.0,1.0,0.0,0.0,0.0,1185732.0,0.0,0.0,0.0,0.0,0.0,0.0,1.0,44.0,10.0,5.0,2021.0,94
35.0,0.37,37.0,0.0,0.0,0.0,0.0,1.0,1.0,0.0,0.0,0.0,1185732.0,1.0,0.0,0.0,0.0,0.0,0.0,1.0,31.0,18.0,3.0,2020.0,314
10.0,0.52,32.0,0.0,0.0,0.0,0.0,0.0,1.0,0.0,0.0,0.0,1185732.0,0.0,0.0,0.0,0.0,1.0,1.0,0.0,47.0,18.0,9.0,2021.0,61
8.0,0.38999999999999996,29.0,0.0,0.0,0.0,1.0,0.0,1.0,0.0,0.0,0.0,1185732.0,0.0,0.0,0.0,0.0,0.0,0.0,1.0,20.0,14.0,1.0,2021.0,53
9.0,0.45,60.0,0.0,1.0,0.0,0.0,0.0,1.0,0.0,0.0,0.0,1185732.0,0.0,0.0,0.0,0.0,0.0,0.0,0.0,44.0,10.0,5.0,2021.0,570
42.0,0.35,54.99999999999999,0.0,1.0,0.0,0.0,0.0,1.0,0.0,0.0,0.0,1185732.0,0.0,0.0,0.0,0.0,0.0,0.0,1.0,18.0,21.0,12.0,2021.0,525
42.0,0.35,50.0,1.0,0.0,0.0,0.0,0.0,1.0,0.0,0.0,0.0,1185732.0,0.0,0.0,0.0,0.0,0.0,0.0,1.0,18.0,12.0,11.0,2021.0,275
9.0,0.5,42.0,1.0,0.0,0.0,0.0,0.0,1.0,0.0,0.0,0.0,1185732.0,0.0,0.0,0.0,0.0,0.0,0.0,1.0,44.0,10.0,7.0,2021.0,145
9.0,0.56,41.0,0.0,1.0,0.0,0.0,0.0,1.0,0.0,0.0,0.0,1185732.0,0.0,0.0,0.0,0.0,0.0,1.0,0.0,44.0,11.0,4.0,2021.0,137
35.0,0.38,38.0,0.0,0.0,0.0,1.0,0.0,1.0,0.0,0.0,0.0,1185732.0,1.0,0.0,0.0,0.0,0.0,0.0,1.0,31.0,7.0,3.0,2020.0,297
51.0,0.4,70.0,0.0,0.0,1.0,0.0,0.0,1.0,0.0,0.0,0.0,1185732.0,0.0,1.0,0.0,0.0,0.0,0.0,0.0,7.0,15.0,10.0,2021.0,300
9.0,0.45,60.00000000000001,1.0,0.0,0.0,0.0,0.0,1.0,0.0,0.0,0.0,1185732.0,0.0,0.0,0.0,0.0,1.0,0.0,0.0,44.0,11.0,11.0,2021.0,325
35.0,0.3,50.0,1.0,0.0,0.0,0.0,0.0,1.0,0.0,0.0,0.0,1185732.0,1.0,0.0,0.0,0.0,0.0,0.0,1.0,31.0,8.0,1.0,2020.0,900
35.0,0.47,36.0,0.0,0.0,0.0,0.0,1.0,1.0,0.0,0.0,0.0,1185732.0,1.0,0.0,0.0,0.0,0.0,1.0,0.0,31.0,21.0,1.0,2020.0,276
0.0,0.5,40.0,0.0,1.0,0.0,0.0,0.0,1.0,0.0,0.0,0.0,1185732.0,0.0,1.0,0.0,0.0,0.0,0.0,0.0,31.0,12.0,2.0,2021.0,850
10.0,0.4,55.00000000000001,0.0,0.0,1.0,0.0,0.0,1.0,0.0,0.0,0.0,1185732.0,0.0,0.0,0.0,0.0,1.0,0.0,0.0,47.0,17.0,8.0,2021.0,425
43.0,0.45,27.0,0.0,0.0,0.0,0.0,1.0,1.0,0.0,0.0,0.0,1185732.0,1.0,0.0,0.0,0.0,0.0,0.0,1.0,38.0,6.0,7.0,2021.0,78
4.0,0.35,40.0,0.0,0.0,0.0,0.0,1.0,1.0,0.0,0.0,0.0,1185732.0,0.0,0.0,1.0,0.0,0.0,0.0,0.0,19.0,20.0,7.0,2021.0,200
36.0,0.45999999999999996,32.0,0.0,1.0,0.0,0.0,0.0,1.0,0.0,0.0,0.0,1185732.0,0.0,1.0,0.0,0.0,0.0,1.0,0.0,29.0,6.0,3.0,2021.0,144
8.0,0.25,45.0,0.0,0.0,0.0,0.0,1.0,1.0,0.0,0.0,0.0,1185732.0,0.0,0.0,1.0,0.0,0.0,0.0,0.0,20.0,13.0,9.0,2021.0,150
35.0,0.35,55.00000000000001,0.0,0.0,0.0,1.0,0.0,1.0,0.0,0.0,0.0,1185732.0,0.0,0.0,0.0,1.0,0.0,0.0,1.0,31.0,6.0,5.0,2020.0,900
10.0,0.4,60.00000000000001,0.0,0.0,0.0,0.0,0.0,1.0,0.0,0.0,0.0,1185732.0,0.0,0.0,0.0,0.0,1.0,0.0,0.0,47.0,16.0,7.0,2021.0,300
20.0,0.3,45.0,0.0,0.0,0.0,1.0,0.0,1.0,0.0,0.0,0.0,1185732.0,0.0,0.0,1.0,0.0,0.0,0.0,0.0,6.0,4.0,8.0,2021.0,225
35.0,0.35,35.0,0.0,0.0,0.0,0.0,1.0,1.0,0.0,0.0,0.0,1197831.0,0.0,0.0,1.0,0.0,0.0,0.0,1.0,31.0,21.0,7.0,2020.0,700
30.0,0.52,62.0,1.0,0.0,0.0,0.0,0.0,1.0,0.0,0.0,0.0,1185732.0,1.0,0.0,0.0,0.0,0.0,1.0,0.0,28.0,18.0,11.0,2021.0,98
51.0,0.44999999999999996,56.0,0.0,1.0,0.0,0.0,0.0,1.0,0.0,0.0,0.0,1185732.0,1.0,0.0,0.0,0.0,0.0,1.0,0.0,7.0,15.0,10.0,2021.0,128
30.0,0.41,44.0,0.0,0.0,0.0,1.0,0.0,1.0,0.0,0.0,0.0,1185732.0,0.0,0.0,0.0,0.0,0.0,1.0,0.0,28.0,18.0,4.0,2021.0,49
30.0,0.44999999999999996,57.0,0.0,0.0,0.0,0.0,0.0,1.0,0.0,0.0,0.0,1185732.0,0.0,0.0,0.0,0.0,0.0,1.0,0.0,28.0,18.0,4.0,2021.0,53
43.0,0.25,50.0,0.0,0.0,0.0,0.0,0.0,1.0,0.0,0.0,0.0,1185732.0,0.0,0.0,1.0,0.0,0.0,0.0,0.0,38.0,17.0,1.0,2021.0,150
51.0,0.5,52.0,0.0,0.0,0.0,1.0,0.0,1.0,0.0,0.0,0.0,1185732.0,1.0,0.0,0.0,0.0,0.0,1.0,0.0,7.0,15.0,10.0,2021.0,44
20.0,0.3,45.0,0.0,0.0,0.0,1.0,0.0,1.0,0.0,0.0,0.0,1185732.0,0.0,0.0,1.0,0.0,0.0,0.0,0.0,6.0,3.0,5.0,2021.0,225
43.0,0.35,54.99999999999999,0.0,1.0,0.0,0.0,0.0,1.0,0.0,0.0,0.0,1185732.0,1.0,0.0,0.0,0.0,0.0,0.0,0.0,38.0,8.0,10.0,2021.0,375
42.0,0.35,60.0,0.0,1.0,0.0,0.0,0.0,1.0,0.0,0.0,0.0,1185732.0,0.0,0.0,0.0,0.0,0.0,0.0,1.0,18.0,19.0,10.0,2021.0,400
43.0,0.51,47.0,0.0,0.0,0.0,0.0,1.0,1.0,0.0,0.0,0.0,1185732.0,0.0,0.0,1.0,0.0,0.0,1.0,0.0,38.0,6.0,12.0,2021.0,74
35.0,0.52,47.0,0.0,1.0,0.0,0.0,0.0,1.0,0.0,0.0,0.0,1185732.0,1.0,0.0,0.0,0.0,0.0,0.0,1.0,31.0,4.0,3.0,2020.0,400
40.0,0.35,45.0,0.0,0.0,0.0,1.0,0.0,1.0,0.0,0.0,0.0,1185732.0,1.0,0.0,0.0,0.0,0.0,0.0,1.0,37.0,12.0,11.0,2021.0,75
42.0,0.49,48.0,1.0,0.0,0.0,0.0,0.0,1.0,0.0,0.0,0.0,1185732.0,0.0,0.0,0.0,0.0,0.0,1.0,0.0,18.0,12.0,11.0,2021.0,77
36.0,0.53,38.0,0.0,0.0,0.0,0.0,1.0,1.0,0.0,0.0,0.0,1185732.0,0.0,1.0,0.0,0.0,0.0,1.0,0.0,29.0,8.0,6.0,2021.0,69
51.0,0.35,60.0,0.0,1.0,0.0,0.0,0.0,1.0,0.0,0.0,0.0,1185732.0,1.0,0.0,0.0,0.0,0.0,0.0,0.0,7.0,15.0,10.0,2021.0,475
43.0,0.41,47.0,0.0,0.0,0.0,0.0,0.0,1.0,0.0,0.0,0.0,1185732.0,1.0,0.0,0.0,0.0,0.0,1.0,0.0,38.0,6.0,9.0,2021.0,27
51.0,0.35,40.0,1.0,0.0,0.0,0.0,0.0,1.0,0.0,0.0,0.0,1185732.0,1.0,0.0,0.0,0.0,0.0,0.0,0.0,7.0,13.0,3.0,2021.0,250
43.0,0.37,32.0,1.0,0.0,0.0,0.0,0.0,1.0,0.0,0.0,0.0,1185732.0,1.0,0.0,0.0,0.0,0.0,0.0,1.0,38.0,6.0,7.0,2021.0,114
40.0,0.47,54.0,1.0,0.0,0.0,0.0,0.0,1.0,0.0,0.0,0.0,1185732.0,1.0,0.0,0.0,0.0,0.0,1.0,0.0,37.0,4.0,12.0,2021.0,75
0.0,0.5,65.0,0.0,0.0,1.0,0.0,0.0,1.0,0.0,0.0,0.0,1185732.0,0.0,0.0,0.0,0.0,1.0,0.0,0.0,31.0,8.0,5.0,2021.0,625
42.0,0.42,41.0,0.0,0.0,0.0,1.0,0.0,1.0,0.0,0.0,0.0,1185732.0,0.0,0.0,0.0,0.0,0.0,1.0,0.0,18.0,14.0,11.0,2021.0,51
20.0,0.52,47.0,1.0,0.0,0.0,0.0,0.0,1.0,0.0,0.0,0.0,1185732.0,0.0,0.0,1.0,0.0,0.0,1.0,0.0,6.0,3.0,9.0,2021.0,75
40.0,0.31,38.0,0.0,0.0,1.0,0.0,0.0,1.0,0.0,0.0,0.0,1185732.0,1.0,0.0,0.0,0.0,0.0,0.0,1.0,37.0,8.0,11.0,2021.0,61
0.0,0.35,41.0,0.0,0.0,0.0,0.0,1.0,1.0,0.0,0.0,0.0,1185732.0,0.0,0.0,0.0,0.0,1.0,1.0,0.0,31.0,8.0,9.0,2021.0,138
20.0,0.3,65.0,0.0,0.0,0.0,0.0,0.0,1.0,0.0,0.0,0.0,1185732.0,1.0,0.0,0.0,0.0,0.0,0.0,0.0,6.0,3.0,12.0,2021.0,300
20.0,0.42,53.0,0.0,0.0,0.0,1.0,0.0,1.0,0.0,0.0,0.0,1185732.0,1.0,0.0,0.0,0.0,0.0,1.0,0.0,6.0,3.0,12.0,2021.0,87
20.0,0.3,45.0,0.0,0.0,0.0,0.0,1.0,1.0,0.0,0.0,0.0,1185732.0,0.0,0.0,1.0,0.0,0.0,0.0,0.0,6.0,5.0,6.0,2021.0,300
8.0,0.25,30.000000000000004,0.0,0.0,0.0,0.0,1.0,1.0,0.0,0.0,0.0,1185732.0,0.0,0.0,1.0,0.0,0.0,0.0,0.0,20.0,13.0,3.0,2021.0,200
43.0,0.46,26.0,0.0,0.0,0.0,1.0,0.0,1.0,0.0,0.0,0.0,1185732.0,1.0,0.0,0.0,0.0,0.0,0.0,1.0,38.0,8.0,6.0,2021.0,70
8.0,0.39,46.0,0.0,0.0,0.0,0.0,0.0,1.0,0.0,0.0,0.0,1185732.0,0.0,0.0,1.0,0.0,0.0,1.0,0.0,20.0,13.0,3.0,2021.0,29
36.0,0.54,36.0,0.0,0.0,0.0,1.0,0.0,1.0,0.0,0.0,0.0,1185732.0,0.0,1.0,0.0,0.0,0.0,1.0,0.0,29.0,6.0,7.0,2021.0,63
10.0,0.4,45.0,0.0,0.0,0.0,0.0,0.0,1.0,0.0,0.0,0.0,1185732.0,0.0,0.0,0.0,0.0,1.0,0.0,0.0,47.0,17.0,6.0,2021.0,275
4.0,0.43,43.0,0.0,0.0,0.0,0.0,0.0,1.0,0.0,0.0,0.0,1185732.0,0.0,0.0,0.0,0.0,1.0,1.0,0.0,19.0,20.0,3.0,2021.0,22
36.0,0.3,45.0,0.0,0.0,0.0,0.0,0.0,1.0,0.0,0.0,0.0,1185732.0,0.0,1.0,0.0,0.0,0.0,0.0,0.0,29.0,7.0,4.0,2021.0,100
51.0,0.4,35.0,0.0,0.0,1.0,0.0,0.0,1.0,0.0,0.0,0.0,1185732.0,0.0,1.0,0.0,0.0,0.0,0.0,0.0,7.0,10.0,1.0,2021.0,275
20.0,0.4,50.0,1.0,0.0,0.0,0.0,0.0,1.0,0.0,0.0,0.0,1185732.0,0.0,0.0,1.0,0.0,0.0,0.0,0.0,6.0,3.0,9.0,2021.0,300
8.0,0.35,39.0,0.0,1.0,0.0,0.0,0.0,1.0,0.0,0.0,0.0,1185732.0,0.0,0.0,1.0,0.0,0.0,0.0,1.0,20.0,15.0,6.0,2021.0,196
20.0,0.32999999999999996,32.0,0.0,0.0,0.0,1.0,0.0,1.0,0.0,0.0,0.0,1185732.0,0.0,0.0,1.0,0.0,0.0,0.0,1.0,6.0,3.0,5.0,2021.0,74
9.0,0.35,55.00000000000001,0.0,0.0,0.0,0.0,0.0,1.0,0.0,0.0,0.0,1185732.0,0.0,0.0,0.0,0.0,0.0,0.0,0.0,44.0,12.0,2.0,2021.0,225
8.0,0.28,39.0,0.0,0.0,0.0,0.0,0.0,1.0,0.0,0.0,0.0,1185732.0,0.0,0.0,1.0,0.0,0.0,0.0,1.0,20.0,13.0,5.0,2021.0,60
51.0,0.53,32.0,0.0,0.0,0.0,1.0,0.0,1.0,0.0,0.0,0.0,1185732.0,1.0,0.0,0.0,0.0,0.0,1.0,0.0,7.0,13.0,3.0,2021.0,31
40.0,0.44,43.0,0.0,0.0,1.0,0.0,0.0,1.0,0.0,0.0,0.0,1185732.0,1.0,0.0,0.0,0.0,0.0,1.0,0.0,37.0,27.0,10.0,2021.0,61
4.0,0.35,30.0,0.0,0.0,0.0,1.0,0.0,1.0,0.0,0.0,0.0,1185732.0,0.0,0.0,0.0,0.0,1.0,0.0,0.0,19.0,21.0,4.0,2021.0,50
30.0,0.35000000000000003,55.00000000000001,1.0,0.0,0.0,0.0,0.0,1.0,0.0,0.0,0.0,1185732.0,1.0,0.0,0.0,0.0,0.0,0.0,1.0,28.0,22.0,2.0,2021.0,225
36.0,0.4,40.0,0.0,0.0,0.0,1.0,0.0,1.0,0.0,0.0,0.0,1185732.0,0.0,1.0,0.0,0.0,0.0,0.0,0.0,29.0,6.0,5.0,2021.0,200
43.0,0.41,37.0,0.0,1.0,0.0,0.0,0.0,1.0,0.0,0.0,0.0,1185732.0,1.0,0.0,0.0,0.0,0.0,0.0,1.0,38.0,8.0,10.0,2021.0,113
0.0,0.35,65.0,0.0,0.0,0.0,0.0,0.0,1.0,0.0,0.0,0.0,1185732.0,0.0,0.0,0.0,0.0,1.0,0.0,0.0,31.0,9.0,11.0,2021.0,550
51.0,0.4,25.000000000000007,0.0,0.0,0.0,0.0,1.0,1.0,0.0,0.0,0.0,1185732.0,0.0,1.0,0.0,0.0,0.0,0.0,0.0,7.0,10.0,1.0,2021.0,275
43.0,0.45,39.0,0.0,0.0,0.0,1.0,0.0,1.0,0.0,0.0,0.0,1185732.0,1.0,0.0,0.0,0.0,0.0,0.0,1.0,38.0,8.0,10.0,2021.0,23
8.0,0.3,50.0,1.0,0.0,0.0,0.0,0.0,1.0,0.0,0.0,0.0,1185732.0,0.0,0.0,1.0,0.0,0.0,0.0,0.0,20.0,13.0,7.0,2021.0,350
35.0,0.38,32.0,0.0,0.0,0.0,0.0,1.0,1.0,0.0,0.0,0.0,1185732.0,1.0,0.0,0.0,0.0,0.0,0.0,1.0,31.0,21.0,1.0,2020.0,323
51.0,0.47,60.0,0.0,1.0,0.0,0.0,0.0,1.0,0.0,0.0,0.0,1185732.0,0.0,1.0,0.0,0.0,0.0,1.0,0.0,7.0,14.0,11.0,2021.0,135
10.0,0.4,35.0,0.0,0.0,0.0,1.0,0.0,1.0,0.0,0.0,0.0,1185732.0,0.0,0.0,0.0,0.0,1.0,0.0,0.0,47.0,17.0,6.0,2021.0,275
42.0,0.39999999999999997,45.0,0.0,0.0,0.0,0.0,1.0,1.0,0.0,0.0,0.0,1185732.0,0.0,0.0,0.0,0.0,0.0,0.0,1.0,18.0,29.0,12.0,2021.0,150
36.0,0.5,48.0,1.0,0.0,0.0,0.0,0.0,1.0,0.0,0.0,0.0,1185732.0,0.0,1.0,0.0,0.0,0.0,1.0,0.0,29.0,8.0,10.0,2021.0,63
43.0,0.32,39.0,0.0,0.0,0.0,0.0,0.0,1.0,0.0,0.0,0.0,1185732.0,0.0,0.0,1.0,0.0,0.0,0.0,1.0,38.0,17.0,1.0,2021.0,47
9.0,0.42,36.0,0.0,0.0,0.0,1.0,0.0,1.0,0.0,0.0,0.0,1185732.0,0.0,0.0,0.0,0.0,0.0,0.0,1.0,44.0,10.0,7.0,2021.0,96
4.0,0.5,49.0,0.0,0.0,0.0,0.0,1.0,1.0,0.0,0.0,0.0,1185732.0,1.0,0.0,0.0,0.0,0.0,1.0,0.0,19.0,21.0,11.0,2021.0,48
35.0,0.35,68.0,0.0,0.0,1.0,0.0,0.0,1.0,0.0,0.0,0.0,1185732.0,0.0,0.0,0.0,1.0,0.0,1.0,0.0,31.0,18.0,7.0,2020.0,290
35.0,0.49,34.0,1.0,0.0,0.0,0.0,0.0,1.0,0.0,0.0,0.0,1197831.0,0.0,0.0,1.0,0.0,0.0,1.0,0.0,31.0,20.0,7.0,2020.0,225
10.0,0.4,55.00000000000001,1.0,0.0,0.0,0.0,0.0,1.0,0.0,0.0,0.0,1185732.0,1.0,0.0,0.0,0.0,0.0,0.0,0.0,47.0,16.0,12.0,2021.0,450
9.0,0.35,60.0,0.0,0.0,0.0,0.0,0.0,1.0,0.0,0.0,0.0,1185732.0,0.0,0.0,0.0,0.0,0.0,0.0,0.0,44.0,12.0,6.0,2021.0,300
40.0,0.42,59.0,0.0,0.0,0.0,0.0,0.0,1.0,0.0,0.0,0.0,1185732.0,1.0,0.0,0.0,0.0,0.0,1.0,0.0,37.0,19.0,11.0,2021.0,31
35.0,0.35,25.0,0.0,1.0,0.0,0.0,0.0,1.0,0.0,0.0,0.0,1197831.0,0.0,0.0,1.0,0.0,0.0,0.0,1.0,31.0,19.0,7.0,2020.0,900
40.0,0.4,58.0,0.0,0.0,0.0,0.0,0.0,1.0,0.0,0.0,0.0,1185732.0,1.0,0.0,0.0,0.0,0.0,1.0,0.0,37.0,7.0,11.0,2021.0,20
51.0,0.4,45.0,0.0,0.0,0.0,0.0,1.0,1.0,0.0,0.0,0.0,1185732.0,1.0,0.0,0.0,0.0,0.0,0.0,0.0,7.0,13.0,9.0,2021.0,225
51.0,0.41,51.0,0.0,0.0,0.0,0.0,0.0,1.0,0.0,0.0,0.0,1185732.0,1.0,0.0,0.0,0.0,0.0,1.0,0.0,7.0,13.0,7.0,2021.0,94
10.0,0.52,25.0,0.0,0.0,0.0,1.0,0.0,1.0,0.0,0.0,0.0,1185732.0,0.0,0.0,0.0,0.0,1.0,1.0,0.0,47.0,17.0,4.0,2021.0,47
51.0,0.53,56.0,0.0,0.0,1.0,0.0,0.0,1.0,0.0,0.0,0.0,1185732.0,1.0,0.0,0.0,0.0,0.0,1.0,0.0,7.0,15.0,6.0,2021.0,135
43.0,0.41,36.0,0.0,1.0,0.0,0.0,0.0,1.0,0.0,0.0,0.0,1185732.0,0.0,0.0,1.0,0.0,0.0,1.0,0.0,38.0,15.0,2.0,2021.0,140
35.0,0.4,59.0,0.0,0.0,1.0,0.0,0.0,1.0,0.0,0.0,0.0,1185732.0,0.0,0.0,0.0,1.0,0.0,1.0,0.0,31.0,24.0,4.0,2020.0,280
30.0,0.43,42.0,0.0,0.0,0.0,1.0,0.0,1.0,0.0,0.0,0.0,1185732.0,0.0,0.0,0.0,0.0,0.0,1.0,0.0,28.0,19.0,2.0,2021.0,58
35.0,0.38,68.0,0.0,0.0,1.0,0.0,0.0,1.0,0.0,0.0,0.0,1185732.0,0.0,0.0,0.0,1.0,0.0,1.0,0.0,31.0,26.0,4.0,2020.0,290
35.0,0.44999999999999996,47.0,0.0,0.0,0.0,1.0,0.0,1.0,0.0,0.0,0.0,1185732.0,1.0,0.0,0.0,0.0,0.0,1.0,0.0,31.0,7.0,3.0,2020.0,261
8.0,0.3,55.00000000000001,1.0,0.0,0.0,0.0,0.0,1.0,0.0,0.0,0.0,1185732.0,0.0,0.0,0.0,0.0,0.0,0.0,0.0,20.0,13.0,12.0,2021.0,375
8.0,0.44,38.0,0.0,0.0,1.0,0.0,0.0,1.0,0.0,0.0,0.0,1185732.0,0.0,0.0,1.0,0.0,0.0,1.0,0.0,20.0,15.0,2.0,2021.0,75
30.0,0.35,51.0,0.0,0.0,0.0,0.0,1.0,1.0,0.0,0.0,0.0,1185732.0,1.0,0.0,0.0,0.0,0.0,0.0,1.0,28.0,18.0,11.0,2021.0,114
30.0,0.4,60.00000000000001,1.0,0.0,0.0,0.0,0.0,1.0,0.0,0.0,0.0,1185732.0,0.0,0.0,0.0,0.0,0.0,0.0,1.0,28.0,17.0,9.0,2021.0,350
43.0,0.37,26.0,0.0,1.0,0.0,0.0,0.0,1.0,0.0,0.0,0.0,1185732.0,0.0,0.0,1.0,0.0,0.0,0.0,1.0,38.0,15.0,2.0,2021.0,155
35.0,0.62,46.0,0.0,1.0,0.0,0.0,0.0,1.0,0.0,0.0,0.0,1185732.0,1.0,0.0,0.0,0.0,0.0,1.0,0.0,31.0,7.0,1.0,2020.0,313
30.0,0.4,50.0,0.0,1.0,0.0,0.0,0.0,1.0,0.0,0.0,0.0,1185732.0,0.0,0.0,0.0,0.0,0.0,0.0,0.0,28.0,18.0,4.0,2021.0,550
10.0,0.4,40.0,0.0,0.0,0.0,0.0,1.0,1.0,0.0,0.0,0.0,1185732.0,0.0,0.0,0.0,0.0,1.0,0.0,0.0,47.0,17.0,8.0,2021.0,300
10.0,0.4,65.0,0.0,1.0,0.0,0.0,0.0,1.0,0.0,0.0,0.0,1185732.0,1.0,0.0,0.0,0.0,0.0,0.0,0.0,47.0,16.0,12.0,2021.0,650
8.0,0.38,48.0,0.0,0.0,0.0,0.0,0.0,1.0,0.0,0.0,0.0,1185732.0,0.0,0.0,1.0,0.0,0.0,1.0,0.0,20.0,15.0,2.0,2021.0,41
20.0,0.32999999999999996,32.0,0.0,0.0,0.0,1.0,0.0,1.0,0.0,0.0,0.0,1185732.0,0.0,0.0,1.0,0.0,0.0,0.0,1.0,6.0,4.0,8.0,2021.0,72
10.0,0.4,60.00000000000001,0.0,1.0,0.0,0.0,0.0,1.0,0.0,0.0,0.0,1185732.0,0.0,0.0,0.0,0.0,1.0,0.0,0.0,47.0,16.0,7.0,2021.0,650
10.0,0.51,37.0,1.0,0.0,0.0,0.0,0.0,1.0,0.0,0.0,0.0,1185732.0,0.0,0.0,0.0,0.0,1.0,1.0,0.0,47.0,18.0,5.0,2021.0,87
35.0,0.38999999999999996,27.0,0.0,0.0,0.0,0.0,1.0,1.0,0.0,0.0,0.0,1197831.0,0.0,0.0,1.0,0.0,0.0,0.0,1.0,31.0,21.0,7.0,2020.0,238
43.0,0.4,50.0,0.0,0.0,0.0,1.0,0.0,1.0,0.0,0.0,0.0,1185732.0,1.0,0.0,0.0,0.0,0.0,0.0,0.0,38.0,8.0,10.0,2021.0,75
0.0,0.41,44.0,0.0,0.0,0.0,1.0,0.0,1.0,0.0,0.0,0.0,1185732.0,0.0,0.0,0.0,0.0,1.0,1.0,0.0,31.0,8.0,9.0,2021.0,137
30.0,0.45999999999999996,65.0,0.0,0.0,1.0,0.0,0.0,1.0,0.0,0.0,0.0,1185732.0,0.0,0.0,0.0,0.0,0.0,1.0,0.0,28.0,17.0,5.0,2021.0,115
30.0,0.35,80.0,0.0,0.0,1.0,0.0,0.0,1.0,0.0,0.0,0.0,1185732.0,1.0,0.0,0.0,0.0,0.0,0.0,1.0,28.0,18.0,11.0,2021.0,400
20.0,0.42000000000000004,45.0,0.0,1.0,0.0,0.0,0.0,1.0,0.0,0.0,0.0,1185732.0,1.0,0.0,0.0,0.0,0.0,0.0,1.0,6.0,3.0,12.0,2021.0,173
9.0,0.51,42.0,0.0,1.0,0.0,0.0,0.0,1.0,0.0,0.0,0.0,1185732.0,0.0,0.0,0.0,0.0,0.0,0.0,1.0,44.0,11.0,8.0,2021.0,215
35.0,0.5,60.0,0.0,1.0,0.0,0.0,0.0,1.0,0.0,0.0,0.0,1185732.0,0.0,0.0,0.0,1.0,0.0,0.0,1.0,31.0,19.0,4.0,2020.0,1200
36.0,0.35,49.99999999999999,0.0,1.0,0.0,0.0,0.0,1.0,0.0,0.0,0.0,1185732.0,0.0,1.0,0.0,0.0,0.0,0.0,0.0,29.0,7.0,8.0,2021.0,600
20.0,0.36,20.0,0.0,0.0,0.0,0.0,1.0,1.0,0.0,0.0,0.0,1185732.0,0.0,0.0,1.0,0.0,0.0,0.0,1.0,6.0,4.0,4.0,2021.0,64
10.0,0.53,50.0,1.0,0.0,0.0,0.0,0.0,1.0,0.0,0.0,0.0,1185732.0,0.0,0.0,0.0,0.0,1.0,1.0,0.0,47.0,16.0,7.0,2021.0,116
20.0,0.46,28.0,0.0,1.0,0.0,0.0,0.0,1.0,0.0,0.0,0.0,1185732.0,0.0,0.0,1.0,0.0,0.0,0.0,1.0,6.0,4.0,4.0,2021.0,155
43.0,0.4,25.000000000000007,0.0,0.0,0.0,0.0,1.0,1.0,0.0,0.0,0.0,1185732.0,1.0,0.0,0.0,0.0,0.0,0.0,0.0,38.0,6.0,3.0,2021.0,175
0.0,0.35,30.000000000000004,0.0,0.0,0.0,0.0,1.0,1.0,0.0,0.0,0.0,1185732.0,0.0,1.0,0.0,0.0,0.0,0.0,0.0,31.0,14.0,1.0,2021.0,600
8.0,0.25,54.99999999999999,0.0,0.0,0.0,0.0,0.0,1.0,0.0,0.0,0.0,1185732.0,0.0,0.0,1.0,0.0,0.0,0.0,0.0,20.0,14.0,8.0,2021.0,150
43.0,0.41,39.0,0.0,1.0,0.0,0.0,0.0,1.0,0.0,0.0,0.0,1185732.0,1.0,0.0,0.0,0.0,0.0,0.0,1.0,38.0,6.0,5.0,2021.0,150
8.0,0.43,47.0,1.0,0.0,0.0,0.0,0.0,1.0,0.0,0.0,0.0,1185732.0,0.0,0.0,1.0,0.0,0.0,1.0,0.0,20.0,13.0,5.0,2021.0,54
30.0,0.42000000000000004,49.0,1.0,0.0,0.0,0.0,0.0,1.0,0.0,0.0,0.0,1185732.0,1.0,0.0,0.0,0.0,0.0,0.0,1.0,28.0,17.0,12.0,2021.0,128
43.0,0.35,35.0,0.0,1.0,0.0,0.0,0.0,1.0,0.0,0.0,0.0,1185732.0,1.0,0.0,0.0,0.0,0.0,0.0,0.0,38.0,6.0,3.0,2021.0,445
10.0,0.54,54.0,0.0,0.0,0.0,0.0,0.0,1.0,0.0,0.0,0.0,1185732.0,0.0,0.0,0.0,0.0,1.0,1.0,0.0,47.0,16.0,7.0,2021.0,87
8.0,0.25,35.0,0.0,0.0,0.0,1.0,0.0,1.0,0.0,0.0,0.0,1185732.0,0.0,0.0,1.0,0.0,0.0,0.0,0.0,20.0,13.0,3.0,2021.0,300
43.0,0.47000000000000003,20.0,0.0,0.0,0.0,1.0,0.0,1.0,0.0,0.0,0.0,1185732.0,1.0,0.0,0.0,0.0,0.0,0.0,1.0,38.0,6.0,3.0,2021.0,8
51.0,0.53,43.0,0.0,0.0,0.0,1.0,0.0,1.0,0.0,0.0,0.0,1185732.0,1.0,0.0,0.0,0.0,0.0,1.0,0.0,7.0,13.0,7.0,2021.0,90
43.0,0.38,29.0,0.0,0.0,0.0,0.0,1.0,1.0,0.0,0.0,0.0,1185732.0,0.0,0.0,1.0,0.0,0.0,1.0,0.0,38.0,15.0,2.0,2021.0,60
51.0,0.4,45.0,0.0,0.0,0.0,1.0,0.0,1.0,0.0,0.0,0.0,1185732.0,1.0,0.0,0.0,0.0,0.0,0.0,0.0,7.0,13.0,9.0,2021.0,200
4.0,0.35,40.0,0.0,0.0,0.0,1.0,0.0,1.0,0.0,0.0,0.0,1185732.0,0.0,0.0,1.0,0.0,0.0,0.0,0.0,19.0,20.0,7.0,2021.0,150
40.0,0.53,51.0,0.0,0.0,0.0,1.0,0.0,1.0,0.0,0.0,0.0,1185732.0,1.0,0.0,0.0,0.0,0.0,1.0,0.0,37.0,30.0,11.0,2021.0,44
9.0,0.49,44.0,1.0,0.0,0.0,0.0,0.0,1.0,0.0,0.0,0.0,1185732.0,0.0,0.0,0.0,0.0,0.0,0.0,1.0,44.0,12.0,10.0,2021.0,99
35.0,0.41,54.0,1.0,0.0,0.0,0.0,0.0,1.0,0.0,0.0,0.0,1185732.0,1.0,0.0,0.0,0.0,0.0,1.0,0.0,31.0,5.0,3.0,2020.0,270
20.0,0.37,36.0,0.0,0.0,0.0,0.0,1.0,1.0,0.0,0.0,0.0,1185732.0,1.0,0.0,0.0,0.0,0.0,0.0,1.0,6.0,4.0,11.0,2021.0,103
51.0,0.3,65.0,0.0,0.0,0.0,0.0,0.0,1.0,0.0,0.0,0.0,1185732.0,0.0,1.0,0.0,0.0,0.0,0.0,0.0,7.0,14.0,11.0,2021.0,275
43.0,0.43,38.0,0.0,1.0,0.0,0.0,0.0,1.0,0.0,0.0,0.0,1185732.0,0.0,0.0,1.0,0.0,0.0,1.0,0.0,38.0,17.0,1.0,2021.0,126
10.0,0.4,50.0,0.0,0.0,1.0,0.0,0.0,1.0,0.0,0.0,0.0,1185732.0,0.0,0.0,0.0,0.0,1.0,0.0,0.0,47.0,17.0,4.0,2021.0,325
40.0,0.43999999999999995,47.0,0.0,0.0,0.0,0.0,1.0,1.0,0.0,0.0,0.0,1185732.0,1.0,0.0,0.0,0.0,0.0,0.0,1.0,37.0,23.0,12.0,2021.0,66
10.0,0.4,30.00000000000001,1.0,0.0,0.0,0.0,0.0,1.0,0.0,0.0,0.0,1185732.0,0.0,0.0,0.0,0.0,1.0,0.0,0.0,47.0,18.0,9.0,2021.0,350
51.0,0.35,40.0,0.0,1.0,0.0,0.0,0.0,1.0,0.0,0.0,0.0,1185732.0,1.0,0.0,0.0,0.0,0.0,0.0,0.0,7.0,13.0,3.0,2021.0,545
8.0,0.39,53.0,0.0,0.0,0.0,0.0,0.0,1.0,0.0,0.0,0.0,1185732.0,0.0,0.0,1.0,0.0,0.0,1.0,0.0,20.0,13.0,7.0,2021.0,68
8.0,0.35,51.0,0.0,0.0,1.0,0.0,0.0,1.0,0.0,0.0,0.0,1185732.0,0.0,0.0,0.0,0.0,0.0,0.0,1.0,20.0,15.0,10.0,2021.0,68
40.0,0.44999999999999996,48.0,0.0,0.0,0.0,0.0,1.0,1.0,0.0,0.0,0.0,1185732.0,1.0,0.0,0.0,0.0,0.0,1.0,0.0,37.0,17.0,12.0,2021.0,34
40.0,0.35,60.00000000000001,1.0,0.0,0.0,0.0,0.0,1.0,0.0,0.0,0.0,1185732.0,1.0,0.0,0.0,0.0,0.0,0.0,1.0,37.0,28.0,11.0,2021.0,300
36.0,0.4,50.0,0.0,0.0,0.0,1.0,0.0,1.0,0.0,0.0,0.0,1185732.0,0.0,0.0,1.0,0.0,0.0,0.0,0.0,29.0,6.0,12.0,2021.0,275
43.0,0.35,49.99999999999999,0.0,1.0,0.0,0.0,0.0,1.0,0.0,0.0,0.0,1185732.0,1.0,0.0,0.0,0.0,0.0,0.0,0.0,38.0,8.0,6.0,2021.0,550
51.0,0.3,54.99999999999999,0.0,0.0,0.0,0.0,0.0,1.0,0.0,0.0,0.0,1185732.0,1.0,0.0,0.0,0.0,0.0,0.0,0.0,7.0,14.0,8.0,2021.0,225
4.0,0.5,39.0,0.0,0.0,0.0,0.0,1.0,1.0,0.0,0.0,0.0,1185732.0,0.0,0.0,1.0,0.0,0.0,1.0,0.0,19.0,21.0,8.0,2021.0,60
30.0,0.39999999999999997,61.0,0.0,0.0,1.0,0.0,0.0,1.0,0.0,0.0,0.0,1185732.0,1.0,0.0,0.0,0.0,0.0,0.0,1.0,28.0,17.0,12.0,2021.0,144
0.0,0.44999999999999996,43.0,1.0,0.0,0.0,0.0,0.0,1.0,0.0,0.0,0.0,1185732.0,0.0,0.0,0.0,0.0,1.0,1.0,0.0,31.0,9.0,4.0,2021.0,147
36.0,0.3,49.99999999999999,0.0,0.0,0.0,0.0,0.0,1.0,0.0,0.0,0.0,1185732.0,0.0,1.0,0.0,0.0,0.0,0.0,0.0,29.0,6.0,5.0,2021.0,225
20.0,0.3,55.00000000000001,0.0,0.0,0.0,0.0,1.0,1.0,0.0,0.0,0.0,1185732.0,0.0,0.0,1.0,0.0,0.0,0.0,0.0,6.0,5.0,10.0,2021.0,175
20.0,0.35,70.0,0.0,0.0,1.0,0.0,0.0,1.0,0.0,0.0,0.0,1185732.0,1.0,0.0,0.0,0.0,0.0,0.0,0.0,6.0,4.0,11.0,2021.0,350
9.0,0.35,50.0,0.0,0.0,0.0,1.0,0.0,1.0,0.0,0.0,0.0,1185732.0,0.0,0.0,0.0,0.0,0.0,0.0,0.0,44.0,10.0,9.0,2021.0,200
40.0,0.33999999999999997,41.0,0.0,0.0,0.0,0.0,0.0,1.0,0.0,0.0,0.0,1185732.0,1.0,0.0,0.0,0.0,0.0,0.0,1.0,37.0,7.0,11.0,2021.0,24
10.0,0.4,25.000000000000007,0.0,0.0,0.0,1.0,0.0,1.0,0.0,0.0,0.0,1185732.0,0.0,0.0,0.0,0.0,1.0,0.0,0.0,47.0,18.0,9.0,2021.0,225
51.0,0.55,50.0,0.0,0.0,0.0,0.0,1.0,1.0,0.0,0.0,0.0,1185732.0,1.0,0.0,0.0,0.0,0.0,1.0,0.0,7.0,15.0,10.0,2021.0,52
9.0,0.39999999999999997,30.0,0.0,0.0,0.0,1.0,0.0,1.0,0.0,0.0,0.0,1185732.0,0.0,0.0,0.0,0.0,0.0,0.0,1.0,44.0,10.0,3.0,2021.0,39
20.0,0.35,42.0,0.0,0.0,0.0,0.0,0.0,1.0,0.0,0.0,0.0,1185732.0,1.0,0.0,0.0,0.0,0.0,0.0,1.0,6.0,3.0,12.0,2021.0,99
9.0,0.44999999999999996,49.0,0.0,0.0,1.0,0.0,0.0,1.0,0.0,0.0,0.0,1185732.0,0.0,0.0,0.0,0.0,0.0,1.0,0.0,44.0,21.0,1.0,2021.0,88
8.0,0.35,35.0,0.0,0.0,0.0,0.0,1.0,1.0,0.0,0.0,0.0,1185732.0,0.0,0.0,0.0,0.0,0.0,0.0,0.0,20.0,14.0,1.0,2021.0,325
35.0,0.56,48.0,0.0,1.0,0.0,0.0,0.0,1.0,0.0,0.0,0.0,1185732.0,0.0,0.0,0.0,1.0,0.0,0.0,1.0,31.0,3.0,5.0,2020.0,420
4.0,0.4,49.99999999999999,0.0,1.0,0.0,0.0,0.0,1.0,0.0,0.0,0.0,1185732.0,0.0,0.0,1.0,0.0,0.0,0.0,0.0,19.0,20.0,9.0,2021.0,425
20.0,0.53,48.0,1.0,0.0,0.0,0.0,0.0,1.0,0.0,0.0,0.0,1185732.0,0.0,0.0,1.0,0.0,0.0,1.0,0.0,6.0,3.0,7.0,2021.0,112
43.0,0.4,54.99999999999999,0.0,0.0,1.0,0.0,0.0,1.0,0.0,0.0,0.0,1185732.0,1.0,0.0,0.0,0.0,0.0,0.0,0.0,38.0,6.0,9.0,2021.0,200
0.0,0.64,69.0,0.0,0.0,1.0,0.0,0.0,1.0,0.0,0.0,0.0,1185732.0,0.0,1.0,0.0,0.0,0.0,1.0,0.0,31.0,8.0,12.0,2021.0,182
42.0,0.5499999999999999,27.0,0.0,0.0,0.0,0.0,1.0,1.0,0.0,0.0,0.0,1185732.0,0.0,0.0,0.0,0.0,0.0,1.0,0.0,18.0,26.0,10.0,2021.0,52
36.0,0.5,41.0,1.0,0.0,0.0,0.0,0.0,1.0,0.0,0.0,0.0,1185732.0,0.0,1.0,0.0,0.0,0.0,1.0,0.0,29.0,6.0,5.0,2021.0,68
10.0,0.55,32.0,0.0,0.0,0.0,0.0,1.0,1.0,0.0,0.0,0.0,1185732.0,0.0,0.0,0.0,0.0,1.0,1.0,0.0,47.0,18.0,5.0,2021.0,77
0.0,0.5,70.0,0.0,0.0,1.0,0.0,0.0,1.0,0.0,0.0,0.0,1185732.0,0.0,1.0,0.0,0.0,0.0,0.0,0.0,31.0,8.0,12.0,2021.0,675
43.0,0.4,25.000000000000007,0.0,0.0,0.0,0.0,1.0,1.0,0.0,0.0,0.0,1185732.0,1.0,0.0,0.0,0.0,0.0,0.0,0.0,38.0,7.0,4.0,2021.0,125
9.0,0.39999999999999997,65.0,0.0,0.0,1.0,0.0,0.0,1.0,0.0,0.0,0.0,1185732.0,0.0,0.0,0.0,0.0,0.0,0.0,0.0,44.0,10.0,5.0,2021.0,400
36.0,0.53,24.0,0.0,0.0,0.0,0.0,1.0,1.0,0.0,0.0,0.0,1185732.0,0.0,1.0,0.0,0.0,0.0,1.0,0.0,29.0,6.0,3.0,2021.0,59
0.0,0.43,53.0,0.0,0.0,0.0,1.0,0.0,1.0,0.0,0.0,0.0,1185732.0,0.0,0.0,0.0,0.0,1.0,1.0,0.0,31.0,8.0,7.0,2021.0,150
40.0,0.3,45.0,0.0,0.0,1.0,0.0,0.0,1.0,0.0,0.0,0.0,1185732.0,1.0,0.0,0.0,0.0,0.0,0.0,1.0,37.0,27.0,10.0,2021.0,225
20.0,0.37,52.0,0.0,0.0,1.0,0.0,0.0,1.0,0.0,0.0,0.0,1185732.0,1.0,0.0,0.0,0.0,0.0,0.0,1.0,6.0,3.0,12.0,2021.0,120
43.0,0.52,37.0,0.0,0.0,0.0,0.0,1.0,1.0,0.0,0.0,0.0,1185732.0,1.0,0.0,0.0,0.0,0.0,1.0,0.0,38.0,6.0,7.0,2021.0,65
51.0,0.44999999999999996,47.0,1.0,0.0,0.0,0.0,0.0,1.0,0.0,0.0,0.0,1185732.0,1.0,0.0,0.0,0.0,0.0,1.0,0.0,7.0,13.0,9.0,2021.0,85
10.0,0.4,44.99999999999999,0.0,0.0,0.0,0.0,0.0,1.0,0.0,0.0,0.0,1185732.0,0.0,0.0,0.0,0.0,1.0,0.0,0.0,47.0,17.0,10.0,2021.0,175
8.0,0.3,54.99999999999999,0.0,1.0,0.0,0.0,0.0,1.0,0.0,0.0,0.0,1185732.0,0.0,0.0,1.0,0.0,0.0,0.0,0.0,20.0,13.0,7.0,2021.0,600
40.0,0.5700000000000001,35.0,0.0,1.0,0.0,0.0,0.0,1.0,0.0,0.0,0.0,1185732.0,1.0,0.0,0.0,0.0,0.0,0.0,1.0,37.0,9.0,11.0,2021.0,140
8.0,0.36,44.0,0.0,0.0,0.0,1.0,0.0,1.0,0.0,0.0,0.0,1185732.0,0.0,0.0,1.0,0.0,0.0,1.0,0.0,20.0,13.0,7.0,2021.0,56
42.0,0.35,50.0,1.0,0.0,0.0,0.0,0.0,1.0,0.0,0.0,0.0,1185732.0,0.0,0.0,0.0,0.0,0.0,0.0,1.0,18.0,22.0,12.0,2021.0,300
4.0,0.3,64.99999999999999,0.0,0.0,1.0,0.0,0.0,1.0,0.0,0.0,0.0,1185732.0,1.0,0.0,0.0,0.0,0.0,0.0,0.0,19.0,21.0,11.0,2021.0,225
30.0,0.41,60.0,0.0,0.0,0.0,0.0,0.0,1.0,0.0,0.0,0.0,1185732.0,0.0,0.0,0.0,0.0,0.0,1.0,0.0,28.0,17.0,7.0,2021.0,102
42.0,0.39999999999999997,45.0,0.0,0.0,0.0,0.0,1.0,1.0,0.0,0.0,0.0,1185732.0,0.0,0.0,0.0,0.0,0.0,0.0,1.0,18.0,19.0,11.0,2021.0,225
36.0,0.53,62.0,0.0,0.0,1.0,0.0,0.0,1.0,0.0,0.0,0.0,1185732.0,0.0,0.0,1.0,0.0,0.0,1.0,0.0,29.0,8.0,10.0,2021.0,68
8.0,0.42,51.0,0.0,1.0,0.0,0.0,0.0,1.0,0.0,0.0,0.0,1185732.0,0.0,0.0,1.0,0.0,0.0,1.0,0.0,20.0,15.0,6.0,2021.0,155
9.0,0.5499999999999999,59.0,0.0,0.0,1.0,0.0,0.0,1.0,0.0,0.0,0.0,1185732.0,0.0,0.0,0.0,0.0,0.0,1.0,0.0,44.0,10.0,9.0,2021.0,78
4.0,0.35,50.0,0.0,0.0,0.0,0.0,1.0,1.0,0.0,0.0,0.0,1185732.0,0.0,0.0,1.0,0.0,0.0,0.0,0.0,19.0,22.0,10.0,2021.0,100
8.0,0.35,55.00000000000001,0.0,0.0,0.0,0.0,0.0,1.0,0.0,0.0,0.0,1185732.0,0.0,0.0,0.0,0.0,0.0,0.0,0.0,20.0,14.0,1.0,2021.0,225
40.0,0.43,64.0,0.0,0.0,1.0,0.0,0.0,1.0,0.0,0.0,0.0,1185732.0,1.0,0.0,0.0,0.0,0.0,1.0,0.0,37.0,8.0,12.0,2021.0,95
9.0,0.45999999999999996,54.0,0.0,0.0,1.0,0.0,0.0,1.0,0.0,0.0,0.0,1185732.0,0.0,0.0,0.0,0.0,1.0,0.0,1.0,44.0,12.0,10.0,2021.0,90
8.0,0.3,60.0,0.0,0.0,1.0,0.0,0.0,1.0,0.0,0.0,0.0,1185732.0,0.0,0.0,1.0,0.0,0.0,0.0,0.0,20.0,13.0,7.0,2021.0,425
40.0,0.52,46.0,0.0,1.0,0.0,0.0,0.0,1.0,0.0,0.0,0.0,1185732.0,1.0,0.0,0.0,0.0,0.0,0.0,1.0,37.0,9.0,12.0,2021.0,162
9.0,0.4,43.0,0.0,0.0,0.0,1.0,0.0,1.0,0.0,0.0,0.0,1185732.0,0.0,0.0,0.0,0.0,0.0,1.0,0.0,44.0,21.0,1.0,2021.0,46
8.0,0.38,50.0,0.0,0.0,0.0,0.0,0.0,1.0,0.0,0.0,0.0,1185732.0,0.0,0.0,1.0,0.0,0.0,1.0,0.0,20.0,13.0,5.0,2021.0,54
42.0,0.3,45.0,0.0,0.0,0.0,1.0,0.0,1.0,0.0,0.0,0.0,1185732.0,0.0,0.0,0.0,0.0,0.0,0.0,1.0,18.0,14.0,11.0,2021.0,175
30.0,0.25,49.99999999999999,0.0,0.0,0.0,1.0,0.0,1.0,0.0,0.0,0.0,1185732.0,1.0,0.0,0.0,0.0,0.0,0.0,1.0,28.0,24.0,1.0,2021.0,150
4.0,0.42,49.0,0.0,0.0,0.0,0.0,0.0,1.0,0.0,0.0,0.0,1185732.0,0.0,0.0,0.0,0.0,1.0,1.0,0.0,19.0,20.0,5.0,2021.0,36
30.0,0.43,52.0,0.0,0.0,0.0,0.0,1.0,1.0,0.0,0.0,0.0,1185732.0,0.0,0.0,0.0,0.0,0.0,1.0,0.0,28.0,17.0,9.0,2021.0,75
30.0,0.35000000000000003,55.00000000000001,0.0,1.0,0.0,0.0,0.0,1.0,0.0,0.0,0.0,1185732.0,1.0,0.0,0.0,0.0,0.0,0.0,1.0,28.0,24.0,1.0,2021.0,500
43.0,0.49,55.0,0.0,1.0,0.0,0.0,0.0,1.0,0.0,0.0,0.0,1185732.0,0.0,0.0,1.0,0.0,0.0,1.0,0.0,38.0,7.0,11.0,2021.0,95
42.0,0.4,33.0,0.0,0.0,0.0,1.0,0.0,1.0,0.0,0.0,0.0,1185732.0,0.0,0.0,0.0,0.0,0.0,1.0,0.0,18.0,2.0,11.0,2021.0,21
51.0,0.53,51.0,0.0,0.0,0.0,1.0,0.0,1.0,0.0,0.0,0.0,1185732.0,0.0,1.0,0.0,0.0,0.0,1.0,0.0,7.0,14.0,11.0,2021.0,84
40.0,0.42999999999999994,43.0,0.0,0.0,0.0,0.0,1.0,1.0,0.0,0.0,0.0,1185732.0,1.0,0.0,0.0,0.0,0.0,0.0,1.0,37.0,29.0,11.0,2021.0,72
4.0,0.35,35.0,1.0,0.0,0.0,0.0,0.0,1.0,0.0,0.0,0.0,1185732.0,0.0,0.0,0.0,0.0,1.0,0.0,0.0,19.0,21.0,4.0,2021.0,125
0.0,0.48,29.0,0.0,0.0,0.0,0.0,1.0,1.0,0.0,0.0,0.0,1185732.0,0.0,1.0,0.0,0.0,0.0,1.0,0.0,31.0,14.0,1.0,2021.0,168
36.0,0.51,48.0,0.0,0.0,0.0,0.0,1.0,1.0,0.0,0.0,0.0,1185732.0,0.0,0.0,1.0,0.0,0.0,1.0,0.0,29.0,7.0,11.0,2021.0,68
40.0,0.42999999999999994,42.0,0.0,0.0,0.0,0.0,1.0,1.0,0.0,0.0,0.0,1185732.0,1.0,0.0,0.0,0.0,0.0,0.0,1.0,37.0,23.0,11.0,2021.0,54
4.0,0.5,38.0,0.0,0.0,0.0,0.0,1.0,1.0,0.0,0.0,0.0,1185732.0,0.0,0.0,1.0,0.0,0.0,1.0,0.0,19.0,20.0,9.0,2021.0,36
4.0,0.52,49.0,0.0,1.0,0.0,0.0,0.0,1.0,0.0,0.0,0.0,1185732.0,0.0,0.0,0.0,0.0,1.0,1.0,0.0,19.0,20.0,5.0,2021.0,118
35.0,0.56,46.0,0.0,1.0,0.0,0.0,0.0,1.0,0.0,0.0,0.0,1185732.0,0.0,0.0,0.0,1.0,0.0,0.0,1.0,31.0,27.0,4.0,2020.0,403
51.0,0.3,54.99999999999999,0.0,0.0,0.0,0.0,0.0,1.0,0.0,0.0,0.0,1185732.0,1.0,0.0,0.0,0.0,0.0,0.0,0.0,7.0,13.0,9.0,2021.0,200
40.0,0.38999999999999996,41.0,1.0,0.0,0.0,0.0,0.0,1.0,0.0,0.0,0.0,1185732.0,1.0,0.0,0.0,0.0,0.0,0.0,1.0,37.0,22.0,11.0,2021.0,85
51.0,0.51,32.0,0.0,0.0,0.0,1.0,0.0,1.0,0.0,0.0,0.0,1185732.0,1.0,0.0,0.0,0.0,0.0,1.0,0.0,7.0,14.0,4.0,2021.0,44
51.0,0.44999999999999996,47.0,0.0,0.0,0.0,0.0,0.0,1.0,0.0,0.0,0.0,1185732.0,1.0,0.0,0.0,0.0,0.0,1.0,0.0,7.0,14.0,4.0,2021.0,45
35.0,0.42,56.0,0.0,0.0,0.0,0.0,0.0,1.0,0.0,0.0,0.0,1185732.0,1.0,0.0,0.0,0.0,0.0,1.0,0.0,31.0,4.0,2.0,2020.0,215
10.0,0.4,55.00000000000001,0.0,0.0,0.0,1.0,0.0,1.0,0.0,0.0,0.0,1185732.0,1.0,0.0,0.0,0.0,0.0,0.0,0.0,47.0,16.0,12.0,2021.0,350
30.0,0.4,65.0,0.0,1.0,0.0,0.0,0.0,1.0,0.0,0.0,0.0,1185732.0,0.0,0.0,0.0,0.0,0.0,0.0,1.0,28.0,17.0,9.0,2021.0,550
43.0,0.54,39.0,0.0,0.0,0.0,1.0,0.0,1.0,0.0,0.0,0.0,1185732.0,1.0,0.0,0.0,0.0,0.0,1.0,0.0,38.0,6.0,9.0,2021.0,27
43.0,0.36,34.0,0.0,0.0,0.0,0.0,0.0,1.0,0.0,0.0,0.0,1185732.0,1.0,0.0,0.0,0.0,0.0,0.0,1.0,38.0,8.0,2.0,2021.0,40
30.0,0.43,71.0,0.0,0.0,0.0,0.0,0.0,1.0,0.0,0.0,0.0,1185732.0,1.0,0.0,0.0,0.0,0.0,1.0,0.0,28.0,19.0,10.0,2021.0,46
9.0,0.52,43.0,1.0,0.0,0.0,0.0,0.0,1.0,0.0,0.0,0.0,1185732.0,0.0,0.0,0.0,0.0,0.0,0.0,1.0,44.0,11.0,8.0,2021.0,149
35.0,0.35,45.0,0.0,0.0,0.0,1.0,0.0,1.0,0.0,0.0,0.0,1185732.0,1.0,0.0,0.0,0.0,0.0,0.0,1.0,31.0,3.0,2.0,2020.0,825
43.0,0.51,64.0,0.0,0.0,1.0,0.0,0.0,1.0,0.0,0.0,0.0,1185732.0,0.0,0.0,1.0,0.0,0.0,1.0,0.0,38.0,8.0,10.0,2021.0,58
43.0,0.25,35.0,0.0,0.0,0.0,1.0,0.0,1.0,0.0,0.0,0.0,1185732.0,0.0,0.0,1.0,0.0,0.0,0.0,0.0,38.0,17.0,1.0,2021.0,100
43.0,0.35,45.0,1.0,0.0,0.0,0.0,0.0,1.0,0.0,0.0,0.0,1185732.0,1.0,0.0,0.0,0.0,0.0,0.0,0.0,38.0,6.0,7.0,2021.0,325
20.0,0.3,55.00000000000001,0.0,0.0,0.0,1.0,0.0,1.0,0.0,0.0,0.0,1185732.0,1.0,0.0,0.0,0.0,0.0,0.0,0.0,6.0,3.0,12.0,2021.0,300
8.0,0.39,51.0,0.0,0.0,0.0,1.0,0.0,1.0,0.0,0.0,0.0,1185732.0,0.0,0.0,0.0,0.0,0.0,1.0,0.0,20.0,14.0,11.0,2021.0,80
35.0,0.5,60.0,0.0,1.0,0.0,0.0,0.0,1.0,0.0,0.0,0.0,1185732.0,1.0,0.0,0.0,0.0,0.0,0.0,1.0,31.0,4.0,3.0,2020.0,1250
43.0,0.4,44.0,0.0,0.0,0.0,0.0,0.0,1.0,0.0,0.0,0.0,1185732.0,1.0,0.0,0.0,0.0,0.0,1.0,0.0,38.0,7.0,4.0,2021.0,15
36.0,0.4,40.0,0.0,0.0,0.0,1.0,0.0,1.0,0.0,0.0,0.0,1185732.0,0.0,1.0,0.0,0.0,0.0,0.0,0.0,29.0,7.0,8.0,2021.0,200
43.0,0.38,31.0,1.0,0.0,0.0,0.0,0.0,1.0,0.0,0.0,0.0,1185732.0,1.0,0.0,0.0,0.0,0.0,0.0,1.0,38.0,7.0,8.0,2021.0,111
43.0,0.42000000000000004,38.0,0.0,0.0,1.0,0.0,0.0,1.0,0.0,0.0,0.0,1185732.0,1.0,0.0,0.0,0.0,0.0,0.0,1.0,38.0,6.0,7.0,2021.0,136
40.0,0.5,60.0,0.0,1.0,0.0,0.0,0.0,1.0,0.0,0.0,0.0,1185732.0,1.0,0.0,0.0,0.0,0.0,0.0,1.0,37.0,15.0,11.0,2021.0,470
10.0,0.52,59.0,0.0,0.0,1.0,0.0,0.0,1.0,0.0,0.0,0.0,1185732.0,0.0,0.0,0.0,0.0,1.0,1.0,0.0,47.0,17.0,6.0,2021.0,115
9.0,0.35,60.00000000000001,0.0,0.0,0.0,1.0,0.0,1.0,0.0,0.0,0.0,1185732.0,0.0,0.0,0.0,0.0,0.0,0.0,0.0,44.0,12.0,10.0,2021.0,175
9.0,0.39999999999999997,44.0,0.0,0.0,0.0,0.0,1.0,1.0,0.0,0.0,0.0,1185732.0,0.0,0.0,0.0,0.0,0.0,0.0,1.0,44.0,10.0,12.0,2021.0,131
8.0,0.25,54.99999999999999,0.0,0.0,0.0,0.0,0.0,1.0,0.0,0.0,0.0,1185732.0,0.0,0.0,1.0,0.0,0.0,0.0,0.0,20.0,13.0,9.0,2021.0,125
10.0,0.35,25.000000000000007,0.0,0.0,0.0,0.0,1.0,1.0,0.0,0.0,0.0,1185732.0,1.0,0.0,0.0,0.0,0.0,0.0,0.0,47.0,24.0,1.0,2021.0,225
8.0,0.33999999999999997,43.0,0.0,0.0,1.0,0.0,0.0,1.0,0.0,0.0,0.0,1185732.0,0.0,0.0,1.0,0.0,0.0,0.0,1.0,20.0,13.0,5.0,2021.0,104
9.0,0.37,37.0,0.0,0.0,0.0,0.0,1.0,1.0,0.0,0.0,0.0,1185732.0,0.0,0.0,0.0,0.0,0.0,0.0,1.0,44.0,10.0,5.0,2021.0,96
51.0,0.3,65.0,0.0,0.0,0.0,0.0,0.0,1.0,0.0,0.0,0.0,1185732.0,1.0,0.0,0.0,0.0,0.0,0.0,0.0,7.0,15.0,10.0,2021.0,175
40.0,0.5800000000000001,39.0,0.0,1.0,0.0,0.0,0.0,1.0,0.0,0.0,0.0,1185732.0,1.0,0.0,0.0,0.0,0.0,0.0,1.0,37.0,3.0,11.0,2021.0,156
42.0,0.3,45.0,0.0,0.0,0.0,1.0,0.0,1.0,0.0,0.0,0.0,1185732.0,0.0,0.0,0.0,0.0,0.0,0.0,1.0,18.0,30.0,12.0,2021.0,125
0.0,0.5,65.0,0.0,0.0,1.0,0.0,0.0,1.0,0.0,0.0,0.0,1185732.0,0.0,0.0,0.0,0.0,1.0,0.0,0.0,31.0,10.0,10.0,2021.0,625
42.0,0.35,54.99999999999999,0.0,1.0,0.0,0.0,0.0,1.0,0.0,0.0,0.0,1185732.0,0.0,0.0,0.0,0.0,0.0,0.0,1.0,18.0,11.0,11.0,2021.0,525
40.0,0.5700000000000001,49.0,0.0,1.0,0.0,0.0,0.0,1.0,0.0,0.0,0.0,1185732.0,1.0,0.0,0.0,0.0,0.0,0.0,1.0,37.0,21.0,11.0,2021.0,170
9.0,0.37,46.0,0.0,0.0,0.0,1.0,0.0,1.0,0.0,0.0,0.0,1185732.0,0.0,0.0,0.0,0.0,0.0,0.0,1.0,44.0,12.0,10.0,2021.0,61
43.0,0.37,30.0,1.0,0.0,0.0,0.0,0.0,1.0,0.0,0.0,0.0,1185732.0,1.0,0.0,0.0,0.0,0.0,0.0,1.0,38.0,6.0,9.0,2021.0,79
8.0,0.42,52.0,0.0,1.0,0.0,0.0,0.0,1.0,0.0,0.0,0.0,1185732.0,0.0,0.0,1.0,0.0,0.0,1.0,0.0,20.0,13.0,7.0,2021.0,150
0.0,0.65,66.0,0.0,0.0,1.0,0.0,0.0,1.0,0.0,0.0,0.0,1185732.0,0.0,0.0,0.0,0.0,1.0,1.0,0.0,31.0,8.0,7.0,2021.0,194
4.0,0.47,32.0,1.0,0.0,0.0,0.0,0.0,1.0,0.0,0.0,0.0,1185732.0,0.0,0.0,0.0,0.0,1.0,1.0,0.0,19.0,21.0,4.0,2021.0,31
8.0,0.44999999999999996,38.0,0.0,1.0,0.0,0.0,0.0,1.0,0.0,0.0,0.0,1185732.0,0.0,0.0,1.0,0.0,0.0,1.0,0.0,20.0,14.0,4.0,2021.0,117
4.0,0.35,50.0,1.0,0.0,0.0,0.0,0.0,1.0,0.0,0.0,0.0,1185732.0,0.0,0.0,1.0,0.0,0.0,0.0,0.0,19.0,22.0,10.0,2021.0,200
8.0,0.3,40.0,0.0,0.0,1.0,0.0,0.0,1.0,0.0,0.0,0.0,1185732.0,0.0,0.0,1.0,0.0,0.0,0.0,0.0,20.0,13.0,3.0,2021.0,200
9.0,0.5,54.0,0.0,1.0,0.0,0.0,0.0,1.0,0.0,0.0,0.0,1185732.0,0.0,0.0,0.0,0.0,1.0,0.0,1.0,44.0,11.0,11.0,2021.0,140
20.0,0.42,46.0,0.0,0.0,1.0,0.0,0.0,1.0,0.0,0.0,0.0,1185732.0,1.0,0.0,0.0,0.0,0.0,0.0,1.0,6.0,5.0,10.0,2021.0,94
4.0,0.4,35.0,0.0,1.0,0.0,0.0,0.0,1.0,0.0,0.0,0.0,1185732.0,0.0,0.0,0.0,0.0,1.0,0.0,0.0,19.0,21.0,4.0,2021.0,425
0.0,0.35,45.0,1.0,0.0,0.0,0.0,0.0,1.0,0.0,0.0,0.0,1185732.0,0.0,0.0,0.0,0.0,1.0,0.0,0.0,31.0,8.0,3.0,2021.0,550
36.0,0.35,50.0,1.0,0.0,0.0,0.0,0.0,1.0,0.0,0.0,0.0,1185732.0,0.0,1.0,0.0,0.0,0.0,0.0,0.0,29.0,8.0,10.0,2021.0,250
35.0,0.3,50.0,1.0,0.0,0.0,0.0,0.0,1.0,0.0,0.0,0.0,1185732.0,1.0,0.0,0.0,0.0,0.0,0.0,0.0,31.0,2.0,1.0,2020.0,1000
42.0,0.42,34.0,0.0,0.0,0.0,1.0,0.0,1.0,0.0,0.0,0.0,1185732.0,0.0,0.0,0.0,0.0,0.0,1.0,0.0,18.0,21.0,10.0,2021.0,19
43.0,0.52,37.0,0.0,0.0,0.0,1.0,0.0,1.0,0.0,0.0,0.0,1185732.0,1.0,0.0,0.0,0.0,0.0,1.0,0.0,38.0,6.0,7.0,2021.0,58
4.0,0.35,50.0,1.0,0.0,0.0,0.0,0.0,1.0,0.0,0.0,0.0,1185732.0,1.0,0.0,0.0,0.0,0.0,0.0,0.0,19.0,20.0,12.0,2021.0,250
51.0,0.35,40.0,1.0,0.0,0.0,0.0,0.0,1.0,0.0,0.0,0.0,1185732.0,1.0,0.0,0.0,0.0,0.0,0.0,0.0,7.0,14.0,4.0,2021.0,225
10.0,0.52,33.0,0.0,0.0,0.0,1.0,0.0,1.0,0.0,0.0,0.0,1185732.0,0.0,0.0,0.0,0.0,1.0,1.0,0.0,47.0,17.0,6.0,2021.0,69
20.0,0.35,60.0,0.0,0.0,1.0,0.0,0.0,1.0,0.0,0.0,0.0,1185732.0,0.0,0.0,1.0,0.0,0.0,0.0,0.0,6.0,3.0,5.0,2021.0,375
8.0,0.25,45.0,0.0,0.0,0.0,1.0,0.0,1.0,0.0,0.0,0.0,1185732.0,0.0,0.0,1.0,0.0,0.0,0.0,0.0,20.0,15.0,6.0,2021.0,225
40.0,0.45999999999999996,42.0,0.0,0.0,0.0,1.0,0.0,1.0,0.0,0.0,0.0,1185732.0,1.0,0.0,0.0,0.0,0.0,1.0,0.0,37.0,12.0,11.0,2021.0,20
35.0,0.43,58.0,0.0,0.0,0.0,0.0,0.0,1.0,0.0,0.0,0.0,1185732.0,1.0,0.0,0.0,0.0,0.0,1.0,0.0,31.0,23.0,1.0,2020.0,243
20.0,0.44999999999999996,42.0,0.0,0.0,0.0,0.0,1.0,1.0,0.0,0.0,0.0,1185732.0,0.0,0.0,1.0,0.0,0.0,1.0,0.0,6.0,5.0,6.0,2021.0,87
8.0,0.25,45.0,0.0,0.0,0.0,1.0,0.0,1.0,0.0,0.0,0.0,1185732.0,0.0,0.0,1.0,0.0,0.0,0.0,0.0,20.0,14.0,8.0,2021.0,175
8.0,0.3,36.0,0.0,0.0,0.0,0.0,0.0,1.0,0.0,0.0,0.0,1185732.0,0.0,0.0,1.0,0.0,0.0,0.0,1.0,20.0,13.0,3.0,2021.0,31
43.0,0.37,26.0,0.0,1.0,0.0,0.0,0.0,1.0,0.0,0.0,0.0,1185732.0,1.0,0.0,0.0,0.0,0.0,0.0,1.0,38.0,6.0,3.0,2021.0,156
36.0,0.35,35.0,0.0,1.0,0.0,0.0,0.0,1.0,0.0,0.0,0.0,1185732.0,0.0,1.0,0.0,0.0,0.0,0.0,0.0,29.0,6.0,3.0,2021.0,495
40.0,0.35,60.00000000000001,1.0,0.0,0.0,0.0,0.0,1.0,0.0,0.0,0.0,1185732.0,1.0,0.0,0.0,0.0,0.0,0.0,1.0,37.0,4.0,12.0,2021.0,300
9.0,0.35,50.0,0.0,0.0,0.0,0.0,1.0,1.0,0.0,0.0,0.0,1185732.0,0.0,0.0,0.0,0.0,0.0,0.0,0.0,44.0,10.0,7.0,2021.0,350
42.0,0.53,68.0,0.0,0.0,1.0,0.0,0.0,1.0,0.0,0.0,0.0,1185732.0,0.0,0.0,0.0,0.0,0.0,1.0,0.0,18.0,19.0,10.0,2021.0,56
30.0,0.33999999999999997,31.0,0.0,0.0,0.0,1.0,0.0,1.0,0.0,0.0,0.0,1185732.0,0.0,0.0,0.0,0.0,0.0,0.0,1.0,28.0,19.0,2.0,2021.0,68
43.0,0.38,38.0,1.0,0.0,0.0,0.0,0.0,1.0,0.0,0.0,0.0,1185732.0,1.0,0.0,0.0,0.0,0.0,0.0,1.0,38.0,8.0,10.0,2021.0,68
35.0,0.27,39.0,0.0,0.0,1.0,0.0,0.0,1.0,0.0,0.0,0.0,1185732.0,1.0,0.0,0.0,0.0,0.0,0.0,1.0,31.0,5.0,2.0,2020.0,333
36.0,0.3,60.0,0.0,0.0,0.0,0.0,0.0,1.0,0.0,0.0,0.0,1185732.0,0.0,0.0,1.0,0.0,0.0,0.0,0.0,29.0,6.0,12.0,2021.0,275
43.0,0.44999999999999996,45.0,0.0,1.0,0.0,0.0,0.0,1.0,0.0,0.0,0.0,1185732.0,1.0,0.0,0.0,0.0,0.0,1.0,0.0,38.0,6.0,9.0,2021.0,111
20.0,0.32,36.0,0.0,0.0,0.0,0.0,0.0,1.0,0.0,0.0,0.0,1185732.0,0.0,0.0,1.0,0.0,0.0,0.0,1.0,6.0,5.0,6.0,2021.0,91
35.0,0.3,55.00000000000001,1.0,0.0,0.0,0.0,0.0,1.0,0.0,0.0,0.0,1185732.0,0.0,0.0,0.0,1.0,0.0,0.0,1.0,31.0,20.0,4.0,2020.0,1000
9.0,0.35,50.0,0.0,0.0,0.0,1.0,0.0,1.0,0.0,0.0,0.0,1185732.0,0.0,0.0,0.0,0.0,0.0,0.0,0.0,44.0,11.0,8.0,2021.0,250
36.0,0.4,25.000000000000007,0.0,0.0,0.0,0.0,1.0,1.0,0.0,0.0,0.0,1185732.0,0.0,1.0,0.0,0.0,0.0,0.0,0.0,29.0,7.0,4.0,2021.0,175
0.0,0.35,65.0,0.0,0.0,0.0,0.0,0.0,1.0,0.0,0.0,0.0,1185732.0,0.0,1.0,0.0,0.0,0.0,0.0,0.0,31.0,8.0,12.0,2021.0,575
8.0,0.25,55.00000000000001,0.0,0.0,0.0,1.0,0.0,1.0,0.0,0.0,0.0,1185732.0,0.0,0.0,1.0,0.0,0.0,0.0,0.0,20.0,15.0,10.0,2021.0,100
4.0,0.51,49.0,0.0,1.0,0.0,0.0,0.0,1.0,0.0,0.0,0.0,1185732.0,0.0,0.0,1.0,0.0,0.0,1.0,0.0,19.0,20.0,9.0,2021.0,128
8.0,0.25,50.0,0.0,0.0,0.0,0.0,0.0,1.0,0.0,0.0,0.0,1185732.0,0.0,0.0,1.0,0.0,0.0,0.0,0.0,20.0,15.0,2.0,2021.0,150
42.0,0.4,70.0,0.0,0.0,1.0,0.0,0.0,1.0,0.0,0.0,0.0,1185732.0,0.0,0.0,0.0,0.0,0.0,0.0,1.0,18.0,19.0,10.0,2021.0,225
36.0,0.53,54.0,0.0,0.0,1.0,0.0,0.0,1.0,0.0,0.0,0.0,1185732.0,0.0,1.0,0.0,0.0,0.0,1.0,0.0,29.0,6.0,7.0,2021.0,131
40.0,0.5499999999999999,54.0,0.0,0.0,0.0,0.0,1.0,1.0,0.0,0.0,0.0,1185732.0,1.0,0.0,0.0,0.0,0.0,1.0,0.0,37.0,5.0,12.0,2021.0,61
40.0,0.36,50.0,0.0,0.0,1.0,0.0,0.0,1.0,0.0,0.0,0.0,1185732.0,1.0,0.0,0.0,0.0,0.0,0.0,1.0,37.0,2.0,12.0,2021.0,116
35.0,0.42,36.0,0.0,0.0,0.0,0.0,1.0,1.0,0.0,0.0,0.0,1185732.0,1.0,0.0,0.0,0.0,0.0,0.0,1.0,31.0,8.0,2.0,2020.0,288
8.0,0.35,37.0,1.0,0.0,0.0,0.0,0.0,1.0,0.0,0.0,0.0,1185732.0,0.0,0.0,1.0,0.0,0.0,0.0,1.0,20.0,15.0,10.0,2021.0,68
36.0,0.35,49.99999999999999,0.0,1.0,0.0,0.0,0.0,1.0,0.0,0.0,0.0,1185732.0,0.0,1.0,0.0,0.0,0.0,0.0,0.0,29.0,6.0,9.0,2021.0,475
30.0,0.44999999999999996,52.0,0.0,0.0,0.0,0.0,1.0,1.0,0.0,0.0,0.0,1185732.0,0.0,0.0,0.0,0.0,0.0,1.0,0.0,28.0,18.0,8.0,2021.0,105
0.0,0.5,70.0,0.0,0.0,1.0,0.0,0.0,1.0,0.0,0.0,0.0,1185732.0,0.0,0.0,0.0,0.0,1.0,0.0,0.0,31.0,8.0,7.0,2021.0,775
20.0,0.45999999999999996,34.0,0.0,1.0,0.0,0.0,0.0,1.0,0.0,0.0,0.0,1185732.0,1.0,0.0,0.0,0.0,0.0,1.0,0.0,6.0,10.0,1.0,2021.0,115
20.0,0.44999999999999996,39.0,0.0,0.0,1.0,0.0,0.0,1.0,0.0,0.0,0.0,1185732.0,0.0,0.0,1.0,0.0,0.0,1.0,0.0,6.0,5.0,2.0,2021.0,84
51.0,0.49,50.0,0.0,1.0,0.0,0.0,0.0,1.0,0.0,0.0,0.0,1185732.0,1.0,0.0,0.0,0.0,0.0,1.0,0.0,7.0,14.0,8.0,2021.0,163
40.0,0.42,47.0,1.0,0.0,0.0,0.0,0.0,1.0,0.0,0.0,0.0,1185732.0,1.0,0.0,0.0,0.0,0.0,1.0,0.0,37.0,16.0,12.0,2021.0,63
42.0,0.44999999999999996,52.0,0.0,1.0,0.0,0.0,0.0,1.0,0.0,0.0,0.0,1185732.0,0.0,0.0,0.0,0.0,0.0,1.0,0.0,18.0,5.0,11.0,2021.0,144
30.0,0.4,65.0,0.0,1.0,0.0,0.0,0.0,1.0,0.0,0.0,0.0,1185732.0,0.0,0.0,0.0,0.0,0.0,0.0,0.0,28.0,19.0,6.0,2021.0,675
43.0,0.36,34.0,0.0,0.0,0.0,0.0,0.0,1.0,0.0,0.0,0.0,1185732.0,1.0,0.0,0.0,0.0,0.0,0.0,1.0,38.0,6.0,9.0,2021.0,33
35.0,0.41,37.0,0.0,0.0,0.0,0.0,1.0,1.0,0.0,0.0,0.0,1185732.0,1.0,0.0,0.0,0.0,0.0,0.0,1.0,31.0,6.0,3.0,2020.0,296
36.0,0.53,50.0,0.0,0.0,1.0,0.0,0.0,1.0,0.0,0.0,0.0,1185732.0,0.0,1.0,0.0,0.0,0.0,1.0,0.0,29.0,6.0,9.0,2021.0,73
0.0,0.25,55.00000000000001,0.0,0.0,0.0,0.0,1.0,1.0,0.0,0.0,0.0,1185732.0,0.0,0.0,0.0,0.0,1.0,0.0,0.0,31.0,8.0,7.0,2021.0,625
30.0,0.3,55.00000000000001,0.0,0.0,0.0,1.0,0.0,1.0,0.0,0.0,0.0,1185732.0,0.0,0.0,0.0,0.0,0.0,0.0,0.0,28.0,19.0,6.0,2021.0,325
0.0,0.38,48.0,0.0,0.0,0.0,0.0,1.0,1.0,0.0,0.0,0.0,1185732.0,0.0,0.0,0.0,0.0,1.0,1.0,0.0,31.0,10.0,6.0,2021.0,150
42.0,0.33,41.0,1.0,0.0,0.0,0.0,0.0,1.0,0.0,0.0,0.0,1128299.0,0.0,0.0,0.0,0.0,1.0,1.0,0.0,18.0,10.0,1.0,2021.0,109
51.0,0.45999999999999996,51.0,0.0,1.0,0.0,0.0,0.0,1.0,0.0,0.0,0.0,1185732.0,1.0,0.0,0.0,0.0,0.0,1.0,0.0,7.0,15.0,6.0,2021.0,189
30.0,0.46,52.0,0.0,1.0,0.0,0.0,0.0,1.0,0.0,0.0,0.0,1185732.0,1.0,0.0,0.0,0.0,0.0,1.0,0.0,28.0,24.0,1.0,2021.0,145
9.0,0.5,32.0,0.0,0.0,0.0,0.0,1.0,1.0,0.0,0.0,0.0,1185732.0,0.0,0.0,0.0,0.0,0.0,1.0,0.0,44.0,11.0,4.0,2021.0,65
4.0,0.35,40.0,0.0,0.0,0.0,0.0,1.0,1.0,0.0,0.0,0.0,1185732.0,0.0,0.0,1.0,0.0,0.0,0.0,0.0,19.0,20.0,9.0,2021.0,125
30.0,0.3,60.00000000000001,0.0,0.0,0.0,0.0,0.0,1.0,0.0,0.0,0.0,1185732.0,0.0,0.0,0.0,0.0,0.0,0.0,0.0,28.0,19.0,2.0,2021.0,275
0.0,0.44999999999999996,56.0,1.0,0.0,0.0,0.0,0.0,1.0,0.0,0.0,0.0,1185732.0,0.0,0.0,0.0,0.0,1.0,1.0,0.0,31.0,8.0,7.0,2021.0,196
9.0,0.47000000000000003,35.0,1.0,0.0,0.0,0.0,0.0,1.0,0.0,0.0,0.0,1185732.0,0.0,0.0,0.0,0.0,0.0,0.0,1.0,44.0,11.0,4.0,2021.0,68
0.0,0.25,35.0,0.0,0.0,0.0,0.0,1.0,1.0,0.0,0.0,0.0,1185732.0,0.0,0.0,0.0,0.0,1.0,0.0,0.0,31.0,9.0,4.0,2021.0,525
20.0,0.43000000000000005,26.0,0.0,1.0,0.0,0.0,0.0,1.0,0.0,0.0,0.0,1185732.0,0.0,0.0,1.0,0.0,0.0,0.0,1.0,6.0,3.0,3.0,2021.0,182
30.0,0.32999999999999996,47.0,0.0,0.0,0.0,0.0,0.0,1.0,0.0,0.0,0.0,1185732.0,0.0,0.0,0.0,0.0,0.0,0.0,1.0,28.0,17.0,3.0,2021.0,60
51.0,0.4,35.0,0.0,0.0,0.0,1.0,0.0,1.0,0.0,0.0,0.0,1185732.0,1.0,0.0,0.0,0.0,0.0,0.0,0.0,7.0,13.0,3.0,2021.0,125
9.0,0.39999999999999997,75.0,0.0,0.0,1.0,0.0,0.0,1.0,0.0,0.0,0.0,1185732.0,0.0,0.0,0.0,0.0,0.0,0.0,0.0,44.0,11.0,11.0,2021.0,375
40.0,0.55,70.0,0.0,1.0,0.0,0.0,0.0,1.0,0.0,0.0,0.0,1185732.0,1.0,0.0,0.0,0.0,0.0,0.0,1.0,37.0,27.0,12.0,2021.0,475
0.0,0.35,55.00000000000001,1.0,0.0,0.0,0.0,0.0,1.0,0.0,0.0,0.0,1185732.0,0.0,0.0,0.0,0.0,1.0,0.0,0.0,31.0,10.0,6.0,2021.0,625
8.0,0.32,23.0,0.0,0.0,0.0,0.0,1.0,1.0,0.0,0.0,0.0,1185732.0,0.0,0.0,1.0,0.0,0.0,0.0,1.0,20.0,13.0,3.0,2021.0,60
35.0,0.62,45.0,0.0,1.0,0.0,0.0,0.0,1.0,0.0,0.0,0.0,1185732.0,1.0,0.0,0.0,0.0,0.0,1.0,0.0,31.0,31.0,1.0,2020.0,300
20.0,0.44999999999999996,50.0,0.0,0.0,0.0,0.0,1.0,1.0,0.0,0.0,0.0,1185732.0,1.0,0.0,0.0,0.0,0.0,1.0,0.0,6.0,3.0,12.0,2021.0,88
8.0,0.36,30.0,0.0,0.0,1.0,0.0,0.0,1.0,0.0,0.0,0.0,1185732.0,0.0,0.0,1.0,0.0,0.0,0.0,1.0,20.0,14.0,4.0,2021.0,94
0.0,0.35,50.000000000000014,1.0,0.0,0.0,0.0,0.0,1.0,0.0,0.0,0.0,1185732.0,0.0,0.0,0.0,0.0,1.0,0.0,0.0,31.0,8.0,9.0,2021.0,650
35.0,0.4,50.0,1.0,0.0,0.0,0.0,0.0,1.0,0.0,0.0,0.0,1185732.0,1.0,0.0,0.0,0.0,0.0,1.0,0.0,31.0,7.0,2.0,2020.0,259
8.0,0.47,52.0,0.0,0.0,0.0,0.0,0.0,1.0,0.0,0.0,0.0,1185732.0,0.0,0.0,0.0,0.0,0.0,1.0,0.0,20.0,14.0,1.0,2021.0,68
8.0,0.28,43.0,0.0,0.0,0.0,1.0,0.0,1.0,0.0,0.0,0.0,1185732.0,0.0,0.0,0.0,0.0,0.0,0.0,1.0,20.0,13.0,12.0,2021.0,105
40.0,0.47,43.0,0.0,0.0,0.0,1.0,0.0,1.0,0.0,0.0,0.0,1185732.0,1.0,0.0,0.0,0.0,0.0,0.0,1.0,37.0,24.0,11.0,2021.0,53
36.0,0.4,40.0,0.0,0.0,0.0,0.0,1.0,1.0,0.0,0.0,0.0,1185732.0,0.0,1.0,0.0,0.0,0.0,0.0,0.0,29.0,8.0,6.0,2021.0,275
0.0,0.48,52.0,0.0,0.0,0.0,0.0,0.0,1.0,0.0,0.0,0.0,1185732.0,0.0,0.0,0.0,0.0,1.0,1.0,0.0,31.0,9.0,8.0,2021.0,149
20.0,0.4,44.0,0.0,0.0,0.0,0.0,0.0,1.0,0.0,0.0,0.0,1185732.0,1.0,0.0,0.0,0.0,0.0,1.0,0.0,6.0,10.0,1.0,2021.0,33
40.0,0.32999999999999996,40.0,1.0,0.0,0.0,0.0,0.0,1.0,0.0,0.0,0.0,1185732.0,1.0,0.0,0.0,0.0,0.0,0.0,1.0,37.0,16.0,11.0,2021.0,54
10.0,0.4,35.0,0.0,1.0,0.0,0.0,0.0,1.0,0.0,0.0,0.0,1185732.0,0.0,0.0,0.0,0.0,1.0,0.0,0.0,47.0,18.0,9.0,2021.0,550
30.0,0.41,54.0,0.0,0.0,0.0,0.0,1.0,1.0,0.0,0.0,0.0,1185732.0,0.0,0.0,0.0,0.0,0.0,1.0,0.0,28.0,17.0,7.0,2021.0,109
20.0,0.4,48.0,0.0,0.0,0.0,0.0,0.0,1.0,0.0,0.0,0.0,1185732.0,0.0,0.0,1.0,0.0,0.0,1.0,0.0,6.0,3.0,3.0,2021.0,39
10.0,0.55,68.0,0.0,0.0,1.0,0.0,0.0,1.0,0.0,0.0,0.0,1185732.0,1.0,0.0,0.0,0.0,0.0,1.0,0.0,47.0,16.0,12.0,2021.0,122
