City,Operating Margin,Price per Unit,Product_Men's Athletic Footwear,Product_Men's Street Footwear,Product_Women's Apparel,Product_Women's Athletic Footwear,Product_Women's Street Footwear,Region_Northeast,Region_South,Region_Southeast,Region_West,Retailer ID,Retailer_Foot Locker,Retailer_Kohl's,Retailer_Sports Direct,Retailer_Walmart,Retailer_West Gear,Sales Method_Online,Sales Method_Outlet,State,inv_day,inv_month,inv_year,Units Sold
10.0,0.42,53.0,0.0,0.0,0.0,1.0,0.0,0.0,0.0,1.0,0.0,1185732.0,1.0,0.0,0.0,0.0,0.0,1.0,0.0,39.0,6.0,11.0,2021.0,225
29.0,0.49,49.0,0.0,0.0,0.0,0.0,0.0,0.0,0.0,1.0,0.0,1185732.0,0.0,0.0,0.0,0.0,0.0,1.0,0.0,16.0,22.0,8.0,2021.0,65
3.0,0.44999999999999996,37.0,1.0,0.0,0.0,0.0,0.0,0.0,0.0,1.0,0.0,1185732.0,1.0,0.0,0.0,0.0,0.0,1.0,0.0,9.0,9.0,1.0,2021.0,206
29.0,0.54,38.0,0.0,0.0,0.0,1.0,0.0,0.0,0.0,1.0,0.0,1185732.0,0.0,0.0,0.0,0.0,0.0,1.0,0.0,16.0,23.0,5.0,2021.0,38
10.0,0.35,35.0,1.0,0.0,0.0,0.0,0.0,0.0,0.0,1.0,0.0,1185732.0,0.0,0.0,1.0,0.0,0.0,1.0,0.0,39.0,6.0,1.0,2021.0,725
3.0,0.35,50.0,0.0,0.0,0.0,0.0,1.0,0.0,0.0,1.0,0.0,1128299.0,0.0,0.0,1.0,0.0,0.0,1.0,0.0,9.0,12.0,3.0,2021.0,375
11.0,0.55,20.0,0.0,0.0,0.0,0.0,1.0,0.0,0.0,1.0,0.0,1185732.0,0.0,0.0,1.0,0.0,0.0,1.0,0.0,32.0,3.0,4.0,2021.0,144
29.0,0.53,48.0,0.0,1.0,0.0,0.0,0.0,0.0,0.0,1.0,0.0,1185732.0,0.0,0.0,0.0,0.0,0.0,1.0,0.0,16.0,23.0,9.0,2021.0,137
39.0,0.25,85.00000000000001,1.0,0.0,0.0,0.0,0.0,0.0,0.0,1.0,0.0,1128299.0,0.0,0.0,0.0,1.0,0.0,0.0,0.0,8.0,17.0,8.0,2021.0,825
3.0,0.35,55.00000000000001,0.0,0.0,0.0,0.0,0.0,0.0,0.0,1.0,0.0,1128299.0,0.0,0.0,1.0,0.0,0.0,1.0,0.0,9.0,12.0,7.0,2021.0,475
31.0,0.3,25.0,0.0,0.0,0.0,0.0,1.0,0.0,0.0,1.0,0.0,1185732.0,1.0,0.0,0.0,0.0,0.0,0.0,0.0,8.0,19.0,10.0,2020.0,250
10.0,0.48,34.0,1.0,0.0,0.0,0.0,0.0,0.0,0.0,1.0,0.0,1185732.0,0.0,0.0,1.0,0.0,0.0,1.0,0.0,39.0,4.0,2.0,2021.0,188
39.0,0.51,30.0,0.0,1.0,0.0,0.0,0.0,0.0,0.0,1.0,0.0,1185732.0,0.0,0.0,0.0,0.0,1.0,0.0,1.0,8.0,12.0,1.0,2021.0,272
44.0,0.3,85.00000000000001,0.0,0.0,1.0,0.0,0.0,0.0,0.0,1.0,0.0,1128299.0,0.0,0.0,1.0,0.0,0.0,0.0,0.0,45.0,23.0,12.0,2021.0,575
39.0,0.3,80.0,0.0,0.0,0.0,0.0,1.0,0.0,0.0,1.0,0.0,1128299.0,0.0,0.0,0.0,1.0,0.0,0.0,0.0,8.0,17.0,8.0,2021.0,700
39.0,0.45,50.0,0.0,0.0,1.0,0.0,0.0,0.0,0.0,1.0,0.0,1128299.0,0.0,0.0,1.0,0.0,0.0,0.0,1.0,8.0,17.0,2.0,2021.0,400
3.0,0.51,53.0,0.0,1.0,0.0,0.0,0.0,0.0,0.0,1.0,0.0,1128299.0,0.0,0.0,1.0,0.0,0.0,1.0,0.0,9.0,13.0,8.0,2021.0,182
10.0,0.45999999999999996,34.0,1.0,0.0,0.0,0.0,0.0,0.0,0.0,1.0,0.0,1185732.0,1.0,0.0,0.0,0.0,0.0,1.0,0.0,39.0,6.0,4.0,2021.0,182
11.0,0.5,35.0,0.0,0.0,1.0,0.0,0.0,0.0,0.0,1.0,0.0,1185732.0,0.0,0.0,1.0,0.0,0.0,1.0,0.0,32.0,3.0,4.0,2021.0,675
3.0,0.52,58.0,1.0,0.0,0.0,0.0,0.0,0.0,0.0,1.0,0.0,1128299.0,0.0,0.0,1.0,0.0,0.0,1.0,0.0,9.0,13.0,8.0,2021.0,175
10.0,0.4,25.000000000000007,0.0,0.0,0.0,0.0,1.0,0.0,0.0,1.0,0.0,1185732.0,0.0,0.0,1.0,0.0,0.0,1.0,0.0,39.0,4.0,2.0,2021.0,675
3.0,0.35,55.00000000000001,0.0,0.0,0.0,0.0,1.0,0.0,0.0,1.0,0.0,1128299.0,0.0,0.0,1.0,0.0,0.0,1.0,0.0,9.0,12.0,7.0,2021.0,525
39.0,0.44999999999999996,54.0,0.0,0.0,0.0,0.0,1.0,0.0,0.0,1.0,0.0,1128299.0,0.0,0.0,0.0,1.0,0.0,1.0,0.0,8.0,18.0,9.0,2021.0,75
29.0,0.4,50.0,0.0,0.0,1.0,0.0,0.0,0.0,0.0,1.0,0.0,1185732.0,0.0,0.0,0.0,0.0,0.0,1.0,0.0,16.0,23.0,9.0,2021.0,275
39.0,0.42,58.0,0.0,0.0,0.0,1.0,0.0,0.0,0.0,1.0,0.0,1128299.0,0.0,0.0,1.0,0.0,0.0,1.0,0.0,8.0,16.0,3.0,2021.0,91
31.0,0.37,41.0,0.0,0.0,0.0,0.0,1.0,0.0,0.0,1.0,0.0,1185732.0,0.0,0.0,1.0,0.0,0.0,1.0,0.0,8.0,25.0,9.0,2020.0,225
10.0,0.35,35.0,1.0,0.0,0.0,0.0,0.0,0.0,0.0,1.0,0.0,1185732.0,1.0,0.0,0.0,0.0,0.0,1.0,0.0,39.0,6.0,4.0,2021.0,675
44.0,0.35,90.0,0.0,1.0,0.0,0.0,0.0,0.0,0.0,1.0,0.0,1128299.0,1.0,0.0,0.0,0.0,0.0,0.0,0.0,45.0,24.0,8.0,2021.0,800
39.0,0.35,86.0,0.0,0.0,0.0,0.0,0.0,0.0,0.0,1.0,0.0,1128299.0,0.0,0.0,0.0,0.0,1.0,1.0,0.0,8.0,16.0,12.0,2021.0,147
10.0,0.6,52.0,0.0,0.0,1.0,0.0,0.0,0.0,0.0,1.0,0.0,1185732.0,1.0,0.0,0.0,0.0,0.0,1.0,0.0,39.0,5.0,9.0,2021.0,232
31.0,0.5900000000000001,55.0,0.0,1.0,0.0,0.0,0.0,0.0,0.0,1.0,0.0,1185732.0,0.0,0.0,0.0,0.0,1.0,1.0,0.0,8.0,24.0,4.0,2020.0,290
39.0,0.47000000000000003,36.0,0.0,1.0,0.0,0.0,0.0,0.0,0.0,1.0,0.0,1185732.0,0.0,0.0,0.0,0.0,1.0,0.0,1.0,8.0,10.0,2.0,2021.0,288
29.0,0.4,35.0,0.0,0.0,0.0,0.0,1.0,0.0,0.0,1.0,0.0,1185732.0,0.0,0.0,0.0,0.0,0.0,1.0,0.0,16.0,21.0,3.0,2021.0,250
10.0,0.55,29.0,0.0,0.0,0.0,1.0,0.0,0.0,0.0,1.0,0.0,1185732.0,0.0,0.0,1.0,0.0,0.0,1.0,0.0,39.0,6.0,1.0,2021.0,173
11.0,0.4,40.000000000000014,0.0,0.0,0.0,0.0,1.0,0.0,0.0,1.0,0.0,1185732.0,0.0,0.0,1.0,0.0,0.0,1.0,0.0,32.0,3.0,11.0,2021.0,595
10.0,0.44999999999999996,66.0,0.0,0.0,0.0,0.0,0.0,0.0,0.0,1.0,0.0,1185732.0,0.0,0.0,1.0,0.0,0.0,1.0,0.0,39.0,5.0,12.0,2021.0,225
44.0,0.37,82.0,0.0,0.0,1.0,0.0,0.0,0.0,0.0,1.0,0.0,1128299.0,1.0,0.0,0.0,0.0,0.0,0.0,1.0,45.0,24.0,6.0,2021.0,231
11.0,0.65,32.0,0.0,0.0,1.0,0.0,0.0,0.0,0.0,1.0,0.0,1185732.0,0.0,0.0,0.0,0.0,0.0,1.0,0.0,32.0,13.0,1.0,2021.0,173
44.0,0.35,70.0,0.0,0.0,0.0,1.0,0.0,0.0,0.0,1.0,0.0,1128299.0,1.0,0.0,0.0,0.0,0.0,0.0,0.0,45.0,24.0,8.0,2021.0,425
11.0,0.4,49.99999999999999,0.0,1.0,0.0,0.0,0.0,0.0,0.0,1.0,0.0,1185732.0,0.0,0.0,1.0,0.0,0.0,1.0,0.0,32.0,4.0,6.0,2021.0,950
3.0,0.35,67.0,0.0,0.0,1.0,0.0,0.0,0.0,0.0,1.0,0.0,1128299.0,0.0,0.0,1.0,0.0,0.0,1.0,0.0,9.0,13.0,6.0,2021.0,150
44.0,0.43,56.0,0.0,0.0,1.0,0.0,0.0,0.0,0.0,1.0,0.0,1128299.0,1.0,0.0,0.0,0.0,0.0,1.0,0.0,45.0,25.0,5.0,2021.0,152
44.0,0.54,53.0,0.0,0.0,0.0,0.0,0.0,0.0,0.0,1.0,0.0,1128299.0,1.0,0.0,0.0,0.0,0.0,1.0,0.0,45.0,24.0,10.0,2021.0,87
44.0,0.44999999999999996,27.0,1.0,0.0,0.0,0.0,0.0,0.0,0.0,1.0,0.0,1185732.0,0.0,0.0,1.0,0.0,0.0,0.0,1.0,45.0,17.0,2.0,2021.0,153
29.0,0.44999999999999996,29.0,1.0,0.0,0.0,0.0,0.0,0.0,0.0,1.0,0.0,1185732.0,1.0,0.0,0.0,0.0,0.0,1.0,0.0,16.0,20.0,1.0,2021.0,142
11.0,0.5,70.0,0.0,0.0,1.0,0.0,0.0,0.0,0.0,1.0,0.0,1185732.0,0.0,0.0,1.0,0.0,0.0,1.0,0.0,32.0,4.0,6.0,2021.0,825
29.0,0.52,49.0,0.0,0.0,1.0,0.0,0.0,0.0,0.0,1.0,0.0,1185732.0,0.0,0.0,0.0,0.0,0.0,1.0,0.0,16.0,23.0,9.0,2021.0,74
39.0,0.3,65.00000000000001,0.0,0.0,0.0,1.0,0.0,0.0,0.0,1.0,0.0,1128299.0,0.0,0.0,0.0,1.0,0.0,0.0,0.0,8.0,17.0,11.0,2021.0,500
39.0,0.3,50.0,0.0,0.0,0.0,1.0,0.0,0.0,0.0,1.0,0.0,1128299.0,0.0,0.0,1.0,0.0,0.0,0.0,1.0,8.0,17.0,2.0,2021.0,275
39.0,0.32999999999999996,59.0,0.0,0.0,0.0,1.0,0.0,0.0,0.0,1.0,0.0,1128299.0,0.0,0.0,0.0,1.0,0.0,0.0,1.0,8.0,16.0,7.0,2021.0,186
44.0,0.4,90.0,0.0,0.0,0.0,0.0,0.0,0.0,0.0,1.0,0.0,1128299.0,1.0,0.0,0.0,0.0,0.0,0.0,0.0,45.0,24.0,6.0,2021.0,400
44.0,0.45999999999999996,52.0,1.0,0.0,0.0,0.0,0.0,0.0,0.0,1.0,0.0,1128299.0,1.0,0.0,0.0,0.0,0.0,1.0,0.0,45.0,25.0,9.0,2021.0,113
3.0,0.47000000000000003,26.0,0.0,1.0,0.0,0.0,0.0,0.0,0.0,1.0,0.0,1185732.0,1.0,0.0,0.0,0.0,0.0,0.0,1.0,9.0,9.0,1.0,2021.0,349
31.0,0.45000000000000007,29.0,0.0,0.0,0.0,1.0,0.0,0.0,0.0,1.0,0.0,1185732.0,1.0,0.0,0.0,0.0,0.0,1.0,0.0,8.0,20.0,10.0,2020.0,26
3.0,0.36,37.0,0.0,0.0,1.0,0.0,0.0,0.0,0.0,1.0,0.0,1128299.0,0.0,0.0,1.0,0.0,0.0,1.0,0.0,9.0,13.0,2.0,2021.0,98
3.0,0.45,39.0,0.0,0.0,0.0,1.0,0.0,0.0,0.0,1.0,0.0,1128299.0,0.0,0.0,1.0,0.0,0.0,0.0,1.0,9.0,12.0,7.0,2021.0,128
39.0,0.37,36.0,0.0,0.0,0.0,1.0,0.0,0.0,0.0,1.0,0.0,1128299.0,0.0,0.0,1.0,0.0,0.0,0.0,1.0,8.0,17.0,2.0,2021.0,94
39.0,0.37,44.0,0.0,0.0,0.0,0.0,1.0,0.0,0.0,1.0,0.0,1128299.0,0.0,0.0,0.0,1.0,0.0,0.0,1.0,8.0,17.0,11.0,2021.0,173
3.0,0.37,32.0,0.0,0.0,0.0,0.0,1.0,0.0,0.0,1.0,0.0,1128299.0,0.0,0.0,1.0,0.0,0.0,0.0,1.0,9.0,14.0,9.0,2021.0,135
39.0,0.22,47.0,0.0,0.0,0.0,0.0,0.0,0.0,0.0,1.0,0.0,1128299.0,0.0,0.0,0.0,1.0,0.0,0.0,1.0,8.0,17.0,4.0,2021.0,60
3.0,0.5,53.0,0.0,0.0,0.0,0.0,1.0,0.0,0.0,1.0,0.0,1128299.0,1.0,0.0,0.0,0.0,0.0,1.0,0.0,9.0,12.0,12.0,2021.0,138
11.0,0.45999999999999996,33.0,1.0,0.0,0.0,0.0,0.0,0.0,0.0,1.0,0.0,1185732.0,0.0,0.0,1.0,0.0,0.0,1.0,0.0,32.0,4.0,10.0,2021.0,196
31.0,0.4,47.0,0.0,0.0,0.0,1.0,0.0,0.0,0.0,1.0,0.0,1185732.0,0.0,0.0,0.0,0.0,1.0,1.0,0.0,8.0,8.0,9.0,2020.0,217
31.0,0.5,70.0,0.0,0.0,1.0,0.0,0.0,0.0,0.0,1.0,0.0,1185732.0,0.0,0.0,0.0,0.0,1.0,0.0,0.0,8.0,16.0,9.0,2020.0,975
31.0,0.44999999999999996,38.0,0.0,0.0,0.0,1.0,0.0,0.0,0.0,1.0,0.0,1185732.0,0.0,0.0,0.0,0.0,1.0,1.0,0.0,8.0,24.0,4.0,2020.0,189
3.0,0.35,50.0,0.0,0.0,0.0,0.0,0.0,0.0,0.0,1.0,0.0,1185732.0,1.0,0.0,0.0,0.0,0.0,1.0,0.0,9.0,9.0,1.0,2021.0,725
29.0,0.4,40.0,0.0,0.0,0.0,1.0,0.0,0.0,0.0,1.0,0.0,1185732.0,0.0,0.0,0.0,0.0,0.0,1.0,0.0,16.0,21.0,7.0,2021.0,225
44.0,0.48,64.0,0.0,0.0,0.0,0.0,1.0,0.0,0.0,1.0,0.0,1128299.0,0.0,0.0,1.0,0.0,0.0,1.0,0.0,45.0,23.0,12.0,2021.0,154
44.0,0.47,38.0,0.0,1.0,0.0,0.0,0.0,0.0,0.0,1.0,0.0,1128299.0,1.0,0.0,0.0,0.0,0.0,1.0,0.0,45.0,23.0,3.0,2021.0,143
10.0,0.65,66.0,0.0,0.0,1.0,0.0,0.0,0.0,0.0,1.0,0.0,1185732.0,1.0,0.0,0.0,0.0,0.0,1.0,0.0,39.0,5.0,7.0,2021.0,244
29.0,0.35,45.0,0.0,0.0,0.0,0.0,0.0,0.0,0.0,1.0,0.0,1185732.0,0.0,0.0,0.0,0.0,0.0,1.0,0.0,16.0,23.0,9.0,2021.0,200
39.0,0.37,68.0,0.0,1.0,0.0,0.0,0.0,0.0,0.0,1.0,0.0,1128299.0,0.0,0.0,0.0,1.0,0.0,0.0,1.0,8.0,16.0,7.0,2021.0,297
3.0,0.5,51.0,1.0,0.0,0.0,0.0,0.0,0.0,0.0,1.0,0.0,1128299.0,0.0,0.0,1.0,0.0,0.0,1.0,0.0,9.0,13.0,4.0,2021.0,88
3.0,0.47,51.0,0.0,0.0,0.0,0.0,0.0,0.0,0.0,1.0,0.0,1128299.0,0.0,0.0,1.0,0.0,0.0,1.0,0.0,9.0,12.0,3.0,2021.0,39
29.0,0.45999999999999996,46.0,0.0,0.0,0.0,0.0,0.0,0.0,0.0,1.0,0.0,1185732.0,0.0,0.0,0.0,0.0,0.0,1.0,0.0,16.0,21.0,7.0,2021.0,75
10.0,0.44999999999999996,58.0,1.0,0.0,0.0,0.0,0.0,0.0,0.0,1.0,0.0,1185732.0,1.0,0.0,0.0,0.0,0.0,1.0,0.0,39.0,5.0,12.0,2021.0,219
39.0,0.3,65.0,0.0,0.0,0.0,0.0,1.0,0.0,0.0,1.0,0.0,1128299.0,0.0,0.0,0.0,1.0,0.0,0.0,1.0,8.0,18.0,5.0,2021.0,425
10.0,0.5,40.0,0.0,0.0,1.0,0.0,0.0,0.0,0.0,1.0,0.0,1185732.0,1.0,0.0,0.0,0.0,0.0,1.0,0.0,39.0,6.0,4.0,2021.0,775
31.0,0.3,35.0,1.0,0.0,0.0,0.0,0.0,0.0,0.0,1.0,0.0,1185732.0,1.0,0.0,0.0,0.0,0.0,0.0,0.0,8.0,18.0,10.0,2020.0,250
31.0,0.25,50.000000000000014,0.0,0.0,0.0,0.0,1.0,0.0,0.0,1.0,0.0,1185732.0,0.0,0.0,1.0,0.0,0.0,0.0,0.0,8.0,7.0,10.0,2020.0,745
44.0,0.44999999999999996,74.0,1.0,0.0,0.0,0.0,0.0,0.0,0.0,1.0,0.0,1128299.0,1.0,0.0,0.0,0.0,0.0,1.0,0.0,45.0,23.0,12.0,2021.0,225
3.0,0.46,34.0,0.0,1.0,0.0,0.0,0.0,0.0,0.0,1.0,0.0,1128299.0,0.0,0.0,1.0,0.0,0.0,0.0,1.0,9.0,13.0,10.0,2021.0,173
31.0,0.35,55.00000000000001,1.0,0.0,0.0,0.0,0.0,0.0,0.0,1.0,0.0,1185732.0,0.0,0.0,0.0,0.0,1.0,0.0,0.0,8.0,24.0,4.0,2020.0,825
29.0,0.4,45.0,0.0,0.0,0.0,0.0,1.0,0.0,0.0,1.0,0.0,1185732.0,0.0,0.0,0.0,0.0,0.0,1.0,0.0,16.0,22.0,10.0,2021.0,175
3.0,0.52,53.0,0.0,0.0,0.0,1.0,0.0,0.0,0.0,1.0,0.0,1128299.0,0.0,0.0,1.0,0.0,0.0,1.0,0.0,9.0,13.0,8.0,2021.0,113
31.0,0.5,65.0,0.0,0.0,1.0,0.0,0.0,0.0,0.0,1.0,0.0,1185732.0,0.0,0.0,0.0,0.0,1.0,0.0,0.0,8.0,24.0,4.0,2020.0,825
39.0,0.32,89.0,0.0,0.0,0.0,0.0,0.0,0.0,0.0,1.0,0.0,1128299.0,0.0,0.0,0.0,1.0,0.0,1.0,0.0,8.0,16.0,7.0,2021.0,195
11.0,0.54,28.0,0.0,1.0,0.0,0.0,0.0,0.0,0.0,1.0,0.0,1185732.0,0.0,0.0,1.0,0.0,0.0,1.0,0.0,32.0,2.0,3.0,2021.0,276
39.0,0.2,90.00000000000001,0.0,0.0,0.0,0.0,0.0,0.0,0.0,1.0,0.0,1128299.0,0.0,0.0,0.0,0.0,1.0,0.0,0.0,8.0,16.0,12.0,2021.0,525
3.0,0.4,55.00000000000001,1.0,0.0,0.0,0.0,0.0,0.0,0.0,1.0,0.0,1128299.0,0.0,0.0,1.0,0.0,0.0,1.0,0.0,9.0,12.0,7.0,2021.0,575
39.0,0.3,60.0,0.0,0.0,0.0,1.0,0.0,0.0,0.0,1.0,0.0,1128299.0,0.0,0.0,0.0,1.0,0.0,0.0,1.0,8.0,18.0,5.0,2021.0,325
44.0,0.49,72.0,0.0,0.0,0.0,1.0,0.0,0.0,0.0,1.0,0.0,1128299.0,1.0,0.0,0.0,0.0,0.0,1.0,0.0,45.0,24.0,6.0,2021.0,142
3.0,0.47,42.0,0.0,0.0,0.0,0.0,1.0,0.0,0.0,1.0,0.0,1128299.0,0.0,0.0,1.0,0.0,0.0,1.0,0.0,9.0,14.0,9.0,2021.0,135
29.0,0.47,48.0,0.0,0.0,0.0,0.0,0.0,0.0,0.0,1.0,0.0,1185732.0,0.0,0.0,0.0,0.0,0.0,1.0,0.0,16.0,22.0,2.0,2021.0,54
11.0,0.4,30.0,0.0,0.0,0.0,1.0,0.0,0.0,0.0,1.0,0.0,1185732.0,0.0,0.0,0.0,0.0,0.0,1.0,0.0,32.0,13.0,1.0,2021.0,425
39.0,0.22,47.0,0.0,0.0,0.0,0.0,0.0,0.0,0.0,1.0,0.0,1128299.0,0.0,0.0,0.0,1.0,0.0,0.0,1.0,8.0,17.0,10.0,2021.0,116
10.0,0.35,50.0,0.0,0.0,0.0,0.0,0.0,0.0,0.0,1.0,0.0,1185732.0,1.0,0.0,0.0,0.0,0.0,1.0,0.0,39.0,7.0,2.0,2021.0,700
44.0,0.5,38.0,0.0,0.0,0.0,1.0,0.0,0.0,0.0,1.0,0.0,1128299.0,1.0,0.0,0.0,0.0,0.0,1.0,0.0,45.0,24.0,2.0,2021.0,58
11.0,0.54,38.0,0.0,0.0,0.0,0.0,1.0,0.0,0.0,1.0,0.0,1185732.0,0.0,0.0,1.0,0.0,0.0,1.0,0.0,32.0,3.0,11.0,2021.0,167
10.0,0.5,53.0,0.0,0.0,0.0,0.0,0.0,0.0,0.0,1.0,0.0,1185732.0,1.0,0.0,0.0,0.0,0.0,1.0,0.0,39.0,5.0,5.0,2021.0,196
10.0,0.44999999999999996,62.0,0.0,0.0,0.0,0.0,0.0,0.0,0.0,1.0,0.0,1185732.0,1.0,0.0,0.0,0.0,0.0,1.0,0.0,39.0,7.0,6.0,2021.0,195
31.0,0.44,38.0,0.0,0.0,0.0,1.0,0.0,0.0,0.0,1.0,0.0,1185732.0,0.0,0.0,0.0,0.0,1.0,1.0,0.0,8.0,15.0,8.0,2020.0,169
3.0,0.47000000000000003,42.0,0.0,1.0,0.0,0.0,0.0,0.0,0.0,1.0,0.0,1128299.0,0.0,0.0,1.0,0.0,0.0,0.0,1.0,9.0,12.0,12.0,2021.0,209
39.0,0.32,52.0,0.0,0.0,0.0,0.0,0.0,0.0,0.0,1.0,0.0,1128299.0,0.0,0.0,1.0,0.0,0.0,1.0,0.0,8.0,17.0,2.0,2021.0,60
29.0,0.53,33.0,0.0,0.0,0.0,0.0,1.0,0.0,0.0,1.0,0.0,1185732.0,0.0,0.0,0.0,0.0,0.0,1.0,0.0,16.0,23.0,9.0,2021.0,65
39.0,0.35,45.0,1.0,0.0,0.0,0.0,0.0,0.0,0.0,1.0,0.0,1185732.0,0.0,0.0,0.0,0.0,1.0,0.0,0.0,8.0,12.0,1.0,2021.0,650
3.0,0.47,42.0,0.0,0.0,0.0,0.0,1.0,0.0,0.0,1.0,0.0,1128299.0,0.0,0.0,1.0,0.0,0.0,1.0,0.0,9.0,13.0,10.0,2021.0,105
29.0,0.51,39.0,0.0,0.0,1.0,0.0,0.0,0.0,0.0,1.0,0.0,1185732.0,0.0,0.0,0.0,0.0,0.0,1.0,0.0,16.0,22.0,2.0,2021.0,78
10.0,0.35,65.0,0.0,0.0,0.0,0.0,0.0,0.0,0.0,1.0,0.0,1185732.0,1.0,0.0,0.0,0.0,0.0,1.0,0.0,39.0,7.0,6.0,2021.0,750
11.0,0.5,33.0,1.0,0.0,0.0,0.0,0.0,0.0,0.0,1.0,0.0,1185732.0,0.0,0.0,0.0,0.0,0.0,1.0,0.0,32.0,11.0,2.0,2021.0,143
3.0,0.29,50.0,0.0,0.0,1.0,0.0,0.0,0.0,0.0,1.0,0.0,1128299.0,0.0,0.0,1.0,0.0,0.0,0.0,1.0,9.0,13.0,8.0,2021.0,128
31.0,0.45,60.0,0.0,1.0,0.0,0.0,0.0,0.0,0.0,1.0,0.0,1185732.0,0.0,0.0,0.0,0.0,1.0,0.0,0.0,8.0,24.0,4.0,2020.0,1075
44.0,0.35,55.000000000000014,1.0,0.0,0.0,0.0,0.0,0.0,0.0,1.0,0.0,1128299.0,1.0,0.0,0.0,0.0,0.0,0.0,0.0,45.0,24.0,10.0,2021.0,525
39.0,0.2,80.0,0.0,0.0,0.0,0.0,0.0,0.0,0.0,1.0,0.0,1128299.0,0.0,0.0,0.0,1.0,0.0,0.0,0.0,8.0,17.0,8.0,2021.0,475
39.0,0.41,78.0,0.0,0.0,0.0,1.0,0.0,0.0,0.0,1.0,0.0,1128299.0,0.0,0.0,0.0,0.0,1.0,1.0,0.0,8.0,16.0,12.0,2021.0,180
44.0,0.32999999999999996,60.0,0.0,0.0,1.0,0.0,0.0,0.0,0.0,1.0,0.0,1128299.0,1.0,0.0,0.0,0.0,0.0,0.0,1.0,45.0,24.0,11.0,2021.0,176
10.0,0.5,60.00000000000001,0.0,0.0,1.0,0.0,0.0,0.0,0.0,1.0,0.0,1185732.0,1.0,0.0,0.0,0.0,0.0,1.0,0.0,39.0,6.0,8.0,2021.0,925
31.0,0.49,61.0,0.0,0.0,0.0,0.0,0.0,0.0,0.0,1.0,0.0,1185732.0,0.0,0.0,0.0,0.0,1.0,1.0,0.0,8.0,15.0,9.0,2020.0,208
31.0,0.25,45.0,0.0,0.0,0.0,0.0,1.0,0.0,0.0,1.0,0.0,1185732.0,0.0,0.0,1.0,0.0,0.0,0.0,0.0,8.0,25.0,9.0,2020.0,750
39.0,0.6,54.0,0.0,0.0,1.0,0.0,0.0,0.0,0.0,1.0,0.0,1128299.0,0.0,0.0,1.0,0.0,0.0,1.0,0.0,8.0,16.0,3.0,2021.0,101
10.0,0.42,27.0,0.0,0.0,0.0,1.0,0.0,0.0,0.0,1.0,0.0,1185732.0,1.0,0.0,0.0,0.0,0.0,1.0,0.0,39.0,5.0,3.0,2021.0,144
3.0,0.37,36.0,0.0,0.0,0.0,0.0,0.0,0.0,0.0,1.0,0.0,1128299.0,0.0,0.0,1.0,0.0,0.0,0.0,1.0,9.0,14.0,9.0,2021.0,132
39.0,0.35,42.0,0.0,0.0,0.0,1.0,0.0,0.0,0.0,1.0,0.0,1128299.0,0.0,0.0,1.0,0.0,0.0,0.0,1.0,8.0,16.0,3.0,2021.0,114
39.0,0.41,66.0,0.0,0.0,0.0,0.0,1.0,0.0,0.0,1.0,0.0,1128299.0,0.0,0.0,0.0,1.0,0.0,1.0,0.0,8.0,17.0,4.0,2021.0,120
10.0,0.55,48.0,0.0,1.0,0.0,0.0,0.0,0.0,0.0,1.0,0.0,1185732.0,1.0,0.0,0.0,0.0,0.0,1.0,0.0,39.0,5.0,5.0,2021.0,282
31.0,0.25,55.00000000000001,0.0,0.0,0.0,0.0,1.0,0.0,0.0,1.0,0.0,1185732.0,0.0,0.0,1.0,0.0,0.0,0.0,0.0,8.0,24.0,5.0,2020.0,825
29.0,0.51,42.0,0.0,0.0,1.0,0.0,0.0,0.0,0.0,1.0,0.0,1185732.0,0.0,0.0,0.0,0.0,0.0,1.0,0.0,16.0,21.0,3.0,2021.0,65
29.0,0.45999999999999996,52.0,0.0,0.0,0.0,0.0,0.0,0.0,0.0,1.0,0.0,1185732.0,0.0,0.0,0.0,0.0,0.0,1.0,0.0,16.0,21.0,3.0,2021.0,44
44.0,0.4,70.0,0.0,0.0,0.0,0.0,0.0,0.0,0.0,1.0,0.0,1128299.0,1.0,0.0,0.0,0.0,0.0,0.0,0.0,45.0,24.0,8.0,2021.0,425
39.0,0.35,66.0,1.0,0.0,0.0,0.0,0.0,0.0,0.0,1.0,0.0,1128299.0,0.0,0.0,0.0,1.0,0.0,1.0,0.0,8.0,17.0,4.0,2021.0,98
29.0,0.5,42.0,1.0,0.0,0.0,0.0,0.0,0.0,0.0,1.0,0.0,1185732.0,0.0,0.0,0.0,0.0,0.0,1.0,0.0,16.0,23.0,5.0,2021.0,68
44.0,0.35,80.0,0.0,0.0,0.0,0.0,1.0,0.0,0.0,1.0,0.0,1128299.0,1.0,0.0,0.0,0.0,0.0,0.0,0.0,45.0,24.0,6.0,2021.0,650
39.0,0.26,64.0,0.0,0.0,0.0,0.0,0.0,0.0,0.0,1.0,0.0,1128299.0,0.0,0.0,0.0,0.0,1.0,0.0,1.0,8.0,16.0,12.0,2021.0,179
3.0,0.35,55.00000000000001,0.0,0.0,0.0,0.0,1.0,0.0,0.0,1.0,0.0,1128299.0,0.0,0.0,1.0,0.0,0.0,1.0,0.0,9.0,14.0,5.0,2021.0,425
10.0,0.4,30.0,0.0,0.0,0.0,1.0,0.0,0.0,0.0,1.0,0.0,1185732.0,0.0,0.0,1.0,0.0,0.0,1.0,0.0,39.0,6.0,1.0,2021.0,575
3.0,0.38999999999999996,42.0,0.0,0.0,0.0,0.0,0.0,0.0,0.0,1.0,0.0,1128299.0,0.0,0.0,1.0,0.0,0.0,0.0,1.0,9.0,13.0,6.0,2021.0,94
31.0,0.65,41.0,0.0,0.0,1.0,0.0,0.0,0.0,0.0,1.0,0.0,1185732.0,1.0,0.0,0.0,0.0,0.0,1.0,0.0,8.0,17.0,8.0,2020.0,221
11.0,0.47,42.0,0.0,0.0,0.0,0.0,0.0,0.0,0.0,1.0,0.0,1185732.0,0.0,0.0,1.0,0.0,0.0,1.0,0.0,32.0,4.0,10.0,2021.0,149
31.0,0.44999999999999996,47.0,1.0,0.0,0.0,0.0,0.0,0.0,0.0,1.0,0.0,1185732.0,0.0,0.0,1.0,0.0,0.0,1.0,0.0,8.0,30.0,9.0,2020.0,215
31.0,0.6,44.0,0.0,0.0,1.0,0.0,0.0,0.0,0.0,1.0,0.0,1185732.0,0.0,0.0,0.0,0.0,1.0,1.0,0.0,8.0,24.0,4.0,2020.0,208
44.0,0.39999999999999997,35.0,1.0,0.0,0.0,0.0,0.0,0.0,0.0,1.0,0.0,1185732.0,0.0,0.0,1.0,0.0,0.0,0.0,0.0,45.0,17.0,2.0,2021.0,450
10.0,0.25,45.000000000000014,0.0,0.0,0.0,0.0,1.0,0.0,0.0,1.0,0.0,1185732.0,1.0,0.0,0.0,0.0,0.0,1.0,0.0,39.0,6.0,11.0,2021.0,695
29.0,0.35,50.0,0.0,0.0,0.0,0.0,0.0,0.0,0.0,1.0,0.0,1185732.0,0.0,0.0,0.0,0.0,0.0,1.0,0.0,16.0,22.0,8.0,2021.0,225
39.0,0.3,50.0,0.0,1.0,0.0,0.0,0.0,0.0,0.0,1.0,0.0,1128299.0,0.0,0.0,0.0,1.0,0.0,0.0,0.0,8.0,17.0,10.0,2021.0,400
44.0,0.39999999999999997,37.0,0.0,0.0,0.0,1.0,0.0,0.0,0.0,1.0,0.0,1128299.0,1.0,0.0,0.0,0.0,0.0,0.0,1.0,45.0,25.0,9.0,2021.0,70
3.0,0.45,38.0,0.0,0.0,0.0,1.0,0.0,0.0,0.0,1.0,0.0,1128299.0,0.0,0.0,1.0,0.0,0.0,0.0,1.0,9.0,12.0,3.0,2021.0,78
31.0,0.64,42.0,0.0,0.0,1.0,0.0,0.0,0.0,0.0,1.0,0.0,1185732.0,1.0,0.0,0.0,0.0,0.0,1.0,0.0,8.0,23.0,8.0,2020.0,225
44.0,0.35,54.99999999999999,0.0,1.0,0.0,0.0,0.0,0.0,0.0,1.0,0.0,1128299.0,1.0,0.0,0.0,0.0,0.0,0.0,0.0,45.0,24.0,6.0,2021.0,775
44.0,0.37,60.0,0.0,1.0,0.0,0.0,0.0,0.0,0.0,1.0,0.0,1128299.0,1.0,0.0,0.0,0.0,0.0,0.0,1.0,45.0,23.0,7.0,2021.0,272
3.0,0.46,39.0,0.0,1.0,0.0,0.0,0.0,0.0,0.0,1.0,0.0,1128299.0,0.0,0.0,1.0,0.0,0.0,0.0,1.0,9.0,13.0,8.0,2021.0,209
29.0,0.55,47.0,0.0,1.0,0.0,0.0,0.0,0.0,0.0,1.0,0.0,1185732.0,0.0,0.0,0.0,0.0,0.0,1.0,0.0,16.0,21.0,7.0,2021.0,168
3.0,0.29,46.0,0.0,0.0,1.0,0.0,0.0,0.0,0.0,1.0,0.0,1128299.0,0.0,0.0,1.0,0.0,0.0,0.0,1.0,9.0,13.0,11.0,2021.0,157
29.0,0.4,45.0,0.0,0.0,0.0,1.0,0.0,0.0,0.0,1.0,0.0,1185732.0,0.0,0.0,0.0,0.0,0.0,1.0,0.0,16.0,22.0,4.0,2021.0,100
39.0,0.24000000000000002,63.0,0.0,0.0,0.0,0.0,0.0,0.0,0.0,1.0,0.0,1128299.0,0.0,0.0,0.0,1.0,0.0,0.0,1.0,8.0,17.0,8.0,2021.0,166
31.0,0.35,55.00000000000001,1.0,0.0,0.0,0.0,0.0,0.0,0.0,1.0,0.0,1185732.0,0.0,0.0,0.0,0.0,1.0,0.0,0.0,8.0,24.0,4.0,2020.0,775
44.0,0.42000000000000004,59.0,0.0,0.0,0.0,0.0,0.0,0.0,0.0,1.0,0.0,1128299.0,0.0,0.0,1.0,0.0,0.0,0.0,1.0,45.0,23.0,12.0,2021.0,157
11.0,0.35,60.00000000000001,1.0,0.0,0.0,0.0,0.0,0.0,0.0,1.0,0.0,1185732.0,0.0,0.0,1.0,0.0,0.0,1.0,0.0,32.0,3.0,8.0,2021.0,800
29.0,0.5,36.0,0.0,0.0,1.0,0.0,0.0,0.0,0.0,1.0,0.0,1185732.0,0.0,0.0,0.0,0.0,0.0,1.0,0.0,16.0,22.0,4.0,2021.0,75
3.0,0.35,65.0,0.0,0.0,0.0,0.0,0.0,0.0,0.0,1.0,0.0,1128299.0,1.0,0.0,0.0,0.0,0.0,1.0,0.0,9.0,12.0,12.0,2021.0,400
31.0,0.43,49.0,0.0,0.0,0.0,1.0,0.0,0.0,0.0,1.0,0.0,1185732.0,0.0,0.0,0.0,0.0,1.0,1.0,0.0,8.0,24.0,4.0,2020.0,175
11.0,0.4,45.00000000000001,0.0,1.0,0.0,0.0,0.0,0.0,0.0,1.0,0.0,1185732.0,0.0,0.0,1.0,0.0,0.0,1.0,0.0,32.0,3.0,11.0,2021.0,825
44.0,0.42,32.0,0.0,0.0,0.0,1.0,0.0,0.0,0.0,1.0,0.0,1128299.0,1.0,0.0,0.0,0.0,0.0,0.0,1.0,45.0,24.0,4.0,2021.0,68
44.0,0.3,25.0,0.0,0.0,0.0,0.0,1.0,0.0,0.0,1.0,0.0,1185732.0,0.0,0.0,1.0,0.0,0.0,0.0,0.0,45.0,19.0,1.0,2021.0,550
3.0,0.46,37.0,0.0,1.0,0.0,0.0,0.0,0.0,0.0,1.0,0.0,1128299.0,0.0,0.0,1.0,0.0,0.0,0.0,1.0,9.0,14.0,5.0,2021.0,187
29.0,0.4,55.00000000000001,0.0,0.0,1.0,0.0,0.0,0.0,0.0,1.0,0.0,1185732.0,0.0,0.0,0.0,0.0,0.0,1.0,0.0,16.0,22.0,8.0,2021.0,400
39.0,0.25,35.0,0.0,0.0,0.0,0.0,1.0,0.0,0.0,1.0,0.0,1185732.0,0.0,0.0,0.0,0.0,1.0,0.0,0.0,8.0,10.0,2.0,2021.0,600
44.0,0.47,28.0,1.0,0.0,0.0,0.0,0.0,0.0,0.0,1.0,0.0,1185732.0,0.0,0.0,1.0,0.0,0.0,0.0,1.0,45.0,19.0,1.0,2021.0,187
3.0,0.52,36.0,0.0,0.0,0.0,1.0,0.0,0.0,0.0,1.0,0.0,1128299.0,0.0,0.0,1.0,0.0,0.0,1.0,0.0,9.0,13.0,2.0,2021.0,63
44.0,0.52,43.0,0.0,0.0,0.0,0.0,0.0,0.0,0.0,1.0,0.0,1185732.0,0.0,0.0,1.0,0.0,0.0,1.0,0.0,45.0,19.0,1.0,2021.0,122
44.0,0.47,47.0,0.0,0.0,0.0,0.0,1.0,0.0,0.0,1.0,0.0,1128299.0,1.0,0.0,0.0,0.0,0.0,1.0,0.0,45.0,25.0,9.0,2021.0,65
29.0,0.35,50.0,0.0,0.0,0.0,0.0,0.0,0.0,0.0,1.0,0.0,1185732.0,0.0,0.0,0.0,0.0,0.0,1.0,0.0,16.0,21.0,7.0,2021.0,250
11.0,0.35,35.00000000000001,1.0,0.0,0.0,0.0,0.0,0.0,0.0,1.0,0.0,1185732.0,0.0,0.0,1.0,0.0,0.0,1.0,0.0,32.0,4.0,10.0,2021.0,700
29.0,0.4,20.000000000000007,0.0,0.0,0.0,0.0,1.0,0.0,0.0,1.0,0.0,1185732.0,1.0,0.0,0.0,0.0,0.0,1.0,0.0,16.0,20.0,1.0,2021.0,525
44.0,0.35,50.000000000000014,1.0,0.0,0.0,0.0,0.0,0.0,0.0,1.0,0.0,1128299.0,1.0,0.0,0.0,0.0,0.0,0.0,0.0,45.0,24.0,11.0,2021.0,650
44.0,0.47,60.0,0.0,1.0,0.0,0.0,0.0,0.0,0.0,1.0,0.0,1128299.0,1.0,0.0,0.0,0.0,0.0,1.0,0.0,45.0,23.0,12.0,2021.0,225
39.0,0.47000000000000003,48.0,0.0,0.0,1.0,0.0,0.0,0.0,0.0,1.0,0.0,1128299.0,0.0,0.0,1.0,0.0,0.0,0.0,1.0,8.0,16.0,3.0,2021.0,131
3.0,0.49,49.0,0.0,0.0,0.0,0.0,1.0,0.0,0.0,1.0,0.0,1128299.0,0.0,0.0,1.0,0.0,0.0,1.0,0.0,9.0,12.0,3.0,2021.0,113
3.0,0.43000000000000005,30.0,0.0,1.0,0.0,0.0,0.0,0.0,0.0,1.0,0.0,1128299.0,0.0,0.0,1.0,0.0,0.0,0.0,1.0,9.0,12.0,3.0,2021.0,163
29.0,0.55,59.0,0.0,1.0,0.0,0.0,0.0,0.0,0.0,1.0,0.0,1185732.0,1.0,0.0,0.0,0.0,0.0,1.0,0.0,16.0,21.0,12.0,2021.0,158
10.0,0.44999999999999996,59.0,0.0,0.0,0.0,1.0,0.0,0.0,0.0,1.0,0.0,1185732.0,0.0,0.0,1.0,0.0,0.0,1.0,0.0,39.0,5.0,12.0,2021.0,194
44.0,0.51,81.0,0.0,0.0,0.0,0.0,0.0,0.0,0.0,1.0,0.0,1128299.0,1.0,0.0,0.0,0.0,0.0,1.0,0.0,45.0,24.0,6.0,2021.0,104
10.0,0.3,55.000000000000014,0.0,0.0,0.0,1.0,0.0,0.0,0.0,1.0,0.0,1185732.0,1.0,0.0,0.0,0.0,0.0,1.0,0.0,39.0,6.0,11.0,2021.0,750
44.0,0.35,70.00000000000001,0.0,0.0,0.0,1.0,0.0,0.0,0.0,1.0,0.0,1128299.0,0.0,0.0,1.0,0.0,0.0,0.0,0.0,45.0,23.0,12.0,2021.0,550
31.0,0.44999999999999996,55.0,1.0,0.0,0.0,0.0,0.0,0.0,0.0,1.0,0.0,1185732.0,0.0,0.0,0.0,0.0,1.0,1.0,0.0,8.0,18.0,9.0,2020.0,252
3.0,0.38999999999999996,35.0,0.0,0.0,0.0,0.0,0.0,0.0,0.0,1.0,0.0,1185732.0,1.0,0.0,0.0,0.0,0.0,0.0,1.0,9.0,9.0,1.0,2021.0,247
3.0,0.48,31.0,0.0,1.0,0.0,0.0,0.0,0.0,0.0,1.0,0.0,1185732.0,1.0,0.0,0.0,0.0,0.0,0.0,1.0,9.0,7.0,2.0,2021.0,376
44.0,0.35,50.0,1.0,0.0,0.0,0.0,0.0,0.0,0.0,1.0,0.0,1128299.0,1.0,0.0,0.0,0.0,0.0,0.0,0.0,45.0,23.0,3.0,2021.0,325
11.0,0.53,37.0,0.0,0.0,0.0,0.0,1.0,0.0,0.0,1.0,0.0,1185732.0,0.0,0.0,1.0,0.0,0.0,1.0,0.0,32.0,2.0,5.0,2021.0,169
3.0,0.35,55.00000000000001,0.0,0.0,0.0,0.0,0.0,0.0,0.0,1.0,0.0,1128299.0,0.0,0.0,1.0,0.0,0.0,1.0,0.0,9.0,13.0,10.0,2021.0,300
44.0,0.35,55.000000000000014,1.0,0.0,0.0,0.0,0.0,0.0,0.0,1.0,0.0,1128299.0,1.0,0.0,0.0,0.0,0.0,0.0,0.0,45.0,25.0,9.0,2021.0,450
29.0,0.48,27.0,1.0,0.0,0.0,0.0,0.0,0.0,0.0,1.0,0.0,1185732.0,1.0,0.0,0.0,0.0,0.0,1.0,0.0,16.0,18.0,2.0,2021.0,106
44.0,0.35,50.000000000000014,0.0,0.0,0.0,0.0,1.0,0.0,0.0,1.0,0.0,1128299.0,1.0,0.0,0.0,0.0,0.0,0.0,0.0,45.0,24.0,10.0,2021.0,350
3.0,0.54,58.0,1.0,0.0,0.0,0.0,0.0,0.0,0.0,1.0,0.0,1128299.0,0.0,0.0,1.0,0.0,0.0,1.0,0.0,9.0,13.0,11.0,2021.0,173
44.0,0.37,37.0,0.0,0.0,0.0,0.0,1.0,0.0,0.0,1.0,0.0,1128299.0,1.0,0.0,0.0,0.0,0.0,0.0,1.0,45.0,25.0,5.0,2021.0,109
39.0,0.2,65.0,0.0,0.0,0.0,0.0,0.0,0.0,0.0,1.0,0.0,1128299.0,0.0,0.0,0.0,1.0,0.0,0.0,0.0,8.0,17.0,10.0,2021.0,350
39.0,0.31,74.0,0.0,0.0,0.0,0.0,0.0,0.0,0.0,1.0,0.0,1128299.0,0.0,0.0,0.0,1.0,0.0,1.0,0.0,8.0,17.0,8.0,2021.0,143
10.0,0.42,43.0,0.0,0.0,0.0,1.0,0.0,0.0,0.0,1.0,0.0,1185732.0,1.0,0.0,0.0,0.0,0.0,1.0,0.0,39.0,5.0,5.0,2021.0,182
44.0,0.41,45.0,1.0,0.0,0.0,0.0,0.0,0.0,0.0,1.0,0.0,1128299.0,1.0,0.0,0.0,0.0,0.0,0.0,1.0,45.0,24.0,6.0,2021.0,221
3.0,0.4,55.00000000000001,0.0,0.0,0.0,1.0,0.0,0.0,0.0,1.0,0.0,1128299.0,0.0,0.0,1.0,0.0,0.0,1.0,0.0,9.0,13.0,8.0,2021.0,450
10.0,0.49,54.0,1.0,0.0,0.0,0.0,0.0,0.0,0.0,1.0,0.0,1185732.0,1.0,0.0,0.0,0.0,0.0,1.0,0.0,39.0,6.0,8.0,2021.0,243
10.0,0.56,51.0,0.0,1.0,0.0,0.0,0.0,0.0,0.0,1.0,0.0,1185732.0,1.0,0.0,0.0,0.0,0.0,1.0,0.0,39.0,7.0,6.0,2021.0,273
39.0,0.47,44.0,1.0,0.0,0.0,0.0,0.0,0.0,0.0,1.0,0.0,1185732.0,0.0,0.0,0.0,0.0,1.0,1.0,0.0,8.0,12.0,1.0,2021.0,189
3.0,0.35,55.00000000000001,0.0,0.0,0.0,0.0,1.0,0.0,0.0,1.0,0.0,1128299.0,0.0,0.0,1.0,0.0,0.0,1.0,0.0,9.0,13.0,8.0,2021.0,500
29.0,0.4,45.0,0.0,1.0,0.0,0.0,0.0,0.0,0.0,1.0,0.0,1185732.0,0.0,0.0,0.0,0.0,0.0,1.0,0.0,16.0,21.0,3.0,2021.0,520
29.0,0.55,38.0,0.0,0.0,0.0,0.0,1.0,0.0,0.0,1.0,0.0,1185732.0,0.0,0.0,0.0,0.0,0.0,1.0,0.0,16.0,22.0,4.0,2021.0,49
39.0,0.55,35.0,0.0,0.0,1.0,0.0,0.0,0.0,0.0,1.0,0.0,1185732.0,0.0,0.0,0.0,0.0,1.0,0.0,1.0,8.0,12.0,1.0,2021.0,221
39.0,0.25,85.00000000000001,1.0,0.0,0.0,0.0,0.0,0.0,0.0,1.0,0.0,1128299.0,0.0,0.0,0.0,1.0,0.0,0.0,0.0,8.0,16.0,12.0,2021.0,800
44.0,0.4,96.0,0.0,0.0,1.0,0.0,0.0,0.0,0.0,1.0,0.0,1128299.0,1.0,0.0,0.0,0.0,0.0,1.0,0.0,45.0,23.0,7.0,2021.0,180
39.0,0.4,52.0,0.0,1.0,0.0,0.0,0.0,0.0,0.0,1.0,0.0,1128299.0,0.0,0.0,0.0,1.0,0.0,1.0,0.0,8.0,17.0,11.0,2021.0,169
39.0,0.43,58.0,0.0,1.0,0.0,0.0,0.0,0.0,0.0,1.0,0.0,1128299.0,0.0,0.0,0.0,1.0,0.0,1.0,0.0,8.0,18.0,5.0,2021.0,155
10.0,0.45999999999999996,51.0,0.0,0.0,0.0,0.0,0.0,0.0,0.0,1.0,0.0,1185732.0,1.0,0.0,0.0,0.0,0.0,1.0,0.0,39.0,6.0,8.0,2021.0,225
44.0,0.36,35.0,0.0,0.0,1.0,0.0,0.0,0.0,0.0,1.0,0.0,1128299.0,1.0,0.0,0.0,0.0,0.0,0.0,1.0,45.0,23.0,3.0,2021.0,102
3.0,0.25,70.0,0.0,0.0,1.0,0.0,0.0,0.0,0.0,1.0,0.0,1128299.0,0.0,0.0,1.0,0.0,0.0,1.0,0.0,9.0,13.0,11.0,2021.0,475
39.0,0.41,31.0,1.0,0.0,0.0,0.0,0.0,0.0,0.0,1.0,0.0,1185732.0,0.0,0.0,0.0,0.0,1.0,0.0,1.0,8.0,10.0,2.0,2021.0,165
44.0,0.49,45.0,0.0,0.0,0.0,1.0,0.0,0.0,0.0,1.0,0.0,1128299.0,1.0,0.0,0.0,0.0,0.0,1.0,0.0,45.0,25.0,9.0,2021.0,54
3.0,0.4,50.000000000000014,1.0,0.0,0.0,0.0,0.0,0.0,0.0,1.0,0.0,1128299.0,0.0,0.0,1.0,0.0,0.0,1.0,0.0,9.0,13.0,10.0,2021.0,525
29.0,0.49,33.0,1.0,0.0,0.0,0.0,0.0,0.0,0.0,1.0,0.0,1185732.0,0.0,0.0,0.0,0.0,0.0,1.0,0.0,16.0,22.0,6.0,2021.0,77
3.0,0.51,51.0,1.0,0.0,0.0,0.0,0.0,0.0,0.0,1.0,0.0,1128299.0,0.0,0.0,1.0,0.0,0.0,1.0,0.0,9.0,12.0,7.0,2021.0,173
11.0,0.35,50.000000000000014,1.0,0.0,0.0,0.0,0.0,0.0,0.0,1.0,0.0,1185732.0,0.0,0.0,1.0,0.0,0.0,1.0,0.0,32.0,2.0,9.0,2021.0,725
44.0,0.3,40.0,0.0,0.0,1.0,0.0,0.0,0.0,0.0,1.0,0.0,1128299.0,1.0,0.0,0.0,0.0,0.0,0.0,0.0,45.0,24.0,2.0,2021.0,325
44.0,0.35,54.99999999999999,0.0,0.0,0.0,0.0,1.0,0.0,0.0,1.0,0.0,1128299.0,1.0,0.0,0.0,0.0,0.0,0.0,0.0,45.0,23.0,3.0,2021.0,350
31.0,0.35,45.0,1.0,0.0,0.0,0.0,0.0,0.0,0.0,1.0,0.0,1185732.0,1.0,0.0,0.0,0.0,0.0,0.0,0.0,8.0,19.0,8.0,2020.0,750
39.0,0.44999999999999996,61.0,0.0,1.0,0.0,0.0,0.0,0.0,0.0,1.0,0.0,1128299.0,0.0,0.0,0.0,1.0,0.0,1.0,0.0,8.0,17.0,6.0,2021.0,223
11.0,0.45999999999999996,38.0,0.0,0.0,0.0,0.0,0.0,0.0,0.0,1.0,0.0,1185732.0,0.0,0.0,1.0,0.0,0.0,1.0,0.0,32.0,2.0,9.0,2021.0,156
11.0,0.4,60.00000000000002,0.0,0.0,0.0,1.0,0.0,0.0,0.0,1.0,0.0,1185732.0,0.0,0.0,1.0,0.0,0.0,1.0,0.0,32.0,3.0,11.0,2021.0,650
31.0,0.5,45.0,0.0,0.0,1.0,0.0,0.0,0.0,0.0,1.0,0.0,1185732.0,1.0,0.0,0.0,0.0,0.0,0.0,0.0,8.0,17.0,8.0,2020.0,850
10.0,0.5,70.0,0.0,0.0,1.0,0.0,0.0,0.0,0.0,1.0,0.0,1185732.0,1.0,0.0,0.0,0.0,0.0,1.0,0.0,39.0,5.0,7.0,2021.0,975
44.0,0.3,44.99999999999999,0.0,0.0,1.0,0.0,0.0,0.0,0.0,1.0,0.0,1128299.0,1.0,0.0,0.0,0.0,0.0,0.0,0.0,45.0,25.0,9.0,2021.0,250
44.0,0.44,56.0,0.0,0.0,0.0,0.0,0.0,0.0,0.0,1.0,0.0,1128299.0,1.0,0.0,0.0,0.0,0.0,0.0,1.0,45.0,24.0,11.0,2021.0,136
29.0,0.5,30.000000000000004,0.0,0.0,1.0,0.0,0.0,0.0,0.0,1.0,0.0,1185732.0,1.0,0.0,0.0,0.0,0.0,1.0,0.0,16.0,20.0,1.0,2021.0,525
39.0,0.37,39.0,0.0,1.0,0.0,0.0,0.0,0.0,0.0,1.0,0.0,1128299.0,0.0,0.0,0.0,1.0,0.0,0.0,1.0,8.0,17.0,10.0,2021.0,140
3.0,0.35,45.000000000000014,0.0,0.0,0.0,0.0,0.0,0.0,0.0,1.0,0.0,1128299.0,0.0,0.0,1.0,0.0,0.0,1.0,0.0,9.0,13.0,2.0,2021.0,175
3.0,0.29,28.0,0.0,0.0,1.0,0.0,0.0,0.0,0.0,1.0,0.0,1128299.0,0.0,0.0,1.0,0.0,0.0,0.0,1.0,9.0,13.0,2.0,2021.0,131
39.0,0.37,33.0,0.0,0.0,0.0,0.0,1.0,0.0,0.0,1.0,0.0,1185732.0,0.0,0.0,0.0,0.0,1.0,1.0,0.0,8.0,10.0,2.0,2021.0,174
3.0,0.53,58.0,1.0,0.0,0.0,0.0,0.0,0.0,0.0,1.0,0.0,1128299.0,0.0,0.0,1.0,0.0,0.0,1.0,0.0,9.0,12.0,12.0,2021.0,189
10.0,0.44999999999999996,44.0,1.0,0.0,0.0,0.0,0.0,0.0,0.0,1.0,0.0,1185732.0,1.0,0.0,0.0,0.0,0.0,1.0,0.0,39.0,6.0,11.0,2021.0,188
10.0,0.35,43.0,0.0,0.0,0.0,0.0,1.0,0.0,0.0,1.0,0.0,1185732.0,1.0,0.0,0.0,0.0,0.0,1.0,0.0,39.0,6.0,11.0,2021.0,202
31.0,0.45,60.00000000000001,0.0,1.0,0.0,0.0,0.0,0.0,0.0,1.0,0.0,1185732.0,0.0,0.0,1.0,0.0,0.0,0.0,0.0,8.0,29.0,9.0,2020.0,1000
44.0,0.4,60.00000000000001,0.0,0.0,0.0,0.0,0.0,0.0,0.0,1.0,0.0,1128299.0,1.0,0.0,0.0,0.0,0.0,0.0,0.0,45.0,25.0,9.0,2021.0,225
29.0,0.49,47.0,0.0,0.0,0.0,0.0,0.0,0.0,0.0,1.0,0.0,1185732.0,0.0,0.0,0.0,0.0,0.0,1.0,0.0,16.0,22.0,4.0,2021.0,35
39.0,0.35,40.0,0.0,0.0,0.0,1.0,0.0,0.0,0.0,1.0,0.0,1128299.0,0.0,0.0,0.0,1.0,0.0,0.0,1.0,8.0,17.0,10.0,2021.0,120
11.0,0.44999999999999996,29.0,1.0,0.0,0.0,0.0,0.0,0.0,0.0,1.0,0.0,1185732.0,0.0,0.0,1.0,0.0,0.0,1.0,0.0,32.0,2.0,3.0,2021.0,150
3.0,0.45,40.0,0.0,0.0,0.0,1.0,0.0,0.0,0.0,1.0,0.0,1128299.0,0.0,0.0,1.0,0.0,0.0,0.0,1.0,9.0,13.0,4.0,2021.0,96
31.0,0.37,46.0,0.0,0.0,0.0,0.0,1.0,0.0,0.0,1.0,0.0,1185732.0,0.0,0.0,1.0,0.0,0.0,1.0,0.0,8.0,7.0,10.0,2020.0,224
11.0,0.62,27.0,0.0,0.0,1.0,0.0,0.0,0.0,0.0,1.0,0.0,1185732.0,0.0,0.0,1.0,0.0,0.0,1.0,0.0,32.0,2.0,3.0,2021.0,169
39.0,0.5700000000000001,101.0,0.0,0.0,1.0,0.0,0.0,0.0,0.0,1.0,0.0,1128299.0,0.0,0.0,0.0,1.0,0.0,1.0,0.0,8.0,16.0,7.0,2021.0,163
44.0,0.38,39.0,1.0,0.0,0.0,0.0,0.0,0.0,0.0,1.0,0.0,1128299.0,1.0,0.0,0.0,0.0,0.0,0.0,1.0,45.0,24.0,10.0,2021.0,173
10.0,0.42,52.0,0.0,0.0,0.0,1.0,0.0,0.0,0.0,1.0,0.0,1185732.0,1.0,0.0,0.0,0.0,0.0,1.0,0.0,39.0,5.0,7.0,2021.0,202
39.0,0.45,70.0,0.0,0.0,1.0,0.0,0.0,0.0,0.0,1.0,0.0,1128299.0,0.0,0.0,0.0,1.0,0.0,0.0,0.0,8.0,17.0,10.0,2021.0,400
39.0,0.27,58.0,0.0,0.0,0.0,0.0,0.0,0.0,0.0,1.0,0.0,1128299.0,0.0,0.0,0.0,1.0,0.0,0.0,1.0,8.0,17.0,11.0,2021.0,147
29.0,0.54,51.0,0.0,0.0,1.0,0.0,0.0,0.0,0.0,1.0,0.0,1185732.0,0.0,0.0,0.0,0.0,0.0,1.0,0.0,16.0,22.0,8.0,2021.0,120
31.0,0.6,64.0,0.0,0.0,1.0,0.0,0.0,0.0,0.0,1.0,0.0,1185732.0,0.0,0.0,1.0,0.0,0.0,1.0,0.0,8.0,10.0,10.0,2020.0,213
11.0,0.53,54.0,0.0,0.0,0.0,0.0,1.0,0.0,0.0,1.0,0.0,1185732.0,0.0,0.0,1.0,0.0,0.0,1.0,0.0,32.0,3.0,8.0,2021.0,210
39.0,0.45,85.0,0.0,0.0,1.0,0.0,0.0,0.0,0.0,1.0,0.0,1128299.0,0.0,0.0,0.0,1.0,0.0,0.0,0.0,8.0,17.0,8.0,2021.0,300
11.0,0.35,65.0,0.0,0.0,0.0,0.0,0.0,0.0,0.0,1.0,0.0,1185732.0,0.0,0.0,1.0,0.0,0.0,1.0,0.0,32.0,4.0,6.0,2021.0,650
29.0,0.4,30.000000000000004,0.0,0.0,0.0,0.0,1.0,0.0,0.0,1.0,0.0,1185732.0,0.0,0.0,0.0,0.0,0.0,1.0,0.0,16.0,22.0,6.0,2021.0,225
10.0,0.4,41.0,0.0,0.0,0.0,1.0,0.0,0.0,0.0,1.0,0.0,1185732.0,1.0,0.0,0.0,0.0,0.0,1.0,0.0,39.0,7.0,10.0,2021.0,176
3.0,0.45999999999999996,50.0,0.0,0.0,0.0,0.0,0.0,0.0,0.0,1.0,0.0,1128299.0,0.0,0.0,1.0,0.0,0.0,1.0,0.0,9.0,13.0,10.0,2021.0,90
44.0,0.41,44.0,1.0,0.0,0.0,0.0,0.0,0.0,0.0,1.0,0.0,1128299.0,1.0,0.0,0.0,0.0,0.0,0.0,1.0,45.0,24.0,4.0,2021.0,85
31.0,0.35,60.0,0.0,0.0,0.0,0.0,0.0,0.0,0.0,1.0,0.0,1185732.0,0.0,0.0,0.0,0.0,1.0,0.0,0.0,8.0,24.0,4.0,2020.0,725
11.0,0.5,60.00000000000001,0.0,0.0,1.0,0.0,0.0,0.0,0.0,1.0,0.0,1185732.0,0.0,0.0,1.0,0.0,0.0,1.0,0.0,32.0,3.0,8.0,2021.0,825
29.0,0.4,40.0,0.0,0.0,0.0,1.0,0.0,0.0,0.0,1.0,0.0,1185732.0,0.0,0.0,0.0,0.0,0.0,1.0,0.0,16.0,21.0,3.0,2021.0,100
3.0,0.35,45.000000000000014,0.0,0.0,0.0,0.0,1.0,0.0,0.0,1.0,0.0,1128299.0,0.0,0.0,1.0,0.0,0.0,1.0,0.0,9.0,14.0,9.0,2021.0,450
44.0,0.3,65.00000000000001,0.0,0.0,1.0,0.0,0.0,0.0,0.0,1.0,0.0,1128299.0,1.0,0.0,0.0,0.0,0.0,0.0,0.0,45.0,24.0,4.0,2021.0,300
44.0,0.37,53.0,0.0,0.0,0.0,0.0,1.0,0.0,0.0,1.0,0.0,1128299.0,1.0,0.0,0.0,0.0,0.0,0.0,1.0,45.0,24.0,8.0,2021.0,215
44.0,0.42,53.0,1.0,0.0,0.0,0.0,0.0,0.0,0.0,1.0,0.0,1128299.0,1.0,0.0,0.0,0.0,0.0,0.0,1.0,45.0,24.0,8.0,2021.0,240
3.0,0.41,41.0,0.0,0.0,0.0,0.0,1.0,0.0,0.0,1.0,0.0,1128299.0,0.0,0.0,1.0,0.0,0.0,0.0,1.0,9.0,12.0,7.0,2021.0,184
39.0,0.41,46.0,0.0,1.0,0.0,0.0,0.0,0.0,0.0,1.0,0.0,1128299.0,0.0,0.0,1.0,0.0,0.0,1.0,0.0,8.0,16.0,3.0,2021.0,160
11.0,0.53,61.0,0.0,1.0,0.0,0.0,0.0,0.0,0.0,1.0,0.0,1185732.0,0.0,0.0,1.0,0.0,0.0,1.0,0.0,32.0,3.0,8.0,2021.0,308
3.0,0.25,30.000000000000004,0.0,0.0,0.0,0.0,1.0,0.0,0.0,1.0,0.0,1185732.0,1.0,0.0,0.0,0.0,0.0,1.0,0.0,9.0,7.0,2.0,2021.0,775
39.0,0.45,54.99999999999999,0.0,0.0,1.0,0.0,0.0,0.0,0.0,1.0,0.0,1128299.0,0.0,0.0,0.0,1.0,0.0,0.0,0.0,8.0,18.0,9.0,2021.0,300
44.0,0.55,73.0,0.0,0.0,0.0,0.0,0.0,0.0,0.0,1.0,0.0,1128299.0,1.0,0.0,0.0,0.0,0.0,1.0,0.0,45.0,24.0,11.0,2021.0,111
39.0,0.28,74.0,1.0,0.0,0.0,0.0,0.0,0.0,0.0,1.0,0.0,1128299.0,0.0,0.0,0.0,1.0,0.0,0.0,1.0,8.0,16.0,7.0,2021.0,263
29.0,0.52,28.0,0.0,1.0,0.0,0.0,0.0,0.0,0.0,1.0,0.0,1185732.0,1.0,0.0,0.0,0.0,0.0,1.0,0.0,16.0,18.0,2.0,2021.0,225
11.0,0.55,44.0,0.0,1.0,0.0,0.0,0.0,0.0,0.0,1.0,0.0,1185732.0,0.0,0.0,1.0,0.0,0.0,1.0,0.0,32.0,3.0,11.0,2021.0,215
44.0,0.48,43.0,0.0,0.0,0.0,0.0,1.0,0.0,0.0,1.0,0.0,1128299.0,1.0,0.0,0.0,0.0,0.0,1.0,0.0,45.0,24.0,11.0,2021.0,138
3.0,0.47000000000000003,39.0,1.0,0.0,0.0,0.0,0.0,0.0,0.0,1.0,0.0,1128299.0,0.0,0.0,1.0,0.0,0.0,0.0,1.0,9.0,12.0,12.0,2021.0,223
29.0,0.35,30.000000000000004,1.0,0.0,0.0,0.0,0.0,0.0,0.0,1.0,0.0,1185732.0,1.0,0.0,0.0,0.0,0.0,1.0,0.0,16.0,18.0,2.0,2021.0,425
3.0,0.45,42.0,0.0,0.0,0.0,1.0,0.0,0.0,0.0,1.0,0.0,1128299.0,0.0,0.0,1.0,0.0,0.0,0.0,1.0,9.0,13.0,8.0,2021.0,149
39.0,0.5,57.0,0.0,0.0,1.0,0.0,0.0,0.0,0.0,1.0,0.0,1128299.0,0.0,0.0,0.0,1.0,0.0,0.0,1.0,8.0,17.0,4.0,2021.0,113
39.0,0.55,87.0,0.0,0.0,1.0,0.0,0.0,0.0,0.0,1.0,0.0,1128299.0,0.0,0.0,0.0,0.0,1.0,1.0,0.0,8.0,16.0,12.0,2021.0,156
11.0,0.5,23.0,0.0,0.0,0.0,0.0,1.0,0.0,0.0,1.0,0.0,1185732.0,0.0,0.0,0.0,0.0,0.0,1.0,0.0,32.0,11.0,2.0,2021.0,158
31.0,0.48,49.0,1.0,0.0,0.0,0.0,0.0,0.0,0.0,1.0,0.0,1185732.0,0.0,0.0,1.0,0.0,0.0,1.0,0.0,8.0,6.0,10.0,2020.0,224
39.0,0.35,55.00000000000001,0.0,0.0,0.0,0.0,0.0,0.0,0.0,1.0,0.0,1185732.0,0.0,0.0,0.0,0.0,1.0,0.0,0.0,8.0,12.0,1.0,2021.0,550
31.0,0.49,54.0,1.0,0.0,0.0,0.0,0.0,0.0,0.0,1.0,0.0,1185732.0,0.0,0.0,0.0,0.0,1.0,1.0,0.0,8.0,24.0,4.0,2020.0,206
31.0,0.43,42.0,0.0,0.0,0.0,1.0,0.0,0.0,0.0,1.0,0.0,1185732.0,0.0,0.0,1.0,0.0,0.0,1.0,0.0,8.0,26.0,9.0,2020.0,210
39.0,0.44,47.0,0.0,1.0,0.0,0.0,0.0,0.0,0.0,1.0,0.0,1128299.0,0.0,0.0,0.0,1.0,0.0,1.0,0.0,8.0,17.0,10.0,2021.0,100
44.0,0.38999999999999996,51.0,0.0,0.0,0.0,1.0,0.0,0.0,0.0,1.0,0.0,1128299.0,0.0,0.0,1.0,0.0,0.0,0.0,1.0,45.0,23.0,12.0,2021.0,176
44.0,0.41,43.0,0.0,0.0,0.0,0.0,1.0,0.0,0.0,1.0,0.0,1128299.0,1.0,0.0,0.0,0.0,0.0,0.0,1.0,45.0,23.0,3.0,2021.0,112
11.0,0.4,45.0,0.0,1.0,0.0,0.0,0.0,0.0,0.0,1.0,0.0,1185732.0,0.0,0.0,1.0,0.0,0.0,1.0,0.0,32.0,2.0,5.0,2021.0,945
44.0,0.3,60.0,0.0,0.0,1.0,0.0,0.0,0.0,0.0,1.0,0.0,1128299.0,1.0,0.0,0.0,0.0,0.0,0.0,0.0,45.0,25.0,5.0,2021.0,525
11.0,0.61,41.0,0.0,0.0,1.0,0.0,0.0,0.0,0.0,1.0,0.0,1185732.0,0.0,0.0,1.0,0.0,0.0,1.0,0.0,32.0,2.0,9.0,2021.0,203
11.0,0.4,60.00000000000001,0.0,0.0,0.0,1.0,0.0,0.0,0.0,1.0,0.0,1185732.0,0.0,0.0,0.0,0.0,0.0,1.0,0.0,32.0,2.0,12.0,2021.0,675
29.0,0.4,50.0,0.0,1.0,0.0,0.0,0.0,0.0,0.0,1.0,0.0,1185732.0,0.0,0.0,0.0,0.0,0.0,1.0,0.0,16.0,22.0,8.0,2021.0,575
10.0,0.65,34.0,0.0,0.0,1.0,0.0,0.0,0.0,0.0,1.0,0.0,1185732.0,1.0,0.0,0.0,0.0,0.0,1.0,0.0,39.0,7.0,2.0,2021.0,216
31.0,0.35,55.00000000000001,0.0,0.0,0.0,0.0,0.0,0.0,0.0,1.0,0.0,1185732.0,1.0,0.0,0.0,0.0,0.0,0.0,0.0,8.0,10.0,8.0,2020.0,750
44.0,0.37,31.0,0.0,0.0,0.0,1.0,0.0,0.0,0.0,1.0,0.0,1128299.0,1.0,0.0,0.0,0.0,0.0,0.0,1.0,45.0,24.0,10.0,2021.0,101
44.0,0.42000000000000004,43.0,0.0,0.0,0.0,0.0,0.0,0.0,0.0,1.0,0.0,1128299.0,1.0,0.0,0.0,0.0,0.0,0.0,1.0,45.0,23.0,3.0,2021.0,33
31.0,0.37,47.0,0.0,0.0,0.0,0.0,1.0,0.0,0.0,1.0,0.0,1185732.0,0.0,0.0,0.0,0.0,1.0,1.0,0.0,8.0,24.0,4.0,2020.0,188
44.0,0.45999999999999996,46.0,0.0,1.0,0.0,0.0,0.0,0.0,0.0,1.0,0.0,1128299.0,1.0,0.0,0.0,0.0,0.0,1.0,0.0,45.0,25.0,5.0,2021.0,125
44.0,0.35,90.0,0.0,0.0,0.0,0.0,1.0,0.0,0.0,1.0,0.0,1128299.0,1.0,0.0,0.0,0.0,0.0,0.0,0.0,45.0,23.0,7.0,2021.0,650
3.0,0.44,41.0,1.0,0.0,0.0,0.0,0.0,0.0,0.0,1.0,0.0,1128299.0,0.0,0.0,1.0,0.0,0.0,0.0,1.0,9.0,13.0,6.0,2021.0,163
3.0,0.38,67.0,0.0,0.0,1.0,0.0,0.0,0.0,0.0,1.0,0.0,1128299.0,0.0,0.0,1.0,0.0,0.0,1.0,0.0,9.0,12.0,7.0,2021.0,143
39.0,0.55,51.0,0.0,0.0,1.0,0.0,0.0,0.0,0.0,1.0,0.0,1128299.0,0.0,0.0,0.0,1.0,0.0,1.0,0.0,8.0,18.0,9.0,2021.0,75
39.0,0.2,65.0,0.0,0.0,0.0,0.0,0.0,0.0,0.0,1.0,0.0,1128299.0,0.0,0.0,1.0,0.0,0.0,0.0,1.0,8.0,16.0,3.0,2021.0,175
39.0,0.43,59.0,0.0,0.0,0.0,1.0,0.0,0.0,0.0,1.0,0.0,1128299.0,0.0,0.0,0.0,1.0,0.0,1.0,0.0,8.0,18.0,5.0,2021.0,88
3.0,0.35,55.00000000000001,0.0,0.0,0.0,0.0,1.0,0.0,0.0,1.0,0.0,1128299.0,0.0,0.0,1.0,0.0,0.0,1.0,0.0,9.0,13.0,6.0,2021.0,525
3.0,0.35,68.0,0.0,0.0,1.0,0.0,0.0,0.0,0.0,1.0,0.0,1128299.0,0.0,0.0,1.0,0.0,0.0,1.0,0.0,9.0,13.0,8.0,2021.0,119
11.0,0.4,25.000000000000007,0.0,0.0,0.0,0.0,1.0,0.0,0.0,1.0,0.0,1185732.0,0.0,0.0,0.0,0.0,0.0,1.0,0.0,32.0,13.0,1.0,2021.0,575
29.0,0.35,45.0,1.0,0.0,0.0,0.0,0.0,0.0,0.0,1.0,0.0,1185732.0,0.0,0.0,0.0,0.0,0.0,1.0,0.0,16.0,21.0,3.0,2021.0,225
44.0,0.39999999999999997,49.0,0.0,1.0,0.0,0.0,0.0,0.0,0.0,1.0,0.0,1128299.0,1.0,0.0,0.0,0.0,0.0,0.0,1.0,45.0,23.0,12.0,2021.0,248
29.0,0.5,53.0,0.0,0.0,1.0,0.0,0.0,0.0,0.0,1.0,0.0,1185732.0,0.0,0.0,0.0,0.0,0.0,1.0,0.0,16.0,22.0,10.0,2021.0,83
44.0,0.45,29.0,0.0,0.0,0.0,0.0,0.0,0.0,0.0,1.0,0.0,1128299.0,1.0,0.0,0.0,0.0,0.0,0.0,1.0,45.0,24.0,2.0,2021.0,39
39.0,0.4,75.0,0.0,0.0,0.0,0.0,1.0,0.0,0.0,1.0,0.0,1128299.0,0.0,0.0,0.0,0.0,1.0,1.0,0.0,8.0,16.0,12.0,2021.0,174
44.0,0.41,61.0,0.0,0.0,0.0,1.0,0.0,0.0,0.0,1.0,0.0,1128299.0,1.0,0.0,0.0,0.0,0.0,0.0,1.0,45.0,24.0,6.0,2021.0,184
3.0,0.46,35.0,0.0,0.0,0.0,1.0,0.0,0.0,0.0,1.0,0.0,1128299.0,0.0,0.0,1.0,0.0,0.0,0.0,1.0,9.0,14.0,9.0,2021.0,120
11.0,0.51,49.0,0.0,0.0,0.0,1.0,0.0,0.0,0.0,1.0,0.0,1185732.0,0.0,0.0,1.0,0.0,0.0,1.0,0.0,32.0,4.0,6.0,2021.0,169
31.0,0.5,57.0,0.0,0.0,0.0,0.0,0.0,0.0,0.0,1.0,0.0,1185732.0,0.0,0.0,1.0,0.0,0.0,1.0,0.0,8.0,3.0,10.0,2020.0,189
3.0,0.4,50.0,0.0,0.0,0.0,1.0,0.0,0.0,0.0,1.0,0.0,1128299.0,0.0,0.0,1.0,0.0,0.0,1.0,0.0,9.0,14.0,5.0,2021.0,325
3.0,0.52,47.0,0.0,0.0,0.0,1.0,0.0,0.0,0.0,1.0,0.0,1128299.0,0.0,0.0,1.0,0.0,0.0,1.0,0.0,9.0,12.0,3.0,2021.0,73
10.0,0.5800000000000001,51.0,0.0,1.0,0.0,0.0,0.0,0.0,0.0,1.0,0.0,1185732.0,1.0,0.0,0.0,0.0,0.0,1.0,0.0,39.0,5.0,9.0,2021.0,287
44.0,0.4,45.00000000000001,0.0,0.0,0.0,0.0,0.0,0.0,0.0,1.0,0.0,1128299.0,1.0,0.0,0.0,0.0,0.0,0.0,0.0,45.0,24.0,2.0,2021.0,125
10.0,0.36,47.0,0.0,0.0,0.0,0.0,1.0,0.0,0.0,1.0,0.0,1185732.0,1.0,0.0,0.0,0.0,0.0,1.0,0.0,39.0,7.0,6.0,2021.0,209
39.0,0.32,23.0,0.0,0.0,0.0,0.0,1.0,0.0,0.0,1.0,0.0,1185732.0,0.0,0.0,0.0,0.0,1.0,0.0,1.0,8.0,10.0,2.0,2021.0,204
29.0,0.35,65.0,0.0,0.0,0.0,0.0,0.0,0.0,0.0,1.0,0.0,1185732.0,1.0,0.0,0.0,0.0,0.0,1.0,0.0,16.0,22.0,11.0,2021.0,175
29.0,0.55,28.0,0.0,0.0,0.0,0.0,1.0,0.0,0.0,1.0,0.0,1185732.0,0.0,0.0,0.0,0.0,0.0,1.0,0.0,16.0,22.0,6.0,2021.0,56
44.0,0.4,50.000000000000014,0.0,0.0,0.0,0.0,0.0,0.0,0.0,1.0,0.0,1128299.0,1.0,0.0,0.0,0.0,0.0,0.0,0.0,45.0,24.0,4.0,2021.0,125
11.0,0.51,34.0,0.0,0.0,0.0,0.0,1.0,0.0,0.0,1.0,0.0,1185732.0,0.0,0.0,1.0,0.0,0.0,1.0,0.0,32.0,4.0,10.0,2021.0,150
31.0,0.35,32.0,0.0,0.0,0.0,0.0,1.0,0.0,0.0,1.0,0.0,1185732.0,1.0,0.0,0.0,0.0,0.0,1.0,0.0,8.0,20.0,8.0,2020.0,217
10.0,0.44999999999999996,33.0,0.0,0.0,0.0,1.0,0.0,0.0,0.0,1.0,0.0,1185732.0,1.0,0.0,0.0,0.0,0.0,1.0,0.0,39.0,7.0,2.0,2021.0,169
29.0,0.54,66.0,0.0,0.0,1.0,0.0,0.0,0.0,0.0,1.0,0.0,1185732.0,1.0,0.0,0.0,0.0,0.0,1.0,0.0,16.0,22.0,11.0,2021.0,80
11.0,0.35,49.99999999999999,0.0,0.0,0.0,0.0,0.0,0.0,0.0,1.0,0.0,1185732.0,0.0,0.0,1.0,0.0,0.0,1.0,0.0,32.0,2.0,5.0,2021.0,600
44.0,0.39999999999999997,53.0,0.0,0.0,0.0,0.0,1.0,0.0,0.0,1.0,0.0,1128299.0,0.0,0.0,1.0,0.0,0.0,0.0,1.0,45.0,23.0,12.0,2021.0,165
44.0,0.49,41.0,0.0,0.0,0.0,1.0,0.0,0.0,0.0,1.0,0.0,1128299.0,1.0,0.0,0.0,0.0,0.0,1.0,0.0,45.0,24.0,10.0,2021.0,98
11.0,0.5,30.0,0.0,0.0,1.0,0.0,0.0,0.0,0.0,1.0,0.0,1185732.0,0.0,0.0,1.0,0.0,0.0,1.0,0.0,32.0,2.0,3.0,2021.0,625
11.0,0.51,52.0,0.0,0.0,0.0,1.0,0.0,0.0,0.0,1.0,0.0,1185732.0,0.0,0.0,1.0,0.0,0.0,1.0,0.0,32.0,2.0,7.0,2021.0,203
10.0,0.35,45.000000000000014,1.0,0.0,0.0,0.0,0.0,0.0,0.0,1.0,0.0,1185732.0,1.0,0.0,0.0,0.0,0.0,1.0,0.0,39.0,7.0,10.0,2021.0,800
11.0,0.4,40.0,0.0,0.0,0.0,0.0,1.0,0.0,0.0,1.0,0.0,1185732.0,0.0,0.0,1.0,0.0,0.0,1.0,0.0,32.0,2.0,5.0,2021.0,625
44.0,0.5,67.0,0.0,0.0,0.0,1.0,0.0,0.0,0.0,1.0,0.0,1128299.0,0.0,0.0,1.0,0.0,0.0,1.0,0.0,45.0,23.0,12.0,2021.0,160
11.0,0.5,42.0,0.0,0.0,0.0,0.0,0.0,0.0,0.0,1.0,0.0,1185732.0,0.0,0.0,1.0,0.0,0.0,1.0,0.0,32.0,3.0,4.0,2021.0,131
10.0,0.47,49.0,0.0,0.0,0.0,0.0,0.0,0.0,0.0,1.0,0.0,1185732.0,1.0,0.0,0.0,0.0,0.0,1.0,0.0,39.0,7.0,2.0,2021.0,189
3.0,0.51,54.0,1.0,0.0,0.0,0.0,0.0,0.0,0.0,1.0,0.0,1128299.0,0.0,0.0,1.0,0.0,0.0,1.0,0.0,9.0,13.0,6.0,2021.0,147
10.0,0.4,50.0,0.0,0.0,0.0,0.0,1.0,0.0,0.0,1.0,0.0,1185732.0,1.0,0.0,0.0,0.0,0.0,1.0,0.0,39.0,6.0,8.0,2021.0,231
31.0,0.35,60.00000000000001,0.0,0.0,0.0,0.0,0.0,0.0,0.0,1.0,0.0,1185732.0,0.0,0.0,1.0,0.0,0.0,0.0,0.0,8.0,3.0,10.0,2020.0,700
3.0,0.44,37.0,1.0,0.0,0.0,0.0,0.0,0.0,0.0,1.0,0.0,1128299.0,0.0,0.0,1.0,0.0,0.0,0.0,1.0,9.0,12.0,3.0,2021.0,113
29.0,0.55,53.0,0.0,1.0,0.0,0.0,0.0,0.0,0.0,1.0,0.0,1185732.0,0.0,0.0,0.0,0.0,0.0,1.0,0.0,16.0,22.0,10.0,2021.0,126
44.0,0.42,49.0,0.0,0.0,1.0,0.0,0.0,0.0,0.0,1.0,0.0,1128299.0,1.0,0.0,0.0,0.0,0.0,1.0,0.0,45.0,23.0,3.0,2021.0,78
29.0,0.35,50.0,0.0,0.0,0.0,0.0,0.0,0.0,0.0,1.0,0.0,1185732.0,0.0,0.0,0.0,0.0,0.0,1.0,0.0,16.0,22.0,4.0,2021.0,125
11.0,0.4,40.0,0.0,0.0,0.0,1.0,0.0,0.0,0.0,1.0,0.0,1185732.0,0.0,0.0,1.0,0.0,0.0,1.0,0.0,32.0,2.0,5.0,2021.0,575
3.0,0.35,65.0,0.0,0.0,0.0,0.0,0.0,0.0,0.0,1.0,0.0,1128299.0,0.0,0.0,1.0,0.0,0.0,1.0,0.0,9.0,13.0,11.0,2021.0,350
11.0,0.52,32.0,0.0,1.0,0.0,0.0,0.0,0.0,0.0,1.0,0.0,1185732.0,0.0,0.0,0.0,0.0,0.0,1.0,0.0,32.0,13.0,1.0,2021.0,194
10.0,0.45,65.0,0.0,1.0,0.0,0.0,0.0,0.0,0.0,1.0,0.0,1185732.0,1.0,0.0,0.0,0.0,0.0,1.0,0.0,39.0,6.0,8.0,2021.0,1125
39.0,0.32999999999999996,44.0,0.0,1.0,0.0,0.0,0.0,0.0,0.0,1.0,0.0,1128299.0,0.0,0.0,0.0,1.0,0.0,0.0,1.0,8.0,18.0,5.0,2021.0,201
29.0,0.4,55.00000000000001,0.0,0.0,1.0,0.0,0.0,0.0,0.0,1.0,0.0,1185732.0,0.0,0.0,0.0,0.0,0.0,1.0,0.0,16.0,21.0,7.0,2021.0,425
39.0,0.3,55.00000000000001,0.0,1.0,0.0,0.0,0.0,0.0,0.0,1.0,0.0,1128299.0,0.0,0.0,0.0,1.0,0.0,0.0,0.0,8.0,17.0,11.0,2021.0,625
3.0,0.38,32.0,0.0,0.0,0.0,0.0,1.0,0.0,0.0,1.0,0.0,1128299.0,0.0,0.0,1.0,0.0,0.0,0.0,1.0,9.0,13.0,10.0,2021.0,123
3.0,0.42000000000000004,40.0,1.0,0.0,0.0,0.0,0.0,0.0,0.0,1.0,0.0,1128299.0,0.0,0.0,1.0,0.0,0.0,0.0,1.0,9.0,13.0,4.0,2021.0,111
11.0,0.54,38.0,0.0,0.0,0.0,1.0,0.0,0.0,0.0,1.0,0.0,1185732.0,0.0,0.0,1.0,0.0,0.0,1.0,0.0,32.0,2.0,5.0,2021.0,150
29.0,0.55,29.0,0.0,0.0,0.0,1.0,0.0,0.0,0.0,1.0,0.0,1185732.0,0.0,0.0,0.0,0.0,0.0,1.0,0.0,16.0,22.0,6.0,2021.0,52
3.0,0.53,46.0,1.0,0.0,0.0,0.0,0.0,0.0,0.0,1.0,0.0,1128299.0,0.0,0.0,1.0,0.0,0.0,1.0,0.0,9.0,12.0,3.0,2021.0,101
39.0,0.35,59.0,0.0,0.0,0.0,0.0,0.0,0.0,0.0,1.0,0.0,1128299.0,0.0,0.0,0.0,1.0,0.0,1.0,0.0,8.0,17.0,4.0,2021.0,58
39.0,0.43,59.0,0.0,0.0,0.0,0.0,1.0,0.0,0.0,1.0,0.0,1128299.0,0.0,0.0,1.0,0.0,0.0,1.0,0.0,8.0,16.0,3.0,2021.0,115
39.0,0.49,42.0,1.0,0.0,0.0,0.0,0.0,0.0,0.0,1.0,0.0,1185732.0,0.0,0.0,0.0,0.0,1.0,1.0,0.0,8.0,10.0,2.0,2021.0,138
44.0,0.5,79.0,0.0,1.0,0.0,0.0,0.0,0.0,0.0,1.0,0.0,1128299.0,1.0,0.0,0.0,0.0,0.0,1.0,0.0,45.0,23.0,7.0,2021.0,255
39.0,0.43,64.0,0.0,0.0,0.0,1.0,0.0,0.0,0.0,1.0,0.0,1128299.0,0.0,0.0,0.0,1.0,0.0,1.0,0.0,8.0,17.0,11.0,2021.0,150
3.0,0.5,37.0,0.0,1.0,0.0,0.0,0.0,0.0,0.0,1.0,0.0,1128299.0,0.0,0.0,1.0,0.0,0.0,1.0,0.0,9.0,12.0,3.0,2021.0,137
29.0,0.4,45.0,0.0,0.0,0.0,1.0,0.0,0.0,0.0,1.0,0.0,1185732.0,0.0,0.0,0.0,0.0,0.0,1.0,0.0,16.0,22.0,10.0,2021.0,150
11.0,0.4,20.0,0.0,0.0,0.0,0.0,1.0,0.0,0.0,1.0,0.0,1185732.0,0.0,0.0,1.0,0.0,0.0,1.0,0.0,32.0,3.0,4.0,2021.0,575
31.0,0.35,50.000000000000014,1.0,0.0,0.0,0.0,0.0,0.0,0.0,1.0,0.0,1185732.0,0.0,0.0,1.0,0.0,0.0,0.0,0.0,8.0,30.0,9.0,2020.0,825
3.0,0.43000000000000005,33.0,0.0,0.0,0.0,1.0,0.0,0.0,0.0,1.0,0.0,1128299.0,0.0,0.0,1.0,0.0,0.0,0.0,1.0,9.0,13.0,6.0,2021.0,132
44.0,0.35,45.00000000000001,0.0,0.0,0.0,1.0,0.0,0.0,0.0,1.0,0.0,1128299.0,1.0,0.0,0.0,0.0,0.0,0.0,0.0,45.0,24.0,10.0,2021.0,325
10.0,0.64,34.0,0.0,0.0,1.0,0.0,0.0,0.0,0.0,1.0,0.0,1185732.0,0.0,0.0,1.0,0.0,0.0,1.0,0.0,39.0,6.0,1.0,2021.0,196
3.0,0.35,55.00000000000001,0.0,0.0,0.0,0.0,0.0,0.0,0.0,1.0,0.0,1128299.0,0.0,0.0,1.0,0.0,0.0,1.0,0.0,9.0,13.0,6.0,2021.0,275
3.0,0.32,24.0,0.0,0.0,0.0,0.0,1.0,0.0,0.0,1.0,0.0,1185732.0,1.0,0.0,0.0,0.0,0.0,0.0,1.0,9.0,9.0,1.0,2021.0,264
39.0,0.45,60.0,0.0,0.0,1.0,0.0,0.0,0.0,0.0,1.0,0.0,1128299.0,0.0,0.0,1.0,0.0,0.0,0.0,1.0,8.0,16.0,3.0,2021.0,375
31.0,0.65,63.0,0.0,0.0,1.0,0.0,0.0,0.0,0.0,1.0,0.0,1185732.0,0.0,0.0,0.0,0.0,1.0,1.0,0.0,8.0,10.0,9.0,2020.0,259
39.0,0.55,41.0,0.0,1.0,0.0,0.0,0.0,0.0,0.0,1.0,0.0,1185732.0,0.0,0.0,0.0,0.0,1.0,1.0,0.0,8.0,12.0,1.0,2021.0,255
10.0,0.44999999999999996,45.0,1.0,0.0,0.0,0.0,0.0,0.0,0.0,1.0,0.0,1185732.0,1.0,0.0,0.0,0.0,0.0,1.0,0.0,39.0,5.0,5.0,2021.0,188
44.0,0.5,50.0,0.0,0.0,0.0,0.0,1.0,0.0,0.0,1.0,0.0,1128299.0,1.0,0.0,0.0,0.0,0.0,1.0,0.0,45.0,25.0,5.0,2021.0,88
29.0,0.5,41.0,1.0,0.0,0.0,0.0,0.0,0.0,0.0,1.0,0.0,1185732.0,0.0,0.0,0.0,0.0,0.0,1.0,0.0,16.0,22.0,10.0,2021.0,83
44.0,0.38,62.0,0.0,0.0,0.0,0.0,1.0,0.0,0.0,1.0,0.0,1128299.0,1.0,0.0,0.0,0.0,0.0,0.0,1.0,45.0,23.0,7.0,2021.0,208
3.0,0.4,60.00000000000001,1.0,0.0,0.0,0.0,0.0,0.0,0.0,1.0,0.0,1128299.0,0.0,0.0,1.0,0.0,0.0,1.0,0.0,9.0,12.0,12.0,2021.0,675
3.0,0.55,48.0,0.0,0.0,0.0,1.0,0.0,0.0,0.0,1.0,0.0,1128299.0,0.0,0.0,1.0,0.0,0.0,1.0,0.0,9.0,13.0,4.0,2021.0,69
3.0,0.5,50.0,0.0,0.0,0.0,0.0,1.0,0.0,0.0,1.0,0.0,1128299.0,0.0,0.0,1.0,0.0,0.0,1.0,0.0,9.0,12.0,7.0,2021.0,137
29.0,0.4,54.99999999999999,0.0,1.0,0.0,0.0,0.0,0.0,0.0,1.0,0.0,1185732.0,0.0,0.0,0.0,0.0,0.0,1.0,0.0,16.0,22.0,10.0,2021.0,450
39.0,0.45,75.00000000000001,0.0,0.0,1.0,0.0,0.0,0.0,0.0,1.0,0.0,1128299.0,0.0,0.0,0.0,1.0,0.0,0.0,1.0,8.0,17.0,4.0,2021.0,375
39.0,0.32,46.0,1.0,0.0,0.0,0.0,0.0,0.0,0.0,1.0,0.0,1128299.0,0.0,0.0,0.0,1.0,0.0,0.0,1.0,8.0,17.0,11.0,2021.0,231
29.0,0.4,25.0,0.0,0.0,0.0,1.0,0.0,0.0,0.0,1.0,0.0,1185732.0,1.0,0.0,0.0,0.0,0.0,1.0,0.0,16.0,20.0,1.0,2021.0,375
31.0,0.3,50.000000000000014,0.0,0.0,0.0,1.0,0.0,0.0,0.0,1.0,0.0,1185732.0,0.0,0.0,1.0,0.0,0.0,0.0,0.0,8.0,8.0,10.0,2020.0,775
10.0,0.38,24.0,0.0,0.0,0.0,0.0,1.0,0.0,0.0,1.0,0.0,1185732.0,1.0,0.0,0.0,0.0,0.0,1.0,0.0,39.0,6.0,4.0,2021.0,182
29.0,0.48,52.0,1.0,0.0,0.0,0.0,0.0,0.0,0.0,1.0,0.0,1185732.0,1.0,0.0,0.0,0.0,0.0,1.0,0.0,16.0,21.0,12.0,2021.0,98
3.0,0.42000000000000004,34.0,1.0,0.0,0.0,0.0,0.0,0.0,0.0,1.0,0.0,1128299.0,0.0,0.0,1.0,0.0,0.0,0.0,1.0,9.0,13.0,10.0,2021.0,173
3.0,0.42000000000000004,44.0,1.0,0.0,0.0,0.0,0.0,0.0,0.0,1.0,0.0,1128299.0,0.0,0.0,1.0,0.0,0.0,0.0,1.0,9.0,13.0,8.0,2021.0,200
3.0,0.38,27.0,1.0,0.0,0.0,0.0,0.0,0.0,0.0,1.0,0.0,1185732.0,1.0,0.0,0.0,0.0,0.0,0.0,1.0,9.0,7.0,2.0,2021.0,247
39.0,0.43,82.0,0.0,0.0,0.0,1.0,0.0,0.0,0.0,1.0,0.0,1128299.0,0.0,0.0,0.0,1.0,0.0,1.0,0.0,8.0,16.0,7.0,2021.0,180
31.0,0.25,55.00000000000001,0.0,0.0,0.0,0.0,1.0,0.0,0.0,1.0,0.0,1185732.0,0.0,0.0,0.0,0.0,1.0,0.0,0.0,8.0,13.0,9.0,2020.0,825
3.0,0.51,51.0,0.0,1.0,0.0,0.0,0.0,0.0,0.0,1.0,0.0,1128299.0,0.0,0.0,1.0,0.0,0.0,1.0,0.0,9.0,13.0,11.0,2021.0,137
44.0,0.45,51.0,0.0,0.0,0.0,0.0,0.0,0.0,0.0,1.0,0.0,1128299.0,1.0,0.0,0.0,0.0,0.0,0.0,1.0,45.0,24.0,8.0,2021.0,132
31.0,0.35,65.0,0.0,0.0,0.0,0.0,0.0,0.0,0.0,1.0,0.0,1185732.0,1.0,0.0,0.0,0.0,0.0,0.0,0.0,8.0,24.0,5.0,2020.0,775
44.0,0.54,44.0,0.0,0.0,0.0,0.0,0.0,0.0,0.0,1.0,0.0,1128299.0,1.0,0.0,0.0,0.0,0.0,1.0,0.0,45.0,25.0,5.0,2021.0,49
11.0,0.47,42.0,1.0,0.0,0.0,0.0,0.0,0.0,0.0,1.0,0.0,1185732.0,0.0,0.0,1.0,0.0,0.0,1.0,0.0,32.0,4.0,6.0,2021.0,182
3.0,0.55,50.0,0.0,1.0,0.0,0.0,0.0,0.0,0.0,1.0,0.0,1128299.0,0.0,0.0,1.0,0.0,0.0,1.0,0.0,9.0,12.0,12.0,2021.0,203
10.0,0.6,59.0,0.0,0.0,1.0,0.0,0.0,0.0,0.0,1.0,0.0,1185732.0,1.0,0.0,0.0,0.0,0.0,1.0,0.0,39.0,5.0,5.0,2021.0,200
3.0,0.4,55.00000000000001,0.0,1.0,0.0,0.0,0.0,0.0,0.0,1.0,0.0,1128299.0,0.0,0.0,1.0,0.0,0.0,1.0,0.0,9.0,13.0,8.0,2021.0,675
11.0,0.65,69.0,0.0,0.0,1.0,0.0,0.0,0.0,0.0,1.0,0.0,1185732.0,0.0,0.0,0.0,0.0,0.0,1.0,0.0,32.0,2.0,12.0,2021.0,225
3.0,0.4,45.000000000000014,0.0,1.0,0.0,0.0,0.0,0.0,0.0,1.0,0.0,1128299.0,0.0,0.0,1.0,0.0,0.0,1.0,0.0,9.0,13.0,10.0,2021.0,525
44.0,0.4,23.0,0.0,0.0,0.0,0.0,1.0,0.0,0.0,1.0,0.0,1185732.0,0.0,0.0,1.0,0.0,0.0,1.0,0.0,45.0,19.0,1.0,2021.0,149
3.0,0.5,52.0,0.0,0.0,0.0,0.0,1.0,0.0,0.0,1.0,0.0,1128299.0,0.0,0.0,1.0,0.0,0.0,1.0,0.0,9.0,14.0,5.0,2021.0,123
29.0,0.4,64.99999999999999,0.0,0.0,1.0,0.0,0.0,0.0,0.0,1.0,0.0,1185732.0,1.0,0.0,0.0,0.0,0.0,1.0,0.0,16.0,21.0,12.0,2021.0,325
11.0,0.4,55.00000000000001,0.0,1.0,0.0,0.0,0.0,0.0,0.0,1.0,0.0,1185732.0,0.0,0.0,1.0,0.0,0.0,1.0,0.0,32.0,2.0,9.0,2021.0,925
39.0,0.3,80.00000000000001,0.0,0.0,0.0,0.0,1.0,0.0,0.0,1.0,0.0,1128299.0,0.0,0.0,0.0,0.0,1.0,0.0,0.0,8.0,16.0,12.0,2021.0,600
39.0,0.3,75.00000000000001,0.0,1.0,0.0,0.0,0.0,0.0,0.0,1.0,0.0,1128299.0,0.0,0.0,0.0,1.0,0.0,0.0,0.0,8.0,16.0,12.0,2021.0,800
3.0,0.55,47.0,1.0,0.0,0.0,0.0,0.0,0.0,0.0,1.0,0.0,1128299.0,0.0,0.0,1.0,0.0,0.0,1.0,0.0,9.0,14.0,9.0,2021.0,156
29.0,0.4,50.0,0.0,1.0,0.0,0.0,0.0,0.0,0.0,1.0,0.0,1185732.0,0.0,0.0,0.0,0.0,0.0,1.0,0.0,16.0,23.0,5.0,2021.0,520
44.0,0.49,57.0,0.0,0.0,0.0,0.0,1.0,0.0,0.0,1.0,0.0,1128299.0,1.0,0.0,0.0,0.0,0.0,1.0,0.0,45.0,24.0,4.0,2021.0,85
39.0,0.55,44.0,0.0,1.0,0.0,0.0,0.0,0.0,0.0,1.0,0.0,1185732.0,0.0,0.0,0.0,0.0,1.0,1.0,0.0,8.0,10.0,2.0,2021.0,234
3.0,0.25,30.000000000000004,0.0,0.0,0.0,0.0,1.0,0.0,0.0,1.0,0.0,1185732.0,1.0,0.0,0.0,0.0,0.0,1.0,0.0,9.0,9.0,1.0,2021.0,825
39.0,0.49,42.0,0.0,0.0,1.0,0.0,0.0,0.0,0.0,1.0,0.0,1128299.0,0.0,0.0,0.0,1.0,0.0,0.0,1.0,8.0,18.0,9.0,2021.0,99
11.0,0.51,55.0,0.0,0.0,0.0,1.0,0.0,0.0,0.0,1.0,0.0,1185732.0,0.0,0.0,1.0,0.0,0.0,1.0,0.0,32.0,3.0,11.0,2021.0,163
44.0,0.44999999999999996,83.0,0.0,1.0,0.0,0.0,0.0,0.0,0.0,1.0,0.0,1128299.0,1.0,0.0,0.0,0.0,0.0,1.0,0.0,45.0,24.0,8.0,2021.0,240
39.0,0.32999999999999996,60.0,0.0,0.0,0.0,0.0,1.0,0.0,0.0,1.0,0.0,1128299.0,0.0,0.0,0.0,1.0,0.0,0.0,1.0,8.0,17.0,6.0,2021.0,238
44.0,0.38,33.0,0.0,0.0,0.0,1.0,0.0,0.0,0.0,1.0,0.0,1128299.0,1.0,0.0,0.0,0.0,0.0,0.0,1.0,45.0,25.0,5.0,2021.0,85
3.0,0.38,39.0,0.0,0.0,0.0,0.0,1.0,0.0,0.0,1.0,0.0,1128299.0,0.0,0.0,1.0,0.0,0.0,0.0,1.0,9.0,12.0,3.0,2021.0,124
10.0,0.5,35.0,0.0,0.0,1.0,0.0,0.0,0.0,0.0,1.0,0.0,1185732.0,0.0,0.0,1.0,0.0,0.0,1.0,0.0,39.0,6.0,1.0,2021.0,725
3.0,0.48,52.0,0.0,0.0,0.0,0.0,0.0,0.0,0.0,1.0,0.0,1128299.0,0.0,0.0,1.0,0.0,0.0,1.0,0.0,9.0,13.0,4.0,2021.0,53
11.0,0.52,19.0,0.0,0.0,0.0,0.0,1.0,0.0,0.0,1.0,0.0,1185732.0,0.0,0.0,1.0,0.0,0.0,1.0,0.0,32.0,2.0,3.0,2021.0,181
29.0,0.4,40.0,0.0,0.0,0.0,1.0,0.0,0.0,0.0,1.0,0.0,1185732.0,0.0,0.0,0.0,0.0,0.0,1.0,0.0,16.0,23.0,5.0,2021.0,125
44.0,0.48,52.0,0.0,0.0,0.0,0.0,1.0,0.0,0.0,1.0,0.0,1128299.0,1.0,0.0,0.0,0.0,0.0,1.0,0.0,45.0,23.0,3.0,2021.0,91
29.0,0.53,64.0,0.0,0.0,1.0,0.0,0.0,0.0,0.0,1.0,0.0,1185732.0,1.0,0.0,0.0,0.0,0.0,1.0,0.0,16.0,21.0,12.0,2021.0,98
11.0,0.35,30.0,1.0,0.0,0.0,0.0,0.0,0.0,0.0,1.0,0.0,1185732.0,0.0,0.0,1.0,0.0,0.0,1.0,0.0,32.0,3.0,4.0,2021.0,575
31.0,0.35,49.0,0.0,0.0,0.0,0.0,1.0,0.0,0.0,1.0,0.0,1185732.0,0.0,0.0,0.0,0.0,1.0,1.0,0.0,8.0,7.0,9.0,2020.0,208
11.0,0.47,28.0,1.0,0.0,0.0,0.0,0.0,0.0,0.0,1.0,0.0,1185732.0,0.0,0.0,1.0,0.0,0.0,1.0,0.0,32.0,3.0,4.0,2021.0,155
31.0,0.35,45.0,1.0,0.0,0.0,0.0,0.0,0.0,0.0,1.0,0.0,1185732.0,1.0,0.0,0.0,0.0,0.0,0.0,0.0,8.0,24.0,4.0,2020.0,725
39.0,0.43,78.0,0.0,0.0,0.0,0.0,1.0,0.0,0.0,1.0,0.0,1128299.0,0.0,0.0,0.0,1.0,0.0,1.0,0.0,8.0,17.0,8.0,2021.0,189
10.0,0.3,60.00000000000001,0.0,0.0,0.0,1.0,0.0,0.0,0.0,1.0,0.0,1185732.0,0.0,0.0,1.0,0.0,0.0,1.0,0.0,39.0,5.0,12.0,2021.0,775
29.0,0.4,30.000000000000004,0.0,1.0,0.0,0.0,0.0,0.0,0.0,1.0,0.0,1185732.0,1.0,0.0,0.0,0.0,0.0,1.0,0.0,16.0,20.0,1.0,2021.0,725
3.0,0.45,40.0,0.0,1.0,0.0,0.0,0.0,0.0,0.0,1.0,0.0,1185732.0,1.0,0.0,0.0,0.0,0.0,1.0,0.0,9.0,9.0,1.0,2021.0,1025
39.0,0.56,103.0,0.0,0.0,1.0,0.0,0.0,0.0,0.0,1.0,0.0,1128299.0,0.0,0.0,0.0,1.0,0.0,1.0,0.0,8.0,17.0,6.0,2021.0,218
44.0,0.43,38.0,0.0,0.0,1.0,0.0,0.0,0.0,0.0,1.0,0.0,1128299.0,1.0,0.0,0.0,0.0,0.0,1.0,0.0,45.0,24.0,2.0,2021.0,81
31.0,0.44999999999999996,52.0,0.0,0.0,0.0,0.0,0.0,0.0,0.0,1.0,0.0,1185732.0,1.0,0.0,0.0,0.0,0.0,1.0,0.0,8.0,21.0,9.0,2020.0,225
10.0,0.48,48.0,1.0,0.0,0.0,0.0,0.0,0.0,0.0,1.0,0.0,1185732.0,1.0,0.0,0.0,0.0,0.0,1.0,0.0,39.0,5.0,9.0,2021.0,223
11.0,0.54,42.0,0.0,1.0,0.0,0.0,0.0,0.0,0.0,1.0,0.0,1185732.0,0.0,0.0,1.0,0.0,0.0,1.0,0.0,32.0,4.0,10.0,2021.0,245
10.0,0.25,45.0,0.0,0.0,0.0,0.0,1.0,0.0,0.0,1.0,0.0,1185732.0,1.0,0.0,0.0,0.0,0.0,1.0,0.0,39.0,5.0,5.0,2021.0,725
3.0,0.39999999999999997,30.0,1.0,0.0,0.0,0.0,0.0,0.0,0.0,1.0,0.0,1185732.0,1.0,0.0,0.0,0.0,0.0,0.0,1.0,9.0,9.0,1.0,2021.0,256
3.0,0.4,50.0,1.0,0.0,0.0,0.0,0.0,0.0,0.0,1.0,0.0,1128299.0,0.0,0.0,1.0,0.0,0.0,1.0,0.0,9.0,12.0,3.0,2021.0,375
31.0,0.45,65.0,0.0,1.0,0.0,0.0,0.0,0.0,0.0,1.0,0.0,1185732.0,0.0,0.0,0.0,0.0,1.0,0.0,0.0,8.0,17.0,9.0,2020.0,1125
3.0,0.35,40.0,1.0,0.0,0.0,0.0,0.0,0.0,0.0,1.0,0.0,1185732.0,1.0,0.0,0.0,0.0,0.0,1.0,0.0,9.0,7.0,2.0,2021.0,725
39.0,0.42,77.0,0.0,0.0,0.0,1.0,0.0,0.0,0.0,1.0,0.0,1128299.0,0.0,0.0,0.0,1.0,0.0,1.0,0.0,8.0,17.0,8.0,2021.0,143
39.0,0.28,46.0,1.0,0.0,0.0,0.0,0.0,0.0,0.0,1.0,0.0,1128299.0,0.0,0.0,0.0,1.0,0.0,0.0,1.0,8.0,18.0,5.0,2021.0,132
44.0,0.35,80.0,0.0,0.0,0.0,1.0,0.0,0.0,0.0,1.0,0.0,1128299.0,1.0,0.0,0.0,0.0,0.0,0.0,0.0,45.0,24.0,6.0,2021.0,525
39.0,0.37,66.0,0.0,0.0,0.0,1.0,0.0,0.0,0.0,1.0,0.0,1128299.0,0.0,0.0,0.0,1.0,0.0,0.0,1.0,8.0,17.0,6.0,2021.0,196
11.0,0.35,55.00000000000001,0.0,0.0,0.0,0.0,0.0,0.0,0.0,1.0,0.0,1185732.0,0.0,0.0,1.0,0.0,0.0,1.0,0.0,32.0,3.0,8.0,2021.0,650
44.0,0.35,50.000000000000014,0.0,0.0,0.0,1.0,0.0,0.0,0.0,1.0,0.0,1128299.0,1.0,0.0,0.0,0.0,0.0,0.0,0.0,45.0,25.0,9.0,2021.0,200
39.0,0.32,50.0,0.0,1.0,0.0,0.0,0.0,0.0,0.0,1.0,0.0,1128299.0,0.0,0.0,0.0,1.0,0.0,0.0,1.0,8.0,17.0,6.0,2021.0,272
29.0,0.54,36.0,0.0,0.0,0.0,0.0,1.0,0.0,0.0,1.0,0.0,1185732.0,0.0,0.0,0.0,0.0,0.0,1.0,0.0,16.0,22.0,8.0,2021.0,80
31.0,0.35,55.00000000000001,0.0,0.0,0.0,0.0,0.0,0.0,0.0,1.0,0.0,1185732.0,0.0,0.0,0.0,0.0,1.0,0.0,0.0,8.0,24.0,4.0,2020.0,675
44.0,0.3,60.00000000000001,0.0,0.0,1.0,0.0,0.0,0.0,0.0,1.0,0.0,1128299.0,1.0,0.0,0.0,0.0,0.0,0.0,0.0,45.0,24.0,10.0,2021.0,350
3.0,0.4,55.00000000000001,0.0,1.0,0.0,0.0,0.0,0.0,0.0,1.0,0.0,1128299.0,0.0,0.0,1.0,0.0,0.0,1.0,0.0,9.0,12.0,12.0,2021.0,675
31.0,0.35,55.00000000000001,0.0,0.0,0.0,0.0,0.0,0.0,0.0,1.0,0.0,1185732.0,1.0,0.0,0.0,0.0,0.0,0.0,0.0,8.0,21.0,9.0,2020.0,750
31.0,0.3,40.0,0.0,0.0,0.0,1.0,0.0,0.0,0.0,1.0,0.0,1185732.0,1.0,0.0,0.0,0.0,0.0,0.0,0.0,8.0,21.0,8.0,2020.0,625
44.0,0.47,42.0,0.0,1.0,0.0,0.0,0.0,0.0,0.0,1.0,0.0,1128299.0,1.0,0.0,0.0,0.0,0.0,1.0,0.0,45.0,24.0,11.0,2021.0,155
31.0,0.44999999999999996,52.0,0.0,0.0,0.0,0.0,0.0,0.0,0.0,1.0,0.0,1185732.0,0.0,0.0,0.0,0.0,1.0,1.0,0.0,8.0,24.0,4.0,2020.0,196
44.0,0.43,82.0,0.0,0.0,1.0,0.0,0.0,0.0,0.0,1.0,0.0,1128299.0,0.0,0.0,1.0,0.0,0.0,1.0,0.0,45.0,23.0,12.0,2021.0,150
39.0,0.36,46.0,0.0,0.0,0.0,0.0,1.0,0.0,0.0,1.0,0.0,1128299.0,0.0,0.0,0.0,1.0,0.0,0.0,1.0,8.0,18.0,5.0,2021.0,132
10.0,0.35,56.0,0.0,0.0,0.0,0.0,1.0,0.0,0.0,1.0,0.0,1185732.0,0.0,0.0,1.0,0.0,0.0,1.0,0.0,39.0,5.0,12.0,2021.0,215
39.0,0.41,37.0,0.0,0.0,0.0,1.0,0.0,0.0,0.0,1.0,0.0,1185732.0,0.0,0.0,0.0,0.0,1.0,1.0,0.0,8.0,12.0,1.0,2021.0,145
29.0,0.47,43.0,0.0,0.0,0.0,0.0,0.0,0.0,0.0,1.0,0.0,1185732.0,0.0,0.0,0.0,0.0,0.0,1.0,0.0,16.0,23.0,9.0,2021.0,58
11.0,0.44999999999999996,58.0,1.0,0.0,0.0,0.0,0.0,0.0,0.0,1.0,0.0,1185732.0,0.0,0.0,1.0,0.0,0.0,1.0,0.0,32.0,3.0,8.0,2021.0,200
31.0,0.35,65.0,0.0,0.0,0.0,0.0,0.0,0.0,0.0,1.0,0.0,1185732.0,0.0,0.0,0.0,0.0,1.0,0.0,0.0,8.0,9.0,9.0,2020.0,775
44.0,0.35,55.000000000000014,0.0,0.0,0.0,1.0,0.0,0.0,0.0,1.0,0.0,1128299.0,1.0,0.0,0.0,0.0,0.0,0.0,0.0,45.0,24.0,11.0,2021.0,450
29.0,0.4,45.0,0.0,0.0,1.0,0.0,0.0,0.0,0.0,1.0,0.0,1185732.0,0.0,0.0,0.0,0.0,0.0,1.0,0.0,16.0,21.0,3.0,2021.0,250
44.0,0.49,66.0,0.0,0.0,0.0,1.0,0.0,0.0,0.0,1.0,0.0,1128299.0,1.0,0.0,0.0,0.0,0.0,1.0,0.0,45.0,24.0,8.0,2021.0,111
3.0,0.38999999999999996,51.0,0.0,0.0,0.0,0.0,0.0,0.0,0.0,1.0,0.0,1128299.0,0.0,0.0,1.0,0.0,0.0,0.0,1.0,9.0,13.0,8.0,2021.0,140
44.0,0.38,60.0,1.0,0.0,0.0,0.0,0.0,0.0,0.0,1.0,0.0,1128299.0,1.0,0.0,0.0,0.0,0.0,0.0,1.0,45.0,23.0,7.0,2021.0,224
44.0,0.41,28.0,0.0,0.0,0.0,1.0,0.0,0.0,0.0,1.0,0.0,1128299.0,1.0,0.0,0.0,0.0,0.0,0.0,1.0,45.0,24.0,2.0,2021.0,64
39.0,0.36,68.0,0.0,1.0,0.0,0.0,0.0,0.0,0.0,1.0,0.0,1128299.0,0.0,0.0,0.0,1.0,0.0,0.0,1.0,8.0,17.0,8.0,2021.0,255
29.0,0.4,35.0,0.0,0.0,0.0,0.0,1.0,0.0,0.0,1.0,0.0,1185732.0,0.0,0.0,0.0,0.0,0.0,1.0,0.0,16.0,23.0,9.0,2021.0,225
39.0,0.44,45.0,0.0,0.0,0.0,1.0,0.0,0.0,0.0,1.0,0.0,1128299.0,0.0,0.0,1.0,0.0,0.0,1.0,0.0,8.0,17.0,2.0,2021.0,74
44.0,0.4,96.0,0.0,0.0,1.0,0.0,0.0,0.0,0.0,1.0,0.0,1128299.0,1.0,0.0,0.0,0.0,0.0,1.0,0.0,45.0,24.0,6.0,2021.0,182
39.0,0.45,45.0,0.0,1.0,0.0,0.0,0.0,0.0,0.0,1.0,0.0,1185732.0,0.0,0.0,0.0,0.0,1.0,0.0,0.0,8.0,10.0,2.0,2021.0,900
10.0,0.35,54.99999999999999,0.0,0.0,0.0,0.0,0.0,0.0,0.0,1.0,0.0,1185732.0,1.0,0.0,0.0,0.0,0.0,1.0,0.0,39.0,5.0,5.0,2021.0,700
31.0,0.5,41.0,1.0,0.0,0.0,0.0,0.0,0.0,0.0,1.0,0.0,1185732.0,1.0,0.0,0.0,0.0,0.0,1.0,0.0,8.0,24.0,4.0,2020.0,210
3.0,0.25,70.0,0.0,0.0,1.0,0.0,0.0,0.0,0.0,1.0,0.0,1128299.0,0.0,0.0,1.0,0.0,0.0,1.0,0.0,9.0,13.0,8.0,2021.0,425
44.0,0.49,51.0,1.0,0.0,0.0,0.0,0.0,0.0,0.0,1.0,0.0,1128299.0,1.0,0.0,0.0,0.0,0.0,1.0,0.0,45.0,24.0,10.0,2021.0,142
10.0,0.25,40.0,0.0,0.0,0.0,0.0,1.0,0.0,0.0,1.0,0.0,1185732.0,1.0,0.0,0.0,0.0,0.0,1.0,0.0,39.0,5.0,9.0,2021.0,725
31.0,0.45,55.00000000000001,0.0,1.0,0.0,0.0,0.0,0.0,0.0,1.0,0.0,1185732.0,1.0,0.0,0.0,0.0,0.0,0.0,0.0,8.0,23.0,9.0,2020.0,1050
44.0,0.43000000000000005,34.0,0.0,0.0,0.0,0.0,0.0,0.0,0.0,1.0,0.0,1128299.0,1.0,0.0,0.0,0.0,0.0,0.0,1.0,45.0,25.0,5.0,2021.0,54
10.0,0.5,42.0,1.0,0.0,0.0,0.0,0.0,0.0,0.0,1.0,0.0,1185732.0,1.0,0.0,0.0,0.0,0.0,1.0,0.0,39.0,7.0,10.0,2021.0,208
31.0,0.39,47.0,0.0,0.0,0.0,0.0,1.0,0.0,0.0,1.0,0.0,1185732.0,0.0,0.0,1.0,0.0,0.0,1.0,0.0,8.0,1.0,10.0,2020.0,203
39.0,0.41,51.0,0.0,0.0,0.0,1.0,0.0,0.0,0.0,1.0,0.0,1128299.0,0.0,0.0,0.0,1.0,0.0,1.0,0.0,8.0,17.0,10.0,2021.0,113
11.0,0.35,35.00000000000001,1.0,0.0,0.0,0.0,0.0,0.0,0.0,1.0,0.0,1185732.0,0.0,0.0,1.0,0.0,0.0,1.0,0.0,32.0,3.0,11.0,2021.0,650
29.0,0.54,50.0,0.0,0.0,1.0,0.0,0.0,0.0,0.0,1.0,0.0,1185732.0,0.0,0.0,0.0,0.0,0.0,1.0,0.0,16.0,21.0,7.0,2021.0,115
11.0,0.64,54.0,0.0,0.0,1.0,0.0,0.0,0.0,0.0,1.0,0.0,1185732.0,0.0,0.0,1.0,0.0,0.0,1.0,0.0,32.0,3.0,8.0,2021.0,231
44.0,0.4,74.0,0.0,0.0,1.0,0.0,0.0,0.0,0.0,1.0,0.0,1128299.0,1.0,0.0,0.0,0.0,0.0,1.0,0.0,45.0,24.0,11.0,2021.0,149
44.0,0.5,81.0,1.0,0.0,0.0,0.0,0.0,0.0,0.0,1.0,0.0,1128299.0,1.0,0.0,0.0,0.0,0.0,1.0,0.0,45.0,23.0,7.0,2021.0,203
31.0,0.35,55.00000000000001,1.0,0.0,0.0,0.0,0.0,0.0,0.0,1.0,0.0,1185732.0,0.0,0.0,1.0,0.0,0.0,0.0,0.0,8.0,24.0,5.0,2020.0,875
29.0,0.54,29.0,0.0,1.0,0.0,0.0,0.0,0.0,0.0,1.0,0.0,1185732.0,1.0,0.0,0.0,0.0,0.0,1.0,0.0,16.0,20.0,1.0,2021.0,189
29.0,0.48,41.0,1.0,0.0,0.0,0.0,0.0,0.0,0.0,1.0,0.0,1185732.0,0.0,0.0,0.0,0.0,0.0,1.0,0.0,16.0,22.0,4.0,2021.0,49
3.0,0.35,65.0,0.0,0.0,0.0,0.0,0.0,0.0,0.0,1.0,0.0,1128299.0,0.0,0.0,1.0,0.0,0.0,1.0,0.0,9.0,13.0,8.0,2021.0,450
10.0,0.35,55.00000000000001,0.0,0.0,0.0,0.0,0.0,0.0,0.0,1.0,0.0,1185732.0,1.0,0.0,0.0,0.0,0.0,1.0,0.0,39.0,6.0,8.0,2021.0,750
44.0,0.41,35.0,1.0,0.0,0.0,0.0,0.0,0.0,0.0,1.0,0.0,1128299.0,1.0,0.0,0.0,0.0,0.0,0.0,1.0,45.0,23.0,3.0,2021.0,98
44.0,0.45999999999999996,48.0,0.0,0.0,0.0,1.0,0.0,0.0,0.0,1.0,0.0,1128299.0,1.0,0.0,0.0,0.0,0.0,1.0,0.0,45.0,23.0,3.0,2021.0,65
3.0,0.45999999999999996,39.0,1.0,0.0,0.0,0.0,0.0,0.0,0.0,1.0,0.0,1185732.0,1.0,0.0,0.0,0.0,0.0,1.0,0.0,9.0,7.0,2.0,2021.0,218
11.0,0.5,58.0,1.0,0.0,0.0,0.0,0.0,0.0,0.0,1.0,0.0,1185732.0,0.0,0.0,1.0,0.0,0.0,1.0,0.0,32.0,2.0,7.0,2021.0,224
39.0,0.33999999999999997,41.0,0.0,1.0,0.0,0.0,0.0,0.0,0.0,1.0,0.0,1128299.0,0.0,0.0,0.0,1.0,0.0,0.0,1.0,8.0,17.0,11.0,2021.0,188
39.0,0.38,59.0,1.0,0.0,0.0,0.0,0.0,0.0,0.0,1.0,0.0,1128299.0,0.0,0.0,0.0,1.0,0.0,1.0,0.0,8.0,17.0,10.0,2021.0,144
44.0,0.5,46.0,0.0,1.0,0.0,0.0,0.0,0.0,0.0,1.0,0.0,1128299.0,1.0,0.0,0.0,0.0,0.0,1.0,0.0,45.0,25.0,9.0,2021.0,113
11.0,0.49,61.0,0.0,0.0,0.0,0.0,0.0,0.0,0.0,1.0,0.0,1185732.0,0.0,0.0,1.0,0.0,0.0,1.0,0.0,32.0,4.0,6.0,2021.0,163
3.0,0.4,55.00000000000001,0.0,1.0,0.0,0.0,0.0,0.0,0.0,1.0,0.0,1128299.0,0.0,0.0,1.0,0.0,0.0,1.0,0.0,9.0,13.0,11.0,2021.0,525
44.0,0.49,47.0,1.0,0.0,0.0,0.0,0.0,0.0,0.0,1.0,0.0,1128299.0,1.0,0.0,0.0,0.0,0.0,1.0,0.0,45.0,24.0,11.0,2021.0,169
44.0,0.52,23.0,0.0,1.0,0.0,0.0,0.0,0.0,0.0,1.0,0.0,1185732.0,0.0,0.0,1.0,0.0,0.0,0.0,1.0,45.0,19.0,1.0,2021.0,233
3.0,0.51,49.0,0.0,0.0,0.0,1.0,0.0,0.0,0.0,1.0,0.0,1128299.0,0.0,0.0,1.0,0.0,0.0,1.0,0.0,9.0,13.0,6.0,2021.0,120
44.0,0.35,50.000000000000014,0.0,1.0,0.0,0.0,0.0,0.0,0.0,1.0,0.0,1128299.0,1.0,0.0,0.0,0.0,0.0,0.0,0.0,45.0,25.0,9.0,2021.0,450
3.0,0.44,32.0,0.0,0.0,0.0,1.0,0.0,0.0,0.0,1.0,0.0,1128299.0,0.0,0.0,1.0,0.0,0.0,0.0,1.0,9.0,13.0,10.0,2021.0,114
44.0,0.35,50.0,0.0,0.0,0.0,1.0,0.0,0.0,0.0,1.0,0.0,1128299.0,1.0,0.0,0.0,0.0,0.0,0.0,0.0,45.0,25.0,5.0,2021.0,275
44.0,0.51,72.0,0.0,0.0,0.0,0.0,0.0,0.0,0.0,1.0,0.0,1128299.0,0.0,0.0,1.0,0.0,0.0,1.0,0.0,45.0,23.0,12.0,2021.0,133
31.0,0.25,50.0,0.0,0.0,0.0,0.0,1.0,0.0,0.0,1.0,0.0,1185732.0,0.0,0.0,0.0,0.0,1.0,0.0,0.0,8.0,24.0,4.0,2020.0,750
31.0,0.35000000000000003,30.000000000000004,0.0,0.0,0.0,1.0,0.0,0.0,0.0,1.0,0.0,1185732.0,1.0,0.0,0.0,0.0,0.0,0.0,0.0,8.0,20.0,10.0,2020.0,100
44.0,0.51,49.0,0.0,0.0,0.0,0.0,0.0,0.0,0.0,1.0,0.0,1128299.0,1.0,0.0,0.0,0.0,0.0,1.0,0.0,45.0,24.0,4.0,2021.0,35
10.0,0.6,50.0,0.0,1.0,0.0,0.0,0.0,0.0,0.0,1.0,0.0,1185732.0,1.0,0.0,0.0,0.0,0.0,1.0,0.0,39.0,7.0,10.0,2021.0,244
39.0,0.33999999999999997,72.0,0.0,0.0,0.0,0.0,1.0,0.0,0.0,1.0,0.0,1128299.0,0.0,0.0,0.0,1.0,0.0,0.0,1.0,8.0,16.0,7.0,2021.0,238
11.0,0.49,46.0,0.0,0.0,0.0,0.0,0.0,0.0,0.0,1.0,0.0,1185732.0,0.0,0.0,1.0,0.0,0.0,1.0,0.0,32.0,2.0,5.0,2021.0,150
31.0,0.35,65.0,0.0,0.0,0.0,0.0,0.0,0.0,0.0,1.0,0.0,1185732.0,0.0,0.0,1.0,0.0,0.0,0.0,0.0,8.0,9.0,10.0,2020.0,750
3.0,0.4,50.0,0.0,1.0,0.0,0.0,0.0,0.0,0.0,1.0,0.0,1128299.0,0.0,0.0,1.0,0.0,0.0,1.0,0.0,9.0,13.0,6.0,2021.0,675
44.0,0.45999999999999996,82.0,0.0,0.0,0.0,1.0,0.0,0.0,0.0,1.0,0.0,1128299.0,1.0,0.0,0.0,0.0,0.0,1.0,0.0,45.0,23.0,7.0,2021.0,149
11.0,0.54,25.0,0.0,0.0,0.0,1.0,0.0,0.0,0.0,1.0,0.0,1185732.0,0.0,0.0,1.0,0.0,0.0,1.0,0.0,32.0,2.0,3.0,2021.0,124
10.0,0.5900000000000001,63.0,0.0,1.0,0.0,0.0,0.0,0.0,0.0,1.0,0.0,1185732.0,1.0,0.0,0.0,0.0,0.0,1.0,0.0,39.0,5.0,7.0,2021.0,311
44.0,0.35,40.0,0.0,1.0,0.0,0.0,0.0,0.0,0.0,1.0,0.0,1128299.0,1.0,0.0,0.0,0.0,0.0,0.0,0.0,45.0,24.0,10.0,2021.0,350
29.0,0.52,38.0,0.0,0.0,0.0,0.0,1.0,0.0,0.0,1.0,0.0,1185732.0,0.0,0.0,0.0,0.0,0.0,1.0,0.0,16.0,23.0,5.0,2021.0,58
31.0,0.35000000000000003,35.0,0.0,1.0,0.0,0.0,0.0,0.0,0.0,1.0,0.0,1185732.0,1.0,0.0,0.0,0.0,0.0,0.0,0.0,8.0,17.0,10.0,2020.0,450
31.0,0.64,64.0,0.0,0.0,1.0,0.0,0.0,0.0,0.0,1.0,0.0,1185732.0,0.0,0.0,0.0,0.0,1.0,1.0,0.0,8.0,24.0,4.0,2020.0,248
44.0,0.42,39.0,0.0,0.0,0.0,0.0,1.0,0.0,0.0,1.0,0.0,1128299.0,1.0,0.0,0.0,0.0,0.0,0.0,1.0,45.0,24.0,10.0,2021.0,119
29.0,0.5,52.0,0.0,0.0,0.0,1.0,0.0,0.0,0.0,1.0,0.0,1185732.0,1.0,0.0,0.0,0.0,0.0,1.0,0.0,16.0,22.0,11.0,2021.0,52
31.0,0.3,40.0,0.0,0.0,0.0,1.0,0.0,0.0,0.0,1.0,0.0,1185732.0,0.0,0.0,0.0,0.0,1.0,0.0,0.0,8.0,15.0,8.0,2020.0,675
44.0,0.35,85.0,0.0,1.0,0.0,0.0,0.0,0.0,0.0,1.0,0.0,1128299.0,1.0,0.0,0.0,0.0,0.0,0.0,0.0,45.0,23.0,7.0,2021.0,850
3.0,0.43000000000000005,34.0,0.0,0.0,0.0,1.0,0.0,0.0,0.0,1.0,0.0,1128299.0,0.0,0.0,1.0,0.0,0.0,0.0,1.0,9.0,14.0,5.0,2021.0,114
39.0,0.35,45.0,1.0,0.0,0.0,0.0,0.0,0.0,0.0,1.0,0.0,1185732.0,0.0,0.0,0.0,0.0,1.0,0.0,0.0,8.0,10.0,2.0,2021.0,550
44.0,0.35,50.0,0.0,0.0,0.0,1.0,0.0,0.0,0.0,1.0,0.0,1128299.0,1.0,0.0,0.0,0.0,0.0,0.0,0.0,45.0,23.0,3.0,2021.0,250
3.0,0.4,50.0,0.0,1.0,0.0,0.0,0.0,0.0,0.0,1.0,0.0,1128299.0,0.0,0.0,1.0,0.0,0.0,1.0,0.0,9.0,14.0,5.0,2021.0,550
39.0,0.47000000000000003,74.0,0.0,0.0,1.0,0.0,0.0,0.0,0.0,1.0,0.0,1128299.0,0.0,0.0,0.0,1.0,0.0,0.0,1.0,8.0,17.0,6.0,2021.0,248
3.0,0.54,43.0,0.0,1.0,0.0,0.0,0.0,0.0,0.0,1.0,0.0,1128299.0,0.0,0.0,1.0,0.0,0.0,1.0,0.0,9.0,14.0,9.0,2021.0,180
31.0,0.3,55.00000000000001,0.0,0.0,0.0,1.0,0.0,0.0,0.0,1.0,0.0,1185732.0,0.0,0.0,0.0,0.0,1.0,0.0,0.0,8.0,14.0,9.0,2020.0,775
39.0,0.32,47.0,0.0,0.0,0.0,0.0,1.0,0.0,0.0,1.0,0.0,1128299.0,0.0,0.0,1.0,0.0,0.0,0.0,1.0,8.0,16.0,3.0,2021.0,149
10.0,0.45999999999999996,42.0,0.0,0.0,0.0,0.0,0.0,0.0,0.0,1.0,0.0,1185732.0,0.0,0.0,1.0,0.0,0.0,1.0,0.0,39.0,6.0,1.0,2021.0,156
39.0,0.2,95.0,0.0,0.0,0.0,0.0,0.0,0.0,0.0,1.0,0.0,1128299.0,0.0,0.0,0.0,1.0,0.0,0.0,0.0,8.0,16.0,7.0,2021.0,650
3.0,0.4,59.0,0.0,0.0,1.0,0.0,0.0,0.0,0.0,1.0,0.0,1128299.0,0.0,0.0,1.0,0.0,0.0,1.0,0.0,9.0,14.0,9.0,2021.0,131
29.0,0.55,51.0,0.0,0.0,0.0,0.0,1.0,0.0,0.0,1.0,0.0,1185732.0,1.0,0.0,0.0,0.0,0.0,1.0,0.0,16.0,21.0,12.0,2021.0,74
39.0,0.36,47.0,0.0,1.0,0.0,0.0,0.0,0.0,0.0,1.0,0.0,1128299.0,0.0,0.0,0.0,1.0,0.0,0.0,1.0,8.0,17.0,4.0,2021.0,171
39.0,0.29,43.0,1.0,0.0,0.0,0.0,0.0,0.0,0.0,1.0,0.0,1128299.0,0.0,0.0,0.0,1.0,0.0,0.0,1.0,8.0,17.0,10.0,2021.0,190
31.0,0.5,50.0,0.0,0.0,0.0,0.0,0.0,0.0,0.0,1.0,0.0,1185732.0,0.0,0.0,1.0,0.0,0.0,1.0,0.0,8.0,27.0,9.0,2020.0,210
39.0,0.42,62.0,0.0,1.0,0.0,0.0,0.0,0.0,0.0,1.0,0.0,1128299.0,0.0,0.0,0.0,1.0,0.0,1.0,0.0,8.0,17.0,4.0,2021.0,138
44.0,0.38999999999999996,33.0,0.0,0.0,0.0,0.0,1.0,0.0,0.0,1.0,0.0,1128299.0,1.0,0.0,0.0,0.0,0.0,0.0,1.0,45.0,24.0,11.0,2021.0,143
39.0,0.3,90.0,0.0,0.0,0.0,1.0,0.0,0.0,0.0,1.0,0.0,1128299.0,0.0,0.0,0.0,1.0,0.0,0.0,0.0,8.0,16.0,7.0,2021.0,600
11.0,0.4,24.999999999999993,0.0,0.0,0.0,1.0,0.0,0.0,0.0,1.0,0.0,1185732.0,0.0,0.0,1.0,0.0,0.0,1.0,0.0,32.0,2.0,3.0,2021.0,475
44.0,0.32,18.0,0.0,0.0,0.0,0.0,1.0,0.0,0.0,1.0,0.0,1185732.0,0.0,0.0,1.0,0.0,0.0,0.0,1.0,45.0,19.0,1.0,2021.0,176
10.0,0.25,60.00000000000001,0.0,0.0,0.0,0.0,1.0,0.0,0.0,1.0,0.0,1185732.0,0.0,0.0,1.0,0.0,0.0,1.0,0.0,39.0,5.0,12.0,2021.0,825
29.0,0.62,29.0,0.0,0.0,1.0,0.0,0.0,0.0,0.0,1.0,0.0,1185732.0,1.0,0.0,0.0,0.0,0.0,1.0,0.0,16.0,20.0,1.0,2021.0,158
11.0,0.4,20.0,0.0,0.0,0.0,0.0,1.0,0.0,0.0,1.0,0.0,1185732.0,0.0,0.0,1.0,0.0,0.0,1.0,0.0,32.0,2.0,3.0,2021.0,625
44.0,0.48,52.0,0.0,1.0,0.0,0.0,0.0,0.0,0.0,1.0,0.0,1128299.0,1.0,0.0,0.0,0.0,0.0,1.0,0.0,45.0,24.0,4.0,2021.0,124
11.0,0.48,53.0,0.0,0.0,0.0,0.0,0.0,0.0,0.0,1.0,0.0,1185732.0,0.0,0.0,1.0,0.0,0.0,1.0,0.0,32.0,3.0,8.0,2021.0,176
11.0,0.51,64.0,0.0,1.0,0.0,0.0,0.0,0.0,0.0,1.0,0.0,1185732.0,0.0,0.0,1.0,0.0,0.0,1.0,0.0,32.0,2.0,12.0,2021.0,244
29.0,0.35,50.0,0.0,0.0,0.0,0.0,0.0,0.0,0.0,1.0,0.0,1185732.0,0.0,0.0,0.0,0.0,0.0,1.0,0.0,16.0,23.0,5.0,2021.0,150
10.0,0.48,41.0,0.0,0.0,0.0,0.0,0.0,0.0,0.0,1.0,0.0,1185732.0,1.0,0.0,0.0,0.0,0.0,1.0,0.0,39.0,5.0,3.0,2021.0,181
10.0,0.39,41.0,0.0,0.0,0.0,0.0,1.0,0.0,0.0,1.0,0.0,1185732.0,1.0,0.0,0.0,0.0,0.0,1.0,0.0,39.0,7.0,10.0,2021.0,176
11.0,0.52,29.0,0.0,0.0,0.0,1.0,0.0,0.0,0.0,1.0,0.0,1185732.0,0.0,0.0,0.0,0.0,0.0,1.0,0.0,32.0,13.0,1.0,2021.0,123
29.0,0.45999999999999996,46.0,0.0,0.0,0.0,0.0,0.0,0.0,0.0,1.0,0.0,1185732.0,0.0,0.0,0.0,0.0,0.0,1.0,0.0,16.0,23.0,5.0,2021.0,42
39.0,0.3,60.0,0.0,0.0,0.0,1.0,0.0,0.0,0.0,1.0,0.0,1128299.0,0.0,0.0,1.0,0.0,0.0,0.0,1.0,8.0,16.0,3.0,2021.0,325
3.0,0.25,70.0,0.0,0.0,1.0,0.0,0.0,0.0,0.0,1.0,0.0,1128299.0,1.0,0.0,0.0,0.0,0.0,1.0,0.0,9.0,12.0,12.0,2021.0,500
11.0,0.4,50.0,0.0,0.0,0.0,1.0,0.0,0.0,0.0,1.0,0.0,1185732.0,0.0,0.0,1.0,0.0,0.0,1.0,0.0,32.0,4.0,6.0,2021.0,650
44.0,0.3,75.0,0.0,0.0,1.0,0.0,0.0,0.0,0.0,1.0,0.0,1128299.0,1.0,0.0,0.0,0.0,0.0,0.0,0.0,45.0,24.0,8.0,2021.0,250
44.0,0.42,34.0,0.0,1.0,0.0,0.0,0.0,0.0,0.0,1.0,0.0,1128299.0,1.0,0.0,0.0,0.0,0.0,0.0,1.0,45.0,24.0,11.0,2021.0,173
31.0,0.45,45.0,0.0,1.0,0.0,0.0,0.0,0.0,0.0,1.0,0.0,1185732.0,1.0,0.0,0.0,0.0,0.0,0.0,0.0,8.0,12.0,8.0,2020.0,1100
39.0,0.44,86.0,0.0,0.0,0.0,0.0,1.0,0.0,0.0,1.0,0.0,1128299.0,0.0,0.0,0.0,1.0,0.0,1.0,0.0,8.0,16.0,7.0,2021.0,189
3.0,0.5,50.0,0.0,0.0,0.0,0.0,1.0,0.0,0.0,1.0,0.0,1128299.0,0.0,0.0,1.0,0.0,0.0,1.0,0.0,9.0,13.0,4.0,2021.0,94
11.0,0.4,30.0,0.0,1.0,0.0,0.0,0.0,0.0,0.0,1.0,0.0,1185732.0,0.0,0.0,1.0,0.0,0.0,1.0,0.0,32.0,2.0,3.0,2021.0,920
39.0,0.3,60.00000000000001,0.0,0.0,0.0,0.0,1.0,0.0,0.0,1.0,0.0,1128299.0,0.0,0.0,0.0,1.0,0.0,0.0,0.0,8.0,18.0,9.0,2021.0,300
10.0,0.38,24.0,0.0,0.0,0.0,0.0,1.0,0.0,0.0,1.0,0.0,1185732.0,1.0,0.0,0.0,0.0,0.0,1.0,0.0,39.0,5.0,3.0,2021.0,181
10.0,0.45,50.0,0.0,1.0,0.0,0.0,0.0,0.0,0.0,1.0,0.0,1185732.0,1.0,0.0,0.0,0.0,0.0,1.0,0.0,39.0,5.0,5.0,2021.0,1045
10.0,0.5,35.0,0.0,0.0,1.0,0.0,0.0,0.0,0.0,1.0,0.0,1185732.0,1.0,0.0,0.0,0.0,0.0,1.0,0.0,39.0,5.0,3.0,2021.0,725
3.0,0.54,47.0,0.0,0.0,0.0,1.0,0.0,0.0,0.0,1.0,0.0,1128299.0,0.0,0.0,1.0,0.0,0.0,1.0,0.0,9.0,14.0,5.0,2021.0,91
10.0,0.45,70.0,0.0,1.0,0.0,0.0,0.0,0.0,0.0,1.0,0.0,1185732.0,1.0,0.0,0.0,0.0,0.0,1.0,0.0,39.0,5.0,12.0,2021.0,1075
44.0,0.3,50.0,0.0,0.0,1.0,0.0,0.0,0.0,0.0,1.0,0.0,1128299.0,1.0,0.0,0.0,0.0,0.0,0.0,0.0,45.0,23.0,3.0,2021.0,300
39.0,0.37,30.0,0.0,0.0,0.0,1.0,0.0,0.0,0.0,1.0,0.0,1185732.0,0.0,0.0,0.0,0.0,1.0,0.0,1.0,8.0,12.0,1.0,2021.0,170
44.0,0.51,64.0,0.0,0.0,0.0,0.0,0.0,0.0,0.0,1.0,0.0,1128299.0,1.0,0.0,0.0,0.0,0.0,1.0,0.0,45.0,24.0,8.0,2021.0,106
3.0,0.45,40.0,0.0,1.0,0.0,0.0,0.0,0.0,0.0,1.0,0.0,1185732.0,1.0,0.0,0.0,0.0,0.0,1.0,0.0,9.0,7.0,2.0,2021.0,1075
39.0,0.33999999999999997,49.0,0.0,0.0,0.0,0.0,1.0,0.0,0.0,1.0,0.0,1128299.0,0.0,0.0,0.0,1.0,0.0,0.0,1.0,8.0,17.0,4.0,2021.0,132
3.0,0.42000000000000004,36.0,0.0,1.0,0.0,0.0,0.0,0.0,0.0,1.0,0.0,1128299.0,0.0,0.0,1.0,0.0,0.0,0.0,1.0,9.0,13.0,11.0,2021.0,173
3.0,0.47,47.0,0.0,0.0,0.0,0.0,0.0,0.0,0.0,1.0,0.0,1185732.0,1.0,0.0,0.0,0.0,0.0,1.0,0.0,9.0,9.0,1.0,2021.0,189
3.0,0.48,52.0,0.0,0.0,0.0,0.0,1.0,0.0,0.0,1.0,0.0,1128299.0,0.0,0.0,1.0,0.0,0.0,1.0,0.0,9.0,13.0,6.0,2021.0,142
3.0,0.4,55.00000000000001,1.0,0.0,0.0,0.0,0.0,0.0,0.0,1.0,0.0,1128299.0,0.0,0.0,1.0,0.0,0.0,1.0,0.0,9.0,13.0,6.0,2021.0,525
39.0,0.25,70.0,1.0,0.0,0.0,0.0,0.0,0.0,0.0,1.0,0.0,1128299.0,0.0,0.0,0.0,1.0,0.0,0.0,1.0,8.0,17.0,4.0,2021.0,350
3.0,0.6,37.0,0.0,0.0,1.0,0.0,0.0,0.0,0.0,1.0,0.0,1185732.0,1.0,0.0,0.0,0.0,0.0,1.0,0.0,9.0,9.0,1.0,2021.0,239
10.0,0.45,35.0,0.0,1.0,0.0,0.0,0.0,0.0,0.0,1.0,0.0,1185732.0,1.0,0.0,0.0,0.0,0.0,1.0,0.0,39.0,5.0,3.0,2021.0,1020
44.0,0.33999999999999997,55.0,0.0,0.0,1.0,0.0,0.0,0.0,0.0,1.0,0.0,1128299.0,1.0,0.0,0.0,0.0,0.0,0.0,1.0,45.0,24.0,8.0,2021.0,80
11.0,0.4,35.00000000000001,0.0,0.0,0.0,1.0,0.0,0.0,0.0,1.0,0.0,1185732.0,0.0,0.0,1.0,0.0,0.0,1.0,0.0,32.0,4.0,10.0,2021.0,550
31.0,0.65,59.0,0.0,0.0,1.0,0.0,0.0,0.0,0.0,1.0,0.0,1185732.0,0.0,0.0,1.0,0.0,0.0,1.0,0.0,8.0,4.0,10.0,2020.0,223
11.0,0.4,30.0,0.0,1.0,0.0,0.0,0.0,0.0,0.0,1.0,0.0,1185732.0,0.0,0.0,1.0,0.0,0.0,1.0,0.0,32.0,3.0,4.0,2021.0,875
10.0,0.5700000000000001,33.0,0.0,1.0,0.0,0.0,0.0,0.0,0.0,1.0,0.0,1185732.0,1.0,0.0,0.0,0.0,0.0,1.0,0.0,39.0,6.0,4.0,2021.0,283
10.0,0.25,55.00000000000001,0.0,0.0,0.0,0.0,1.0,0.0,0.0,1.0,0.0,1185732.0,1.0,0.0,0.0,0.0,0.0,1.0,0.0,39.0,5.0,7.0,2021.0,825
3.0,0.4,60.00000000000001,1.0,0.0,0.0,0.0,0.0,0.0,0.0,1.0,0.0,1128299.0,0.0,0.0,1.0,0.0,0.0,1.0,0.0,9.0,13.0,8.0,2021.0,625
3.0,0.5,47.0,0.0,1.0,0.0,0.0,0.0,0.0,0.0,1.0,0.0,1128299.0,0.0,0.0,1.0,0.0,0.0,1.0,0.0,9.0,12.0,7.0,2021.0,196
39.0,0.33999999999999997,39.0,0.0,0.0,0.0,1.0,0.0,0.0,0.0,1.0,0.0,1128299.0,0.0,0.0,0.0,1.0,0.0,0.0,1.0,8.0,18.0,5.0,2021.0,107
3.0,0.25,50.0,0.0,0.0,1.0,0.0,0.0,0.0,0.0,1.0,0.0,1128299.0,0.0,0.0,1.0,0.0,0.0,1.0,0.0,9.0,12.0,3.0,2021.0,350
31.0,0.63,55.0,0.0,0.0,1.0,0.0,0.0,0.0,0.0,1.0,0.0,1185732.0,0.0,0.0,1.0,0.0,0.0,1.0,0.0,8.0,28.0,9.0,2020.0,223
44.0,0.42,65.0,0.0,0.0,0.0,1.0,0.0,0.0,0.0,1.0,0.0,1128299.0,1.0,0.0,0.0,0.0,0.0,0.0,1.0,45.0,23.0,7.0,2021.0,187
39.0,0.42,77.0,0.0,0.0,0.0,1.0,0.0,0.0,0.0,1.0,0.0,1128299.0,0.0,0.0,0.0,1.0,0.0,1.0,0.0,8.0,17.0,6.0,2021.0,155
3.0,0.31,53.0,0.0,0.0,1.0,0.0,0.0,0.0,0.0,1.0,0.0,1128299.0,0.0,0.0,1.0,0.0,0.0,0.0,1.0,9.0,14.0,5.0,2021.0,124
10.0,0.35,70.0,0.0,0.0,0.0,0.0,0.0,0.0,0.0,1.0,0.0,1185732.0,1.0,0.0,0.0,0.0,0.0,1.0,0.0,39.0,6.0,11.0,2021.0,725
29.0,0.52,36.0,0.0,0.0,0.0,1.0,0.0,0.0,0.0,1.0,0.0,1185732.0,0.0,0.0,0.0,0.0,0.0,1.0,0.0,16.0,21.0,3.0,2021.0,27
31.0,0.48,42.0,1.0,0.0,0.0,0.0,0.0,0.0,0.0,1.0,0.0,1185732.0,1.0,0.0,0.0,0.0,0.0,1.0,0.0,8.0,19.0,8.0,2020.0,225
44.0,0.48,52.0,0.0,0.0,0.0,1.0,0.0,0.0,0.0,1.0,0.0,1128299.0,1.0,0.0,0.0,0.0,0.0,1.0,0.0,45.0,24.0,11.0,2021.0,113
11.0,0.45999999999999996,42.0,1.0,0.0,0.0,0.0,0.0,0.0,0.0,1.0,0.0,1185732.0,0.0,0.0,1.0,0.0,0.0,1.0,0.0,32.0,2.0,5.0,2021.0,182
3.0,0.39,29.0,0.0,0.0,0.0,0.0,1.0,0.0,0.0,1.0,0.0,1185732.0,1.0,0.0,0.0,0.0,0.0,1.0,0.0,9.0,9.0,1.0,2021.0,248
44.0,0.35,40.0,0.0,1.0,0.0,0.0,0.0,0.0,0.0,1.0,0.0,1128299.0,1.0,0.0,0.0,0.0,0.0,0.0,0.0,45.0,23.0,3.0,2021.0,475
44.0,0.47,45.0,1.0,0.0,0.0,0.0,0.0,0.0,0.0,1.0,0.0,1128299.0,1.0,0.0,0.0,0.0,0.0,1.0,0.0,45.0,23.0,3.0,2021.0,85
29.0,0.4,40.0,0.0,0.0,1.0,0.0,0.0,0.0,0.0,1.0,0.0,1185732.0,0.0,0.0,0.0,0.0,0.0,1.0,0.0,16.0,22.0,2.0,2021.0,300
44.0,0.32999999999999996,82.0,0.0,0.0,1.0,0.0,0.0,0.0,0.0,1.0,0.0,1128299.0,1.0,0.0,0.0,0.0,0.0,0.0,1.0,45.0,23.0,7.0,2021.0,186
44.0,0.37,37.0,0.0,1.0,0.0,0.0,0.0,0.0,0.0,1.0,0.0,1128299.0,1.0,0.0,0.0,0.0,0.0,0.0,1.0,45.0,24.0,6.0,2021.0,233
11.0,0.4,24.999999999999993,0.0,0.0,0.0,1.0,0.0,0.0,0.0,1.0,0.0,1185732.0,0.0,0.0,1.0,0.0,0.0,1.0,0.0,32.0,3.0,4.0,2021.0,500
3.0,0.35,65.0,0.0,0.0,1.0,0.0,0.0,0.0,0.0,1.0,0.0,1128299.0,0.0,0.0,1.0,0.0,0.0,1.0,0.0,9.0,13.0,11.0,2021.0,124
29.0,0.4,40.0,0.0,0.0,0.0,0.0,1.0,0.0,0.0,1.0,0.0,1185732.0,0.0,0.0,0.0,0.0,0.0,1.0,0.0,16.0,21.0,7.0,2021.0,275
11.0,0.5,54.99999999999999,0.0,0.0,1.0,0.0,0.0,0.0,0.0,1.0,0.0,1185732.0,0.0,0.0,1.0,0.0,0.0,1.0,0.0,32.0,2.0,5.0,2021.0,700
39.0,0.31,44.0,1.0,0.0,0.0,0.0,0.0,0.0,0.0,1.0,0.0,1128299.0,0.0,0.0,1.0,0.0,0.0,0.0,1.0,8.0,16.0,3.0,2021.0,124
10.0,0.35,60.00000000000001,1.0,0.0,0.0,0.0,0.0,0.0,0.0,1.0,0.0,1185732.0,1.0,0.0,0.0,0.0,0.0,1.0,0.0,39.0,5.0,12.0,2021.0,875
44.0,0.37,34.0,1.0,0.0,0.0,0.0,0.0,0.0,0.0,1.0,0.0,1128299.0,1.0,0.0,0.0,0.0,0.0,0.0,1.0,45.0,24.0,11.0,2021.0,221
44.0,0.44999999999999996,51.0,1.0,0.0,0.0,0.0,0.0,0.0,0.0,1.0,0.0,1128299.0,1.0,0.0,0.0,0.0,0.0,1.0,0.0,45.0,25.0,5.0,2021.0,98
11.0,0.4,50.0,0.0,0.0,0.0,0.0,1.0,0.0,0.0,1.0,0.0,1185732.0,0.0,0.0,1.0,0.0,0.0,1.0,0.0,32.0,4.0,6.0,2021.0,675
11.0,0.35,60.00000000000001,1.0,0.0,0.0,0.0,0.0,0.0,0.0,1.0,0.0,1185732.0,0.0,0.0,1.0,0.0,0.0,1.0,0.0,32.0,2.0,12.0,2021.0,775
29.0,0.52,38.0,0.0,0.0,0.0,0.0,1.0,0.0,0.0,1.0,0.0,1185732.0,0.0,0.0,0.0,0.0,0.0,1.0,0.0,16.0,21.0,7.0,2021.0,69
3.0,0.37,29.0,0.0,0.0,0.0,0.0,1.0,0.0,0.0,1.0,0.0,1185732.0,1.0,0.0,0.0,0.0,0.0,1.0,0.0,9.0,7.0,2.0,2021.0,217
39.0,0.44999999999999996,51.0,0.0,0.0,0.0,0.0,0.0,0.0,0.0,1.0,0.0,1185732.0,0.0,0.0,0.0,0.0,1.0,1.0,0.0,8.0,12.0,1.0,2021.0,165
31.0,0.62,41.0,0.0,0.0,1.0,0.0,0.0,0.0,0.0,1.0,0.0,1185732.0,1.0,0.0,0.0,0.0,0.0,1.0,0.0,8.0,11.0,8.0,2020.0,247
11.0,0.5,44.0,0.0,0.0,0.0,0.0,0.0,0.0,0.0,1.0,0.0,1185732.0,0.0,0.0,0.0,0.0,0.0,1.0,0.0,32.0,13.0,1.0,2021.0,128
29.0,0.35,45.00000000000001,1.0,0.0,0.0,0.0,0.0,0.0,0.0,1.0,0.0,1185732.0,0.0,0.0,0.0,0.0,0.0,1.0,0.0,16.0,23.0,5.0,2021.0,225
3.0,0.48,51.0,0.0,0.0,0.0,0.0,0.0,0.0,0.0,1.0,0.0,1128299.0,0.0,0.0,1.0,0.0,0.0,1.0,0.0,9.0,13.0,6.0,2021.0,72
29.0,0.54,34.0,0.0,0.0,0.0,1.0,0.0,0.0,0.0,1.0,0.0,1185732.0,0.0,0.0,0.0,0.0,0.0,1.0,0.0,16.0,22.0,2.0,2021.0,34
44.0,0.48,73.0,0.0,0.0,0.0,0.0,1.0,0.0,0.0,1.0,0.0,1128299.0,1.0,0.0,0.0,0.0,0.0,1.0,0.0,45.0,24.0,6.0,2021.0,195
39.0,0.32999999999999996,64.0,0.0,0.0,0.0,0.0,1.0,0.0,0.0,1.0,0.0,1128299.0,0.0,0.0,0.0,0.0,1.0,0.0,1.0,8.0,16.0,12.0,2021.0,204
29.0,0.48,38.0,0.0,0.0,0.0,0.0,0.0,0.0,0.0,1.0,0.0,1185732.0,1.0,0.0,0.0,0.0,0.0,1.0,0.0,16.0,20.0,1.0,2021.0,115
44.0,0.61,34.0,0.0,1.0,0.0,0.0,0.0,0.0,0.0,1.0,0.0,1185732.0,0.0,0.0,1.0,0.0,0.0,1.0,0.0,45.0,19.0,1.0,2021.0,203
44.0,0.5,58.0,0.0,0.0,0.0,0.0,0.0,0.0,0.0,1.0,0.0,1128299.0,1.0,0.0,0.0,0.0,0.0,1.0,0.0,45.0,25.0,9.0,2021.0,56
31.0,0.49,62.0,0.0,0.0,0.0,0.0,0.0,0.0,0.0,1.0,0.0,1185732.0,0.0,0.0,0.0,0.0,1.0,1.0,0.0,8.0,9.0,9.0,2020.0,233
11.0,0.5,35.0,0.0,0.0,1.0,0.0,0.0,0.0,0.0,1.0,0.0,1185732.0,0.0,0.0,0.0,0.0,0.0,1.0,0.0,32.0,13.0,1.0,2021.0,575
10.0,0.5,34.0,1.0,0.0,0.0,0.0,0.0,0.0,0.0,1.0,0.0,1185732.0,0.0,0.0,1.0,0.0,0.0,1.0,0.0,39.0,6.0,1.0,2021.0,181
10.0,0.3,50.0,0.0,0.0,0.0,1.0,0.0,0.0,0.0,1.0,0.0,1185732.0,1.0,0.0,0.0,0.0,0.0,1.0,0.0,39.0,7.0,6.0,2021.0,750
31.0,0.5,64.0,0.0,0.0,0.0,0.0,0.0,0.0,0.0,1.0,0.0,1185732.0,0.0,0.0,1.0,0.0,0.0,1.0,0.0,8.0,9.0,10.0,2020.0,195
11.0,0.49,65.0,0.0,0.0,0.0,0.0,0.0,0.0,0.0,1.0,0.0,1185732.0,0.0,0.0,0.0,0.0,0.0,1.0,0.0,32.0,2.0,12.0,2021.0,169
29.0,0.54,43.0,0.0,0.0,0.0,0.0,1.0,0.0,0.0,1.0,0.0,1185732.0,0.0,0.0,0.0,0.0,0.0,1.0,0.0,16.0,22.0,10.0,2021.0,47
39.0,0.3,55.00000000000001,0.0,0.0,0.0,1.0,0.0,0.0,0.0,1.0,0.0,1128299.0,0.0,0.0,0.0,1.0,0.0,0.0,1.0,8.0,17.0,4.0,2021.0,300
11.0,0.63,64.0,0.0,0.0,1.0,0.0,0.0,0.0,0.0,1.0,0.0,1185732.0,0.0,0.0,1.0,0.0,0.0,1.0,0.0,32.0,2.0,7.0,2021.0,263
39.0,0.3,65.0,0.0,1.0,0.0,0.0,0.0,0.0,0.0,1.0,0.0,1128299.0,0.0,0.0,0.0,1.0,0.0,0.0,1.0,8.0,17.0,4.0,2021.0,550
39.0,0.51,33.0,0.0,0.0,1.0,0.0,0.0,0.0,0.0,1.0,0.0,1128299.0,0.0,0.0,1.0,0.0,0.0,0.0,1.0,8.0,17.0,2.0,2021.0,124
11.0,0.4,65.0,0.0,1.0,0.0,0.0,0.0,0.0,0.0,1.0,0.0,1185732.0,0.0,0.0,1.0,0.0,0.0,1.0,0.0,32.0,3.0,8.0,2021.0,1025
44.0,0.47,53.0,0.0,1.0,0.0,0.0,0.0,0.0,0.0,1.0,0.0,1128299.0,1.0,0.0,0.0,0.0,0.0,1.0,0.0,45.0,24.0,6.0,2021.0,233
31.0,0.49,60.0,0.0,0.0,0.0,0.0,0.0,0.0,0.0,1.0,0.0,1185732.0,1.0,0.0,0.0,0.0,0.0,1.0,0.0,8.0,24.0,5.0,2020.0,202
29.0,0.4,55.00000000000001,0.0,0.0,1.0,0.0,0.0,0.0,0.0,1.0,0.0,1185732.0,0.0,0.0,0.0,0.0,0.0,1.0,0.0,16.0,23.0,5.0,2021.0,275
39.0,0.35,77.0,1.0,0.0,0.0,0.0,0.0,0.0,0.0,1.0,0.0,1128299.0,0.0,0.0,0.0,1.0,0.0,1.0,0.0,8.0,17.0,8.0,2021.0,206
31.0,0.3,40.0,0.0,0.0,0.0,1.0,0.0,0.0,0.0,1.0,0.0,1185732.0,0.0,0.0,0.0,0.0,1.0,0.0,0.0,8.0,24.0,4.0,2020.0,650
39.0,0.33999999999999997,47.0,0.0,0.0,0.0,1.0,0.0,0.0,0.0,1.0,0.0,1128299.0,0.0,0.0,0.0,1.0,0.0,0.0,1.0,8.0,17.0,11.0,2021.0,170
44.0,0.44,59.0,0.0,0.0,1.0,0.0,0.0,0.0,0.0,1.0,0.0,1128299.0,1.0,0.0,0.0,0.0,0.0,1.0,0.0,45.0,24.0,10.0,2021.0,102
29.0,0.35,60.0,0.0,0.0,0.0,0.0,0.0,0.0,0.0,1.0,0.0,1185732.0,1.0,0.0,0.0,0.0,0.0,1.0,0.0,16.0,21.0,12.0,2021.0,225
11.0,0.35,75.00000000000001,0.0,0.0,0.0,0.0,0.0,0.0,0.0,1.0,0.0,1185732.0,0.0,0.0,1.0,0.0,0.0,1.0,0.0,32.0,3.0,11.0,2021.0,625
3.0,0.42,36.0,0.0,0.0,0.0,0.0,1.0,0.0,0.0,1.0,0.0,1128299.0,1.0,0.0,0.0,0.0,0.0,0.0,1.0,9.0,12.0,12.0,2021.0,147
31.0,0.4,44.0,0.0,0.0,0.0,1.0,0.0,0.0,0.0,1.0,0.0,1185732.0,1.0,0.0,0.0,0.0,0.0,1.0,0.0,8.0,20.0,9.0,2020.0,233
31.0,0.47,51.0,1.0,0.0,0.0,0.0,0.0,0.0,0.0,1.0,0.0,1185732.0,0.0,0.0,1.0,0.0,0.0,1.0,0.0,8.0,24.0,5.0,2020.0,254
39.0,0.24000000000000002,44.0,0.0,0.0,0.0,0.0,0.0,0.0,0.0,1.0,0.0,1128299.0,0.0,0.0,1.0,0.0,0.0,0.0,1.0,8.0,17.0,2.0,2021.0,62
10.0,0.25,45.000000000000014,0.0,0.0,0.0,0.0,1.0,0.0,0.0,1.0,0.0,1185732.0,1.0,0.0,0.0,0.0,0.0,1.0,0.0,39.0,7.0,10.0,2021.0,675
29.0,0.4,50.0,0.0,1.0,0.0,0.0,0.0,0.0,0.0,1.0,0.0,1185732.0,0.0,0.0,0.0,0.0,0.0,1.0,0.0,16.0,23.0,9.0,2021.0,525
10.0,0.65,56.0,0.0,0.0,1.0,0.0,0.0,0.0,0.0,1.0,0.0,1185732.0,1.0,0.0,0.0,0.0,0.0,1.0,0.0,39.0,7.0,10.0,2021.0,225
11.0,0.4,45.00000000000001,0.0,1.0,0.0,0.0,0.0,0.0,0.0,1.0,0.0,1185732.0,0.0,0.0,1.0,0.0,0.0,1.0,0.0,32.0,4.0,10.0,2021.0,875
39.0,0.27,60.0,1.0,0.0,0.0,0.0,0.0,0.0,0.0,1.0,0.0,1128299.0,0.0,0.0,0.0,1.0,0.0,0.0,1.0,8.0,17.0,8.0,2021.0,272
29.0,0.4,40.0,0.0,0.0,0.0,0.0,1.0,0.0,0.0,1.0,0.0,1185732.0,0.0,0.0,0.0,0.0,0.0,1.0,0.0,16.0,22.0,4.0,2021.0,175
31.0,0.45,65.0,0.0,1.0,0.0,0.0,0.0,0.0,0.0,1.0,0.0,1185732.0,0.0,0.0,0.0,0.0,1.0,0.0,0.0,8.0,11.0,9.0,2020.0,1150
39.0,0.45,95.00000000000001,0.0,0.0,1.0,0.0,0.0,0.0,0.0,1.0,0.0,1128299.0,0.0,0.0,0.0,0.0,1.0,0.0,0.0,8.0,16.0,12.0,2021.0,625
39.0,0.6,72.0,0.0,0.0,1.0,0.0,0.0,0.0,0.0,1.0,0.0,1128299.0,0.0,0.0,0.0,1.0,0.0,1.0,0.0,8.0,17.0,4.0,2021.0,109
10.0,0.5,55.00000000000001,0.0,0.0,1.0,0.0,0.0,0.0,0.0,1.0,0.0,1185732.0,1.0,0.0,0.0,0.0,0.0,1.0,0.0,39.0,5.0,9.0,2021.0,800
39.0,0.41,53.0,0.0,0.0,0.0,0.0,1.0,0.0,0.0,1.0,0.0,1128299.0,0.0,0.0,0.0,1.0,0.0,1.0,0.0,8.0,17.0,11.0,2021.0,147
31.0,0.5,70.0,0.0,0.0,1.0,0.0,0.0,0.0,0.0,1.0,0.0,1185732.0,0.0,0.0,0.0,0.0,1.0,0.0,0.0,8.0,10.0,9.0,2020.0,925
10.0,0.3,55.00000000000001,0.0,0.0,0.0,1.0,0.0,0.0,0.0,1.0,0.0,1185732.0,1.0,0.0,0.0,0.0,0.0,1.0,0.0,39.0,5.0,7.0,2021.0,775
29.0,0.51,49.0,0.0,1.0,0.0,0.0,0.0,0.0,0.0,1.0,0.0,1185732.0,0.0,0.0,0.0,0.0,0.0,1.0,0.0,16.0,23.0,5.0,2021.0,156
31.0,0.5,60.00000000000001,0.0,0.0,1.0,0.0,0.0,0.0,0.0,1.0,0.0,1185732.0,0.0,0.0,1.0,0.0,0.0,0.0,0.0,8.0,28.0,9.0,2020.0,825
10.0,0.35,50.0,1.0,0.0,0.0,0.0,0.0,0.0,0.0,1.0,0.0,1185732.0,1.0,0.0,0.0,0.0,0.0,1.0,0.0,39.0,5.0,5.0,2021.0,750
39.0,0.30000000000000004,77.0,0.0,0.0,0.0,0.0,0.0,0.0,0.0,1.0,0.0,1128299.0,0.0,0.0,0.0,1.0,0.0,1.0,0.0,8.0,17.0,11.0,2021.0,124
10.0,0.3,40.0,0.0,0.0,0.0,1.0,0.0,0.0,0.0,1.0,0.0,1185732.0,1.0,0.0,0.0,0.0,0.0,1.0,0.0,39.0,5.0,9.0,2021.0,700
10.0,0.5,70.0,0.0,0.0,1.0,0.0,0.0,0.0,0.0,1.0,0.0,1185732.0,1.0,0.0,0.0,0.0,0.0,1.0,0.0,39.0,7.0,6.0,2021.0,925
11.0,0.5,32.0,0.0,1.0,0.0,0.0,0.0,0.0,0.0,1.0,0.0,1185732.0,0.0,0.0,0.0,0.0,0.0,1.0,0.0,32.0,11.0,2.0,2021.0,231
11.0,0.55,46.0,0.0,1.0,0.0,0.0,0.0,0.0,0.0,1.0,0.0,1185732.0,0.0,0.0,1.0,0.0,0.0,1.0,0.0,32.0,4.0,6.0,2021.0,238
10.0,0.5,33.0,0.0,1.0,0.0,0.0,0.0,0.0,0.0,1.0,0.0,1185732.0,0.0,0.0,1.0,0.0,0.0,1.0,0.0,39.0,6.0,1.0,2021.0,231
3.0,0.48,54.0,0.0,0.0,0.0,0.0,0.0,0.0,0.0,1.0,0.0,1128299.0,0.0,0.0,1.0,0.0,0.0,1.0,0.0,9.0,12.0,7.0,2021.0,138
3.0,0.45999999999999996,54.0,0.0,0.0,0.0,0.0,1.0,0.0,0.0,1.0,0.0,1128299.0,0.0,0.0,1.0,0.0,0.0,1.0,0.0,9.0,13.0,8.0,2021.0,150
31.0,0.45,45.0,0.0,1.0,0.0,0.0,0.0,0.0,0.0,1.0,0.0,1185732.0,1.0,0.0,0.0,0.0,0.0,0.0,0.0,8.0,24.0,4.0,2020.0,1025
31.0,0.63,64.0,0.0,0.0,1.0,0.0,0.0,0.0,0.0,1.0,0.0,1185732.0,1.0,0.0,0.0,0.0,0.0,1.0,0.0,8.0,24.0,5.0,2020.0,219
44.0,0.45999999999999996,62.0,1.0,0.0,0.0,0.0,0.0,0.0,0.0,1.0,0.0,1128299.0,1.0,0.0,0.0,0.0,0.0,1.0,0.0,45.0,24.0,6.0,2021.0,176
44.0,0.5,35.0,0.0,1.0,0.0,0.0,0.0,0.0,0.0,1.0,0.0,1185732.0,0.0,0.0,1.0,0.0,0.0,0.0,0.0,45.0,17.0,2.0,2021.0,800
31.0,0.3,50.000000000000014,0.0,0.0,0.0,1.0,0.0,0.0,0.0,1.0,0.0,1185732.0,0.0,0.0,1.0,0.0,0.0,0.0,0.0,8.0,2.0,10.0,2020.0,700
11.0,0.4,55.00000000000001,0.0,0.0,0.0,0.0,1.0,0.0,0.0,1.0,0.0,1185732.0,0.0,0.0,1.0,0.0,0.0,1.0,0.0,32.0,3.0,8.0,2021.0,725
10.0,0.45999999999999996,48.0,0.0,0.0,0.0,0.0,0.0,0.0,0.0,1.0,0.0,1185732.0,1.0,0.0,0.0,0.0,0.0,1.0,0.0,39.0,5.0,9.0,2021.0,175
3.0,0.52,52.0,1.0,0.0,0.0,0.0,0.0,0.0,0.0,1.0,0.0,1128299.0,0.0,0.0,1.0,0.0,0.0,1.0,0.0,9.0,14.0,5.0,2021.0,108
31.0,0.37,50.0,0.0,0.0,0.0,0.0,1.0,0.0,0.0,1.0,0.0,1185732.0,0.0,0.0,0.0,0.0,1.0,1.0,0.0,8.0,13.0,9.0,2020.0,215
31.0,0.45,60.00000000000001,0.0,1.0,0.0,0.0,0.0,0.0,0.0,1.0,0.0,1185732.0,0.0,0.0,1.0,0.0,0.0,0.0,0.0,8.0,5.0,10.0,2020.0,975
10.0,0.63,39.0,0.0,0.0,1.0,0.0,0.0,0.0,0.0,1.0,0.0,1185732.0,1.0,0.0,0.0,0.0,0.0,1.0,0.0,39.0,6.0,4.0,2021.0,209
44.0,0.41,54.0,1.0,0.0,0.0,0.0,0.0,0.0,0.0,1.0,0.0,1128299.0,1.0,0.0,0.0,0.0,0.0,0.0,1.0,45.0,23.0,12.0,2021.0,225
44.0,0.55,35.0,0.0,0.0,1.0,0.0,0.0,0.0,0.0,1.0,0.0,1185732.0,0.0,0.0,1.0,0.0,0.0,0.0,0.0,45.0,19.0,1.0,2021.0,550
31.0,0.6,60.0,0.0,1.0,0.0,0.0,0.0,0.0,0.0,1.0,0.0,1185732.0,0.0,0.0,0.0,0.0,1.0,1.0,0.0,8.0,11.0,9.0,2020.0,299
39.0,0.29,26.0,0.0,0.0,0.0,0.0,1.0,0.0,0.0,1.0,0.0,1185732.0,0.0,0.0,0.0,0.0,1.0,0.0,1.0,8.0,12.0,1.0,2021.0,202
10.0,0.54,24.0,0.0,0.0,0.0,0.0,1.0,0.0,0.0,1.0,0.0,1185732.0,0.0,0.0,1.0,0.0,0.0,1.0,0.0,39.0,6.0,1.0,2021.0,189
3.0,0.35,45.000000000000014,0.0,0.0,0.0,0.0,1.0,0.0,0.0,1.0,0.0,1128299.0,0.0,0.0,1.0,0.0,0.0,1.0,0.0,9.0,13.0,10.0,2021.0,350
31.0,0.45,55.00000000000001,0.0,1.0,0.0,0.0,0.0,0.0,0.0,1.0,0.0,1185732.0,0.0,0.0,0.0,0.0,1.0,0.0,0.0,8.0,24.0,4.0,2020.0,1070
29.0,0.4,55.00000000000001,0.0,0.0,0.0,0.0,1.0,0.0,0.0,1.0,0.0,1185732.0,1.0,0.0,0.0,0.0,0.0,1.0,0.0,16.0,21.0,12.0,2021.0,275
3.0,0.37,36.0,0.0,0.0,0.0,0.0,1.0,0.0,0.0,1.0,0.0,1128299.0,0.0,0.0,1.0,0.0,0.0,0.0,1.0,9.0,13.0,4.0,2021.0,113
39.0,0.5800000000000001,67.0,0.0,0.0,1.0,0.0,0.0,0.0,0.0,1.0,0.0,1128299.0,0.0,0.0,0.0,1.0,0.0,1.0,0.0,8.0,18.0,5.0,2021.0,173
39.0,0.4,58.0,0.0,1.0,0.0,0.0,0.0,0.0,0.0,1.0,0.0,1128299.0,0.0,0.0,0.0,1.0,0.0,1.0,0.0,8.0,18.0,9.0,2021.0,140
31.0,0.35,50.000000000000014,1.0,0.0,0.0,0.0,0.0,0.0,0.0,1.0,0.0,1185732.0,1.0,0.0,0.0,0.0,0.0,0.0,0.0,8.0,24.0,9.0,2020.0,850
31.0,0.47,58.0,0.0,0.0,0.0,0.0,0.0,0.0,0.0,1.0,0.0,1185732.0,0.0,0.0,0.0,0.0,1.0,1.0,0.0,8.0,24.0,4.0,2020.0,196
44.0,0.32,40.0,0.0,0.0,1.0,0.0,0.0,0.0,0.0,1.0,0.0,1128299.0,1.0,0.0,0.0,0.0,0.0,0.0,1.0,45.0,24.0,10.0,2021.0,109
44.0,0.35,50.000000000000014,0.0,0.0,0.0,0.0,1.0,0.0,0.0,1.0,0.0,1128299.0,1.0,0.0,0.0,0.0,0.0,0.0,0.0,45.0,25.0,9.0,2021.0,250
3.0,0.35,64.0,0.0,0.0,1.0,0.0,0.0,0.0,0.0,1.0,0.0,1128299.0,1.0,0.0,0.0,0.0,0.0,1.0,0.0,9.0,12.0,12.0,2021.0,135
39.0,0.3,80.00000000000001,0.0,0.0,0.0,1.0,0.0,0.0,0.0,1.0,0.0,1128299.0,0.0,0.0,0.0,0.0,1.0,0.0,0.0,8.0,16.0,12.0,2021.0,600
10.0,0.25,25.0,0.0,0.0,0.0,0.0,1.0,0.0,0.0,1.0,0.0,1185732.0,1.0,0.0,0.0,0.0,0.0,1.0,0.0,39.0,6.0,4.0,2021.0,675
11.0,0.6,29.0,0.0,0.0,1.0,0.0,0.0,0.0,0.0,1.0,0.0,1185732.0,0.0,0.0,1.0,0.0,0.0,1.0,0.0,32.0,4.0,2.0,2021.0,203
3.0,0.4,50.000000000000014,1.0,0.0,0.0,0.0,0.0,0.0,0.0,1.0,0.0,1128299.0,0.0,0.0,1.0,0.0,0.0,1.0,0.0,9.0,14.0,9.0,2021.0,600
29.0,0.4,50.0,0.0,1.0,0.0,0.0,0.0,0.0,0.0,1.0,0.0,1185732.0,0.0,0.0,0.0,0.0,0.0,1.0,0.0,16.0,22.0,11.0,2021.0,425
39.0,0.36,58.0,0.0,1.0,0.0,0.0,0.0,0.0,0.0,1.0,0.0,1128299.0,0.0,0.0,0.0,1.0,0.0,0.0,1.0,8.0,16.0,12.0,2021.0,280
31.0,0.38,32.0,0.0,0.0,0.0,0.0,1.0,0.0,0.0,1.0,0.0,1185732.0,1.0,0.0,0.0,0.0,0.0,1.0,0.0,8.0,14.0,8.0,2020.0,240
29.0,0.4,35.0,0.0,0.0,0.0,1.0,0.0,0.0,0.0,1.0,0.0,1185732.0,0.0,0.0,0.0,0.0,0.0,1.0,0.0,16.0,23.0,9.0,2021.0,200
44.0,0.55,85.0,0.0,0.0,0.0,0.0,0.0,0.0,0.0,1.0,0.0,1128299.0,1.0,0.0,0.0,0.0,0.0,1.0,0.0,45.0,23.0,7.0,2021.0,162
39.0,0.45,90.00000000000001,0.0,0.0,1.0,0.0,0.0,0.0,0.0,1.0,0.0,1128299.0,0.0,0.0,0.0,1.0,0.0,0.0,0.0,8.0,17.0,11.0,2021.0,600
10.0,0.5,34.0,0.0,1.0,0.0,0.0,0.0,0.0,0.0,1.0,0.0,1185732.0,0.0,0.0,1.0,0.0,0.0,1.0,0.0,39.0,4.0,2.0,2021.0,263
31.0,0.35,55.00000000000001,0.0,0.0,0.0,0.0,0.0,0.0,0.0,1.0,0.0,1185732.0,1.0,0.0,0.0,0.0,0.0,0.0,0.0,8.0,16.0,8.0,2020.0,750
39.0,0.3,95.0,0.0,0.0,0.0,0.0,1.0,0.0,0.0,1.0,0.0,1128299.0,0.0,0.0,0.0,1.0,0.0,0.0,0.0,8.0,16.0,7.0,2021.0,700
39.0,0.5,45.0,0.0,0.0,1.0,0.0,0.0,0.0,0.0,1.0,0.0,1185732.0,0.0,0.0,0.0,0.0,1.0,0.0,0.0,8.0,12.0,1.0,2021.0,650
29.0,0.35,35.00000000000001,1.0,0.0,0.0,0.0,0.0,0.0,0.0,1.0,0.0,1185732.0,0.0,0.0,0.0,0.0,0.0,1.0,0.0,16.0,22.0,6.0,2021.0,275
44.0,0.38999999999999996,43.0,1.0,0.0,0.0,0.0,0.0,0.0,0.0,1.0,0.0,1128299.0,1.0,0.0,0.0,0.0,0.0,0.0,1.0,45.0,25.0,9.0,2021.0,153
39.0,0.2,85.00000000000001,0.0,0.0,0.0,0.0,0.0,0.0,0.0,1.0,0.0,1128299.0,0.0,0.0,0.0,1.0,0.0,0.0,0.0,8.0,17.0,11.0,2021.0,475
39.0,0.2,55.00000000000001,0.0,0.0,0.0,0.0,0.0,0.0,0.0,1.0,0.0,1128299.0,0.0,0.0,1.0,0.0,0.0,0.0,1.0,8.0,17.0,2.0,2021.0,200
10.0,0.39,38.0,0.0,0.0,0.0,0.0,1.0,0.0,0.0,1.0,0.0,1185732.0,1.0,0.0,0.0,0.0,0.0,1.0,0.0,39.0,5.0,9.0,2021.0,196
10.0,0.5700000000000001,50.0,0.0,1.0,0.0,0.0,0.0,0.0,0.0,1.0,0.0,1185732.0,1.0,0.0,0.0,0.0,0.0,1.0,0.0,39.0,6.0,11.0,2021.0,278
44.0,0.5,29.0,0.0,0.0,0.0,1.0,0.0,0.0,0.0,1.0,0.0,1185732.0,0.0,0.0,1.0,0.0,0.0,1.0,0.0,45.0,19.0,1.0,2021.0,116
3.0,0.4,55.00000000000001,0.0,0.0,0.0,1.0,0.0,0.0,0.0,1.0,0.0,1128299.0,0.0,0.0,1.0,0.0,0.0,1.0,0.0,9.0,13.0,11.0,2021.0,400
39.0,0.3,55.00000000000001,0.0,0.0,0.0,0.0,1.0,0.0,0.0,1.0,0.0,1128299.0,0.0,0.0,0.0,1.0,0.0,0.0,0.0,8.0,17.0,11.0,2021.0,525
39.0,0.3,60.0,0.0,1.0,0.0,0.0,0.0,0.0,0.0,1.0,0.0,1128299.0,0.0,0.0,0.0,1.0,0.0,0.0,1.0,8.0,18.0,5.0,2021.0,575
44.0,0.3,80.00000000000001,0.0,0.0,1.0,0.0,0.0,0.0,0.0,1.0,0.0,1128299.0,1.0,0.0,0.0,0.0,0.0,0.0,0.0,45.0,24.0,11.0,2021.0,550
11.0,0.4,35.0,0.0,1.0,0.0,0.0,0.0,0.0,0.0,1.0,0.0,1185732.0,0.0,0.0,0.0,0.0,0.0,1.0,0.0,32.0,11.0,2.0,2021.0,825
11.0,0.53,44.0,0.0,0.0,0.0,1.0,0.0,0.0,0.0,1.0,0.0,1185732.0,0.0,0.0,1.0,0.0,0.0,1.0,0.0,32.0,3.0,8.0,2021.0,182
3.0,0.53,46.0,0.0,1.0,0.0,0.0,0.0,0.0,0.0,1.0,0.0,1128299.0,0.0,0.0,1.0,0.0,0.0,1.0,0.0,9.0,13.0,6.0,2021.0,176
29.0,0.35,54.99999999999999,0.0,0.0,0.0,0.0,0.0,0.0,0.0,1.0,0.0,1185732.0,0.0,0.0,0.0,0.0,0.0,1.0,0.0,16.0,21.0,3.0,2021.0,150
31.0,0.44999999999999996,46.0,1.0,0.0,0.0,0.0,0.0,0.0,0.0,1.0,0.0,1185732.0,1.0,0.0,0.0,0.0,0.0,1.0,0.0,8.0,24.0,9.0,2020.0,255
10.0,0.35,50.0,1.0,0.0,0.0,0.0,0.0,0.0,0.0,1.0,0.0,1185732.0,1.0,0.0,0.0,0.0,0.0,1.0,0.0,39.0,7.0,6.0,2021.0,800
29.0,0.35,45.00000000000001,1.0,0.0,0.0,0.0,0.0,0.0,0.0,1.0,0.0,1185732.0,0.0,0.0,0.0,0.0,0.0,1.0,0.0,16.0,22.0,8.0,2021.0,350
3.0,0.48,60.0,0.0,0.0,0.0,0.0,0.0,0.0,0.0,1.0,0.0,1128299.0,0.0,0.0,1.0,0.0,0.0,1.0,0.0,9.0,13.0,8.0,2021.0,126
44.0,0.4,55.00000000000001,0.0,0.0,0.0,0.0,0.0,0.0,0.0,1.0,0.0,1128299.0,1.0,0.0,0.0,0.0,0.0,0.0,0.0,45.0,24.0,10.0,2021.0,300
44.0,0.48,59.0,1.0,0.0,0.0,0.0,0.0,0.0,0.0,1.0,0.0,1128299.0,1.0,0.0,0.0,0.0,0.0,1.0,0.0,45.0,24.0,4.0,2021.0,69
29.0,0.5,34.0,0.0,0.0,0.0,0.0,1.0,0.0,0.0,1.0,0.0,1185732.0,0.0,0.0,0.0,0.0,0.0,1.0,0.0,16.0,21.0,3.0,2021.0,73
3.0,0.5,51.0,0.0,0.0,0.0,1.0,0.0,0.0,0.0,1.0,0.0,1128299.0,1.0,0.0,0.0,0.0,0.0,1.0,0.0,9.0,12.0,12.0,2021.0,128
31.0,0.5800000000000001,56.0,0.0,1.0,0.0,0.0,0.0,0.0,0.0,1.0,0.0,1185732.0,0.0,0.0,1.0,0.0,0.0,1.0,0.0,8.0,5.0,10.0,2020.0,244
31.0,0.3,50.0,0.0,0.0,0.0,1.0,0.0,0.0,0.0,1.0,0.0,1185732.0,0.0,0.0,0.0,0.0,1.0,0.0,0.0,8.0,24.0,4.0,2020.0,700
3.0,0.3,46.0,0.0,0.0,1.0,0.0,0.0,0.0,0.0,1.0,0.0,1128299.0,0.0,0.0,1.0,0.0,0.0,0.0,1.0,9.0,14.0,9.0,2021.0,135
10.0,0.35,60.00000000000001,1.0,0.0,0.0,0.0,0.0,0.0,0.0,1.0,0.0,1185732.0,1.0,0.0,0.0,0.0,0.0,1.0,0.0,39.0,6.0,8.0,2021.0,900
11.0,0.54,55.0,0.0,0.0,0.0,1.0,0.0,0.0,0.0,1.0,0.0,1185732.0,0.0,0.0,0.0,0.0,0.0,1.0,0.0,32.0,2.0,12.0,2021.0,196
44.0,0.35,90.0,1.0,0.0,0.0,0.0,0.0,0.0,0.0,1.0,0.0,1128299.0,1.0,0.0,0.0,0.0,0.0,0.0,0.0,45.0,23.0,7.0,2021.0,700
39.0,0.4,88.0,1.0,0.0,0.0,0.0,0.0,0.0,0.0,1.0,0.0,1128299.0,0.0,0.0,0.0,1.0,0.0,1.0,0.0,8.0,16.0,7.0,2021.0,225
39.0,0.2,95.0,0.0,0.0,0.0,0.0,0.0,0.0,0.0,1.0,0.0,1128299.0,0.0,0.0,0.0,1.0,0.0,0.0,0.0,8.0,17.0,6.0,2021.0,450
11.0,0.62,51.0,0.0,0.0,1.0,0.0,0.0,0.0,0.0,1.0,0.0,1185732.0,0.0,0.0,1.0,0.0,0.0,1.0,0.0,32.0,2.0,5.0,2021.0,203
39.0,0.3,60.00000000000001,0.0,0.0,0.0,0.0,1.0,0.0,0.0,1.0,0.0,1128299.0,0.0,0.0,0.0,1.0,0.0,0.0,0.0,8.0,17.0,10.0,2021.0,400
31.0,0.25,35.0,0.0,0.0,0.0,0.0,1.0,0.0,0.0,1.0,0.0,1185732.0,1.0,0.0,0.0,0.0,0.0,0.0,0.0,8.0,14.0,8.0,2020.0,800
3.0,0.4,60.00000000000001,1.0,0.0,0.0,0.0,0.0,0.0,0.0,1.0,0.0,1128299.0,0.0,0.0,1.0,0.0,0.0,1.0,0.0,9.0,13.0,11.0,2021.0,575
3.0,0.25,70.0,0.0,0.0,1.0,0.0,0.0,0.0,0.0,1.0,0.0,1128299.0,0.0,0.0,1.0,0.0,0.0,1.0,0.0,9.0,13.0,4.0,2021.0,350
44.0,0.47,42.0,0.0,0.0,0.0,1.0,0.0,0.0,0.0,1.0,0.0,1128299.0,1.0,0.0,0.0,0.0,0.0,1.0,0.0,45.0,24.0,4.0,2021.0,56
29.0,0.35,45.0,1.0,0.0,0.0,0.0,0.0,0.0,0.0,1.0,0.0,1185732.0,0.0,0.0,0.0,0.0,0.0,1.0,0.0,16.0,22.0,10.0,2021.0,275
10.0,0.45,55.00000000000001,0.0,1.0,0.0,0.0,0.0,0.0,0.0,1.0,0.0,1185732.0,1.0,0.0,0.0,0.0,0.0,1.0,0.0,39.0,6.0,11.0,2021.0,925
44.0,0.4,44.99999999999999,0.0,0.0,0.0,0.0,0.0,0.0,0.0,1.0,0.0,1128299.0,1.0,0.0,0.0,0.0,0.0,0.0,0.0,45.0,25.0,5.0,2021.0,175
39.0,0.38,58.0,1.0,0.0,0.0,0.0,0.0,0.0,0.0,1.0,0.0,1128299.0,0.0,0.0,1.0,0.0,0.0,1.0,0.0,8.0,16.0,3.0,2021.0,100
10.0,0.45,54.99999999999999,0.0,1.0,0.0,0.0,0.0,0.0,0.0,1.0,0.0,1185732.0,1.0,0.0,0.0,0.0,0.0,1.0,0.0,39.0,7.0,6.0,2021.0,1050
39.0,0.44999999999999996,52.0,0.0,0.0,0.0,1.0,0.0,0.0,0.0,1.0,0.0,1128299.0,0.0,0.0,0.0,1.0,0.0,1.0,0.0,8.0,17.0,4.0,2021.0,84
3.0,0.38,39.0,0.0,0.0,0.0,0.0,0.0,0.0,0.0,1.0,0.0,1128299.0,0.0,0.0,1.0,0.0,0.0,0.0,1.0,9.0,12.0,7.0,2021.0,162
10.0,0.4,35.0,0.0,1.0,0.0,0.0,0.0,0.0,0.0,1.0,0.0,1185732.0,0.0,0.0,1.0,0.0,0.0,1.0,0.0,39.0,6.0,1.0,2021.0,925
39.0,0.39999999999999997,36.0,1.0,0.0,0.0,0.0,0.0,0.0,0.0,1.0,0.0,1185732.0,0.0,0.0,0.0,0.0,1.0,0.0,1.0,8.0,12.0,1.0,2021.0,221
39.0,0.45,110.00000000000001,0.0,0.0,1.0,0.0,0.0,0.0,0.0,1.0,0.0,1128299.0,0.0,0.0,0.0,1.0,0.0,0.0,0.0,8.0,16.0,7.0,2021.0,650
29.0,0.5,42.0,0.0,0.0,0.0,1.0,0.0,0.0,0.0,1.0,0.0,1185732.0,0.0,0.0,0.0,0.0,0.0,1.0,0.0,16.0,22.0,4.0,2021.0,29
3.0,0.4,45.000000000000014,0.0,1.0,0.0,0.0,0.0,0.0,0.0,1.0,0.0,1128299.0,0.0,0.0,1.0,0.0,0.0,1.0,0.0,9.0,14.0,9.0,2021.0,600
11.0,0.35,45.00000000000001,0.0,0.0,0.0,0.0,0.0,0.0,0.0,1.0,0.0,1185732.0,0.0,0.0,1.0,0.0,0.0,1.0,0.0,32.0,4.0,10.0,2021.0,550
44.0,0.35,45.00000000000001,0.0,0.0,0.0,0.0,1.0,0.0,0.0,1.0,0.0,1128299.0,1.0,0.0,0.0,0.0,0.0,0.0,0.0,45.0,24.0,11.0,2021.0,475
44.0,0.42,73.0,0.0,0.0,1.0,0.0,0.0,0.0,0.0,1.0,0.0,1128299.0,1.0,0.0,0.0,0.0,0.0,1.0,0.0,45.0,24.0,8.0,2021.0,75
39.0,0.32999999999999996,62.0,0.0,0.0,0.0,0.0,1.0,0.0,0.0,1.0,0.0,1128299.0,0.0,0.0,0.0,1.0,0.0,0.0,1.0,8.0,17.0,8.0,2021.0,231
3.0,0.42,38.0,0.0,0.0,0.0,0.0,0.0,0.0,0.0,1.0,0.0,1128299.0,0.0,0.0,1.0,0.0,0.0,0.0,1.0,9.0,13.0,4.0,2021.0,56
3.0,0.48,41.0,0.0,0.0,0.0,0.0,0.0,0.0,0.0,1.0,0.0,1128299.0,0.0,0.0,1.0,0.0,0.0,1.0,0.0,9.0,13.0,2.0,2021.0,51
31.0,0.45000000000000007,33.0,0.0,1.0,0.0,0.0,0.0,0.0,0.0,1.0,0.0,1185732.0,1.0,0.0,0.0,0.0,0.0,1.0,0.0,8.0,17.0,10.0,2020.0,131
31.0,0.5,60.00000000000001,0.0,0.0,1.0,0.0,0.0,0.0,0.0,1.0,0.0,1185732.0,1.0,0.0,0.0,0.0,0.0,0.0,0.0,8.0,22.0,9.0,2020.0,925
3.0,0.44,38.0,1.0,0.0,0.0,0.0,0.0,0.0,0.0,1.0,0.0,1128299.0,0.0,0.0,1.0,0.0,0.0,0.0,1.0,9.0,14.0,9.0,2021.0,198
11.0,0.5,33.0,1.0,0.0,0.0,0.0,0.0,0.0,0.0,1.0,0.0,1185732.0,0.0,0.0,0.0,0.0,0.0,1.0,0.0,32.0,13.0,1.0,2021.0,150
11.0,0.35,35.0,1.0,0.0,0.0,0.0,0.0,0.0,0.0,1.0,0.0,1185732.0,0.0,0.0,0.0,0.0,0.0,1.0,0.0,32.0,13.0,1.0,2021.0,575
29.0,0.55,18.0,0.0,0.0,0.0,0.0,1.0,0.0,0.0,1.0,0.0,1185732.0,1.0,0.0,0.0,0.0,0.0,1.0,0.0,16.0,20.0,1.0,2021.0,158
31.0,0.6,56.0,0.0,1.0,0.0,0.0,0.0,0.0,0.0,1.0,0.0,1185732.0,0.0,0.0,1.0,0.0,0.0,1.0,0.0,8.0,29.0,9.0,2020.0,270
11.0,0.4,55.00000000000001,0.0,0.0,0.0,1.0,0.0,0.0,0.0,1.0,0.0,1185732.0,0.0,0.0,1.0,0.0,0.0,1.0,0.0,32.0,2.0,7.0,2021.0,675
31.0,0.45,65.0,0.0,1.0,0.0,0.0,0.0,0.0,0.0,1.0,0.0,1185732.0,0.0,0.0,1.0,0.0,0.0,0.0,0.0,8.0,24.0,5.0,2020.0,1075
39.0,0.23,54.0,0.0,0.0,0.0,0.0,0.0,0.0,0.0,1.0,0.0,1128299.0,0.0,0.0,0.0,1.0,0.0,0.0,1.0,8.0,18.0,9.0,2021.0,94
44.0,0.63,34.0,0.0,1.0,0.0,0.0,0.0,0.0,0.0,1.0,0.0,1185732.0,0.0,0.0,1.0,0.0,0.0,1.0,0.0,45.0,17.0,2.0,2021.0,200
11.0,0.35,65.0,0.0,0.0,0.0,0.0,0.0,0.0,0.0,1.0,0.0,1185732.0,0.0,0.0,1.0,0.0,0.0,1.0,0.0,32.0,2.0,7.0,2021.0,700
29.0,0.4,40.0,0.0,0.0,0.0,0.0,1.0,0.0,0.0,1.0,0.0,1185732.0,0.0,0.0,0.0,0.0,0.0,1.0,0.0,16.0,23.0,5.0,2021.0,200
31.0,0.4,32.0,0.0,0.0,0.0,0.0,1.0,0.0,0.0,1.0,0.0,1185732.0,0.0,0.0,0.0,0.0,1.0,1.0,0.0,8.0,24.0,4.0,2020.0,203
31.0,0.56,52.0,0.0,1.0,0.0,0.0,0.0,0.0,0.0,1.0,0.0,1185732.0,0.0,0.0,0.0,0.0,1.0,1.0,0.0,8.0,24.0,4.0,2020.0,300
39.0,0.38,54.0,1.0,0.0,0.0,0.0,0.0,0.0,0.0,1.0,0.0,1128299.0,0.0,0.0,0.0,1.0,0.0,1.0,0.0,8.0,17.0,11.0,2021.0,175
10.0,0.64,65.0,0.0,0.0,1.0,0.0,0.0,0.0,0.0,1.0,0.0,1185732.0,1.0,0.0,0.0,0.0,0.0,1.0,0.0,39.0,7.0,6.0,2021.0,250
31.0,0.5700000000000001,60.0,0.0,1.0,0.0,0.0,0.0,0.0,0.0,1.0,0.0,1185732.0,0.0,0.0,0.0,0.0,1.0,1.0,0.0,8.0,17.0,9.0,2020.0,304
29.0,0.4,20.000000000000007,0.0,0.0,0.0,0.0,1.0,0.0,0.0,1.0,0.0,1185732.0,1.0,0.0,0.0,0.0,0.0,1.0,0.0,16.0,18.0,2.0,2021.0,475
39.0,0.29,53.0,1.0,0.0,0.0,0.0,0.0,0.0,0.0,1.0,0.0,1128299.0,0.0,0.0,0.0,1.0,0.0,0.0,1.0,8.0,17.0,6.0,2021.0,224
31.0,0.3,50.0,0.0,0.0,0.0,1.0,0.0,0.0,0.0,1.0,0.0,1185732.0,0.0,0.0,0.0,0.0,1.0,0.0,0.0,8.0,8.0,9.0,2020.0,775
10.0,0.63,74.0,0.0,0.0,1.0,0.0,0.0,0.0,0.0,1.0,0.0,1185732.0,1.0,0.0,0.0,0.0,0.0,1.0,0.0,39.0,6.0,11.0,2021.0,206
31.0,0.48,53.0,0.0,0.0,0.0,0.0,0.0,0.0,0.0,1.0,0.0,1185732.0,1.0,0.0,0.0,0.0,0.0,1.0,0.0,8.0,16.0,8.0,2020.0,218
10.0,0.5,75.0,0.0,0.0,1.0,0.0,0.0,0.0,0.0,1.0,0.0,1185732.0,1.0,0.0,0.0,0.0,0.0,1.0,0.0,39.0,6.0,11.0,2021.0,825
11.0,0.35,45.0,0.0,0.0,0.0,0.0,0.0,0.0,0.0,1.0,0.0,1185732.0,0.0,0.0,0.0,0.0,0.0,1.0,0.0,32.0,13.0,1.0,2021.0,475
3.0,0.35,55.00000000000001,0.0,0.0,0.0,0.0,0.0,0.0,0.0,1.0,0.0,1128299.0,0.0,0.0,1.0,0.0,0.0,1.0,0.0,9.0,13.0,4.0,2021.0,175
29.0,0.35,40.0,1.0,0.0,0.0,0.0,0.0,0.0,0.0,1.0,0.0,1185732.0,0.0,0.0,0.0,0.0,0.0,1.0,0.0,16.0,22.0,11.0,2021.0,275
10.0,0.36,51.0,0.0,0.0,0.0,0.0,1.0,0.0,0.0,1.0,0.0,1185732.0,1.0,0.0,0.0,0.0,0.0,1.0,0.0,39.0,5.0,7.0,2021.0,248
44.0,0.35,60.00000000000001,0.0,0.0,0.0,0.0,1.0,0.0,0.0,1.0,0.0,1128299.0,1.0,0.0,0.0,0.0,0.0,0.0,0.0,45.0,24.0,4.0,2021.0,325
39.0,0.47000000000000003,48.0,0.0,0.0,1.0,0.0,0.0,0.0,0.0,1.0,0.0,1128299.0,0.0,0.0,0.0,1.0,0.0,0.0,1.0,8.0,18.0,5.0,2021.0,173
29.0,0.47,39.0,1.0,0.0,0.0,0.0,0.0,0.0,0.0,1.0,0.0,1185732.0,0.0,0.0,0.0,0.0,0.0,1.0,0.0,16.0,22.0,11.0,2021.0,72
10.0,0.35,45.00000000000001,0.0,0.0,0.0,0.0,0.0,0.0,0.0,1.0,0.0,1185732.0,1.0,0.0,0.0,0.0,0.0,1.0,0.0,39.0,5.0,3.0,2021.0,625
10.0,0.45,55.00000000000001,0.0,1.0,0.0,0.0,0.0,0.0,0.0,1.0,0.0,1185732.0,1.0,0.0,0.0,0.0,0.0,1.0,0.0,39.0,5.0,9.0,2021.0,1025
10.0,0.35,35.0,1.0,0.0,0.0,0.0,0.0,0.0,0.0,1.0,0.0,1185732.0,1.0,0.0,0.0,0.0,0.0,1.0,0.0,39.0,5.0,3.0,2021.0,700
44.0,0.35,55.00000000000001,1.0,0.0,0.0,0.0,0.0,0.0,0.0,1.0,0.0,1128299.0,1.0,0.0,0.0,0.0,0.0,0.0,0.0,45.0,25.0,5.0,2021.0,350
44.0,0.44,64.0,0.0,0.0,1.0,0.0,0.0,0.0,0.0,1.0,0.0,1128299.0,1.0,0.0,0.0,0.0,0.0,1.0,0.0,45.0,24.0,4.0,2021.0,78
44.0,0.4,80.00000000000001,0.0,0.0,0.0,0.0,0.0,0.0,0.0,1.0,0.0,1128299.0,0.0,0.0,1.0,0.0,0.0,0.0,0.0,45.0,23.0,12.0,2021.0,475
11.0,0.35,35.0,1.0,0.0,0.0,0.0,0.0,0.0,0.0,1.0,0.0,1185732.0,0.0,0.0,0.0,0.0,0.0,1.0,0.0,32.0,11.0,2.0,2021.0,475
3.0,0.4,45.000000000000014,0.0,0.0,0.0,1.0,0.0,0.0,0.0,1.0,0.0,1128299.0,0.0,0.0,1.0,0.0,0.0,1.0,0.0,9.0,14.0,9.0,2021.0,400
39.0,0.48,64.0,0.0,0.0,1.0,0.0,0.0,0.0,0.0,1.0,0.0,1128299.0,0.0,0.0,0.0,0.0,1.0,0.0,1.0,8.0,16.0,12.0,2021.0,200
3.0,0.25,70.0,0.0,0.0,1.0,0.0,0.0,0.0,0.0,1.0,0.0,1128299.0,0.0,0.0,1.0,0.0,0.0,1.0,0.0,9.0,13.0,6.0,2021.0,575
10.0,0.5,60.0,0.0,0.0,1.0,0.0,0.0,0.0,0.0,1.0,0.0,1185732.0,1.0,0.0,0.0,0.0,0.0,1.0,0.0,39.0,5.0,5.0,2021.0,800
3.0,0.4,50.0,0.0,0.0,0.0,1.0,0.0,0.0,0.0,1.0,0.0,1128299.0,0.0,0.0,1.0,0.0,0.0,1.0,0.0,9.0,13.0,6.0,2021.0,400
3.0,0.43000000000000005,35.0,0.0,1.0,0.0,0.0,0.0,0.0,0.0,1.0,0.0,1128299.0,0.0,0.0,1.0,0.0,0.0,0.0,1.0,9.0,13.0,6.0,2021.0,203
44.0,0.38999999999999996,38.0,0.0,0.0,0.0,1.0,0.0,0.0,0.0,1.0,0.0,1128299.0,1.0,0.0,0.0,0.0,0.0,0.0,1.0,45.0,23.0,3.0,2021.0,78
3.0,0.38999999999999996,34.0,0.0,0.0,0.0,0.0,0.0,0.0,0.0,1.0,0.0,1128299.0,0.0,0.0,1.0,0.0,0.0,0.0,1.0,9.0,13.0,2.0,2021.0,60
29.0,0.35,45.00000000000001,1.0,0.0,0.0,0.0,0.0,0.0,0.0,1.0,0.0,1185732.0,0.0,0.0,0.0,0.0,0.0,1.0,0.0,16.0,21.0,7.0,2021.0,350
3.0,0.38,47.0,0.0,0.0,0.0,0.0,0.0,0.0,0.0,1.0,0.0,1128299.0,0.0,0.0,1.0,0.0,0.0,0.0,1.0,9.0,13.0,11.0,2021.0,119
3.0,0.35,55.00000000000001,0.0,0.0,0.0,0.0,1.0,0.0,0.0,1.0,0.0,1128299.0,0.0,0.0,1.0,0.0,0.0,1.0,0.0,9.0,13.0,4.0,2021.0,375
3.0,0.41,41.0,0.0,0.0,0.0,0.0,0.0,0.0,0.0,1.0,0.0,1128299.0,0.0,0.0,1.0,0.0,0.0,0.0,1.0,9.0,12.0,3.0,2021.0,45
39.0,0.44,54.0,0.0,0.0,0.0,1.0,0.0,0.0,0.0,1.0,0.0,1128299.0,0.0,0.0,0.0,1.0,0.0,1.0,0.0,8.0,18.0,9.0,2021.0,65
3.0,0.48,54.0,0.0,0.0,0.0,0.0,0.0,0.0,0.0,1.0,0.0,1128299.0,0.0,0.0,1.0,0.0,0.0,1.0,0.0,9.0,14.0,9.0,2021.0,100
44.0,0.36,33.0,0.0,0.0,1.0,0.0,0.0,0.0,0.0,1.0,0.0,1128299.0,1.0,0.0,0.0,0.0,0.0,0.0,1.0,45.0,25.0,9.0,2021.0,83
44.0,0.36,17.0,0.0,0.0,0.0,0.0,1.0,0.0,0.0,1.0,0.0,1185732.0,0.0,0.0,1.0,0.0,0.0,0.0,1.0,45.0,17.0,2.0,2021.0,170
10.0,0.3,45.0,0.0,0.0,0.0,1.0,0.0,0.0,0.0,1.0,0.0,1185732.0,1.0,0.0,0.0,0.0,0.0,1.0,0.0,39.0,6.0,8.0,2021.0,775
3.0,0.46,37.0,1.0,0.0,0.0,0.0,0.0,0.0,0.0,1.0,0.0,1128299.0,0.0,0.0,1.0,0.0,0.0,0.0,1.0,9.0,12.0,7.0,2021.0,173
3.0,0.4,55.00000000000001,1.0,0.0,0.0,0.0,0.0,0.0,0.0,1.0,0.0,1128299.0,0.0,0.0,1.0,0.0,0.0,1.0,0.0,9.0,14.0,5.0,2021.0,400
3.0,0.29,51.0,0.0,0.0,1.0,0.0,0.0,0.0,0.0,1.0,0.0,1128299.0,0.0,0.0,1.0,0.0,0.0,0.0,1.0,9.0,12.0,7.0,2021.0,157
31.0,0.3,45.0,0.0,0.0,0.0,1.0,0.0,0.0,0.0,1.0,0.0,1185732.0,1.0,0.0,0.0,0.0,0.0,0.0,0.0,8.0,20.0,9.0,2020.0,775
3.0,0.3,47.0,0.0,0.0,1.0,0.0,0.0,0.0,0.0,1.0,0.0,1128299.0,1.0,0.0,0.0,0.0,0.0,0.0,1.0,9.0,12.0,12.0,2021.0,160
3.0,0.4,50.0,0.0,0.0,0.0,1.0,0.0,0.0,0.0,1.0,0.0,1128299.0,0.0,0.0,1.0,0.0,0.0,1.0,0.0,9.0,12.0,7.0,2021.0,425
44.0,0.39999999999999997,45.00000000000001,0.0,0.0,0.0,0.0,0.0,0.0,0.0,1.0,0.0,1185732.0,0.0,0.0,1.0,0.0,0.0,0.0,0.0,45.0,19.0,1.0,2021.0,450
31.0,0.35,55.00000000000001,0.0,0.0,0.0,0.0,0.0,0.0,0.0,1.0,0.0,1185732.0,1.0,0.0,0.0,0.0,0.0,0.0,0.0,8.0,22.0,8.0,2020.0,675
44.0,0.39999999999999997,35.0,1.0,0.0,0.0,0.0,0.0,0.0,0.0,1.0,0.0,1185732.0,0.0,0.0,1.0,0.0,0.0,0.0,0.0,45.0,19.0,1.0,2021.0,550
44.0,0.51,34.0,1.0,0.0,0.0,0.0,0.0,0.0,0.0,1.0,0.0,1185732.0,0.0,0.0,1.0,0.0,0.0,1.0,0.0,45.0,19.0,1.0,2021.0,154
3.0,0.44,40.0,1.0,0.0,0.0,0.0,0.0,0.0,0.0,1.0,0.0,1128299.0,0.0,0.0,1.0,0.0,0.0,0.0,1.0,9.0,13.0,11.0,2021.0,184
29.0,0.35,45.0,1.0,0.0,0.0,0.0,0.0,0.0,0.0,1.0,0.0,1185732.0,0.0,0.0,0.0,0.0,0.0,1.0,0.0,16.0,22.0,4.0,2021.0,175
44.0,0.39999999999999997,39.0,0.0,1.0,0.0,0.0,0.0,0.0,0.0,1.0,0.0,1128299.0,1.0,0.0,0.0,0.0,0.0,0.0,1.0,45.0,25.0,5.0,2021.0,175
31.0,0.25,35.0,0.0,0.0,0.0,0.0,1.0,0.0,0.0,1.0,0.0,1185732.0,0.0,0.0,0.0,0.0,1.0,0.0,0.0,8.0,24.0,4.0,2020.0,725
29.0,0.51,51.0,0.0,0.0,1.0,0.0,0.0,0.0,0.0,1.0,0.0,1185732.0,0.0,0.0,0.0,0.0,0.0,1.0,0.0,16.0,23.0,5.0,2021.0,83
10.0,0.3,29.999999999999993,0.0,0.0,0.0,1.0,0.0,0.0,0.0,1.0,0.0,1185732.0,1.0,0.0,0.0,0.0,0.0,1.0,0.0,39.0,6.0,4.0,2021.0,600
10.0,0.25,50.0,0.0,0.0,0.0,0.0,1.0,0.0,0.0,1.0,0.0,1185732.0,1.0,0.0,0.0,0.0,0.0,1.0,0.0,39.0,7.0,6.0,2021.0,775
44.0,0.35,55.00000000000001,0.0,0.0,0.0,0.0,1.0,0.0,0.0,1.0,0.0,1128299.0,1.0,0.0,0.0,0.0,0.0,0.0,0.0,45.0,25.0,5.0,2021.0,350
3.0,0.38,39.0,0.0,0.0,0.0,0.0,1.0,0.0,0.0,1.0,0.0,1128299.0,0.0,0.0,1.0,0.0,0.0,0.0,1.0,9.0,13.0,6.0,2021.0,158
39.0,0.3,55.00000000000001,0.0,0.0,0.0,1.0,0.0,0.0,0.0,1.0,0.0,1128299.0,0.0,0.0,0.0,1.0,0.0,0.0,0.0,8.0,17.0,10.0,2021.0,375
11.0,0.4,55.00000000000001,0.0,0.0,0.0,0.0,1.0,0.0,0.0,1.0,0.0,1185732.0,0.0,0.0,1.0,0.0,0.0,1.0,0.0,32.0,2.0,7.0,2021.0,725
39.0,0.35,82.0,1.0,0.0,0.0,0.0,0.0,0.0,0.0,1.0,0.0,1128299.0,0.0,0.0,0.0,1.0,0.0,1.0,0.0,8.0,16.0,12.0,2021.0,200
29.0,0.4,55.00000000000001,0.0,0.0,0.0,1.0,0.0,0.0,0.0,1.0,0.0,1185732.0,1.0,0.0,0.0,0.0,0.0,1.0,0.0,16.0,22.0,11.0,2021.0,200
3.0,0.3,21.0,0.0,0.0,0.0,0.0,1.0,0.0,0.0,1.0,0.0,1185732.0,1.0,0.0,0.0,0.0,0.0,0.0,1.0,9.0,7.0,2.0,2021.0,248
31.0,0.5,54.0,1.0,0.0,0.0,0.0,0.0,0.0,0.0,1.0,0.0,1185732.0,0.0,0.0,0.0,0.0,1.0,1.0,0.0,8.0,24.0,4.0,2020.0,194
44.0,0.35,50.0,0.0,1.0,0.0,0.0,0.0,0.0,0.0,1.0,0.0,1128299.0,1.0,0.0,0.0,0.0,0.0,0.0,0.0,45.0,25.0,5.0,2021.0,500
44.0,0.35,85.0,0.0,0.0,0.0,1.0,0.0,0.0,0.0,1.0,0.0,1128299.0,1.0,0.0,0.0,0.0,0.0,0.0,0.0,45.0,23.0,7.0,2021.0,550
39.0,0.45,45.0,0.0,1.0,0.0,0.0,0.0,0.0,0.0,1.0,0.0,1185732.0,0.0,0.0,0.0,0.0,1.0,0.0,0.0,8.0,12.0,1.0,2021.0,850
44.0,0.52,33.0,1.0,0.0,0.0,0.0,0.0,0.0,0.0,1.0,0.0,1185732.0,0.0,0.0,1.0,0.0,0.0,1.0,0.0,45.0,17.0,2.0,2021.0,117
3.0,0.35,55.00000000000001,0.0,0.0,0.0,0.0,0.0,0.0,0.0,1.0,0.0,1128299.0,0.0,0.0,1.0,0.0,0.0,1.0,0.0,9.0,12.0,3.0,2021.0,150
31.0,0.5,45.0,0.0,0.0,1.0,0.0,0.0,0.0,0.0,1.0,0.0,1185732.0,0.0,0.0,0.0,0.0,1.0,0.0,0.0,8.0,24.0,4.0,2020.0,800
11.0,0.4,30.000000000000004,0.0,0.0,0.0,1.0,0.0,0.0,0.0,1.0,0.0,1185732.0,0.0,0.0,1.0,0.0,0.0,1.0,0.0,32.0,2.0,9.0,2021.0,600
3.0,0.3,35.0,0.0,0.0,0.0,1.0,0.0,0.0,0.0,1.0,0.0,1185732.0,1.0,0.0,0.0,0.0,0.0,1.0,0.0,9.0,9.0,1.0,2021.0,675
3.0,0.51,46.0,0.0,0.0,0.0,1.0,0.0,0.0,0.0,1.0,0.0,1128299.0,0.0,0.0,1.0,0.0,0.0,1.0,0.0,9.0,12.0,7.0,2021.0,128
11.0,0.5,28.0,0.0,0.0,0.0,1.0,0.0,0.0,0.0,1.0,0.0,1185732.0,0.0,0.0,1.0,0.0,0.0,1.0,0.0,32.0,2.0,9.0,2021.0,150
10.0,0.35,50.0,0.0,0.0,0.0,0.0,0.0,0.0,0.0,1.0,0.0,1185732.0,1.0,0.0,0.0,0.0,0.0,1.0,0.0,39.0,6.0,4.0,2021.0,625
3.0,0.39999999999999997,39.0,0.0,0.0,0.0,0.0,1.0,0.0,0.0,1.0,0.0,1128299.0,0.0,0.0,1.0,0.0,0.0,0.0,1.0,9.0,13.0,11.0,2021.0,145
29.0,0.49,44.0,1.0,0.0,0.0,0.0,0.0,0.0,0.0,1.0,0.0,1185732.0,0.0,0.0,0.0,0.0,0.0,1.0,0.0,16.0,21.0,7.0,2021.0,95
10.0,0.3,45.0,0.0,0.0,0.0,1.0,0.0,0.0,0.0,1.0,0.0,1185732.0,1.0,0.0,0.0,0.0,0.0,1.0,0.0,39.0,5.0,5.0,2021.0,675
39.0,0.25,65.00000000000001,1.0,0.0,0.0,0.0,0.0,0.0,0.0,1.0,0.0,1128299.0,0.0,0.0,0.0,1.0,0.0,0.0,0.0,8.0,17.0,10.0,2021.0,575
44.0,0.4,90.0,0.0,0.0,0.0,0.0,0.0,0.0,0.0,1.0,0.0,1128299.0,1.0,0.0,0.0,0.0,0.0,0.0,0.0,45.0,23.0,7.0,2021.0,600
44.0,0.36,30.0,0.0,0.0,1.0,0.0,0.0,0.0,0.0,1.0,0.0,1128299.0,1.0,0.0,0.0,0.0,0.0,0.0,1.0,45.0,24.0,2.0,2021.0,107
3.0,0.25,70.0,0.0,0.0,1.0,0.0,0.0,0.0,0.0,1.0,0.0,1128299.0,0.0,0.0,1.0,0.0,0.0,1.0,0.0,9.0,13.0,10.0,2021.0,350
29.0,0.52,48.0,0.0,1.0,0.0,0.0,0.0,0.0,0.0,1.0,0.0,1185732.0,0.0,0.0,0.0,0.0,0.0,1.0,0.0,16.0,22.0,11.0,2021.0,123
11.0,0.49,72.0,0.0,0.0,0.0,0.0,0.0,0.0,0.0,1.0,0.0,1185732.0,0.0,0.0,1.0,0.0,0.0,1.0,0.0,32.0,3.0,11.0,2021.0,163
39.0,0.44999999999999996,59.0,0.0,0.0,0.0,0.0,1.0,0.0,0.0,1.0,0.0,1128299.0,0.0,0.0,0.0,1.0,0.0,1.0,0.0,8.0,18.0,5.0,2021.0,119
11.0,0.5,70.0,0.0,0.0,1.0,0.0,0.0,0.0,0.0,1.0,0.0,1185732.0,0.0,0.0,1.0,0.0,0.0,1.0,0.0,32.0,2.0,7.0,2021.0,875
39.0,0.5800000000000001,47.0,0.0,0.0,1.0,0.0,0.0,0.0,0.0,1.0,0.0,1128299.0,0.0,0.0,1.0,0.0,0.0,1.0,0.0,8.0,17.0,2.0,2021.0,108
44.0,0.5,35.0,0.0,1.0,0.0,0.0,0.0,0.0,0.0,1.0,0.0,1185732.0,0.0,0.0,1.0,0.0,0.0,0.0,0.0,45.0,19.0,1.0,2021.0,750
10.0,0.6,67.0,0.0,1.0,0.0,0.0,0.0,0.0,0.0,1.0,0.0,1185732.0,1.0,0.0,0.0,0.0,0.0,1.0,0.0,39.0,5.0,12.0,2021.0,290
39.0,0.22,68.0,0.0,0.0,0.0,0.0,0.0,0.0,0.0,1.0,0.0,1128299.0,0.0,0.0,0.0,1.0,0.0,0.0,1.0,8.0,16.0,7.0,2021.0,208
10.0,0.43,27.0,0.0,0.0,0.0,1.0,0.0,0.0,0.0,1.0,0.0,1185732.0,1.0,0.0,0.0,0.0,0.0,1.0,0.0,39.0,6.0,4.0,2021.0,180
39.0,0.35,64.0,1.0,0.0,0.0,0.0,0.0,0.0,0.0,1.0,0.0,1128299.0,0.0,0.0,0.0,1.0,0.0,1.0,0.0,8.0,17.0,6.0,2021.0,203
10.0,0.61,58.0,0.0,0.0,1.0,0.0,0.0,0.0,0.0,1.0,0.0,1185732.0,1.0,0.0,0.0,0.0,0.0,1.0,0.0,39.0,6.0,8.0,2021.0,278
44.0,0.35,60.00000000000001,1.0,0.0,0.0,0.0,0.0,0.0,0.0,1.0,0.0,1128299.0,1.0,0.0,0.0,0.0,0.0,0.0,0.0,45.0,24.0,4.0,2021.0,275
3.0,0.54,47.0,0.0,1.0,0.0,0.0,0.0,0.0,0.0,1.0,0.0,1128299.0,0.0,0.0,1.0,0.0,0.0,1.0,0.0,9.0,14.0,5.0,2021.0,160
31.0,0.5,45.0,0.0,0.0,1.0,0.0,0.0,0.0,0.0,1.0,0.0,1185732.0,1.0,0.0,0.0,0.0,0.0,0.0,0.0,8.0,23.0,8.0,2020.0,775
44.0,0.47000000000000003,39.0,0.0,0.0,0.0,0.0,0.0,0.0,0.0,1.0,0.0,1128299.0,1.0,0.0,0.0,0.0,0.0,0.0,1.0,45.0,25.0,9.0,2021.0,74
44.0,0.36,47.0,0.0,0.0,1.0,0.0,0.0,0.0,0.0,1.0,0.0,1128299.0,1.0,0.0,0.0,0.0,0.0,0.0,1.0,45.0,24.0,4.0,2021.0,90
10.0,0.4,25.000000000000007,0.0,0.0,0.0,0.0,1.0,0.0,0.0,1.0,0.0,1185732.0,0.0,0.0,1.0,0.0,0.0,1.0,0.0,39.0,6.0,1.0,2021.0,725
3.0,0.28,56.0,0.0,0.0,1.0,0.0,0.0,0.0,0.0,1.0,0.0,1128299.0,0.0,0.0,1.0,0.0,0.0,0.0,1.0,9.0,13.0,4.0,2021.0,112
3.0,0.25,70.0,0.0,0.0,1.0,0.0,0.0,0.0,0.0,1.0,0.0,1128299.0,0.0,0.0,1.0,0.0,0.0,1.0,0.0,9.0,12.0,7.0,2021.0,475
11.0,0.5,30.0,0.0,0.0,1.0,0.0,0.0,0.0,0.0,1.0,0.0,1185732.0,0.0,0.0,1.0,0.0,0.0,1.0,0.0,32.0,4.0,2.0,2021.0,700
44.0,0.52,51.0,0.0,0.0,0.0,0.0,0.0,0.0,0.0,1.0,0.0,1128299.0,1.0,0.0,0.0,0.0,0.0,1.0,0.0,45.0,23.0,3.0,2021.0,30
3.0,0.4,50.0,0.0,1.0,0.0,0.0,0.0,0.0,0.0,1.0,0.0,1128299.0,0.0,0.0,1.0,0.0,0.0,1.0,0.0,9.0,12.0,7.0,2021.0,725
39.0,0.31,64.0,0.0,0.0,0.0,0.0,0.0,0.0,0.0,1.0,0.0,1128299.0,0.0,0.0,0.0,1.0,0.0,1.0,0.0,8.0,18.0,9.0,2021.0,74
29.0,0.51,41.0,0.0,1.0,0.0,0.0,0.0,0.0,0.0,1.0,0.0,1185732.0,0.0,0.0,0.0,0.0,0.0,1.0,0.0,16.0,21.0,3.0,2021.0,156
3.0,0.47,54.0,0.0,0.0,0.0,0.0,1.0,0.0,0.0,1.0,0.0,1128299.0,0.0,0.0,1.0,0.0,0.0,1.0,0.0,9.0,13.0,11.0,2021.0,115
11.0,0.5,45.00000000000001,0.0,0.0,1.0,0.0,0.0,0.0,0.0,1.0,0.0,1185732.0,0.0,0.0,1.0,0.0,0.0,1.0,0.0,32.0,2.0,9.0,2021.0,700
39.0,0.5900000000000001,86.0,0.0,0.0,1.0,0.0,0.0,0.0,0.0,1.0,0.0,1128299.0,0.0,0.0,0.0,1.0,0.0,1.0,0.0,8.0,17.0,11.0,2021.0,162
11.0,0.54,24.0,0.0,0.0,0.0,1.0,0.0,0.0,0.0,1.0,0.0,1185732.0,0.0,0.0,1.0,0.0,0.0,1.0,0.0,32.0,3.0,4.0,2021.0,140
10.0,0.5,75.0,0.0,0.0,1.0,0.0,0.0,0.0,0.0,1.0,0.0,1185732.0,0.0,0.0,1.0,0.0,0.0,1.0,0.0,39.0,5.0,12.0,2021.0,875
29.0,0.4,40.0,0.0,1.0,0.0,0.0,0.0,0.0,0.0,1.0,0.0,1185732.0,0.0,0.0,0.0,0.0,0.0,1.0,0.0,16.0,22.0,6.0,2021.0,525
11.0,0.4,25.000000000000007,0.0,0.0,0.0,0.0,1.0,0.0,0.0,1.0,0.0,1185732.0,0.0,0.0,0.0,0.0,0.0,1.0,0.0,32.0,11.0,2.0,2021.0,525
39.0,0.5800000000000001,65.0,0.0,0.0,1.0,0.0,0.0,0.0,0.0,1.0,0.0,1128299.0,0.0,0.0,0.0,1.0,0.0,1.0,0.0,8.0,17.0,10.0,2021.0,104
3.0,0.35,55.00000000000001,0.0,0.0,0.0,0.0,1.0,0.0,0.0,1.0,0.0,1128299.0,1.0,0.0,0.0,0.0,0.0,1.0,0.0,9.0,12.0,12.0,2021.0,475
29.0,0.35,45.00000000000001,1.0,0.0,0.0,0.0,0.0,0.0,0.0,1.0,0.0,1185732.0,0.0,0.0,0.0,0.0,0.0,1.0,0.0,16.0,23.0,9.0,2021.0,325
11.0,0.4,35.0,0.0,1.0,0.0,0.0,0.0,0.0,0.0,1.0,0.0,1185732.0,0.0,0.0,0.0,0.0,0.0,1.0,0.0,32.0,13.0,1.0,2021.0,775
44.0,0.5800000000000001,25.0,0.0,0.0,1.0,0.0,0.0,0.0,0.0,1.0,0.0,1185732.0,0.0,0.0,1.0,0.0,0.0,0.0,1.0,45.0,19.0,1.0,2021.0,193
3.0,0.4,40.0,0.0,1.0,0.0,0.0,0.0,0.0,0.0,1.0,0.0,1128299.0,0.0,0.0,1.0,0.0,0.0,1.0,0.0,9.0,12.0,3.0,2021.0,525
39.0,0.3,95.0,0.0,1.0,0.0,0.0,0.0,0.0,0.0,1.0,0.0,1128299.0,0.0,0.0,0.0,1.0,0.0,0.0,0.0,8.0,17.0,8.0,2021.0,850
29.0,0.52,41.0,0.0,0.0,0.0,1.0,0.0,0.0,0.0,1.0,0.0,1185732.0,0.0,0.0,0.0,0.0,0.0,1.0,0.0,16.0,22.0,10.0,2021.0,42
44.0,0.35,70.00000000000001,0.0,0.0,0.0,0.0,1.0,0.0,0.0,1.0,0.0,1128299.0,0.0,0.0,1.0,0.0,0.0,0.0,0.0,45.0,23.0,12.0,2021.0,550
39.0,0.3,64.99999999999999,0.0,1.0,0.0,0.0,0.0,0.0,0.0,1.0,0.0,1128299.0,0.0,0.0,0.0,1.0,0.0,0.0,1.0,8.0,17.0,6.0,2021.0,825
44.0,0.55,26.0,0.0,1.0,0.0,0.0,0.0,0.0,0.0,1.0,0.0,1185732.0,0.0,0.0,1.0,0.0,0.0,0.0,1.0,45.0,17.0,2.0,2021.0,256
10.0,0.6,68.0,0.0,0.0,1.0,0.0,0.0,0.0,0.0,1.0,0.0,1185732.0,0.0,0.0,1.0,0.0,0.0,1.0,0.0,39.0,5.0,12.0,2021.0,228
11.0,0.5,49.0,1.0,0.0,0.0,0.0,0.0,0.0,0.0,1.0,0.0,1185732.0,0.0,0.0,1.0,0.0,0.0,1.0,0.0,32.0,2.0,9.0,2021.0,181
44.0,0.3,25.0,0.0,0.0,0.0,0.0,1.0,0.0,0.0,1.0,0.0,1185732.0,0.0,0.0,1.0,0.0,0.0,0.0,0.0,45.0,17.0,2.0,2021.0,500
39.0,0.44,83.0,0.0,1.0,0.0,0.0,0.0,0.0,0.0,1.0,0.0,1128299.0,0.0,0.0,0.0,1.0,0.0,1.0,0.0,8.0,16.0,7.0,2021.0,261
44.0,0.39999999999999997,28.0,0.0,1.0,0.0,0.0,0.0,0.0,0.0,1.0,0.0,1128299.0,1.0,0.0,0.0,0.0,0.0,0.0,1.0,45.0,24.0,10.0,2021.0,119
39.0,0.5,66.0,0.0,0.0,1.0,0.0,0.0,0.0,0.0,1.0,0.0,1128299.0,0.0,0.0,0.0,1.0,0.0,0.0,1.0,8.0,17.0,11.0,2021.0,198
39.0,0.35,41.0,0.0,0.0,0.0,1.0,0.0,0.0,0.0,1.0,0.0,1128299.0,0.0,0.0,0.0,1.0,0.0,0.0,1.0,8.0,17.0,4.0,2021.0,90
11.0,0.54,47.0,0.0,0.0,0.0,0.0,1.0,0.0,0.0,1.0,0.0,1185732.0,0.0,0.0,1.0,0.0,0.0,1.0,0.0,32.0,4.0,6.0,2021.0,169
3.0,0.4,50.0,0.0,0.0,0.0,1.0,0.0,0.0,0.0,1.0,0.0,1128299.0,0.0,0.0,1.0,0.0,0.0,1.0,0.0,9.0,13.0,4.0,2021.0,275
10.0,0.35,70.0,0.0,0.0,0.0,0.0,0.0,0.0,0.0,1.0,0.0,1185732.0,0.0,0.0,1.0,0.0,0.0,1.0,0.0,39.0,5.0,12.0,2021.0,775
39.0,0.33999999999999997,58.0,0.0,0.0,0.0,1.0,0.0,0.0,0.0,1.0,0.0,1128299.0,0.0,0.0,0.0,0.0,1.0,0.0,1.0,8.0,16.0,12.0,2021.0,204
39.0,0.25,65.0,1.0,0.0,0.0,0.0,0.0,0.0,0.0,1.0,0.0,1128299.0,0.0,0.0,0.0,1.0,0.0,0.0,1.0,8.0,18.0,5.0,2021.0,425
10.0,0.3,29.999999999999993,0.0,0.0,0.0,1.0,0.0,0.0,0.0,1.0,0.0,1185732.0,1.0,0.0,0.0,0.0,0.0,1.0,0.0,39.0,5.0,3.0,2021.0,575
3.0,0.35,55.00000000000001,0.0,0.0,0.0,0.0,0.0,0.0,0.0,1.0,0.0,1128299.0,0.0,0.0,1.0,0.0,0.0,1.0,0.0,9.0,14.0,9.0,2021.0,400
31.0,0.35,55.00000000000001,0.0,0.0,0.0,0.0,0.0,0.0,0.0,1.0,0.0,1185732.0,0.0,0.0,1.0,0.0,0.0,0.0,0.0,8.0,27.0,9.0,2020.0,725
44.0,0.37,41.0,0.0,0.0,0.0,0.0,1.0,0.0,0.0,1.0,0.0,1128299.0,1.0,0.0,0.0,0.0,0.0,0.0,1.0,45.0,24.0,4.0,2021.0,114
10.0,0.35,35.0,1.0,0.0,0.0,0.0,0.0,0.0,0.0,1.0,0.0,1185732.0,0.0,0.0,1.0,0.0,0.0,1.0,0.0,39.0,4.0,2.0,2021.0,625
29.0,0.4,45.0,0.0,1.0,0.0,0.0,0.0,0.0,0.0,1.0,0.0,1185732.0,0.0,0.0,0.0,0.0,0.0,1.0,0.0,16.0,22.0,4.0,2021.0,475
31.0,0.44,49.0,0.0,0.0,0.0,1.0,0.0,0.0,0.0,1.0,0.0,1185732.0,0.0,0.0,1.0,0.0,0.0,1.0,0.0,8.0,8.0,10.0,2020.0,202
29.0,0.5,38.0,0.0,0.0,0.0,1.0,0.0,0.0,0.0,1.0,0.0,1185732.0,0.0,0.0,0.0,0.0,0.0,1.0,0.0,16.0,22.0,8.0,2021.0,75
11.0,0.51,28.0,0.0,0.0,0.0,0.0,1.0,0.0,0.0,1.0,0.0,1185732.0,0.0,0.0,1.0,0.0,0.0,1.0,0.0,32.0,2.0,9.0,2021.0,175
11.0,0.35,45.0,1.0,0.0,0.0,0.0,0.0,0.0,0.0,1.0,0.0,1185732.0,0.0,0.0,1.0,0.0,0.0,1.0,0.0,32.0,2.0,5.0,2021.0,650
39.0,0.52,53.0,0.0,0.0,1.0,0.0,0.0,0.0,0.0,1.0,0.0,1128299.0,0.0,0.0,0.0,1.0,0.0,0.0,1.0,8.0,17.0,10.0,2021.0,140
3.0,0.4,55.00000000000001,0.0,0.0,0.0,1.0,0.0,0.0,0.0,1.0,0.0,1128299.0,1.0,0.0,0.0,0.0,0.0,1.0,0.0,9.0,12.0,12.0,2021.0,475
10.0,0.5700000000000001,62.0,0.0,1.0,0.0,0.0,0.0,0.0,0.0,1.0,0.0,1185732.0,1.0,0.0,0.0,0.0,0.0,1.0,0.0,39.0,6.0,8.0,2021.0,326
3.0,0.39,64.0,0.0,0.0,1.0,0.0,0.0,0.0,0.0,1.0,0.0,1128299.0,0.0,0.0,1.0,0.0,0.0,1.0,0.0,9.0,13.0,10.0,2021.0,102
39.0,0.3,50.0,0.0,1.0,0.0,0.0,0.0,0.0,0.0,1.0,0.0,1128299.0,0.0,0.0,1.0,0.0,0.0,0.0,1.0,8.0,16.0,3.0,2021.0,550
29.0,0.49,41.0,1.0,0.0,0.0,0.0,0.0,0.0,0.0,1.0,0.0,1185732.0,0.0,0.0,0.0,0.0,0.0,1.0,0.0,16.0,21.0,3.0,2021.0,59
11.0,0.5,44.0,0.0,0.0,0.0,0.0,0.0,0.0,0.0,1.0,0.0,1185732.0,0.0,0.0,1.0,0.0,0.0,1.0,0.0,32.0,4.0,2.0,2021.0,180
3.0,0.39999999999999997,41.0,0.0,0.0,0.0,0.0,0.0,0.0,0.0,1.0,0.0,1128299.0,0.0,0.0,1.0,0.0,0.0,0.0,1.0,9.0,13.0,10.0,2021.0,102
3.0,0.53,30.0,0.0,0.0,1.0,0.0,0.0,0.0,0.0,1.0,0.0,1185732.0,1.0,0.0,0.0,0.0,0.0,0.0,1.0,9.0,9.0,1.0,2021.0,281
29.0,0.35,54.99999999999999,0.0,0.0,0.0,0.0,0.0,0.0,0.0,1.0,0.0,1185732.0,0.0,0.0,0.0,0.0,0.0,1.0,0.0,16.0,22.0,10.0,2021.0,150
39.0,0.4,72.0,0.0,1.0,0.0,0.0,0.0,0.0,0.0,1.0,0.0,1128299.0,0.0,0.0,0.0,1.0,0.0,1.0,0.0,8.0,16.0,12.0,2021.0,216
39.0,0.31,59.0,0.0,0.0,0.0,0.0,0.0,0.0,0.0,1.0,0.0,1128299.0,0.0,0.0,0.0,1.0,0.0,1.0,0.0,8.0,17.0,10.0,2021.0,98
31.0,0.25,35.0,0.0,0.0,0.0,0.0,1.0,0.0,0.0,1.0,0.0,1185732.0,1.0,0.0,0.0,0.0,0.0,0.0,0.0,8.0,20.0,8.0,2020.0,775
31.0,0.35,60.00000000000001,1.0,0.0,0.0,0.0,0.0,0.0,0.0,1.0,0.0,1185732.0,0.0,0.0,0.0,0.0,1.0,0.0,0.0,8.0,18.0,9.0,2020.0,900
11.0,0.4,60.00000000000001,0.0,0.0,0.0,0.0,1.0,0.0,0.0,1.0,0.0,1185732.0,0.0,0.0,0.0,0.0,0.0,1.0,0.0,32.0,2.0,12.0,2021.0,725
44.0,0.42,35.0,0.0,1.0,0.0,0.0,0.0,0.0,0.0,1.0,0.0,1128299.0,1.0,0.0,0.0,0.0,0.0,0.0,1.0,45.0,25.0,9.0,2021.0,149
39.0,0.37,60.0,1.0,0.0,0.0,0.0,0.0,0.0,0.0,1.0,0.0,1128299.0,0.0,0.0,0.0,1.0,0.0,1.0,0.0,8.0,18.0,9.0,2021.0,135
11.0,0.35,70.0,0.0,0.0,0.0,0.0,0.0,0.0,0.0,1.0,0.0,1185732.0,0.0,0.0,0.0,0.0,0.0,1.0,0.0,32.0,2.0,12.0,2021.0,675
39.0,0.41,55.0,0.0,0.0,0.0,0.0,1.0,0.0,0.0,1.0,0.0,1128299.0,0.0,0.0,0.0,1.0,0.0,1.0,0.0,8.0,17.0,10.0,2021.0,112
3.0,0.43000000000000005,37.0,0.0,1.0,0.0,0.0,0.0,0.0,0.0,1.0,0.0,1128299.0,0.0,0.0,1.0,0.0,0.0,0.0,1.0,9.0,13.0,4.0,2021.0,179
29.0,0.55,41.0,0.0,1.0,0.0,0.0,0.0,0.0,0.0,1.0,0.0,1185732.0,0.0,0.0,0.0,0.0,0.0,1.0,0.0,16.0,22.0,4.0,2021.0,119
3.0,0.5900000000000001,38.0,0.0,1.0,0.0,0.0,0.0,0.0,0.0,1.0,0.0,1185732.0,1.0,0.0,0.0,0.0,0.0,1.0,0.0,9.0,7.0,2.0,2021.0,312
10.0,0.25,25.0,0.0,0.0,0.0,0.0,1.0,0.0,0.0,1.0,0.0,1185732.0,1.0,0.0,0.0,0.0,0.0,1.0,0.0,39.0,5.0,3.0,2021.0,725
29.0,0.54,37.0,0.0,0.0,0.0,1.0,0.0,0.0,0.0,1.0,0.0,1185732.0,0.0,0.0,0.0,0.0,0.0,1.0,0.0,16.0,21.0,7.0,2021.0,63
3.0,0.38999999999999996,40.0,0.0,0.0,0.0,0.0,1.0,0.0,0.0,1.0,0.0,1128299.0,0.0,0.0,1.0,0.0,0.0,0.0,1.0,9.0,14.0,5.0,2021.0,145
31.0,0.37,53.0,0.0,0.0,0.0,0.0,1.0,0.0,0.0,1.0,0.0,1185732.0,0.0,0.0,0.0,0.0,1.0,1.0,0.0,8.0,19.0,9.0,2020.0,231
29.0,0.35,40.0,0.0,0.0,0.0,0.0,0.0,0.0,0.0,1.0,0.0,1185732.0,1.0,0.0,0.0,0.0,0.0,1.0,0.0,16.0,20.0,1.0,2021.0,425
3.0,0.42,42.0,0.0,0.0,0.0,0.0,1.0,0.0,0.0,1.0,0.0,1128299.0,0.0,0.0,1.0,0.0,0.0,0.0,1.0,9.0,13.0,8.0,2021.0,150
29.0,0.49,53.0,0.0,0.0,0.0,0.0,0.0,0.0,0.0,1.0,0.0,1185732.0,0.0,0.0,0.0,0.0,0.0,1.0,0.0,16.0,22.0,10.0,2021.0,41
31.0,0.5,45.0,0.0,0.0,1.0,0.0,0.0,0.0,0.0,1.0,0.0,1185732.0,1.0,0.0,0.0,0.0,0.0,0.0,0.0,8.0,11.0,8.0,2020.0,850
29.0,0.55,18.0,0.0,0.0,0.0,0.0,1.0,0.0,0.0,1.0,0.0,1185732.0,1.0,0.0,0.0,0.0,0.0,1.0,0.0,16.0,18.0,2.0,2021.0,124
39.0,0.2,60.00000000000001,0.0,0.0,0.0,0.0,0.0,0.0,0.0,1.0,0.0,1128299.0,0.0,0.0,0.0,1.0,0.0,0.0,1.0,8.0,17.0,4.0,2021.0,200
10.0,0.35,45.000000000000014,1.0,0.0,0.0,0.0,0.0,0.0,0.0,1.0,0.0,1185732.0,1.0,0.0,0.0,0.0,0.0,1.0,0.0,39.0,6.0,11.0,2021.0,750
3.0,0.5,40.0,0.0,0.0,1.0,0.0,0.0,0.0,0.0,1.0,0.0,1185732.0,1.0,0.0,0.0,0.0,0.0,1.0,0.0,9.0,9.0,1.0,2021.0,825
44.0,0.3,105.0,0.0,0.0,1.0,0.0,0.0,0.0,0.0,1.0,0.0,1128299.0,1.0,0.0,0.0,0.0,0.0,0.0,0.0,45.0,24.0,6.0,2021.0,700
39.0,0.43,80.0,0.0,0.0,0.0,0.0,1.0,0.0,0.0,1.0,0.0,1128299.0,0.0,0.0,0.0,1.0,0.0,1.0,0.0,8.0,17.0,6.0,2021.0,210
29.0,0.4,54.99999999999999,0.0,0.0,1.0,0.0,0.0,0.0,0.0,1.0,0.0,1185732.0,0.0,0.0,0.0,0.0,0.0,1.0,0.0,16.0,22.0,10.0,2021.0,275
39.0,0.25,60.00000000000001,1.0,0.0,0.0,0.0,0.0,0.0,0.0,1.0,0.0,1128299.0,0.0,0.0,0.0,1.0,0.0,0.0,0.0,8.0,17.0,11.0,2021.0,700
44.0,0.4,55.00000000000001,0.0,0.0,0.0,0.0,0.0,0.0,0.0,1.0,0.0,1128299.0,1.0,0.0,0.0,0.0,0.0,0.0,0.0,45.0,23.0,3.0,2021.0,100
10.0,0.45,35.0,0.0,1.0,0.0,0.0,0.0,0.0,0.0,1.0,0.0,1185732.0,1.0,0.0,0.0,0.0,0.0,1.0,0.0,39.0,6.0,4.0,2021.0,975
29.0,0.47,41.0,1.0,0.0,0.0,0.0,0.0,0.0,0.0,1.0,0.0,1185732.0,0.0,0.0,0.0,0.0,0.0,1.0,0.0,16.0,22.0,8.0,2021.0,91
44.0,0.41,40.0,1.0,0.0,0.0,0.0,0.0,0.0,0.0,1.0,0.0,1128299.0,1.0,0.0,0.0,0.0,0.0,0.0,1.0,45.0,25.0,5.0,2021.0,105
3.0,0.38,44.0,0.0,0.0,0.0,0.0,0.0,0.0,0.0,1.0,0.0,1128299.0,1.0,0.0,0.0,0.0,0.0,0.0,1.0,9.0,12.0,12.0,2021.0,120
3.0,0.46,37.0,0.0,1.0,0.0,0.0,0.0,0.0,0.0,1.0,0.0,1128299.0,0.0,0.0,1.0,0.0,0.0,0.0,1.0,9.0,12.0,7.0,2021.0,218
29.0,0.53,23.0,0.0,0.0,0.0,1.0,0.0,0.0,0.0,1.0,0.0,1185732.0,1.0,0.0,0.0,0.0,0.0,1.0,0.0,16.0,20.0,1.0,2021.0,101
44.0,0.55,42.0,0.0,0.0,0.0,0.0,0.0,0.0,0.0,1.0,0.0,1128299.0,1.0,0.0,0.0,0.0,0.0,1.0,0.0,45.0,24.0,2.0,2021.0,38
39.0,0.65,44.0,0.0,0.0,1.0,0.0,0.0,0.0,0.0,1.0,0.0,1185732.0,0.0,0.0,0.0,0.0,1.0,1.0,0.0,8.0,12.0,1.0,2021.0,176
31.0,0.25,50.0,0.0,0.0,0.0,0.0,1.0,0.0,0.0,1.0,0.0,1185732.0,0.0,0.0,0.0,0.0,1.0,0.0,0.0,8.0,7.0,9.0,2020.0,800
29.0,0.53,49.0,0.0,0.0,0.0,1.0,0.0,0.0,0.0,1.0,0.0,1185732.0,1.0,0.0,0.0,0.0,0.0,1.0,0.0,16.0,21.0,12.0,2021.0,68
