City,Operating Margin,Price per Unit,Product_Men's Athletic Footwear,Product_Men's Street Footwear,Product_Women's Apparel,Product_Women's Athletic Footwear,Product_Women's Street Footwear,Region_Northeast,Region_South,Region_Southeast,Region_West,Retailer ID,Retailer_Foot Locker,Retailer_Kohl's,Retailer_Sports Direct,Retailer_Walmart,Retailer_West Gear,Sales Method_Online,Sales Method_Outlet,State,inv_day,inv_month,inv_year,Units Sold
22.0,0.39999999999999997,29.0,0.0,1.0,0.0,0.0,0.0,0.0,1.0,0.0,0.0,1197831.0,0.0,0.0,0.0,1.0,0.0,0.0,1.0,42.0,24.0,8.0,2020.0,295
15.0,0.35,40.0,0.0,0.0,0.0,0.0,0.0,0.0,1.0,0.0,0.0,1197831.0,0.0,0.0,1.0,0.0,0.0,0.0,1.0,42.0,8.0,10.0,2021.0,400
22.0,0.48,44.0,0.0,1.0,0.0,0.0,0.0,0.0,1.0,0.0,0.0,1197831.0,0.0,0.0,0.0,1.0,0.0,1.0,0.0,42.0,5.0,9.0,2020.0,255
24.0,0.46,24.0,0.0,1.0,0.0,0.0,0.0,0.0,1.0,0.0,0.0,1185732.0,0.0,0.0,0.0,1.0,0.0,0.0,1.0,23.0,18.0,10.0,2021.0,216
15.0,0.62,29.0,0.0,0.0,1.0,0.0,0.0,0.0,1.0,0.0,0.0,1197831.0,0.0,0.0,1.0,0.0,0.0,1.0,0.0,42.0,3.0,9.0,2021.0,156
37.0,0.41,15.0,1.0,0.0,0.0,0.0,0.0,0.0,1.0,0.0,0.0,1197831.0,0.0,0.0,0.0,0.0,1.0,0.0,1.0,35.0,19.0,3.0,2021.0,78
34.0,0.42000000000000004,26.0,0.0,0.0,0.0,1.0,0.0,0.0,1.0,0.0,0.0,1197831.0,1.0,0.0,0.0,0.0,0.0,0.0,1.0,17.0,5.0,1.0,2021.0,166
24.0,0.46,20.0,0.0,1.0,0.0,0.0,0.0,0.0,1.0,0.0,0.0,1185732.0,1.0,0.0,0.0,0.0,0.0,0.0,1.0,23.0,16.0,3.0,2021.0,223
6.0,0.7500000000000001,34.0,0.0,0.0,1.0,0.0,0.0,0.0,1.0,0.0,0.0,1197831.0,0.0,0.0,1.0,0.0,0.0,1.0,0.0,0.0,18.0,8.0,2021.0,104
27.0,0.49,64.0,0.0,0.0,0.0,0.0,0.0,0.0,1.0,0.0,0.0,1197831.0,0.0,0.0,0.0,0.0,1.0,1.0,0.0,3.0,19.0,12.0,2021.0,112
25.0,0.35,25.0,0.0,1.0,0.0,0.0,0.0,0.0,1.0,0.0,0.0,1197831.0,0.0,0.0,1.0,0.0,0.0,0.0,1.0,41.0,16.0,3.0,2021.0,650
25.0,0.44999999999999996,30.000000000000004,0.0,1.0,0.0,0.0,0.0,0.0,1.0,0.0,0.0,1197831.0,0.0,0.0,1.0,0.0,0.0,0.0,1.0,41.0,9.0,5.0,2021.0,675
34.0,0.43999999999999995,38.0,1.0,0.0,0.0,0.0,0.0,0.0,1.0,0.0,0.0,1128299.0,0.0,0.0,0.0,0.0,1.0,0.0,1.0,17.0,16.0,3.0,2021.0,120
25.0,0.5499999999999999,51.0,1.0,0.0,0.0,0.0,0.0,0.0,1.0,0.0,0.0,1197831.0,0.0,0.0,1.0,0.0,0.0,1.0,0.0,41.0,16.0,5.0,2021.0,240
27.0,0.4,40.0,0.0,0.0,0.0,1.0,0.0,0.0,1.0,0.0,0.0,1197831.0,0.0,0.0,0.0,1.0,0.0,1.0,0.0,3.0,21.0,6.0,2021.0,375
6.0,0.35,40.0,0.0,0.0,0.0,0.0,0.0,0.0,1.0,0.0,0.0,1197831.0,0.0,0.0,1.0,0.0,0.0,0.0,1.0,0.0,11.0,8.0,2021.0,250
27.0,0.45,20.0,0.0,0.0,1.0,0.0,0.0,0.0,1.0,0.0,0.0,1197831.0,0.0,0.0,0.0,0.0,1.0,0.0,1.0,3.0,21.0,10.0,2021.0,132
25.0,0.44999999999999996,50.0,1.0,0.0,0.0,0.0,0.0,0.0,1.0,0.0,0.0,1197831.0,0.0,0.0,1.0,0.0,0.0,0.0,1.0,41.0,28.0,4.0,2021.0,625
22.0,0.32,29.0,0.0,0.0,0.0,0.0,0.0,0.0,1.0,0.0,0.0,1197831.0,0.0,0.0,0.0,1.0,0.0,0.0,1.0,42.0,22.0,8.0,2020.0,221
15.0,0.55,60.0,0.0,0.0,1.0,0.0,0.0,0.0,1.0,0.0,0.0,1197831.0,0.0,0.0,1.0,0.0,0.0,0.0,1.0,42.0,21.0,9.0,2021.0,850
6.0,0.44999999999999996,45.0,0.0,0.0,0.0,0.0,1.0,0.0,1.0,0.0,0.0,1197831.0,0.0,0.0,1.0,0.0,0.0,0.0,1.0,0.0,2.0,9.0,2021.0,650
15.0,0.55,42.0,0.0,0.0,1.0,0.0,0.0,0.0,1.0,0.0,0.0,1197831.0,0.0,0.0,1.0,0.0,0.0,0.0,1.0,42.0,15.0,9.0,2021.0,280
37.0,0.35,25.000000000000007,0.0,0.0,0.0,0.0,0.0,0.0,1.0,0.0,0.0,1197831.0,0.0,0.0,0.0,0.0,1.0,1.0,0.0,35.0,19.0,9.0,2021.0,250
37.0,0.47000000000000003,45.0,0.0,0.0,1.0,0.0,0.0,0.0,1.0,0.0,0.0,1197831.0,0.0,0.0,0.0,0.0,1.0,0.0,1.0,35.0,19.0,7.0,2021.0,163
24.0,0.51,58.0,0.0,1.0,0.0,0.0,0.0,0.0,1.0,0.0,0.0,1185732.0,1.0,0.0,0.0,0.0,0.0,1.0,0.0,23.0,16.0,7.0,2021.0,221
6.0,0.39999999999999997,50.0,0.0,0.0,0.0,0.0,0.0,0.0,1.0,0.0,0.0,1197831.0,0.0,0.0,1.0,0.0,0.0,0.0,1.0,0.0,29.0,8.0,2021.0,400
34.0,0.42,50.0,0.0,0.0,0.0,0.0,1.0,0.0,1.0,0.0,0.0,1128299.0,0.0,0.0,0.0,0.0,1.0,0.0,1.0,17.0,17.0,8.0,2021.0,217
37.0,0.4,40.0,0.0,0.0,0.0,1.0,0.0,0.0,1.0,0.0,0.0,1197831.0,0.0,0.0,0.0,0.0,1.0,1.0,0.0,35.0,21.0,6.0,2021.0,300
37.0,0.52,36.0,0.0,0.0,0.0,0.0,1.0,0.0,1.0,0.0,0.0,1197831.0,0.0,0.0,0.0,0.0,1.0,1.0,0.0,35.0,21.0,6.0,2021.0,88
37.0,0.5,19.0,0.0,1.0,0.0,0.0,0.0,0.0,1.0,0.0,0.0,1197831.0,0.0,0.0,0.0,0.0,1.0,1.0,0.0,35.0,19.0,3.0,2021.0,154
15.0,0.42999999999999994,34.0,0.0,1.0,0.0,0.0,0.0,0.0,1.0,0.0,0.0,1197831.0,0.0,0.0,1.0,0.0,0.0,0.0,1.0,42.0,22.0,9.0,2021.0,248
27.0,0.4,70.0,0.0,1.0,0.0,0.0,0.0,0.0,1.0,0.0,0.0,1197831.0,0.0,0.0,0.0,0.0,1.0,1.0,0.0,3.0,19.0,12.0,2021.0,700
25.0,0.61,36.0,0.0,0.0,0.0,1.0,0.0,0.0,1.0,0.0,0.0,1197831.0,0.0,0.0,1.0,0.0,0.0,1.0,0.0,41.0,12.0,4.0,2021.0,174
24.0,0.38999999999999996,17.0,1.0,0.0,0.0,0.0,0.0,0.0,1.0,0.0,0.0,1197831.0,0.0,0.0,1.0,0.0,0.0,0.0,1.0,23.0,21.0,2.0,2021.0,112
25.0,0.65,23.0,0.0,0.0,0.0,1.0,0.0,0.0,1.0,0.0,0.0,1197831.0,0.0,0.0,1.0,0.0,0.0,1.0,0.0,41.0,31.0,3.0,2021.0,112
37.0,0.42000000000000004,12.0,0.0,0.0,0.0,1.0,0.0,0.0,1.0,0.0,0.0,1197831.0,0.0,0.0,0.0,0.0,1.0,0.0,1.0,35.0,19.0,9.0,2021.0,83
15.0,0.38999999999999996,46.0,0.0,0.0,0.0,0.0,0.0,0.0,1.0,0.0,0.0,1197831.0,0.0,0.0,1.0,0.0,0.0,0.0,1.0,42.0,14.0,10.0,2021.0,162
27.0,0.39999999999999997,50.0,0.0,0.0,0.0,0.0,0.0,0.0,1.0,0.0,0.0,1197831.0,0.0,0.0,0.0,0.0,1.0,0.0,1.0,3.0,19.0,12.0,2021.0,132
6.0,0.44999999999999996,50.0,1.0,0.0,0.0,0.0,0.0,0.0,1.0,0.0,0.0,1197831.0,0.0,0.0,1.0,0.0,0.0,0.0,1.0,0.0,1.0,9.0,2021.0,750
27.0,0.42000000000000004,12.0,0.0,0.0,0.0,1.0,0.0,0.0,1.0,0.0,0.0,1197831.0,0.0,0.0,0.0,1.0,0.0,0.0,1.0,3.0,19.0,9.0,2021.0,104
25.0,0.44999999999999996,35.0,0.0,1.0,0.0,0.0,0.0,0.0,1.0,0.0,0.0,1197831.0,0.0,0.0,1.0,0.0,0.0,0.0,1.0,41.0,3.0,5.0,2021.0,575
27.0,0.42,11.0,1.0,0.0,0.0,0.0,0.0,0.0,1.0,0.0,0.0,1197831.0,0.0,0.0,0.0,0.0,1.0,0.0,1.0,3.0,20.0,11.0,2021.0,116
22.0,0.35,25.0,0.0,1.0,0.0,0.0,0.0,0.0,1.0,0.0,0.0,1197831.0,0.0,0.0,1.0,0.0,0.0,0.0,1.0,42.0,25.0,7.0,2020.0,850
24.0,0.35,40.0,0.0,0.0,0.0,0.0,0.0,0.0,1.0,0.0,0.0,1185732.0,1.0,0.0,0.0,0.0,0.0,1.0,0.0,23.0,18.0,2.0,2021.0,400
27.0,0.43000000000000005,35.0,0.0,1.0,0.0,0.0,0.0,0.0,1.0,0.0,0.0,1197831.0,0.0,0.0,0.0,1.0,0.0,0.0,1.0,3.0,19.0,9.0,2021.0,221
37.0,0.45,29.0,0.0,0.0,0.0,1.0,0.0,0.0,1.0,0.0,0.0,1197831.0,0.0,0.0,0.0,0.0,1.0,0.0,1.0,35.0,21.0,6.0,2021.0,102
24.0,0.35,55.00000000000001,1.0,0.0,0.0,0.0,0.0,0.0,1.0,0.0,0.0,1185732.0,0.0,0.0,0.0,1.0,0.0,1.0,0.0,23.0,16.0,7.0,2021.0,600
34.0,0.35,60.00000000000001,0.0,0.0,1.0,0.0,0.0,0.0,1.0,0.0,0.0,1128299.0,0.0,0.0,0.0,0.0,1.0,0.0,0.0,17.0,17.0,4.0,2021.0,350
24.0,0.4,20.000000000000007,0.0,0.0,0.0,1.0,0.0,0.0,1.0,0.0,0.0,1185732.0,0.0,0.0,0.0,1.0,0.0,1.0,0.0,23.0,16.0,9.0,2021.0,400
37.0,0.55,34.0,0.0,0.0,0.0,1.0,0.0,0.0,1.0,0.0,0.0,1197831.0,0.0,0.0,0.0,0.0,1.0,1.0,0.0,35.0,19.0,5.0,2021.0,59
6.0,0.6,51.0,0.0,0.0,0.0,0.0,1.0,0.0,1.0,0.0,0.0,1197831.0,0.0,0.0,1.0,0.0,0.0,1.0,0.0,0.0,14.0,9.0,2021.0,268
24.0,0.35,60.0,0.0,0.0,0.0,0.0,0.0,0.0,1.0,0.0,0.0,1185732.0,0.0,0.0,0.0,1.0,0.0,1.0,0.0,23.0,16.0,7.0,2021.0,500
27.0,0.41,56.0,0.0,0.0,0.0,0.0,0.0,0.0,1.0,0.0,0.0,1197831.0,0.0,0.0,0.0,0.0,1.0,0.0,1.0,3.0,20.0,11.0,2021.0,105
27.0,0.45,18.0,0.0,0.0,1.0,0.0,0.0,0.0,1.0,0.0,0.0,1197831.0,0.0,0.0,0.0,0.0,1.0,0.0,1.0,3.0,23.0,1.0,2021.0,124
24.0,0.37,17.0,1.0,0.0,0.0,0.0,0.0,0.0,1.0,0.0,0.0,1185732.0,0.0,0.0,0.0,1.0,0.0,0.0,1.0,23.0,18.0,10.0,2021.0,165
6.0,0.5599999999999999,31.0,0.0,0.0,0.0,0.0,1.0,0.0,1.0,0.0,0.0,1197831.0,0.0,0.0,1.0,0.0,0.0,0.0,1.0,0.0,8.0,9.0,2021.0,322
24.0,0.47000000000000003,15.0,0.0,0.0,0.0,0.0,1.0,0.0,1.0,0.0,0.0,1185732.0,0.0,0.0,0.0,1.0,0.0,0.0,1.0,23.0,16.0,9.0,2021.0,145
34.0,0.43999999999999995,40.0,1.0,0.0,0.0,0.0,0.0,0.0,1.0,0.0,0.0,1128299.0,0.0,0.0,0.0,0.0,1.0,0.0,1.0,17.0,18.0,5.0,2021.0,128
37.0,0.5,23.0,0.0,0.0,1.0,0.0,0.0,0.0,1.0,0.0,0.0,1197831.0,0.0,1.0,0.0,0.0,0.0,1.0,0.0,35.0,16.0,1.0,2021.0,102
24.0,0.39999999999999997,34.0,0.0,0.0,0.0,0.0,0.0,0.0,1.0,0.0,0.0,1185732.0,1.0,0.0,0.0,0.0,0.0,0.0,1.0,23.0,16.0,5.0,2021.0,132
6.0,0.47,7.0,0.0,1.0,0.0,0.0,0.0,0.0,1.0,0.0,0.0,1197831.0,0.0,0.0,1.0,0.0,0.0,0.0,1.0,0.0,25.0,8.0,2021.0,224
27.0,0.47000000000000003,11.0,0.0,0.0,0.0,0.0,1.0,0.0,1.0,0.0,0.0,1197831.0,0.0,0.0,0.0,1.0,0.0,0.0,1.0,3.0,20.0,4.0,2021.0,96
34.0,0.44999999999999996,59.0,0.0,0.0,1.0,0.0,0.0,0.0,1.0,0.0,0.0,1128299.0,0.0,0.0,0.0,0.0,1.0,1.0,0.0,17.0,18.0,5.0,2021.0,167
25.0,0.39999999999999997,19.999999999999996,0.0,0.0,0.0,0.0,1.0,0.0,1.0,0.0,0.0,1197831.0,0.0,0.0,1.0,0.0,0.0,0.0,1.0,41.0,30.0,3.0,2021.0,500
22.0,0.38999999999999996,34.0,0.0,0.0,0.0,0.0,1.0,0.0,1.0,0.0,0.0,1197831.0,0.0,0.0,0.0,1.0,0.0,0.0,1.0,42.0,22.0,10.0,2020.0,281
22.0,0.45,35.0,0.0,0.0,0.0,1.0,0.0,0.0,1.0,0.0,0.0,1197831.0,0.0,0.0,1.0,0.0,0.0,0.0,1.0,42.0,28.0,7.0,2020.0,625
27.0,0.4,60.00000000000001,0.0,0.0,0.0,1.0,0.0,0.0,1.0,0.0,0.0,1197831.0,0.0,0.0,0.0,0.0,1.0,1.0,0.0,3.0,19.0,12.0,2021.0,400
25.0,0.47,33.0,1.0,0.0,0.0,0.0,0.0,0.0,1.0,0.0,0.0,1197831.0,0.0,0.0,1.0,0.0,0.0,0.0,1.0,41.0,28.0,4.0,2021.0,213
34.0,0.32,18.0,0.0,1.0,0.0,0.0,0.0,0.0,1.0,0.0,0.0,1197831.0,1.0,0.0,0.0,0.0,0.0,0.0,1.0,17.0,4.0,2.0,2021.0,200
27.0,0.52,23.0,0.0,0.0,1.0,0.0,0.0,0.0,1.0,0.0,0.0,1197831.0,0.0,0.0,0.0,0.0,1.0,1.0,0.0,3.0,23.0,1.0,2021.0,101
34.0,0.51,86.0,0.0,1.0,0.0,0.0,0.0,0.0,1.0,0.0,0.0,1128299.0,0.0,0.0,0.0,0.0,1.0,1.0,0.0,17.0,17.0,8.0,2021.0,255
27.0,0.35,55.00000000000001,1.0,0.0,0.0,0.0,0.0,0.0,1.0,0.0,0.0,1197831.0,0.0,0.0,0.0,1.0,0.0,1.0,0.0,3.0,20.0,8.0,2021.0,525
27.0,0.48,50.0,1.0,0.0,0.0,0.0,0.0,0.0,1.0,0.0,0.0,1197831.0,0.0,0.0,0.0,1.0,0.0,1.0,0.0,3.0,20.0,8.0,2021.0,152
27.0,0.46,26.0,0.0,1.0,0.0,0.0,0.0,0.0,1.0,0.0,0.0,1197831.0,0.0,0.0,0.0,1.0,0.0,0.0,1.0,3.0,19.0,5.0,2021.0,228
27.0,0.4,55.00000000000001,0.0,0.0,1.0,0.0,0.0,0.0,1.0,0.0,0.0,1197831.0,0.0,0.0,0.0,1.0,0.0,1.0,0.0,3.0,20.0,8.0,2021.0,550
34.0,0.39999999999999997,35.0,0.0,1.0,0.0,0.0,0.0,0.0,1.0,0.0,0.0,1128299.0,0.0,0.0,0.0,0.0,1.0,1.0,0.0,17.0,17.0,10.0,2021.0,400
25.0,0.54,19.0,0.0,0.0,0.0,0.0,1.0,0.0,1.0,0.0,0.0,1197831.0,0.0,0.0,1.0,0.0,0.0,1.0,0.0,41.0,5.0,4.0,2021.0,180
25.0,0.6000000000000001,45.0,0.0,0.0,1.0,0.0,0.0,0.0,1.0,0.0,0.0,1197831.0,0.0,0.0,1.0,0.0,0.0,0.0,1.0,41.0,8.0,5.0,2021.0,525
15.0,0.6,41.0,0.0,0.0,0.0,1.0,0.0,0.0,1.0,0.0,0.0,1197831.0,0.0,0.0,1.0,0.0,0.0,1.0,0.0,42.0,7.0,10.0,2021.0,111
25.0,0.65,49.0,0.0,0.0,1.0,0.0,0.0,0.0,1.0,0.0,0.0,1197831.0,0.0,0.0,1.0,0.0,0.0,1.0,0.0,41.0,14.0,4.0,2021.0,236
22.0,0.35,40.0,1.0,0.0,0.0,0.0,0.0,0.0,1.0,0.0,0.0,1197831.0,0.0,0.0,0.0,1.0,0.0,0.0,1.0,42.0,13.0,8.0,2020.0,925
22.0,0.35,40.0,0.0,0.0,0.0,0.0,1.0,0.0,1.0,0.0,0.0,1197831.0,0.0,0.0,0.0,1.0,0.0,0.0,1.0,42.0,26.0,8.0,2020.0,1100
34.0,0.35,90.00000000000003,0.0,0.0,1.0,0.0,0.0,0.0,1.0,0.0,0.0,1128299.0,1.0,0.0,0.0,0.0,0.0,1.0,0.0,17.0,16.0,12.0,2021.0,625
6.0,0.6500000000000001,70.0,0.0,0.0,1.0,0.0,0.0,0.0,1.0,0.0,0.0,1197831.0,0.0,0.0,1.0,0.0,0.0,0.0,1.0,0.0,11.0,10.0,2021.0,750
15.0,0.42,34.0,0.0,1.0,0.0,0.0,0.0,0.0,1.0,0.0,0.0,1197831.0,0.0,0.0,1.0,0.0,0.0,0.0,1.0,42.0,16.0,9.0,2021.0,256
22.0,0.35,35.0,0.0,0.0,0.0,0.0,1.0,0.0,1.0,0.0,0.0,1197831.0,0.0,0.0,1.0,0.0,0.0,0.0,1.0,42.0,27.0,7.0,2020.0,675
25.0,0.39999999999999997,35.0,0.0,0.0,0.0,0.0,0.0,0.0,1.0,0.0,0.0,1197831.0,0.0,0.0,1.0,0.0,0.0,0.0,1.0,41.0,7.0,5.0,2021.0,350
25.0,0.56,20.0,0.0,0.0,0.0,1.0,0.0,0.0,1.0,0.0,0.0,1197831.0,0.0,0.0,1.0,0.0,0.0,0.0,1.0,41.0,31.0,3.0,2021.0,128
24.0,0.42,35.0,0.0,0.0,0.0,0.0,0.0,0.0,1.0,0.0,0.0,1185732.0,0.0,0.0,0.0,1.0,0.0,0.0,1.0,23.0,17.0,8.0,2021.0,158
22.0,0.55,41.0,0.0,0.0,1.0,0.0,0.0,0.0,1.0,0.0,0.0,1197831.0,0.0,0.0,0.0,1.0,0.0,0.0,1.0,42.0,31.0,10.0,2020.0,306
27.0,0.45,43.0,0.0,1.0,0.0,0.0,0.0,0.0,1.0,0.0,0.0,1197831.0,0.0,0.0,0.0,1.0,0.0,0.0,1.0,3.0,20.0,8.0,2021.0,233
34.0,0.45999999999999996,29.0,0.0,1.0,0.0,0.0,0.0,0.0,1.0,0.0,0.0,1128299.0,0.0,0.0,0.0,0.0,1.0,0.0,1.0,17.0,16.0,3.0,2021.0,179
37.0,0.4,35.0,0.0,0.0,0.0,1.0,0.0,0.0,1.0,0.0,0.0,1197831.0,0.0,0.0,0.0,0.0,1.0,1.0,0.0,35.0,19.0,5.0,2021.0,225
15.0,0.51,33.0,0.0,0.0,0.0,0.0,1.0,0.0,1.0,0.0,0.0,1185732.0,1.0,0.0,0.0,0.0,0.0,1.0,0.0,42.0,24.0,10.0,2021.0,56
27.0,0.4,50.0,0.0,0.0,0.0,0.0,1.0,0.0,1.0,0.0,0.0,1197831.0,0.0,0.0,0.0,1.0,0.0,1.0,0.0,3.0,20.0,8.0,2021.0,450
34.0,0.45,50.0,0.0,0.0,0.0,0.0,0.0,0.0,1.0,0.0,0.0,1128299.0,0.0,0.0,0.0,0.0,1.0,1.0,0.0,17.0,17.0,10.0,2021.0,350
24.0,0.42000000000000004,32.0,0.0,0.0,0.0,1.0,0.0,0.0,1.0,0.0,0.0,1185732.0,0.0,0.0,0.0,1.0,0.0,0.0,1.0,23.0,17.0,8.0,2021.0,147
34.0,0.44999999999999996,62.0,0.0,0.0,0.0,1.0,0.0,0.0,1.0,0.0,0.0,1128299.0,0.0,0.0,0.0,0.0,1.0,0.0,1.0,17.0,16.0,7.0,2021.0,198
34.0,0.47,50.0,0.0,0.0,1.0,0.0,0.0,0.0,1.0,0.0,0.0,1128299.0,0.0,0.0,0.0,0.0,1.0,1.0,0.0,17.0,17.0,10.0,2021.0,108
27.0,0.43000000000000005,35.0,0.0,0.0,0.0,1.0,0.0,0.0,1.0,0.0,0.0,1197831.0,0.0,0.0,0.0,1.0,0.0,0.0,1.0,3.0,19.0,7.0,2021.0,120
27.0,0.37,40.0,0.0,0.0,0.0,0.0,0.0,0.0,1.0,0.0,0.0,1197831.0,0.0,0.0,0.0,1.0,0.0,0.0,1.0,3.0,20.0,8.0,2021.0,113
25.0,0.38999999999999996,23.0,1.0,0.0,0.0,0.0,0.0,0.0,1.0,0.0,0.0,1197831.0,0.0,0.0,1.0,0.0,0.0,0.0,1.0,41.0,17.0,3.0,2021.0,219
37.0,0.46,18.0,0.0,0.0,1.0,0.0,0.0,0.0,1.0,0.0,0.0,1197831.0,0.0,0.0,0.0,0.0,1.0,0.0,1.0,35.0,19.0,3.0,2021.0,88
15.0,0.7000000000000001,44.0,0.0,1.0,0.0,0.0,0.0,0.0,1.0,0.0,0.0,1185732.0,1.0,0.0,0.0,0.0,0.0,1.0,0.0,42.0,22.0,10.0,2021.0,111
34.0,0.39999999999999997,50.0,0.0,1.0,0.0,0.0,0.0,0.0,1.0,0.0,0.0,1128299.0,0.0,0.0,0.0,0.0,1.0,0.0,0.0,17.0,17.0,4.0,2021.0,525
6.0,0.61,38.0,0.0,1.0,0.0,0.0,0.0,0.0,1.0,0.0,0.0,1197831.0,0.0,0.0,1.0,0.0,0.0,1.0,0.0,0.0,12.0,9.0,2021.0,225
37.0,0.4,54.99999999999999,0.0,1.0,0.0,0.0,0.0,0.0,1.0,0.0,0.0,1197831.0,0.0,0.0,0.0,0.0,1.0,1.0,0.0,35.0,19.0,7.0,2021.0,700
22.0,0.3,45.0,0.0,0.0,0.0,0.0,0.0,0.0,1.0,0.0,0.0,1197831.0,0.0,0.0,0.0,1.0,0.0,0.0,1.0,42.0,10.0,8.0,2020.0,525
25.0,0.55,35.0,0.0,0.0,1.0,0.0,0.0,0.0,1.0,0.0,0.0,1197831.0,0.0,0.0,1.0,0.0,0.0,0.0,1.0,41.0,27.0,3.0,2021.0,425
37.0,0.53,47.0,0.0,0.0,0.0,0.0,1.0,0.0,1.0,0.0,0.0,1197831.0,0.0,0.0,0.0,0.0,1.0,1.0,0.0,35.0,20.0,8.0,2021.0,113
37.0,0.42000000000000004,26.0,0.0,0.0,0.0,1.0,0.0,0.0,1.0,0.0,0.0,1197831.0,0.0,0.0,0.0,0.0,1.0,0.0,1.0,35.0,19.0,5.0,2021.0,74
34.0,0.5900000000000001,64.0,0.0,0.0,0.0,0.0,0.0,0.0,1.0,0.0,0.0,1128299.0,0.0,0.0,0.0,0.0,1.0,1.0,0.0,17.0,17.0,8.0,2021.0,138
6.0,0.6000000000000001,15.0,0.0,0.0,0.0,1.0,0.0,0.0,1.0,0.0,0.0,1197831.0,0.0,0.0,1.0,0.0,0.0,0.0,1.0,0.0,22.0,8.0,2021.0,116
27.0,0.4,25.0,0.0,0.0,1.0,0.0,0.0,0.0,1.0,0.0,0.0,1197831.0,0.0,0.0,0.0,1.0,0.0,1.0,0.0,3.0,19.0,3.0,2021.0,350
22.0,0.6,36.0,0.0,0.0,0.0,1.0,0.0,0.0,1.0,0.0,0.0,1197831.0,0.0,0.0,0.0,1.0,0.0,1.0,0.0,42.0,27.0,8.0,2020.0,210
25.0,0.6700000000000002,29.0,0.0,0.0,1.0,0.0,0.0,0.0,1.0,0.0,0.0,1197831.0,0.0,0.0,1.0,0.0,0.0,0.0,1.0,41.0,8.0,5.0,2021.0,179
15.0,0.35,45.0,0.0,1.0,0.0,0.0,0.0,0.0,1.0,0.0,0.0,1197831.0,0.0,0.0,1.0,0.0,0.0,0.0,1.0,42.0,10.0,9.0,2021.0,800
6.0,0.59,50.0,0.0,0.0,0.0,0.0,0.0,0.0,1.0,0.0,0.0,1197831.0,0.0,0.0,1.0,0.0,0.0,1.0,0.0,0.0,16.0,9.0,2021.0,123
27.0,0.4,40.0,0.0,1.0,0.0,0.0,0.0,0.0,1.0,0.0,0.0,1197831.0,0.0,0.0,0.0,1.0,0.0,1.0,0.0,3.0,21.0,6.0,2021.0,675
15.0,0.51,38.0,0.0,0.0,0.0,1.0,0.0,0.0,1.0,0.0,0.0,1185732.0,1.0,0.0,0.0,0.0,0.0,1.0,0.0,42.0,25.0,10.0,2021.0,19
24.0,0.56,35.0,0.0,0.0,1.0,0.0,0.0,0.0,1.0,0.0,0.0,1185732.0,1.0,0.0,0.0,0.0,0.0,0.0,1.0,23.0,16.0,5.0,2021.0,150
15.0,0.65,47.0,0.0,0.0,0.0,1.0,0.0,0.0,1.0,0.0,0.0,1197831.0,0.0,0.0,1.0,0.0,0.0,1.0,0.0,42.0,25.0,9.0,2021.0,147
22.0,0.35,50.0,0.0,0.0,0.0,0.0,1.0,0.0,1.0,0.0,0.0,1197831.0,0.0,0.0,0.0,1.0,0.0,0.0,1.0,42.0,22.0,10.0,2020.0,825
27.0,0.45999999999999996,32.0,0.0,0.0,0.0,0.0,0.0,0.0,1.0,0.0,0.0,1197831.0,0.0,0.0,0.0,1.0,0.0,1.0,0.0,3.0,19.0,3.0,2021.0,65
15.0,0.45999999999999996,47.0,0.0,0.0,0.0,0.0,0.0,0.0,1.0,0.0,0.0,1197831.0,0.0,0.0,1.0,0.0,0.0,1.0,0.0,42.0,20.0,9.0,2021.0,167
24.0,0.35,40.0,1.0,0.0,0.0,0.0,0.0,0.0,1.0,0.0,0.0,1185732.0,1.0,0.0,0.0,0.0,0.0,1.0,0.0,23.0,16.0,5.0,2021.0,450
25.0,0.47,28.0,0.0,1.0,0.0,0.0,0.0,0.0,1.0,0.0,0.0,1197831.0,0.0,0.0,1.0,0.0,0.0,0.0,1.0,41.0,9.0,4.0,2021.0,256
37.0,0.44999999999999996,23.0,0.0,0.0,0.0,0.0,0.0,0.0,1.0,0.0,0.0,1197831.0,0.0,0.0,0.0,0.0,1.0,1.0,0.0,35.0,19.0,9.0,2021.0,68
25.0,0.44999999999999996,12.0,0.0,1.0,0.0,0.0,0.0,0.0,1.0,0.0,0.0,1197831.0,0.0,0.0,1.0,0.0,0.0,0.0,1.0,41.0,3.0,4.0,2021.0,247
22.0,0.45999999999999996,42.0,1.0,0.0,0.0,0.0,0.0,0.0,1.0,0.0,0.0,1197831.0,0.0,0.0,0.0,1.0,0.0,1.0,0.0,42.0,25.0,8.0,2020.0,238
27.0,0.47000000000000003,11.0,0.0,0.0,0.0,0.0,1.0,0.0,1.0,0.0,0.0,1197831.0,0.0,0.0,0.0,1.0,0.0,0.0,1.0,3.0,19.0,9.0,2021.0,123
24.0,0.47000000000000003,41.0,0.0,0.0,0.0,1.0,0.0,0.0,1.0,0.0,0.0,1185732.0,0.0,0.0,1.0,0.0,0.0,0.0,1.0,23.0,16.0,12.0,2021.0,143
37.0,0.47000000000000003,22.0,0.0,0.0,1.0,0.0,0.0,0.0,1.0,0.0,0.0,1197831.0,0.0,1.0,0.0,0.0,0.0,0.0,1.0,35.0,21.0,10.0,2021.0,101
27.0,0.4,54.99999999999999,0.0,1.0,0.0,0.0,0.0,0.0,1.0,0.0,0.0,1197831.0,0.0,0.0,0.0,1.0,0.0,1.0,0.0,3.0,19.0,7.0,2021.0,775
22.0,0.35,40.0,1.0,0.0,0.0,0.0,0.0,0.0,1.0,0.0,0.0,1197831.0,0.0,0.0,1.0,0.0,0.0,0.0,1.0,42.0,7.0,8.0,2020.0,900
27.0,0.38999999999999996,17.0,1.0,0.0,0.0,0.0,0.0,0.0,1.0,0.0,0.0,1197831.0,0.0,0.0,0.0,0.0,1.0,0.0,1.0,3.0,21.0,2.0,2021.0,83
34.0,0.48,32.0,0.0,0.0,0.0,0.0,0.0,0.0,1.0,0.0,0.0,1128299.0,0.0,0.0,0.0,0.0,1.0,0.0,1.0,17.0,18.0,5.0,2021.0,77
24.0,0.62,32.0,0.0,0.0,1.0,0.0,0.0,0.0,1.0,0.0,0.0,1185732.0,0.0,0.0,0.0,1.0,0.0,1.0,0.0,23.0,16.0,9.0,2021.0,130
24.0,0.41,33.0,1.0,0.0,0.0,0.0,0.0,0.0,1.0,0.0,0.0,1185732.0,0.0,0.0,0.0,1.0,0.0,0.0,1.0,23.0,16.0,9.0,2021.0,158
6.0,0.59,48.0,0.0,0.0,0.0,0.0,0.0,0.0,1.0,0.0,0.0,1197831.0,0.0,0.0,1.0,0.0,0.0,1.0,0.0,0.0,4.0,10.0,2021.0,111
25.0,0.49,28.0,0.0,0.0,0.0,1.0,0.0,0.0,1.0,0.0,0.0,1197831.0,0.0,0.0,1.0,0.0,0.0,0.0,1.0,41.0,19.0,3.0,2021.0,128
6.0,0.5,35.0,0.0,0.0,0.0,1.0,0.0,0.0,1.0,0.0,0.0,1197831.0,0.0,0.0,1.0,0.0,0.0,0.0,1.0,0.0,10.0,8.0,2021.0,375
15.0,0.48,53.0,0.0,0.0,0.0,0.0,0.0,0.0,1.0,0.0,0.0,1197831.0,0.0,0.0,1.0,0.0,0.0,1.0,0.0,42.0,26.0,9.0,2021.0,142
15.0,0.51,26.0,0.0,0.0,1.0,0.0,0.0,0.0,1.0,0.0,0.0,1197831.0,0.0,0.0,1.0,0.0,0.0,0.0,1.0,42.0,22.0,8.0,2021.0,155
27.0,0.45,53.0,0.0,0.0,1.0,0.0,0.0,0.0,1.0,0.0,0.0,1197831.0,0.0,0.0,0.0,0.0,1.0,0.0,1.0,3.0,20.0,11.0,2021.0,135
22.0,0.5,40.0,0.0,0.0,1.0,0.0,0.0,0.0,1.0,0.0,0.0,1197831.0,0.0,0.0,1.0,0.0,0.0,0.0,1.0,42.0,5.0,8.0,2020.0,650
37.0,0.38,17.0,0.0,1.0,0.0,0.0,0.0,0.0,1.0,0.0,0.0,1197831.0,0.0,1.0,0.0,0.0,0.0,0.0,1.0,35.0,16.0,1.0,2021.0,176
6.0,0.41,34.0,0.0,0.0,0.0,1.0,0.0,0.0,1.0,0.0,0.0,1185732.0,0.0,0.0,0.0,0.0,0.0,1.0,0.0,0.0,15.0,10.0,2021.0,28
37.0,0.5,9.0,0.0,0.0,0.0,0.0,1.0,0.0,1.0,0.0,0.0,1197831.0,0.0,0.0,0.0,0.0,1.0,1.0,0.0,35.0,19.0,3.0,2021.0,80
37.0,0.43000000000000005,28.0,0.0,1.0,0.0,0.0,0.0,0.0,1.0,0.0,0.0,1197831.0,0.0,0.0,0.0,0.0,1.0,0.0,1.0,35.0,19.0,5.0,2021.0,179
24.0,0.35,25.0,1.0,0.0,0.0,0.0,0.0,0.0,1.0,0.0,0.0,1185732.0,1.0,0.0,0.0,0.0,0.0,1.0,0.0,23.0,16.0,3.0,2021.0,400
24.0,0.39999999999999997,18.0,1.0,0.0,0.0,0.0,0.0,0.0,1.0,0.0,0.0,1197831.0,0.0,0.0,1.0,0.0,0.0,0.0,1.0,23.0,23.0,1.0,2021.0,135
37.0,0.41,17.0,1.0,0.0,0.0,0.0,0.0,0.0,1.0,0.0,0.0,1197831.0,0.0,1.0,0.0,0.0,0.0,0.0,1.0,35.0,14.0,2.0,2021.0,75
37.0,0.54,23.0,0.0,1.0,0.0,0.0,0.0,0.0,1.0,0.0,0.0,1197831.0,0.0,1.0,0.0,0.0,0.0,1.0,0.0,35.0,20.0,11.0,2021.0,133
34.0,0.39999999999999997,50.0,1.0,0.0,0.0,0.0,0.0,0.0,1.0,0.0,0.0,1128299.0,0.0,0.0,0.0,0.0,1.0,0.0,0.0,17.0,18.0,5.0,2021.0,400
27.0,0.38999999999999996,37.0,0.0,0.0,0.0,0.0,0.0,0.0,1.0,0.0,0.0,1197831.0,0.0,0.0,0.0,1.0,0.0,0.0,1.0,3.0,21.0,6.0,2021.0,116
27.0,0.46,55.0,0.0,1.0,0.0,0.0,0.0,0.0,1.0,0.0,0.0,1197831.0,0.0,0.0,0.0,0.0,1.0,0.0,1.0,3.0,19.0,12.0,2021.0,238
6.0,0.6,29.0,0.0,1.0,0.0,0.0,0.0,0.0,1.0,0.0,0.0,1197831.0,0.0,0.0,1.0,0.0,0.0,1.0,0.0,0.0,24.0,9.0,2021.0,131
37.0,0.35,20.0,0.0,0.0,0.0,1.0,0.0,0.0,1.0,0.0,0.0,1197831.0,0.0,1.0,0.0,0.0,0.0,1.0,0.0,35.0,16.0,1.0,2021.0,200
6.0,0.59,9.0,0.0,1.0,0.0,0.0,0.0,0.0,1.0,0.0,0.0,1197831.0,0.0,0.0,1.0,0.0,0.0,1.0,0.0,0.0,25.0,8.0,2021.0,203
37.0,0.4,30.000000000000004,0.0,0.0,1.0,0.0,0.0,0.0,1.0,0.0,0.0,1197831.0,0.0,0.0,0.0,0.0,1.0,1.0,0.0,35.0,20.0,4.0,2021.0,325
22.0,0.35,35.0,0.0,0.0,0.0,0.0,1.0,0.0,1.0,0.0,0.0,1197831.0,0.0,0.0,1.0,0.0,0.0,0.0,1.0,42.0,8.0,8.0,2020.0,725
15.0,0.39999999999999997,65.0,0.0,0.0,0.0,0.0,1.0,0.0,1.0,0.0,0.0,1197831.0,0.0,0.0,1.0,0.0,0.0,0.0,1.0,42.0,18.0,10.0,2021.0,725
27.0,0.51,57.0,0.0,0.0,0.0,1.0,0.0,0.0,1.0,0.0,0.0,1197831.0,0.0,0.0,0.0,0.0,1.0,1.0,0.0,3.0,19.0,12.0,2021.0,120
27.0,0.48,54.0,0.0,0.0,0.0,0.0,0.0,0.0,1.0,0.0,0.0,1197831.0,0.0,0.0,0.0,1.0,0.0,1.0,0.0,3.0,21.0,6.0,2021.0,98
25.0,0.48,24.0,0.0,0.0,0.0,0.0,1.0,0.0,1.0,0.0,0.0,1185732.0,1.0,0.0,0.0,0.0,0.0,1.0,0.0,41.0,23.0,5.0,2021.0,65
22.0,0.35,50.0,0.0,0.0,0.0,0.0,1.0,0.0,1.0,0.0,0.0,1197831.0,0.0,0.0,0.0,1.0,0.0,0.0,1.0,42.0,28.0,10.0,2020.0,850
22.0,0.37,23.0,0.0,1.0,0.0,0.0,0.0,0.0,1.0,0.0,0.0,1197831.0,0.0,0.0,1.0,0.0,0.0,0.0,1.0,42.0,6.0,8.0,2020.0,306
37.0,0.38,47.0,1.0,0.0,0.0,0.0,0.0,0.0,1.0,0.0,0.0,1197831.0,0.0,1.0,0.0,0.0,0.0,0.0,1.0,35.0,19.0,12.0,2021.0,149
15.0,0.5499999999999999,44.0,0.0,0.0,0.0,0.0,1.0,0.0,1.0,0.0,0.0,1197831.0,0.0,0.0,1.0,0.0,0.0,1.0,0.0,42.0,18.0,9.0,2021.0,254
22.0,0.41,27.0,0.0,0.0,0.0,0.0,1.0,0.0,1.0,0.0,0.0,1197831.0,0.0,0.0,1.0,0.0,0.0,0.0,1.0,42.0,27.0,7.0,2020.0,236
6.0,0.7100000000000001,46.0,0.0,0.0,0.0,1.0,0.0,0.0,1.0,0.0,0.0,1197831.0,0.0,0.0,1.0,0.0,0.0,1.0,0.0,0.0,15.0,9.0,2021.0,119
15.0,0.32,26.0,0.0,0.0,0.0,0.0,0.0,0.0,1.0,0.0,0.0,1197831.0,0.0,0.0,1.0,0.0,0.0,0.0,1.0,42.0,21.0,8.0,2021.0,93
27.0,0.47000000000000003,33.0,0.0,0.0,1.0,0.0,0.0,0.0,1.0,0.0,0.0,1197831.0,0.0,0.0,0.0,1.0,0.0,0.0,1.0,3.0,19.0,5.0,2021.0,145
6.0,0.6700000000000002,14.0,0.0,0.0,1.0,0.0,0.0,0.0,1.0,0.0,0.0,1197831.0,0.0,0.0,1.0,0.0,0.0,0.0,1.0,0.0,24.0,8.0,2021.0,165
24.0,0.5,35.0,0.0,0.0,1.0,0.0,0.0,0.0,1.0,0.0,0.0,1185732.0,0.0,0.0,1.0,0.0,0.0,1.0,0.0,23.0,18.0,10.0,2021.0,475
27.0,0.35,35.00000000000001,0.0,0.0,0.0,0.0,0.0,0.0,1.0,0.0,0.0,1197831.0,0.0,0.0,0.0,1.0,0.0,1.0,0.0,3.0,19.0,3.0,2021.0,250
22.0,0.64,47.0,0.0,0.0,1.0,0.0,0.0,0.0,1.0,0.0,0.0,1197831.0,0.0,0.0,0.0,1.0,0.0,1.0,0.0,42.0,23.0,8.0,2020.0,250
6.0,0.6500000000000001,60.0,0.0,0.0,1.0,0.0,0.0,0.0,1.0,0.0,0.0,1197831.0,0.0,0.0,1.0,0.0,0.0,0.0,1.0,0.0,5.0,10.0,2021.0,625
27.0,0.4,20.00000000000001,0.0,0.0,0.0,1.0,0.0,0.0,1.0,0.0,0.0,1197831.0,0.0,0.0,0.0,1.0,0.0,1.0,0.0,3.0,21.0,10.0,2021.0,275
24.0,0.46,24.0,0.0,0.0,0.0,1.0,0.0,0.0,1.0,0.0,0.0,1185732.0,1.0,0.0,0.0,0.0,0.0,0.0,1.0,23.0,16.0,5.0,2021.0,116
37.0,0.46,14.0,0.0,0.0,1.0,0.0,0.0,0.0,1.0,0.0,0.0,1197831.0,0.0,0.0,0.0,0.0,1.0,0.0,1.0,35.0,21.0,2.0,2021.0,112
15.0,0.56,32.0,0.0,0.0,1.0,0.0,0.0,0.0,1.0,0.0,0.0,1197831.0,0.0,0.0,1.0,0.0,0.0,1.0,0.0,42.0,22.0,8.0,2021.0,140
22.0,0.55,29.0,0.0,0.0,1.0,0.0,0.0,0.0,1.0,0.0,0.0,1197831.0,0.0,0.0,1.0,0.0,0.0,0.0,1.0,42.0,5.0,8.0,2020.0,228
37.0,0.55,29.0,0.0,0.0,1.0,0.0,0.0,0.0,1.0,0.0,0.0,1197831.0,0.0,1.0,0.0,0.0,0.0,1.0,0.0,35.0,21.0,10.0,2021.0,91
37.0,0.38,16.0,1.0,0.0,0.0,0.0,0.0,0.0,1.0,0.0,0.0,1197831.0,0.0,1.0,0.0,0.0,0.0,0.0,1.0,35.0,16.0,1.0,2021.0,105
24.0,0.4,44.99999999999999,0.0,1.0,0.0,0.0,0.0,0.0,1.0,0.0,0.0,1185732.0,1.0,0.0,0.0,0.0,0.0,1.0,0.0,23.0,18.0,6.0,2021.0,750
34.0,0.47,28.0,0.0,1.0,0.0,0.0,0.0,0.0,1.0,0.0,0.0,1128299.0,0.0,0.0,0.0,0.0,1.0,0.0,1.0,17.0,17.0,11.0,2021.0,219
34.0,0.47,35.0,1.0,0.0,0.0,0.0,0.0,0.0,1.0,0.0,0.0,1128299.0,0.0,0.0,0.0,0.0,1.0,0.0,1.0,17.0,17.0,11.0,2021.0,224
34.0,0.51,34.0,0.0,0.0,0.0,0.0,0.0,0.0,1.0,0.0,0.0,1128299.0,0.0,0.0,0.0,0.0,1.0,0.0,1.0,17.0,17.0,4.0,2021.0,56
34.0,0.5800000000000001,82.0,0.0,0.0,0.0,0.0,0.0,0.0,1.0,0.0,0.0,1128299.0,1.0,0.0,0.0,0.0,0.0,1.0,0.0,17.0,16.0,12.0,2021.0,131
27.0,0.5,18.0,0.0,0.0,0.0,1.0,0.0,0.0,1.0,0.0,0.0,1197831.0,0.0,0.0,0.0,1.0,0.0,1.0,0.0,3.0,21.0,2.0,2021.0,70
34.0,0.52,48.0,0.0,1.0,0.0,0.0,0.0,0.0,1.0,0.0,0.0,1128299.0,0.0,0.0,0.0,0.0,1.0,1.0,0.0,17.0,17.0,4.0,2021.0,142
34.0,0.51,58.0,0.0,1.0,0.0,0.0,0.0,0.0,1.0,0.0,0.0,1128299.0,0.0,0.0,0.0,0.0,1.0,1.0,0.0,17.0,17.0,6.0,2021.0,248
22.0,0.3,45.0,0.0,0.0,0.0,0.0,0.0,0.0,1.0,0.0,0.0,1197831.0,0.0,0.0,1.0,0.0,0.0,0.0,1.0,42.0,4.0,8.0,2020.0,500
34.0,0.39999999999999997,45.0,0.0,0.0,0.0,1.0,0.0,0.0,1.0,0.0,0.0,1128299.0,0.0,0.0,0.0,0.0,1.0,0.0,0.0,17.0,17.0,2.0,2021.0,250
34.0,0.39999999999999997,45.000000000000014,0.0,0.0,0.0,0.0,1.0,0.0,1.0,0.0,0.0,1128299.0,0.0,0.0,0.0,0.0,1.0,1.0,0.0,17.0,17.0,10.0,2021.0,400
27.0,0.43000000000000005,48.0,0.0,0.0,1.0,0.0,0.0,0.0,1.0,0.0,0.0,1197831.0,0.0,0.0,0.0,1.0,0.0,0.0,1.0,3.0,21.0,6.0,2021.0,165
25.0,0.41,33.0,0.0,0.0,0.0,0.0,0.0,0.0,1.0,0.0,0.0,1197831.0,0.0,0.0,1.0,0.0,0.0,0.0,1.0,41.0,7.0,4.0,2021.0,132
34.0,0.41,64.0,0.0,0.0,1.0,0.0,0.0,0.0,1.0,0.0,0.0,1128299.0,0.0,0.0,0.0,0.0,1.0,0.0,1.0,17.0,17.0,11.0,2021.0,180
22.0,0.5,44.0,0.0,1.0,0.0,0.0,0.0,0.0,1.0,0.0,0.0,1197831.0,0.0,0.0,0.0,1.0,0.0,1.0,0.0,42.0,11.0,9.0,2020.0,240
37.0,0.54,61.0,0.0,0.0,1.0,0.0,0.0,0.0,1.0,0.0,0.0,1197831.0,0.0,0.0,0.0,0.0,1.0,1.0,0.0,35.0,19.0,7.0,2021.0,142
27.0,0.37,21.0,0.0,0.0,0.0,0.0,0.0,0.0,1.0,0.0,0.0,1197831.0,0.0,0.0,0.0,1.0,0.0,0.0,1.0,3.0,21.0,10.0,2021.0,91
34.0,0.54,90.0,0.0,0.0,0.0,0.0,1.0,0.0,1.0,0.0,0.0,1128299.0,0.0,0.0,0.0,0.0,1.0,1.0,0.0,17.0,16.0,7.0,2021.0,196
15.0,0.39999999999999997,65.0,0.0,0.0,0.0,0.0,1.0,0.0,1.0,0.0,0.0,1197831.0,0.0,0.0,1.0,0.0,0.0,0.0,1.0,42.0,12.0,10.0,2021.0,650
6.0,0.42,26.0,1.0,0.0,0.0,0.0,0.0,0.0,1.0,0.0,0.0,1197831.0,0.0,0.0,1.0,0.0,0.0,0.0,1.0,0.0,8.0,8.0,2021.0,192
25.0,0.33999999999999997,30.0,0.0,0.0,0.0,0.0,0.0,0.0,1.0,0.0,0.0,1197831.0,0.0,0.0,1.0,0.0,0.0,0.0,1.0,41.0,14.0,3.0,2021.0,123
34.0,0.39999999999999997,46.0,0.0,0.0,1.0,0.0,0.0,0.0,1.0,0.0,0.0,1128299.0,0.0,0.0,0.0,0.0,1.0,0.0,1.0,17.0,18.0,5.0,2021.0,178
22.0,0.49,37.0,0.0,0.0,0.0,0.0,1.0,0.0,1.0,0.0,0.0,1197831.0,0.0,0.0,0.0,1.0,0.0,1.0,0.0,42.0,20.0,8.0,2020.0,232
25.0,0.44999999999999996,28.0,0.0,0.0,0.0,0.0,0.0,0.0,1.0,0.0,0.0,1197831.0,0.0,0.0,1.0,0.0,0.0,1.0,0.0,41.0,1.0,4.0,2021.0,84
25.0,0.6,33.0,0.0,0.0,0.0,1.0,0.0,0.0,1.0,0.0,0.0,1197831.0,0.0,0.0,1.0,0.0,0.0,1.0,0.0,41.0,19.0,3.0,2021.0,108
25.0,0.44999999999999996,54.99999999999999,0.0,0.0,0.0,0.0,1.0,0.0,1.0,0.0,0.0,1197831.0,0.0,0.0,1.0,0.0,0.0,0.0,1.0,41.0,29.0,4.0,2021.0,675
15.0,0.44999999999999996,41.0,0.0,1.0,0.0,0.0,0.0,0.0,1.0,0.0,0.0,1197831.0,0.0,0.0,1.0,0.0,0.0,1.0,0.0,42.0,10.0,9.0,2021.0,224
25.0,0.45999999999999996,14.0,0.0,0.0,0.0,0.0,1.0,0.0,1.0,0.0,0.0,1197831.0,0.0,0.0,1.0,0.0,0.0,0.0,1.0,41.0,5.0,4.0,2021.0,204
15.0,0.42,34.0,1.0,0.0,0.0,0.0,0.0,0.0,1.0,0.0,0.0,1197831.0,0.0,0.0,1.0,0.0,0.0,0.0,1.0,42.0,17.0,9.0,2021.0,264
37.0,0.4,20.0,0.0,1.0,0.0,0.0,0.0,0.0,1.0,0.0,0.0,1197831.0,0.0,0.0,0.0,0.0,1.0,1.0,0.0,35.0,19.0,3.0,2021.0,570
22.0,0.41,42.0,0.0,0.0,0.0,0.0,0.0,0.0,1.0,0.0,0.0,1197831.0,0.0,0.0,0.0,1.0,0.0,1.0,0.0,42.0,15.0,9.0,2020.0,150
6.0,0.39999999999999997,35.0,1.0,0.0,0.0,0.0,0.0,0.0,1.0,0.0,0.0,1197831.0,0.0,0.0,1.0,0.0,0.0,0.0,1.0,0.0,8.0,8.0,2021.0,600
37.0,0.35,60.0,0.0,0.0,0.0,0.0,0.0,0.0,1.0,0.0,0.0,1197831.0,0.0,0.0,0.0,0.0,1.0,1.0,0.0,35.0,19.0,7.0,2021.0,350
24.0,0.35,25.0,1.0,0.0,0.0,0.0,0.0,0.0,1.0,0.0,0.0,1185732.0,1.0,0.0,0.0,0.0,0.0,1.0,0.0,23.0,17.0,4.0,2021.0,375
25.0,0.43000000000000005,22.0,0.0,0.0,0.0,1.0,0.0,0.0,1.0,0.0,0.0,1185732.0,1.0,0.0,0.0,0.0,0.0,0.0,1.0,41.0,24.0,5.0,2021.0,23
25.0,0.55,40.0,0.0,0.0,0.0,1.0,0.0,0.0,1.0,0.0,0.0,1197831.0,0.0,0.0,1.0,0.0,0.0,0.0,1.0,41.0,18.0,4.0,2021.0,575
22.0,0.48,30.0,0.0,0.0,0.0,1.0,0.0,0.0,1.0,0.0,0.0,1197831.0,0.0,0.0,0.0,1.0,0.0,0.0,1.0,42.0,2.0,9.0,2020.0,215
27.0,0.41,26.0,1.0,0.0,0.0,0.0,0.0,0.0,1.0,0.0,0.0,1197831.0,0.0,0.0,0.0,1.0,0.0,0.0,1.0,3.0,19.0,9.0,2021.0,135
6.0,0.5700000000000001,27.0,0.0,0.0,1.0,0.0,0.0,0.0,1.0,0.0,0.0,1197831.0,0.0,0.0,1.0,0.0,0.0,0.0,1.0,0.0,12.0,8.0,2021.0,144
22.0,0.35,35.0,1.0,0.0,0.0,0.0,0.0,0.0,1.0,0.0,0.0,1197831.0,0.0,0.0,1.0,0.0,0.0,0.0,1.0,42.0,26.0,7.0,2020.0,850
27.0,0.54,63.0,0.0,0.0,1.0,0.0,0.0,0.0,1.0,0.0,0.0,1197831.0,0.0,0.0,0.0,1.0,0.0,1.0,0.0,3.0,19.0,7.0,2021.0,150
15.0,0.37,40.0,0.0,0.0,0.0,0.0,0.0,0.0,1.0,0.0,0.0,1197831.0,0.0,0.0,1.0,0.0,0.0,0.0,1.0,42.0,14.0,9.0,2021.0,150
34.0,0.45,40.0,0.0,0.0,0.0,0.0,0.0,0.0,1.0,0.0,0.0,1128299.0,0.0,0.0,0.0,0.0,1.0,0.0,0.0,17.0,18.0,5.0,2021.0,225
25.0,0.39999999999999997,20.0,0.0,1.0,0.0,0.0,0.0,0.0,1.0,0.0,0.0,1197831.0,0.0,0.0,1.0,0.0,0.0,0.0,1.0,41.0,28.0,3.0,2021.0,675
37.0,0.44,16.0,0.0,1.0,0.0,0.0,0.0,0.0,1.0,0.0,0.0,1197831.0,0.0,1.0,0.0,0.0,0.0,0.0,1.0,35.0,20.0,11.0,2021.0,166
27.0,0.45,19.0,0.0,1.0,0.0,0.0,0.0,0.0,1.0,0.0,0.0,1197831.0,0.0,0.0,0.0,1.0,0.0,0.0,1.0,3.0,20.0,4.0,2021.0,204
6.0,0.44999999999999996,30.0,0.0,0.0,0.0,0.0,1.0,0.0,1.0,0.0,0.0,1197831.0,0.0,0.0,1.0,0.0,0.0,0.0,1.0,0.0,15.0,8.0,2021.0,450
27.0,0.35,25.000000000000007,0.0,0.0,0.0,0.0,0.0,0.0,1.0,0.0,0.0,1197831.0,0.0,0.0,0.0,1.0,0.0,1.0,0.0,3.0,19.0,9.0,2021.0,325
6.0,0.52,11.0,0.0,0.0,0.0,0.0,1.0,0.0,1.0,0.0,0.0,1197831.0,0.0,0.0,1.0,0.0,0.0,0.0,1.0,0.0,27.0,8.0,2021.0,190
15.0,0.49,27.0,0.0,0.0,0.0,1.0,0.0,0.0,1.0,0.0,0.0,1197831.0,0.0,0.0,1.0,0.0,0.0,0.0,1.0,42.0,7.0,9.0,2021.0,182
27.0,0.52,14.0,0.0,0.0,0.0,0.0,1.0,0.0,1.0,0.0,0.0,1197831.0,0.0,0.0,0.0,1.0,0.0,1.0,0.0,3.0,20.0,4.0,2021.0,75
22.0,0.5,40.0,0.0,0.0,1.0,0.0,0.0,0.0,1.0,0.0,0.0,1197831.0,0.0,0.0,0.0,1.0,0.0,0.0,1.0,42.0,11.0,8.0,2020.0,800
37.0,0.48,69.0,0.0,0.0,0.0,0.0,0.0,0.0,1.0,0.0,0.0,1197831.0,0.0,1.0,0.0,0.0,0.0,1.0,0.0,35.0,19.0,12.0,2021.0,81
25.0,0.51,29.0,0.0,1.0,0.0,0.0,0.0,0.0,1.0,0.0,0.0,1197831.0,0.0,0.0,1.0,0.0,0.0,0.0,1.0,41.0,21.0,4.0,2021.0,233
34.0,0.51,41.0,0.0,0.0,0.0,1.0,0.0,0.0,1.0,0.0,0.0,1128299.0,0.0,0.0,0.0,0.0,1.0,1.0,0.0,17.0,18.0,9.0,2021.0,63
25.0,0.35,30.0,0.0,0.0,0.0,0.0,0.0,0.0,1.0,0.0,0.0,1197831.0,0.0,0.0,1.0,0.0,0.0,0.0,1.0,41.0,1.0,4.0,2021.0,300
15.0,0.7000000000000001,48.0,0.0,0.0,1.0,0.0,0.0,0.0,1.0,0.0,0.0,1197831.0,0.0,0.0,1.0,0.0,0.0,1.0,0.0,42.0,3.0,10.0,2021.0,203
15.0,0.39999999999999997,45.0,0.0,1.0,0.0,0.0,0.0,0.0,1.0,0.0,0.0,1197831.0,0.0,0.0,1.0,0.0,0.0,0.0,1.0,42.0,16.0,9.0,2021.0,825
25.0,0.49,32.0,1.0,0.0,0.0,0.0,0.0,0.0,1.0,0.0,0.0,1185732.0,1.0,0.0,0.0,0.0,0.0,1.0,0.0,41.0,22.0,5.0,2021.0,56
15.0,0.39999999999999997,30.0,0.0,0.0,0.0,0.0,0.0,0.0,1.0,0.0,0.0,1197831.0,0.0,0.0,1.0,0.0,0.0,0.0,1.0,42.0,8.0,10.0,2021.0,128
27.0,0.47000000000000003,15.0,0.0,0.0,0.0,1.0,0.0,0.0,1.0,0.0,0.0,1197831.0,0.0,0.0,0.0,1.0,0.0,0.0,1.0,3.0,21.0,2.0,2021.0,78
37.0,0.35,25.000000000000007,0.0,1.0,0.0,0.0,0.0,0.0,1.0,0.0,0.0,1197831.0,0.0,1.0,0.0,0.0,0.0,1.0,0.0,35.0,16.0,1.0,2021.0,550
22.0,0.49,43.0,0.0,1.0,0.0,0.0,0.0,0.0,1.0,0.0,0.0,1197831.0,0.0,0.0,0.0,1.0,0.0,1.0,0.0,42.0,20.0,10.0,2020.0,234
15.0,0.54,38.0,0.0,0.0,0.0,1.0,0.0,0.0,1.0,0.0,0.0,1197831.0,0.0,0.0,1.0,0.0,0.0,0.0,1.0,42.0,25.0,9.0,2021.0,158
24.0,0.54,27.0,0.0,0.0,1.0,0.0,0.0,0.0,1.0,0.0,0.0,1185732.0,0.0,0.0,1.0,0.0,0.0,0.0,1.0,23.0,18.0,10.0,2021.0,162
15.0,0.5900000000000001,29.0,0.0,0.0,0.0,1.0,0.0,0.0,1.0,0.0,0.0,1197831.0,0.0,0.0,1.0,0.0,0.0,1.0,0.0,42.0,1.0,9.0,2021.0,128
27.0,0.38,18.0,1.0,0.0,0.0,0.0,0.0,0.0,1.0,0.0,0.0,1197831.0,0.0,0.0,0.0,0.0,1.0,0.0,1.0,3.0,23.0,1.0,2021.0,124
37.0,0.5,38.0,0.0,0.0,0.0,1.0,0.0,0.0,1.0,0.0,0.0,1197831.0,0.0,0.0,0.0,0.0,1.0,1.0,0.0,35.0,21.0,6.0,2021.0,87
34.0,0.47,53.0,0.0,0.0,0.0,1.0,0.0,0.0,1.0,0.0,0.0,1128299.0,1.0,0.0,0.0,0.0,0.0,0.0,1.0,17.0,16.0,12.0,2021.0,192
34.0,0.47,59.0,0.0,0.0,0.0,1.0,0.0,0.0,1.0,0.0,0.0,1128299.0,0.0,0.0,0.0,0.0,1.0,0.0,1.0,17.0,17.0,6.0,2021.0,184
22.0,0.48,44.0,1.0,0.0,0.0,0.0,0.0,0.0,1.0,0.0,0.0,1197831.0,0.0,0.0,0.0,1.0,0.0,1.0,0.0,42.0,27.0,10.0,2020.0,285
15.0,0.3,50.0,0.0,0.0,0.0,0.0,0.0,0.0,1.0,0.0,0.0,1197831.0,0.0,0.0,1.0,0.0,0.0,0.0,1.0,42.0,14.0,9.0,2021.0,500
6.0,0.55,35.0,0.0,0.0,0.0,1.0,0.0,0.0,1.0,0.0,0.0,1197831.0,0.0,0.0,1.0,0.0,0.0,0.0,1.0,0.0,16.0,8.0,2021.0,350
34.0,0.4,23.0,0.0,1.0,0.0,0.0,0.0,0.0,1.0,0.0,0.0,1197831.0,1.0,0.0,0.0,0.0,0.0,1.0,0.0,17.0,4.0,2.0,2021.0,163
34.0,0.39999999999999997,45.0,0.0,0.0,0.0,1.0,0.0,0.0,1.0,0.0,0.0,1128299.0,0.0,0.0,0.0,0.0,1.0,0.0,0.0,17.0,18.0,5.0,2021.0,325
34.0,0.5499999999999999,43.0,0.0,1.0,0.0,0.0,0.0,0.0,1.0,0.0,0.0,1128299.0,0.0,0.0,0.0,0.0,1.0,1.0,0.0,17.0,18.0,9.0,2021.0,145
22.0,0.49,32.0,0.0,0.0,0.0,0.0,1.0,0.0,1.0,0.0,0.0,1197831.0,0.0,0.0,1.0,0.0,0.0,1.0,0.0,42.0,2.0,8.0,2020.0,182
24.0,0.44,31.0,0.0,1.0,0.0,0.0,0.0,0.0,1.0,0.0,0.0,1185732.0,1.0,0.0,0.0,0.0,0.0,0.0,1.0,23.0,18.0,6.0,2021.0,263
6.0,0.6700000000000002,36.0,0.0,0.0,0.0,1.0,0.0,0.0,1.0,0.0,0.0,1197831.0,0.0,0.0,1.0,0.0,0.0,0.0,1.0,0.0,9.0,9.0,2021.0,196
34.0,0.3,20.0,0.0,1.0,0.0,0.0,0.0,0.0,1.0,0.0,0.0,1197831.0,1.0,0.0,0.0,0.0,0.0,1.0,0.0,17.0,5.0,1.0,2021.0,675
24.0,0.4,60.00000000000001,0.0,0.0,0.0,0.0,1.0,0.0,1.0,0.0,0.0,1185732.0,0.0,0.0,1.0,0.0,0.0,1.0,0.0,23.0,16.0,12.0,2021.0,525
6.0,0.7400000000000001,44.0,0.0,0.0,0.0,1.0,0.0,0.0,1.0,0.0,0.0,1197831.0,0.0,0.0,1.0,0.0,0.0,1.0,0.0,0.0,9.0,9.0,2021.0,173
6.0,0.48,38.0,0.0,0.0,0.0,0.0,0.0,0.0,1.0,0.0,0.0,1197831.0,0.0,0.0,1.0,0.0,0.0,1.0,0.0,0.0,11.0,8.0,2021.0,68
25.0,0.6,36.0,0.0,0.0,0.0,0.0,1.0,0.0,1.0,0.0,0.0,1197831.0,0.0,0.0,1.0,0.0,0.0,1.0,0.0,41.0,17.0,4.0,2021.0,263
15.0,0.53,59.0,0.0,0.0,0.0,0.0,1.0,0.0,1.0,0.0,0.0,1197831.0,0.0,0.0,1.0,0.0,0.0,1.0,0.0,42.0,30.0,9.0,2021.0,203
27.0,0.35,20.00000000000001,1.0,0.0,0.0,0.0,0.0,0.0,1.0,0.0,0.0,1197831.0,0.0,0.0,0.0,1.0,0.0,1.0,0.0,3.0,21.0,10.0,2021.0,425
25.0,0.39999999999999997,30.0,0.0,1.0,0.0,0.0,0.0,0.0,1.0,0.0,0.0,1197831.0,0.0,0.0,1.0,0.0,0.0,0.0,1.0,41.0,22.0,3.0,2021.0,650
34.0,0.51,52.0,0.0,0.0,0.0,0.0,1.0,0.0,1.0,0.0,0.0,1128299.0,0.0,0.0,0.0,0.0,1.0,1.0,0.0,17.0,17.0,4.0,2021.0,105
37.0,0.47,51.0,1.0,0.0,0.0,0.0,0.0,0.0,1.0,0.0,0.0,1197831.0,0.0,0.0,0.0,0.0,1.0,1.0,0.0,35.0,20.0,8.0,2021.0,113
27.0,0.53,34.0,0.0,0.0,0.0,1.0,0.0,0.0,1.0,0.0,0.0,1197831.0,0.0,0.0,0.0,1.0,0.0,1.0,0.0,3.0,19.0,5.0,2021.0,78
34.0,0.47000000000000003,70.0,0.0,0.0,0.0,0.0,0.0,0.0,1.0,0.0,0.0,1128299.0,0.0,0.0,0.0,0.0,1.0,0.0,1.0,17.0,17.0,6.0,2021.0,153
22.0,0.42000000000000004,33.0,0.0,0.0,0.0,0.0,1.0,0.0,1.0,0.0,0.0,1128299.0,0.0,0.0,0.0,0.0,1.0,0.0,1.0,42.0,3.0,11.0,2020.0,271
15.0,0.39999999999999997,40.0,0.0,1.0,0.0,0.0,0.0,0.0,1.0,0.0,0.0,1197831.0,0.0,0.0,1.0,0.0,0.0,0.0,1.0,42.0,10.0,10.0,2021.0,725
6.0,0.6399999999999999,49.0,1.0,0.0,0.0,0.0,0.0,0.0,1.0,0.0,0.0,1197831.0,0.0,0.0,1.0,0.0,0.0,1.0,0.0,0.0,7.0,9.0,2021.0,215
27.0,0.5,27.0,0.0,1.0,0.0,0.0,0.0,0.0,1.0,0.0,0.0,1197831.0,0.0,0.0,0.0,1.0,0.0,1.0,0.0,3.0,21.0,10.0,2021.0,150
37.0,0.38999999999999996,18.0,1.0,0.0,0.0,0.0,0.0,0.0,1.0,0.0,0.0,1197831.0,0.0,0.0,0.0,0.0,1.0,0.0,1.0,35.0,20.0,4.0,2021.0,79
25.0,0.48,33.0,1.0,0.0,0.0,0.0,0.0,0.0,1.0,0.0,0.0,1197831.0,0.0,0.0,1.0,0.0,0.0,1.0,0.0,41.0,17.0,3.0,2021.0,181
25.0,0.42999999999999994,39.0,0.0,0.0,0.0,0.0,0.0,0.0,1.0,0.0,0.0,1197831.0,0.0,0.0,1.0,0.0,0.0,0.0,1.0,41.0,1.0,5.0,2021.0,120
24.0,0.45999999999999996,32.0,0.0,0.0,0.0,0.0,0.0,0.0,1.0,0.0,0.0,1185732.0,1.0,0.0,0.0,0.0,0.0,1.0,0.0,23.0,16.0,3.0,2021.0,81
37.0,0.35,20.00000000000001,1.0,0.0,0.0,0.0,0.0,0.0,1.0,0.0,0.0,1197831.0,0.0,0.0,0.0,0.0,1.0,1.0,0.0,35.0,21.0,10.0,2021.0,350
34.0,0.3,30.0,0.0,0.0,0.0,0.0,1.0,0.0,1.0,0.0,0.0,1197831.0,1.0,0.0,0.0,0.0,0.0,1.0,0.0,17.0,5.0,1.0,2021.0,475
25.0,0.48,24.0,0.0,1.0,0.0,0.0,0.0,0.0,1.0,0.0,0.0,1197831.0,0.0,0.0,1.0,0.0,0.0,0.0,1.0,41.0,9.0,5.0,2021.0,203
6.0,0.47,32.0,1.0,0.0,0.0,0.0,0.0,0.0,1.0,0.0,0.0,1197831.0,0.0,0.0,1.0,0.0,0.0,0.0,1.0,0.0,14.0,8.0,2021.0,194
34.0,0.45999999999999996,30.0,0.0,0.0,0.0,0.0,1.0,0.0,1.0,0.0,0.0,1128299.0,0.0,0.0,0.0,0.0,1.0,0.0,1.0,17.0,17.0,11.0,2021.0,158
6.0,0.6500000000000001,40.0,0.0,0.0,1.0,0.0,0.0,0.0,1.0,0.0,0.0,1197831.0,0.0,0.0,1.0,0.0,0.0,0.0,1.0,0.0,23.0,9.0,2021.0,575
27.0,0.51,43.0,0.0,0.0,0.0,0.0,1.0,0.0,1.0,0.0,0.0,1197831.0,0.0,0.0,0.0,1.0,0.0,1.0,0.0,3.0,19.0,7.0,2021.0,126
6.0,0.49999999999999994,50.0,1.0,0.0,0.0,0.0,0.0,0.0,1.0,0.0,0.0,1197831.0,0.0,0.0,1.0,0.0,0.0,0.0,1.0,0.0,7.0,9.0,2021.0,825
27.0,0.4,20.0,0.0,1.0,0.0,0.0,0.0,0.0,1.0,0.0,0.0,1197831.0,0.0,0.0,0.0,1.0,0.0,1.0,0.0,3.0,19.0,3.0,2021.0,645
34.0,0.45,70.0,0.0,0.0,0.0,0.0,0.0,0.0,1.0,0.0,0.0,1128299.0,0.0,0.0,0.0,0.0,1.0,1.0,0.0,17.0,17.0,11.0,2021.0,475
22.0,0.44999999999999996,41.0,0.0,0.0,0.0,0.0,0.0,0.0,1.0,0.0,0.0,1197831.0,0.0,0.0,0.0,1.0,0.0,1.0,0.0,42.0,22.0,8.0,2020.0,169
15.0,0.6100000000000001,51.0,0.0,0.0,1.0,0.0,0.0,0.0,1.0,0.0,0.0,1197831.0,0.0,0.0,1.0,0.0,0.0,0.0,1.0,42.0,15.0,10.0,2021.0,236
34.0,0.51,40.0,0.0,0.0,0.0,0.0,0.0,0.0,1.0,0.0,0.0,1128299.0,0.0,0.0,0.0,0.0,1.0,0.0,1.0,17.0,16.0,3.0,2021.0,50
15.0,0.3,50.0,0.0,0.0,0.0,0.0,0.0,0.0,1.0,0.0,0.0,1197831.0,0.0,0.0,1.0,0.0,0.0,0.0,1.0,42.0,8.0,9.0,2021.0,450
6.0,0.5199999999999999,20.0,0.0,1.0,0.0,0.0,0.0,0.0,1.0,0.0,0.0,1197831.0,0.0,0.0,1.0,0.0,0.0,0.0,1.0,0.0,24.0,9.0,2021.0,184
22.0,0.43,44.0,0.0,0.0,0.0,0.0,0.0,0.0,1.0,0.0,0.0,1197831.0,0.0,0.0,0.0,1.0,0.0,1.0,0.0,42.0,9.0,9.0,2020.0,175
34.0,0.39999999999999997,40.00000000000001,0.0,0.0,0.0,1.0,0.0,0.0,1.0,0.0,0.0,1128299.0,0.0,0.0,0.0,0.0,1.0,1.0,0.0,17.0,17.0,10.0,2021.0,375
24.0,0.4,50.0,0.0,1.0,0.0,0.0,0.0,0.0,1.0,0.0,0.0,1185732.0,0.0,0.0,0.0,1.0,0.0,1.0,0.0,23.0,16.0,9.0,2021.0,725
37.0,0.51,19.0,0.0,0.0,0.0,1.0,0.0,0.0,1.0,0.0,0.0,1197831.0,0.0,0.0,0.0,0.0,1.0,1.0,0.0,35.0,21.0,2.0,2021.0,49
37.0,0.42000000000000004,27.0,0.0,0.0,0.0,0.0,1.0,0.0,1.0,0.0,0.0,1197831.0,0.0,0.0,0.0,0.0,1.0,0.0,1.0,35.0,19.0,5.0,2021.0,88
25.0,0.43999999999999995,20.0,1.0,0.0,0.0,0.0,0.0,0.0,1.0,0.0,0.0,1197831.0,0.0,0.0,1.0,0.0,0.0,0.0,1.0,41.0,4.0,4.0,2021.0,240
15.0,0.44999999999999996,38.0,0.0,0.0,0.0,0.0,0.0,0.0,1.0,0.0,0.0,1197831.0,0.0,0.0,1.0,0.0,0.0,1.0,0.0,42.0,27.0,8.0,2021.0,81
22.0,0.64,50.0,0.0,0.0,1.0,0.0,0.0,0.0,1.0,0.0,0.0,1197831.0,0.0,0.0,0.0,1.0,0.0,1.0,0.0,42.0,10.0,9.0,2020.0,213
27.0,0.4,40.0,0.0,0.0,0.0,0.0,1.0,0.0,1.0,0.0,0.0,1197831.0,0.0,0.0,0.0,1.0,0.0,1.0,0.0,3.0,21.0,6.0,2021.0,400
25.0,0.43999999999999995,28.0,0.0,0.0,0.0,0.0,0.0,0.0,1.0,0.0,0.0,1197831.0,0.0,0.0,1.0,0.0,0.0,0.0,1.0,41.0,7.0,5.0,2021.0,109
24.0,0.42,25.0,0.0,0.0,0.0,0.0,0.0,0.0,1.0,0.0,0.0,1185732.0,0.0,0.0,0.0,1.0,0.0,0.0,1.0,23.0,18.0,10.0,2021.0,105
25.0,0.35,35.0,0.0,0.0,0.0,0.0,1.0,0.0,1.0,0.0,0.0,1197831.0,0.0,0.0,1.0,0.0,0.0,0.0,1.0,41.0,18.0,3.0,2021.0,450
15.0,0.39999999999999997,31.0,1.0,0.0,0.0,0.0,0.0,0.0,1.0,0.0,0.0,1197831.0,0.0,0.0,1.0,0.0,0.0,0.0,1.0,42.0,24.0,8.0,2021.0,236
25.0,0.49999999999999994,29.0,0.0,1.0,0.0,0.0,0.0,0.0,1.0,0.0,0.0,1197831.0,0.0,0.0,1.0,0.0,0.0,0.0,1.0,41.0,15.0,4.0,2021.0,272
25.0,0.32,29.0,0.0,0.0,0.0,0.0,0.0,0.0,1.0,0.0,0.0,1197831.0,0.0,0.0,1.0,0.0,0.0,0.0,1.0,41.0,20.0,3.0,2021.0,94
37.0,0.53,41.0,0.0,0.0,0.0,1.0,0.0,0.0,1.0,0.0,0.0,1197831.0,0.0,0.0,0.0,0.0,1.0,1.0,0.0,35.0,19.0,7.0,2021.0,85
25.0,0.35,40.0,0.0,0.0,0.0,0.0,0.0,0.0,1.0,0.0,0.0,1197831.0,0.0,0.0,1.0,0.0,0.0,0.0,1.0,41.0,26.0,3.0,2021.0,275
27.0,0.4,35.0,0.0,0.0,0.0,0.0,1.0,0.0,1.0,0.0,0.0,1197831.0,0.0,0.0,0.0,1.0,0.0,1.0,0.0,3.0,19.0,5.0,2021.0,350
37.0,0.47000000000000003,37.0,0.0,0.0,0.0,1.0,0.0,0.0,1.0,0.0,0.0,1197831.0,0.0,1.0,0.0,0.0,0.0,0.0,1.0,35.0,20.0,11.0,2021.0,90
6.0,0.6300000000000001,52.0,0.0,0.0,0.0,1.0,0.0,0.0,1.0,0.0,0.0,1197831.0,0.0,0.0,1.0,0.0,0.0,0.0,1.0,0.0,9.0,10.0,2021.0,193
37.0,0.4,10.000000000000002,0.0,0.0,0.0,0.0,1.0,0.0,1.0,0.0,0.0,1197831.0,0.0,0.0,0.0,0.0,1.0,1.0,0.0,35.0,19.0,3.0,2021.0,275
24.0,0.61,71.0,0.0,0.0,1.0,0.0,0.0,0.0,1.0,0.0,0.0,1185732.0,0.0,0.0,1.0,0.0,0.0,1.0,0.0,23.0,16.0,12.0,2021.0,144
24.0,0.52,44.0,0.0,1.0,0.0,0.0,0.0,0.0,1.0,0.0,0.0,1185732.0,1.0,0.0,0.0,0.0,0.0,1.0,0.0,23.0,18.0,6.0,2021.0,210
37.0,0.35,25.000000000000007,1.0,0.0,0.0,0.0,0.0,0.0,1.0,0.0,0.0,1197831.0,0.0,1.0,0.0,0.0,0.0,1.0,0.0,35.0,14.0,2.0,2021.0,250
24.0,0.39999999999999997,59.0,0.0,0.0,0.0,0.0,0.0,0.0,1.0,0.0,0.0,1185732.0,0.0,0.0,1.0,0.0,0.0,0.0,1.0,23.0,17.0,11.0,2021.0,132
34.0,0.39999999999999997,95.0,1.0,0.0,0.0,0.0,0.0,0.0,1.0,0.0,0.0,1128299.0,0.0,0.0,0.0,0.0,1.0,1.0,0.0,17.0,16.0,7.0,2021.0,750
24.0,0.54,47.0,0.0,1.0,0.0,0.0,0.0,0.0,1.0,0.0,0.0,1185732.0,0.0,0.0,0.0,1.0,0.0,1.0,0.0,23.0,16.0,9.0,2021.0,203
24.0,0.44,11.0,0.0,0.0,0.0,0.0,1.0,0.0,1.0,0.0,0.0,1197831.0,0.0,0.0,1.0,0.0,0.0,0.0,1.0,23.0,23.0,1.0,2021.0,140
37.0,0.45,45.0,0.0,0.0,0.0,1.0,0.0,0.0,1.0,0.0,0.0,1197831.0,0.0,1.0,0.0,0.0,0.0,0.0,1.0,35.0,19.0,12.0,2021.0,114
25.0,0.44999999999999996,40.0,0.0,0.0,0.0,0.0,1.0,0.0,1.0,0.0,0.0,1197831.0,0.0,0.0,1.0,0.0,0.0,0.0,1.0,41.0,17.0,4.0,2021.0,975
6.0,0.5399999999999999,24.0,0.0,0.0,0.0,0.0,1.0,0.0,1.0,0.0,0.0,1197831.0,0.0,0.0,1.0,0.0,0.0,0.0,1.0,0.0,26.0,9.0,2021.0,166
22.0,0.35000000000000003,50.0,0.0,0.0,0.0,0.0,1.0,0.0,1.0,0.0,0.0,1128299.0,0.0,0.0,0.0,0.0,1.0,0.0,1.0,42.0,3.0,11.0,2020.0,775
22.0,0.44999999999999996,39.0,1.0,0.0,0.0,0.0,0.0,0.0,1.0,0.0,0.0,1197831.0,0.0,0.0,1.0,0.0,0.0,1.0,0.0,42.0,1.0,8.0,2020.0,236
25.0,0.51,36.0,0.0,0.0,0.0,0.0,1.0,0.0,1.0,0.0,0.0,1197831.0,0.0,0.0,1.0,0.0,0.0,1.0,0.0,41.0,11.0,4.0,2021.0,169
25.0,0.6300000000000001,49.0,0.0,0.0,1.0,0.0,0.0,0.0,1.0,0.0,0.0,1197831.0,0.0,0.0,1.0,0.0,0.0,0.0,1.0,41.0,20.0,5.0,2021.0,225
37.0,0.54,36.0,0.0,1.0,0.0,0.0,0.0,0.0,1.0,0.0,0.0,1197831.0,0.0,0.0,0.0,0.0,1.0,1.0,0.0,35.0,19.0,5.0,2021.0,167
27.0,0.47000000000000003,13.0,0.0,0.0,0.0,1.0,0.0,0.0,1.0,0.0,0.0,1197831.0,0.0,0.0,0.0,1.0,0.0,0.0,1.0,3.0,20.0,4.0,2021.0,77
22.0,0.5700000000000001,38.0,0.0,0.0,1.0,0.0,0.0,0.0,1.0,0.0,0.0,1197831.0,0.0,0.0,0.0,1.0,0.0,0.0,1.0,42.0,23.0,8.0,2020.0,350
24.0,0.4,40.0,0.0,0.0,0.0,1.0,0.0,0.0,1.0,0.0,0.0,1185732.0,0.0,0.0,0.0,1.0,0.0,1.0,0.0,23.0,17.0,8.0,2021.0,475
6.0,0.5599999999999999,46.0,0.0,1.0,0.0,0.0,0.0,0.0,1.0,0.0,0.0,1197831.0,0.0,0.0,1.0,0.0,0.0,0.0,1.0,0.0,6.0,10.0,2021.0,240
27.0,0.47,27.0,0.0,0.0,0.0,0.0,0.0,0.0,1.0,0.0,0.0,1197831.0,0.0,0.0,0.0,1.0,0.0,1.0,0.0,3.0,21.0,10.0,2021.0,83
37.0,0.4,30.000000000000004,0.0,0.0,1.0,0.0,0.0,0.0,1.0,0.0,0.0,1197831.0,0.0,1.0,0.0,0.0,0.0,1.0,0.0,35.0,21.0,10.0,2021.0,325
27.0,0.44,40.0,0.0,0.0,0.0,0.0,1.0,0.0,1.0,0.0,0.0,1197831.0,0.0,0.0,0.0,1.0,0.0,0.0,1.0,3.0,20.0,8.0,2021.0,135
15.0,0.52,41.0,0.0,0.0,0.0,0.0,1.0,0.0,1.0,0.0,0.0,1197831.0,0.0,0.0,1.0,0.0,0.0,1.0,0.0,42.0,6.0,10.0,2021.0,144
25.0,0.53,24.0,0.0,0.0,1.0,0.0,0.0,0.0,1.0,0.0,0.0,1197831.0,0.0,0.0,1.0,0.0,0.0,0.0,1.0,41.0,15.0,3.0,2021.0,170
24.0,0.4,45.0,0.0,0.0,0.0,0.0,1.0,0.0,1.0,0.0,0.0,1185732.0,1.0,0.0,0.0,0.0,0.0,1.0,0.0,23.0,18.0,6.0,2021.0,475
15.0,0.5,35.0,0.0,0.0,1.0,0.0,0.0,0.0,1.0,0.0,0.0,1197831.0,0.0,0.0,1.0,0.0,0.0,0.0,1.0,42.0,28.0,8.0,2021.0,450
27.0,0.5,38.0,1.0,0.0,0.0,0.0,0.0,0.0,1.0,0.0,0.0,1197831.0,0.0,0.0,0.0,1.0,0.0,1.0,0.0,3.0,19.0,5.0,2021.0,113
24.0,0.5,25.0,0.0,0.0,1.0,0.0,0.0,0.0,1.0,0.0,0.0,1185732.0,1.0,0.0,0.0,0.0,0.0,1.0,0.0,23.0,18.0,2.0,2021.0,500
24.0,0.46,33.0,0.0,0.0,0.0,0.0,1.0,0.0,1.0,0.0,0.0,1185732.0,1.0,0.0,0.0,0.0,0.0,0.0,1.0,23.0,18.0,6.0,2021.0,157
34.0,0.43999999999999995,55.0,0.0,0.0,0.0,0.0,1.0,0.0,1.0,0.0,0.0,1128299.0,0.0,0.0,0.0,0.0,1.0,0.0,1.0,17.0,17.0,6.0,2021.0,210
34.0,0.39999999999999997,45.000000000000014,0.0,1.0,0.0,0.0,0.0,0.0,1.0,0.0,0.0,1128299.0,0.0,0.0,0.0,0.0,1.0,1.0,0.0,17.0,18.0,9.0,2021.0,500
15.0,0.43999999999999995,51.0,0.0,0.0,0.0,0.0,1.0,0.0,1.0,0.0,0.0,1197831.0,0.0,0.0,1.0,0.0,0.0,0.0,1.0,42.0,12.0,10.0,2021.0,228
22.0,0.38999999999999996,24.0,0.0,1.0,0.0,0.0,0.0,0.0,1.0,0.0,0.0,1197831.0,0.0,0.0,0.0,1.0,0.0,0.0,1.0,42.0,12.0,8.0,2020.0,315
6.0,0.7700000000000001,59.0,0.0,0.0,1.0,0.0,0.0,0.0,1.0,0.0,0.0,1197831.0,0.0,0.0,1.0,0.0,0.0,1.0,0.0,0.0,17.0,9.0,2021.0,182
34.0,0.39999999999999997,60.0,0.0,1.0,0.0,0.0,0.0,0.0,1.0,0.0,0.0,1128299.0,0.0,0.0,0.0,0.0,1.0,1.0,0.0,17.0,17.0,6.0,2021.0,825
34.0,0.44999999999999996,28.0,1.0,0.0,0.0,0.0,0.0,0.0,1.0,0.0,0.0,1197831.0,1.0,0.0,0.0,0.0,0.0,1.0,0.0,17.0,5.0,1.0,2021.0,196
27.0,0.48,37.0,0.0,0.0,0.0,0.0,0.0,0.0,1.0,0.0,0.0,1197831.0,0.0,0.0,0.0,1.0,0.0,1.0,0.0,3.0,20.0,4.0,2021.0,73
37.0,0.44999999999999996,38.0,1.0,0.0,0.0,0.0,0.0,0.0,1.0,0.0,0.0,1197831.0,0.0,0.0,0.0,0.0,1.0,1.0,0.0,35.0,19.0,9.0,2021.0,98
37.0,0.52,50.0,0.0,1.0,0.0,0.0,0.0,0.0,1.0,0.0,0.0,1197831.0,0.0,0.0,0.0,0.0,1.0,1.0,0.0,35.0,19.0,7.0,2021.0,182
27.0,0.54,38.0,0.0,0.0,0.0,0.0,1.0,0.0,1.0,0.0,0.0,1197831.0,0.0,0.0,0.0,1.0,0.0,1.0,0.0,3.0,21.0,6.0,2021.0,104
24.0,0.48,59.0,0.0,0.0,0.0,0.0,0.0,0.0,1.0,0.0,0.0,1185732.0,0.0,0.0,0.0,1.0,0.0,1.0,0.0,23.0,16.0,7.0,2021.0,150
24.0,0.39999999999999997,30.0,0.0,0.0,0.0,0.0,0.0,0.0,1.0,0.0,0.0,1185732.0,1.0,0.0,0.0,0.0,0.0,0.0,1.0,23.0,17.0,4.0,2021.0,98
15.0,0.52,34.0,0.0,0.0,1.0,0.0,0.0,0.0,1.0,0.0,0.0,1197831.0,0.0,0.0,1.0,0.0,0.0,0.0,1.0,42.0,9.0,9.0,2021.0,264
6.0,0.44999999999999996,45.0,0.0,1.0,0.0,0.0,0.0,0.0,1.0,0.0,0.0,1197831.0,0.0,0.0,1.0,0.0,0.0,0.0,1.0,0.0,31.0,8.0,2021.0,750
22.0,0.47,43.0,1.0,0.0,0.0,0.0,0.0,0.0,1.0,0.0,0.0,1197831.0,0.0,0.0,0.0,1.0,0.0,1.0,0.0,42.0,12.0,9.0,2020.0,216
22.0,0.4,41.0,0.0,0.0,0.0,0.0,0.0,0.0,1.0,0.0,0.0,1197831.0,0.0,0.0,0.0,1.0,0.0,1.0,0.0,42.0,3.0,9.0,2020.0,169
22.0,0.5700000000000001,38.0,0.0,0.0,0.0,1.0,0.0,0.0,1.0,0.0,0.0,1197831.0,0.0,0.0,0.0,1.0,0.0,1.0,0.0,42.0,21.0,8.0,2020.0,203
37.0,0.48,23.0,1.0,0.0,0.0,0.0,0.0,0.0,1.0,0.0,0.0,1197831.0,0.0,0.0,0.0,0.0,1.0,1.0,0.0,35.0,20.0,4.0,2021.0,65
27.0,0.5,51.0,0.0,0.0,0.0,1.0,0.0,0.0,1.0,0.0,0.0,1197831.0,0.0,0.0,0.0,0.0,1.0,1.0,0.0,3.0,20.0,11.0,2021.0,109
25.0,0.5,32.0,0.0,1.0,0.0,0.0,0.0,0.0,1.0,0.0,0.0,1185732.0,1.0,0.0,0.0,0.0,0.0,1.0,0.0,41.0,21.0,5.0,2021.0,119
6.0,0.49999999999999994,45.0,0.0,1.0,0.0,0.0,0.0,0.0,1.0,0.0,0.0,1197831.0,0.0,0.0,1.0,0.0,0.0,0.0,1.0,0.0,6.0,9.0,2021.0,825
22.0,0.39999999999999997,27.0,0.0,0.0,0.0,0.0,1.0,0.0,1.0,0.0,0.0,1197831.0,0.0,0.0,0.0,1.0,0.0,0.0,1.0,42.0,20.0,8.0,2020.0,264
6.0,0.7900000000000001,56.0,0.0,0.0,1.0,0.0,0.0,0.0,1.0,0.0,0.0,1197831.0,0.0,0.0,1.0,0.0,0.0,1.0,0.0,0.0,5.0,10.0,2021.0,188
6.0,0.39999999999999997,30.000000000000004,0.0,0.0,0.0,0.0,1.0,0.0,1.0,0.0,0.0,1185732.0,0.0,0.0,0.0,0.0,0.0,0.0,1.0,0.0,14.0,10.0,2021.0,250
27.0,0.4,25.000000000000007,0.0,1.0,0.0,0.0,0.0,0.0,1.0,0.0,0.0,1197831.0,0.0,0.0,0.0,0.0,1.0,1.0,0.0,3.0,21.0,2.0,2021.0,625
25.0,0.4,35.0,0.0,1.0,0.0,0.0,0.0,0.0,1.0,0.0,0.0,1185732.0,1.0,0.0,0.0,0.0,0.0,0.0,1.0,41.0,21.0,5.0,2021.0,425
24.0,0.54,24.0,0.0,0.0,0.0,0.0,1.0,0.0,1.0,0.0,0.0,1185732.0,0.0,0.0,0.0,1.0,0.0,1.0,0.0,23.0,18.0,10.0,2021.0,98
22.0,0.63,34.0,0.0,0.0,1.0,0.0,0.0,0.0,1.0,0.0,0.0,1197831.0,0.0,0.0,1.0,0.0,0.0,1.0,0.0,42.0,30.0,7.0,2020.0,196
24.0,0.45999999999999996,39.0,0.0,0.0,0.0,0.0,0.0,0.0,1.0,0.0,0.0,1185732.0,1.0,0.0,0.0,0.0,0.0,1.0,0.0,23.0,18.0,2.0,2021.0,108
34.0,0.39999999999999997,40.00000000000001,0.0,1.0,0.0,0.0,0.0,0.0,1.0,0.0,0.0,1128299.0,0.0,0.0,0.0,0.0,1.0,1.0,0.0,17.0,17.0,11.0,2021.0,625
6.0,0.44999999999999996,55.00000000000001,0.0,0.0,0.0,0.0,0.0,0.0,1.0,0.0,0.0,1197831.0,0.0,0.0,1.0,0.0,0.0,0.0,1.0,0.0,16.0,9.0,2021.0,425
22.0,0.5900000000000001,36.0,0.0,0.0,0.0,1.0,0.0,0.0,1.0,0.0,0.0,1197831.0,0.0,0.0,1.0,0.0,0.0,1.0,0.0,42.0,9.0,8.0,2020.0,163
34.0,0.39999999999999997,45.0,0.0,1.0,0.0,0.0,0.0,0.0,1.0,0.0,0.0,1128299.0,0.0,0.0,0.0,0.0,1.0,0.0,0.0,17.0,18.0,5.0,2021.0,550
6.0,0.49999999999999994,60.0,0.0,0.0,0.0,0.0,1.0,0.0,1.0,0.0,0.0,1197831.0,0.0,0.0,1.0,0.0,0.0,0.0,1.0,0.0,20.0,9.0,2021.0,625
15.0,0.54,30.0,0.0,0.0,0.0,1.0,0.0,0.0,1.0,0.0,0.0,1197831.0,0.0,0.0,1.0,0.0,0.0,0.0,1.0,42.0,7.0,10.0,2021.0,145
37.0,0.39999999999999997,16.0,0.0,0.0,0.0,1.0,0.0,0.0,1.0,0.0,0.0,1197831.0,0.0,1.0,0.0,0.0,0.0,0.0,1.0,35.0,16.0,1.0,2021.0,70
27.0,0.54,29.0,0.0,0.0,1.0,0.0,0.0,0.0,1.0,0.0,0.0,1197831.0,0.0,0.0,0.0,1.0,0.0,1.0,0.0,3.0,19.0,9.0,2021.0,119
6.0,0.6000000000000001,50.0,0.0,0.0,0.0,1.0,0.0,0.0,1.0,0.0,0.0,1197831.0,0.0,0.0,1.0,0.0,0.0,0.0,1.0,0.0,15.0,9.0,2021.0,425
27.0,0.48,39.0,1.0,0.0,0.0,0.0,0.0,0.0,1.0,0.0,0.0,1197831.0,0.0,0.0,0.0,1.0,0.0,1.0,0.0,3.0,19.0,9.0,2021.0,126
6.0,0.8000000000000002,56.0,0.0,0.0,1.0,0.0,0.0,0.0,1.0,0.0,0.0,1197831.0,0.0,0.0,1.0,0.0,0.0,1.0,0.0,0.0,11.0,9.0,2021.0,240
25.0,0.39999999999999997,19.999999999999996,0.0,0.0,0.0,0.0,1.0,0.0,1.0,0.0,0.0,1197831.0,0.0,0.0,1.0,0.0,0.0,0.0,1.0,41.0,5.0,4.0,2021.0,600
25.0,0.47,39.0,0.0,0.0,0.0,0.0,0.0,0.0,1.0,0.0,0.0,1197831.0,0.0,0.0,1.0,0.0,0.0,1.0,0.0,41.0,26.0,3.0,2021.0,69
34.0,0.51,44.0,0.0,0.0,0.0,1.0,0.0,0.0,1.0,0.0,0.0,1128299.0,0.0,0.0,0.0,0.0,1.0,1.0,0.0,17.0,18.0,5.0,2021.0,85
34.0,0.48,55.0,0.0,0.0,0.0,0.0,0.0,0.0,1.0,0.0,0.0,1128299.0,1.0,0.0,0.0,0.0,0.0,0.0,1.0,17.0,16.0,12.0,2021.0,168
34.0,0.35,85.00000000000001,0.0,0.0,1.0,0.0,0.0,0.0,1.0,0.0,0.0,1128299.0,0.0,0.0,0.0,0.0,1.0,1.0,0.0,17.0,17.0,11.0,2021.0,600
24.0,0.42000000000000004,22.0,0.0,0.0,0.0,0.0,1.0,0.0,1.0,0.0,0.0,1185732.0,0.0,0.0,1.0,0.0,0.0,0.0,1.0,23.0,17.0,11.0,2021.0,119
22.0,0.44999999999999996,38.0,1.0,0.0,0.0,0.0,0.0,0.0,1.0,0.0,0.0,1197831.0,0.0,0.0,1.0,0.0,0.0,1.0,0.0,42.0,7.0,8.0,2020.0,225
22.0,0.45,40.0,0.0,0.0,0.0,1.0,0.0,0.0,1.0,0.0,0.0,1197831.0,0.0,0.0,0.0,1.0,0.0,0.0,1.0,42.0,2.0,9.0,2020.0,650
37.0,0.54,29.0,0.0,1.0,0.0,0.0,0.0,0.0,1.0,0.0,0.0,1197831.0,0.0,0.0,0.0,0.0,1.0,1.0,0.0,35.0,21.0,10.0,2021.0,137
34.0,0.39999999999999997,45.000000000000014,0.0,0.0,0.0,1.0,0.0,0.0,1.0,0.0,0.0,1128299.0,0.0,0.0,0.0,0.0,1.0,1.0,0.0,17.0,18.0,9.0,2021.0,250
24.0,0.44999999999999996,71.0,0.0,0.0,0.0,0.0,0.0,0.0,1.0,0.0,0.0,1185732.0,0.0,0.0,1.0,0.0,0.0,1.0,0.0,23.0,17.0,11.0,2021.0,123
25.0,0.65,33.0,0.0,0.0,1.0,0.0,0.0,0.0,1.0,0.0,0.0,1197831.0,0.0,0.0,1.0,0.0,0.0,1.0,0.0,41.0,15.0,3.0,2021.0,125
15.0,0.47000000000000003,26.0,0.0,0.0,0.0,1.0,0.0,0.0,1.0,0.0,0.0,1197831.0,0.0,0.0,1.0,0.0,0.0,0.0,1.0,42.0,26.0,8.0,2021.0,140
34.0,0.47000000000000003,53.0,0.0,0.0,0.0,0.0,0.0,0.0,1.0,0.0,0.0,1128299.0,0.0,0.0,0.0,0.0,1.0,0.0,1.0,17.0,17.0,11.0,2021.0,147
6.0,0.35,40.0,0.0,1.0,0.0,0.0,0.0,0.0,1.0,0.0,0.0,1185732.0,0.0,0.0,0.0,0.0,0.0,0.0,1.0,0.0,12.0,10.0,2021.0,450
24.0,0.35,60.0,0.0,0.0,0.0,0.0,0.0,0.0,1.0,0.0,0.0,1185732.0,1.0,0.0,0.0,0.0,0.0,1.0,0.0,23.0,18.0,6.0,2021.0,450
25.0,0.56,25.0,0.0,0.0,0.0,1.0,0.0,0.0,1.0,0.0,0.0,1197831.0,0.0,0.0,1.0,0.0,0.0,0.0,1.0,41.0,25.0,3.0,2021.0,124
27.0,0.4,15.000000000000007,0.0,0.0,0.0,0.0,1.0,0.0,1.0,0.0,0.0,1197831.0,0.0,0.0,0.0,0.0,1.0,1.0,0.0,3.0,23.0,1.0,2021.0,375
24.0,0.55,39.0,0.0,1.0,0.0,0.0,0.0,0.0,1.0,0.0,0.0,1185732.0,1.0,0.0,0.0,0.0,0.0,1.0,0.0,23.0,16.0,5.0,2021.0,194
34.0,0.38,46.0,0.0,0.0,1.0,0.0,0.0,0.0,1.0,0.0,0.0,1128299.0,0.0,0.0,0.0,0.0,1.0,0.0,1.0,17.0,17.0,8.0,2021.0,102
6.0,0.52,35.0,0.0,0.0,0.0,0.0,0.0,0.0,1.0,0.0,0.0,1197831.0,0.0,0.0,1.0,0.0,0.0,0.0,1.0,0.0,10.0,9.0,2021.0,179
15.0,0.35,50.0,0.0,0.0,0.0,0.0,0.0,0.0,1.0,0.0,0.0,1197831.0,0.0,0.0,1.0,0.0,0.0,0.0,1.0,42.0,20.0,9.0,2021.0,575
6.0,0.52,32.0,0.0,0.0,0.0,0.0,1.0,0.0,1.0,0.0,0.0,1197831.0,0.0,0.0,1.0,0.0,0.0,1.0,0.0,0.0,9.0,8.0,2021.0,128
34.0,0.45,85.00000000000001,0.0,0.0,0.0,0.0,0.0,0.0,1.0,0.0,0.0,1128299.0,1.0,0.0,0.0,0.0,0.0,1.0,0.0,17.0,16.0,12.0,2021.0,525
15.0,0.39999999999999997,13.0,0.0,1.0,0.0,0.0,0.0,0.0,1.0,0.0,0.0,1197831.0,0.0,0.0,1.0,0.0,0.0,0.0,1.0,42.0,29.0,8.0,2021.0,231
37.0,0.38,20.0,0.0,0.0,0.0,0.0,0.0,0.0,1.0,0.0,0.0,1197831.0,0.0,0.0,0.0,0.0,1.0,0.0,1.0,35.0,19.0,9.0,2021.0,78
22.0,0.5700000000000001,42.0,0.0,0.0,1.0,0.0,0.0,0.0,1.0,0.0,0.0,1197831.0,0.0,0.0,0.0,1.0,0.0,0.0,1.0,42.0,10.0,9.0,2020.0,298
27.0,0.4,10.000000000000002,0.0,0.0,0.0,0.0,1.0,0.0,1.0,0.0,0.0,1197831.0,0.0,0.0,0.0,1.0,0.0,1.0,0.0,3.0,19.0,3.0,2021.0,350
27.0,0.46,40.0,0.0,0.0,0.0,1.0,0.0,0.0,1.0,0.0,0.0,1197831.0,0.0,0.0,0.0,0.0,1.0,0.0,1.0,3.0,19.0,12.0,2021.0,124
24.0,0.45,16.0,0.0,0.0,0.0,1.0,0.0,0.0,1.0,0.0,0.0,1185732.0,0.0,0.0,0.0,1.0,0.0,0.0,1.0,23.0,16.0,9.0,2021.0,120
6.0,0.39999999999999997,40.0,0.0,0.0,0.0,0.0,0.0,0.0,1.0,0.0,0.0,1197831.0,0.0,0.0,1.0,0.0,0.0,0.0,1.0,0.0,17.0,8.0,2021.0,250
15.0,0.39999999999999997,50.0,0.0,1.0,0.0,0.0,0.0,0.0,1.0,0.0,0.0,1197831.0,0.0,0.0,1.0,0.0,0.0,0.0,1.0,42.0,22.0,9.0,2021.0,800
37.0,0.42000000000000004,40.0,0.0,0.0,1.0,0.0,0.0,0.0,1.0,0.0,0.0,1197831.0,0.0,0.0,0.0,0.0,1.0,0.0,1.0,35.0,21.0,6.0,2021.0,143
15.0,0.42,39.0,1.0,0.0,0.0,0.0,0.0,0.0,1.0,0.0,0.0,1197831.0,0.0,0.0,1.0,0.0,0.0,0.0,1.0,42.0,17.0,10.0,2021.0,248
15.0,0.5,19.0,0.0,1.0,0.0,0.0,0.0,0.0,1.0,0.0,0.0,1197831.0,0.0,0.0,1.0,0.0,0.0,1.0,0.0,42.0,4.0,9.0,2021.0,195
6.0,0.5900000000000001,24.0,0.0,0.0,1.0,0.0,0.0,0.0,1.0,0.0,0.0,1197831.0,0.0,0.0,1.0,0.0,0.0,0.0,1.0,0.0,6.0,8.0,2021.0,152
34.0,0.44999999999999996,41.0,0.0,0.0,1.0,0.0,0.0,0.0,1.0,0.0,0.0,1128299.0,0.0,0.0,0.0,0.0,1.0,1.0,0.0,17.0,16.0,3.0,2021.0,95
24.0,0.42000000000000004,37.0,0.0,0.0,0.0,0.0,1.0,0.0,1.0,0.0,0.0,1185732.0,0.0,0.0,0.0,1.0,0.0,0.0,1.0,23.0,16.0,7.0,2021.0,168
37.0,0.4,20.0,0.0,0.0,0.0,1.0,0.0,0.0,1.0,0.0,0.0,1197831.0,0.0,0.0,0.0,0.0,1.0,1.0,0.0,35.0,21.0,2.0,2021.0,175
15.0,0.55,32.0,0.0,0.0,0.0,1.0,0.0,0.0,1.0,0.0,0.0,1197831.0,0.0,0.0,1.0,0.0,0.0,0.0,1.0,42.0,19.0,9.0,2021.0,201
34.0,0.39999999999999997,75.00000000000003,0.0,0.0,0.0,1.0,0.0,0.0,1.0,0.0,0.0,1128299.0,1.0,0.0,0.0,0.0,0.0,1.0,0.0,17.0,16.0,12.0,2021.0,600
34.0,0.39999999999999997,44.0,0.0,0.0,1.0,0.0,0.0,0.0,1.0,0.0,0.0,1128299.0,0.0,0.0,0.0,0.0,1.0,0.0,1.0,17.0,17.0,10.0,2021.0,140
37.0,0.53,54.0,0.0,0.0,0.0,1.0,0.0,0.0,1.0,0.0,0.0,1197831.0,0.0,1.0,0.0,0.0,0.0,1.0,0.0,35.0,19.0,12.0,2021.0,94
34.0,0.51,77.0,1.0,0.0,0.0,0.0,0.0,0.0,1.0,0.0,0.0,1128299.0,0.0,0.0,0.0,0.0,1.0,1.0,0.0,17.0,17.0,8.0,2021.0,239
27.0,0.4,40.0,0.0,0.0,0.0,1.0,0.0,0.0,1.0,0.0,0.0,1197831.0,0.0,0.0,0.0,1.0,0.0,1.0,0.0,3.0,20.0,8.0,2021.0,400
34.0,0.37,36.0,0.0,0.0,0.0,0.0,0.0,0.0,1.0,0.0,0.0,1197831.0,1.0,0.0,0.0,0.0,0.0,1.0,0.0,17.0,5.0,1.0,2021.0,85
27.0,0.35,50.0,1.0,0.0,0.0,0.0,0.0,0.0,1.0,0.0,0.0,1197831.0,0.0,0.0,0.0,1.0,0.0,1.0,0.0,3.0,19.0,7.0,2021.0,525
24.0,0.61,61.0,0.0,0.0,1.0,0.0,0.0,0.0,1.0,0.0,0.0,1185732.0,0.0,0.0,0.0,1.0,0.0,1.0,0.0,23.0,16.0,7.0,2021.0,176
6.0,0.48,37.0,0.0,0.0,0.0,0.0,0.0,0.0,1.0,0.0,0.0,1197831.0,0.0,0.0,1.0,0.0,0.0,0.0,1.0,0.0,4.0,10.0,2021.0,149
37.0,0.49,23.0,1.0,0.0,0.0,0.0,0.0,0.0,1.0,0.0,0.0,1197831.0,0.0,1.0,0.0,0.0,0.0,1.0,0.0,35.0,16.0,1.0,2021.0,91
15.0,0.47,29.0,1.0,0.0,0.0,0.0,0.0,0.0,1.0,0.0,0.0,1197831.0,0.0,0.0,1.0,0.0,0.0,0.0,1.0,42.0,5.0,10.0,2021.0,219
6.0,0.49999999999999994,40.0,0.0,1.0,0.0,0.0,0.0,0.0,1.0,0.0,0.0,1197831.0,0.0,0.0,1.0,0.0,0.0,0.0,1.0,0.0,12.0,9.0,2021.0,750
24.0,0.38,15.0,1.0,0.0,0.0,0.0,0.0,0.0,1.0,0.0,0.0,1185732.0,0.0,0.0,1.0,0.0,0.0,0.0,1.0,23.0,17.0,11.0,2021.0,153
25.0,0.49999999999999994,30.0,1.0,0.0,0.0,0.0,0.0,0.0,1.0,0.0,0.0,1197831.0,0.0,0.0,1.0,0.0,0.0,0.0,1.0,41.0,16.0,4.0,2021.0,264
22.0,0.33999999999999997,34.0,0.0,0.0,0.0,0.0,0.0,0.0,1.0,0.0,0.0,1197831.0,0.0,0.0,0.0,1.0,0.0,0.0,1.0,42.0,10.0,8.0,2020.0,179
6.0,0.6000000000000001,35.0,0.0,0.0,0.0,1.0,0.0,0.0,1.0,0.0,0.0,1197831.0,0.0,0.0,1.0,0.0,0.0,0.0,1.0,0.0,27.0,9.0,2021.0,325
24.0,0.63,60.0,0.0,0.0,1.0,0.0,0.0,0.0,1.0,0.0,0.0,1185732.0,1.0,0.0,0.0,0.0,0.0,1.0,0.0,23.0,18.0,6.0,2021.0,188
15.0,0.5,39.0,0.0,1.0,0.0,0.0,0.0,0.0,1.0,0.0,0.0,1197831.0,0.0,0.0,1.0,0.0,0.0,1.0,0.0,42.0,4.0,10.0,2021.0,156
22.0,0.5700000000000001,44.0,0.0,0.0,1.0,0.0,0.0,0.0,1.0,0.0,0.0,1197831.0,0.0,0.0,0.0,1.0,0.0,0.0,1.0,42.0,25.0,10.0,2020.0,289
25.0,0.6100000000000001,32.0,0.0,0.0,0.0,1.0,0.0,0.0,1.0,0.0,0.0,1197831.0,0.0,0.0,1.0,0.0,0.0,0.0,1.0,41.0,18.0,4.0,2021.0,196
6.0,0.41,31.0,0.0,0.0,0.0,0.0,0.0,0.0,1.0,0.0,0.0,1197831.0,0.0,0.0,1.0,0.0,0.0,0.0,1.0,0.0,5.0,8.0,2021.0,114
22.0,0.38999999999999996,29.0,1.0,0.0,0.0,0.0,0.0,0.0,1.0,0.0,0.0,1197831.0,0.0,0.0,0.0,1.0,0.0,0.0,1.0,42.0,12.0,9.0,2020.0,248
24.0,0.39999999999999997,20.0,1.0,0.0,0.0,0.0,0.0,0.0,1.0,0.0,0.0,1185732.0,1.0,0.0,0.0,0.0,0.0,0.0,1.0,23.0,17.0,4.0,2021.0,116
27.0,0.46,18.0,0.0,1.0,0.0,0.0,0.0,0.0,1.0,0.0,0.0,1197831.0,0.0,0.0,0.0,0.0,1.0,0.0,1.0,3.0,20.0,11.0,2021.0,176
25.0,0.5,19.0,0.0,1.0,0.0,0.0,0.0,0.0,1.0,0.0,0.0,1197831.0,0.0,0.0,1.0,0.0,0.0,1.0,0.0,41.0,28.0,3.0,2021.0,169
37.0,0.51,56.0,0.0,1.0,0.0,0.0,0.0,0.0,1.0,0.0,0.0,1197831.0,0.0,0.0,0.0,0.0,1.0,1.0,0.0,35.0,20.0,8.0,2021.0,189
6.0,0.5399999999999999,47.0,0.0,0.0,0.0,0.0,1.0,0.0,1.0,0.0,0.0,1197831.0,0.0,0.0,1.0,0.0,0.0,0.0,1.0,0.0,8.0,10.0,2021.0,217
6.0,0.7700000000000001,37.0,0.0,0.0,1.0,0.0,0.0,0.0,1.0,0.0,0.0,1197831.0,0.0,0.0,1.0,0.0,0.0,1.0,0.0,0.0,23.0,9.0,2021.0,150
25.0,0.53,27.0,0.0,0.0,0.0,1.0,0.0,0.0,1.0,0.0,0.0,1185732.0,1.0,0.0,0.0,0.0,0.0,1.0,0.0,41.0,24.0,5.0,2021.0,19
6.0,0.5499999999999999,49.0,0.0,0.0,0.0,0.0,0.0,0.0,1.0,0.0,0.0,1197831.0,0.0,0.0,1.0,0.0,0.0,1.0,0.0,0.0,4.0,9.0,2021.0,145
15.0,0.55,50.0,0.0,0.0,1.0,0.0,0.0,0.0,1.0,0.0,0.0,1197831.0,0.0,0.0,1.0,0.0,0.0,0.0,1.0,42.0,9.0,10.0,2021.0,575
6.0,0.6,29.0,0.0,0.0,0.0,0.0,0.0,0.0,1.0,0.0,0.0,1197831.0,0.0,0.0,1.0,0.0,0.0,1.0,0.0,0.0,28.0,9.0,2021.0,78
22.0,0.55,48.0,0.0,0.0,0.0,1.0,0.0,0.0,1.0,0.0,0.0,1197831.0,0.0,0.0,0.0,1.0,0.0,1.0,0.0,42.0,23.0,10.0,2020.0,203
24.0,0.42000000000000004,27.0,0.0,1.0,0.0,0.0,0.0,0.0,1.0,0.0,0.0,1185732.0,1.0,0.0,0.0,0.0,0.0,0.0,1.0,23.0,16.0,5.0,2021.0,238
22.0,0.5,40.0,0.0,0.0,1.0,0.0,0.0,0.0,1.0,0.0,0.0,1197831.0,0.0,0.0,0.0,1.0,0.0,0.0,1.0,42.0,17.0,8.0,2020.0,950
25.0,0.39999999999999997,40.0,0.0,1.0,0.0,0.0,0.0,0.0,1.0,0.0,0.0,1197831.0,0.0,0.0,1.0,0.0,0.0,0.0,1.0,41.0,9.0,4.0,2021.0,775
34.0,0.42999999999999994,25.0,0.0,1.0,0.0,0.0,0.0,0.0,1.0,0.0,0.0,1128299.0,0.0,0.0,0.0,0.0,1.0,0.0,1.0,17.0,17.0,10.0,2021.0,124
25.0,0.42999999999999994,22.0,0.0,0.0,0.0,0.0,1.0,0.0,1.0,0.0,0.0,1197831.0,0.0,0.0,1.0,0.0,0.0,0.0,1.0,41.0,24.0,3.0,2021.0,166
25.0,0.6000000000000001,65.0,0.0,0.0,1.0,0.0,0.0,0.0,1.0,0.0,0.0,1197831.0,0.0,0.0,1.0,0.0,0.0,0.0,1.0,41.0,14.0,5.0,2021.0,650
22.0,0.6,39.0,0.0,0.0,1.0,0.0,0.0,0.0,1.0,0.0,0.0,1197831.0,0.0,0.0,1.0,0.0,0.0,1.0,0.0,42.0,5.0,8.0,2020.0,189
15.0,0.43999999999999995,32.0,0.0,0.0,0.0,0.0,1.0,0.0,1.0,0.0,0.0,1197831.0,0.0,0.0,1.0,0.0,0.0,0.0,1.0,42.0,6.0,10.0,2021.0,190
22.0,0.5700000000000001,32.0,0.0,0.0,1.0,0.0,0.0,0.0,1.0,0.0,0.0,1197831.0,0.0,0.0,0.0,1.0,0.0,0.0,1.0,42.0,17.0,8.0,2020.0,295
15.0,0.39999999999999997,60.0,0.0,1.0,0.0,0.0,0.0,0.0,1.0,0.0,0.0,1197831.0,0.0,0.0,1.0,0.0,0.0,0.0,1.0,42.0,16.0,10.0,2021.0,825
34.0,0.42999999999999994,32.0,0.0,1.0,0.0,0.0,0.0,0.0,1.0,0.0,0.0,1128299.0,0.0,0.0,0.0,0.0,1.0,0.0,1.0,17.0,18.0,5.0,2021.0,176
24.0,0.4,25.000000000000007,0.0,0.0,1.0,0.0,0.0,0.0,1.0,0.0,0.0,1197831.0,0.0,0.0,1.0,0.0,0.0,1.0,0.0,23.0,23.0,1.0,2021.0,450
24.0,0.4,35.0,0.0,0.0,0.0,0.0,1.0,0.0,1.0,0.0,0.0,1185732.0,1.0,0.0,0.0,0.0,0.0,1.0,0.0,23.0,16.0,5.0,2021.0,425
22.0,0.3,45.0,0.0,0.0,0.0,0.0,0.0,0.0,1.0,0.0,0.0,1197831.0,0.0,0.0,0.0,1.0,0.0,0.0,1.0,42.0,22.0,8.0,2020.0,650
34.0,0.35,65.0,0.0,0.0,1.0,0.0,0.0,0.0,1.0,0.0,0.0,1128299.0,0.0,0.0,0.0,0.0,1.0,1.0,0.0,17.0,18.0,5.0,2021.0,575
34.0,0.49,63.0,0.0,0.0,1.0,0.0,0.0,0.0,1.0,0.0,0.0,1128299.0,0.0,0.0,0.0,0.0,1.0,1.0,0.0,17.0,17.0,8.0,2021.0,90
25.0,0.44999999999999996,40.0,0.0,1.0,0.0,0.0,0.0,0.0,1.0,0.0,0.0,1197831.0,0.0,0.0,1.0,0.0,0.0,0.0,1.0,41.0,15.0,4.0,2021.0,825
37.0,0.47000000000000003,40.0,0.0,0.0,1.0,0.0,0.0,0.0,1.0,0.0,0.0,1197831.0,0.0,0.0,0.0,0.0,1.0,0.0,1.0,35.0,20.0,8.0,2021.0,166
24.0,0.4,19.999999999999996,0.0,0.0,0.0,1.0,0.0,0.0,1.0,0.0,0.0,1185732.0,1.0,0.0,0.0,0.0,0.0,1.0,0.0,23.0,16.0,3.0,2021.0,275
27.0,0.39999999999999997,40.0,0.0,0.0,0.0,0.0,0.0,0.0,1.0,0.0,0.0,1197831.0,0.0,0.0,0.0,1.0,0.0,0.0,1.0,3.0,19.0,7.0,2021.0,149
27.0,0.4,60.0,0.0,1.0,0.0,0.0,0.0,0.0,1.0,0.0,0.0,1197831.0,0.0,0.0,0.0,1.0,0.0,1.0,0.0,3.0,20.0,8.0,2021.0,750
24.0,0.4,60.00000000000002,0.0,0.0,0.0,1.0,0.0,0.0,1.0,0.0,0.0,1185732.0,0.0,0.0,1.0,0.0,0.0,1.0,0.0,23.0,17.0,11.0,2021.0,450
25.0,0.43999999999999995,26.0,0.0,0.0,0.0,0.0,1.0,0.0,1.0,0.0,0.0,1197831.0,0.0,0.0,1.0,0.0,0.0,0.0,1.0,41.0,11.0,4.0,2021.0,202
27.0,0.51,28.0,0.0,0.0,1.0,0.0,0.0,0.0,1.0,0.0,0.0,1197831.0,0.0,0.0,0.0,1.0,0.0,1.0,0.0,3.0,20.0,4.0,2021.0,116
25.0,0.45,35.0,0.0,0.0,0.0,1.0,0.0,0.0,1.0,0.0,0.0,1197831.0,0.0,0.0,1.0,0.0,0.0,0.0,1.0,41.0,19.0,3.0,2021.0,400
22.0,0.42,42.0,0.0,0.0,0.0,0.0,0.0,0.0,1.0,0.0,0.0,1197831.0,0.0,0.0,0.0,1.0,0.0,1.0,0.0,42.0,10.0,8.0,2020.0,147
27.0,0.41,23.0,0.0,0.0,0.0,0.0,0.0,0.0,1.0,0.0,0.0,1197831.0,0.0,0.0,0.0,0.0,1.0,0.0,1.0,3.0,23.0,1.0,2021.0,91
6.0,0.5499999999999999,36.0,1.0,0.0,0.0,0.0,0.0,0.0,1.0,0.0,0.0,1197831.0,0.0,0.0,1.0,0.0,0.0,1.0,0.0,0.0,14.0,8.0,2021.0,188
34.0,0.47000000000000003,33.0,0.0,0.0,0.0,0.0,0.0,0.0,1.0,0.0,0.0,1128299.0,0.0,0.0,0.0,0.0,1.0,0.0,1.0,17.0,17.0,2.0,2021.0,53
34.0,0.5700000000000001,43.0,0.0,0.0,0.0,0.0,0.0,0.0,1.0,0.0,0.0,1128299.0,0.0,0.0,0.0,0.0,1.0,1.0,0.0,17.0,17.0,4.0,2021.0,53
6.0,0.51,20.0,0.0,0.0,0.0,0.0,1.0,0.0,1.0,0.0,0.0,1197831.0,0.0,0.0,1.0,0.0,0.0,0.0,1.0,0.0,15.0,8.0,2021.0,144
24.0,0.48,34.0,0.0,0.0,0.0,0.0,0.0,0.0,1.0,0.0,0.0,1197831.0,0.0,0.0,1.0,0.0,0.0,1.0,0.0,23.0,23.0,1.0,2021.0,95
25.0,0.5,35.0,0.0,0.0,0.0,1.0,0.0,0.0,1.0,0.0,0.0,1197831.0,0.0,0.0,1.0,0.0,0.0,0.0,1.0,41.0,25.0,3.0,2021.0,375
25.0,0.39999999999999997,25.000000000000007,1.0,0.0,0.0,0.0,0.0,0.0,1.0,0.0,0.0,1197831.0,0.0,0.0,1.0,0.0,0.0,0.0,1.0,41.0,29.0,3.0,2021.0,675
24.0,0.4,70.0,0.0,1.0,0.0,0.0,0.0,0.0,1.0,0.0,0.0,1185732.0,0.0,0.0,1.0,0.0,0.0,1.0,0.0,23.0,16.0,12.0,2021.0,775
37.0,0.39999999999999997,24.0,0.0,0.0,0.0,0.0,0.0,0.0,1.0,0.0,0.0,1197831.0,0.0,0.0,0.0,0.0,1.0,0.0,1.0,35.0,21.0,2.0,2021.0,85
34.0,0.47,55.0,0.0,0.0,0.0,1.0,0.0,0.0,1.0,0.0,0.0,1128299.0,0.0,0.0,0.0,0.0,1.0,0.0,1.0,17.0,17.0,8.0,2021.0,143
6.0,0.5599999999999999,47.0,0.0,0.0,0.0,0.0,1.0,0.0,1.0,0.0,0.0,1197831.0,0.0,0.0,1.0,0.0,0.0,0.0,1.0,0.0,20.0,9.0,2021.0,213
22.0,0.52,36.0,0.0,0.0,0.0,1.0,0.0,0.0,1.0,0.0,0.0,1197831.0,0.0,0.0,0.0,1.0,0.0,0.0,1.0,42.0,29.0,10.0,2020.0,210
24.0,0.5,25.0,0.0,0.0,1.0,0.0,0.0,0.0,1.0,0.0,0.0,1185732.0,1.0,0.0,0.0,0.0,0.0,1.0,0.0,23.0,16.0,3.0,2021.0,425
37.0,0.53,52.0,0.0,0.0,0.0,1.0,0.0,0.0,1.0,0.0,0.0,1197831.0,0.0,1.0,0.0,0.0,0.0,1.0,0.0,35.0,20.0,11.0,2021.0,75
15.0,0.47,24.0,0.0,0.0,0.0,0.0,1.0,0.0,1.0,0.0,0.0,1197831.0,0.0,0.0,1.0,0.0,0.0,1.0,0.0,42.0,6.0,9.0,2021.0,175
24.0,0.61,28.0,0.0,0.0,1.0,0.0,0.0,0.0,1.0,0.0,0.0,1185732.0,1.0,0.0,0.0,0.0,0.0,1.0,0.0,23.0,17.0,4.0,2021.0,124
22.0,0.5800000000000001,39.0,0.0,0.0,0.0,1.0,0.0,0.0,1.0,0.0,0.0,1197831.0,0.0,0.0,0.0,1.0,0.0,1.0,0.0,42.0,15.0,8.0,2020.0,189
15.0,0.6000000000000001,54.0,0.0,0.0,1.0,0.0,0.0,0.0,1.0,0.0,0.0,1197831.0,0.0,0.0,1.0,0.0,0.0,0.0,1.0,42.0,21.0,10.0,2021.0,256
27.0,0.52,37.0,0.0,0.0,0.0,1.0,0.0,0.0,1.0,0.0,0.0,1197831.0,0.0,0.0,0.0,1.0,0.0,1.0,0.0,3.0,21.0,6.0,2021.0,98
15.0,0.5,65.0,0.0,0.0,0.0,1.0,0.0,0.0,1.0,0.0,0.0,1197831.0,0.0,0.0,1.0,0.0,0.0,0.0,1.0,42.0,19.0,10.0,2021.0,575
34.0,0.39999999999999997,95.0,0.0,0.0,0.0,0.0,1.0,0.0,1.0,0.0,0.0,1128299.0,0.0,0.0,0.0,0.0,1.0,1.0,0.0,17.0,16.0,7.0,2021.0,700
34.0,0.45999999999999996,46.0,0.0,1.0,0.0,0.0,0.0,0.0,1.0,0.0,0.0,1128299.0,0.0,0.0,0.0,0.0,1.0,0.0,1.0,17.0,16.0,12.0,2021.0,272
22.0,0.42,30.0,1.0,0.0,0.0,0.0,0.0,0.0,1.0,0.0,0.0,1197831.0,0.0,0.0,0.0,1.0,0.0,0.0,1.0,42.0,13.0,8.0,2020.0,287
25.0,0.44999999999999996,13.0,0.0,1.0,0.0,0.0,0.0,0.0,1.0,0.0,0.0,1197831.0,0.0,0.0,1.0,0.0,0.0,0.0,1.0,41.0,28.0,3.0,2021.0,203
6.0,0.47,40.0,0.0,0.0,0.0,0.0,0.0,0.0,1.0,0.0,0.0,1197831.0,0.0,0.0,1.0,0.0,0.0,0.0,1.0,0.0,10.0,10.0,2021.0,155
24.0,0.55,14.0,0.0,0.0,0.0,0.0,1.0,0.0,1.0,0.0,0.0,1185732.0,1.0,0.0,0.0,0.0,0.0,1.0,0.0,23.0,17.0,4.0,2021.0,101
6.0,0.58,19.0,0.0,1.0,0.0,0.0,0.0,0.0,1.0,0.0,0.0,1197831.0,0.0,0.0,1.0,0.0,0.0,1.0,0.0,0.0,19.0,8.0,2021.0,195
24.0,0.35,75.00000000000001,0.0,0.0,0.0,0.0,0.0,0.0,1.0,0.0,0.0,1185732.0,0.0,0.0,1.0,0.0,0.0,1.0,0.0,23.0,17.0,11.0,2021.0,425
6.0,0.6100000000000001,23.0,0.0,0.0,0.0,1.0,0.0,0.0,1.0,0.0,0.0,1197831.0,0.0,0.0,1.0,0.0,0.0,0.0,1.0,0.0,16.0,8.0,2021.0,116
24.0,0.45,15.0,0.0,0.0,0.0,1.0,0.0,0.0,1.0,0.0,0.0,1185732.0,1.0,0.0,0.0,0.0,0.0,0.0,1.0,23.0,16.0,3.0,2021.0,85
34.0,0.35,28.0,0.0,0.0,0.0,0.0,1.0,0.0,1.0,0.0,0.0,1197831.0,1.0,0.0,0.0,0.0,0.0,0.0,1.0,17.0,4.0,2.0,2021.0,128
24.0,0.47000000000000003,48.0,0.0,1.0,0.0,0.0,0.0,0.0,1.0,0.0,0.0,1185732.0,0.0,0.0,1.0,0.0,0.0,0.0,1.0,23.0,16.0,12.0,2021.0,256
27.0,0.39999999999999997,46.0,1.0,0.0,0.0,0.0,0.0,0.0,1.0,0.0,0.0,1197831.0,0.0,0.0,0.0,0.0,1.0,0.0,1.0,3.0,19.0,12.0,2021.0,155
37.0,0.35,50.0,1.0,0.0,0.0,0.0,0.0,0.0,1.0,0.0,0.0,1197831.0,0.0,0.0,0.0,0.0,1.0,1.0,0.0,35.0,19.0,7.0,2021.0,450
27.0,0.38999999999999996,32.0,0.0,0.0,0.0,0.0,0.0,0.0,1.0,0.0,0.0,1197831.0,0.0,0.0,0.0,1.0,0.0,0.0,1.0,3.0,19.0,5.0,2021.0,111
24.0,0.38,47.0,0.0,0.0,0.0,0.0,0.0,0.0,1.0,0.0,0.0,1185732.0,1.0,0.0,0.0,0.0,0.0,0.0,1.0,23.0,18.0,6.0,2021.0,135
15.0,0.6200000000000001,34.0,0.0,1.0,0.0,0.0,0.0,0.0,1.0,0.0,0.0,1185732.0,1.0,0.0,0.0,0.0,0.0,0.0,1.0,42.0,22.0,10.0,2021.0,128
27.0,0.54,10.0,0.0,0.0,0.0,0.0,1.0,0.0,1.0,0.0,0.0,1197831.0,0.0,0.0,0.0,1.0,0.0,1.0,0.0,3.0,19.0,3.0,2021.0,88
6.0,0.55,35.0,0.0,0.0,1.0,0.0,0.0,0.0,1.0,0.0,0.0,1197831.0,0.0,0.0,1.0,0.0,0.0,0.0,1.0,0.0,12.0,8.0,2021.0,450
6.0,0.6000000000000001,45.0,0.0,0.0,1.0,0.0,0.0,0.0,1.0,0.0,0.0,1197831.0,0.0,0.0,1.0,0.0,0.0,0.0,1.0,0.0,30.0,8.0,2021.0,750
37.0,0.4,60.00000000000001,0.0,0.0,0.0,0.0,1.0,0.0,1.0,0.0,0.0,1197831.0,0.0,1.0,0.0,0.0,0.0,1.0,0.0,35.0,19.0,12.0,2021.0,375
37.0,0.52,42.0,0.0,0.0,1.0,0.0,0.0,0.0,1.0,0.0,0.0,1197831.0,0.0,0.0,0.0,0.0,1.0,1.0,0.0,35.0,19.0,5.0,2021.0,98
25.0,0.47,38.0,0.0,0.0,0.0,0.0,0.0,0.0,1.0,0.0,0.0,1197831.0,0.0,0.0,1.0,0.0,0.0,0.0,1.0,41.0,19.0,5.0,2021.0,160
24.0,0.43000000000000005,18.0,0.0,0.0,1.0,0.0,0.0,0.0,1.0,0.0,0.0,1197831.0,0.0,0.0,1.0,0.0,0.0,0.0,1.0,23.0,23.0,1.0,2021.0,158
15.0,0.7000000000000001,45.0,0.0,0.0,1.0,0.0,0.0,0.0,1.0,0.0,0.0,1197831.0,0.0,0.0,1.0,0.0,0.0,1.0,0.0,42.0,9.0,10.0,2021.0,161
37.0,0.4,20.00000000000001,0.0,0.0,0.0,0.0,1.0,0.0,1.0,0.0,0.0,1197831.0,0.0,0.0,0.0,0.0,1.0,1.0,0.0,35.0,21.0,10.0,2021.0,225
34.0,0.43999999999999995,57.0,1.0,0.0,0.0,0.0,0.0,0.0,1.0,0.0,0.0,1128299.0,0.0,0.0,0.0,0.0,1.0,0.0,1.0,17.0,17.0,8.0,2021.0,256
24.0,0.35,60.00000000000001,1.0,0.0,0.0,0.0,0.0,0.0,1.0,0.0,0.0,1185732.0,0.0,0.0,1.0,0.0,0.0,1.0,0.0,23.0,16.0,12.0,2021.0,575
22.0,0.55,26.0,0.0,0.0,1.0,0.0,0.0,0.0,1.0,0.0,0.0,1197831.0,0.0,0.0,1.0,0.0,0.0,0.0,1.0,42.0,30.0,7.0,2020.0,231
15.0,0.5700000000000001,22.0,0.0,0.0,1.0,0.0,0.0,0.0,1.0,0.0,0.0,1197831.0,0.0,0.0,1.0,0.0,0.0,0.0,1.0,42.0,3.0,9.0,2021.0,210
24.0,0.53,68.0,0.0,1.0,0.0,0.0,0.0,0.0,1.0,0.0,0.0,1185732.0,0.0,0.0,1.0,0.0,0.0,1.0,0.0,23.0,16.0,12.0,2021.0,194
34.0,0.39999999999999997,85.00000000000001,1.0,0.0,0.0,0.0,0.0,0.0,1.0,0.0,0.0,1128299.0,0.0,0.0,0.0,0.0,1.0,1.0,0.0,17.0,17.0,8.0,2021.0,825
6.0,0.44999999999999996,20.000000000000007,1.0,0.0,0.0,0.0,0.0,0.0,1.0,0.0,0.0,1197831.0,0.0,0.0,1.0,0.0,0.0,0.0,1.0,0.0,20.0,8.0,2021.0,650
25.0,0.5,24.0,0.0,1.0,0.0,0.0,0.0,0.0,1.0,0.0,0.0,1197831.0,0.0,0.0,1.0,0.0,0.0,1.0,0.0,41.0,16.0,3.0,2021.0,169
24.0,0.44999999999999996,37.0,1.0,0.0,0.0,0.0,0.0,0.0,1.0,0.0,0.0,1185732.0,1.0,0.0,0.0,0.0,0.0,1.0,0.0,23.0,16.0,5.0,2021.0,131
15.0,0.54,27.0,0.0,0.0,1.0,0.0,0.0,0.0,1.0,0.0,0.0,1197831.0,0.0,0.0,1.0,0.0,0.0,0.0,1.0,42.0,28.0,8.0,2021.0,153
25.0,0.51,44.0,1.0,0.0,0.0,0.0,0.0,0.0,1.0,0.0,0.0,1197831.0,0.0,0.0,1.0,0.0,0.0,0.0,1.0,41.0,22.0,4.0,2021.0,271
27.0,0.4,30.000000000000004,0.0,0.0,1.0,0.0,0.0,0.0,1.0,0.0,0.0,1197831.0,0.0,0.0,0.0,0.0,1.0,1.0,0.0,3.0,21.0,10.0,2021.0,400
24.0,0.54,28.0,0.0,0.0,0.0,0.0,1.0,0.0,1.0,0.0,0.0,1185732.0,0.0,0.0,1.0,0.0,0.0,1.0,0.0,23.0,17.0,11.0,2021.0,111
22.0,0.5,35.0,0.0,0.0,1.0,0.0,0.0,0.0,1.0,0.0,0.0,1197831.0,0.0,0.0,1.0,0.0,0.0,0.0,1.0,42.0,24.0,7.0,2020.0,700
24.0,0.65,53.0,0.0,0.0,1.0,0.0,0.0,0.0,1.0,0.0,0.0,1185732.0,0.0,0.0,0.0,1.0,0.0,1.0,0.0,23.0,17.0,8.0,2021.0,169
6.0,0.7200000000000001,50.0,0.0,0.0,1.0,0.0,0.0,0.0,1.0,0.0,0.0,1197831.0,0.0,0.0,1.0,0.0,0.0,1.0,0.0,0.0,5.0,9.0,2021.0,245
25.0,0.39999999999999997,40.0,0.0,0.0,0.0,0.0,1.0,0.0,1.0,0.0,0.0,1197831.0,0.0,0.0,1.0,0.0,0.0,0.0,1.0,41.0,11.0,4.0,2021.0,650
15.0,0.5,55.00000000000001,0.0,0.0,1.0,0.0,0.0,0.0,1.0,0.0,0.0,1197831.0,0.0,0.0,1.0,0.0,0.0,0.0,1.0,42.0,15.0,9.0,2021.0,875
37.0,0.4,40.0,0.0,1.0,0.0,0.0,0.0,0.0,1.0,0.0,0.0,1197831.0,0.0,0.0,0.0,0.0,1.0,1.0,0.0,35.0,21.0,6.0,2021.0,600
37.0,0.4,55.00000000000001,0.0,0.0,1.0,0.0,0.0,0.0,1.0,0.0,0.0,1197831.0,0.0,0.0,0.0,0.0,1.0,1.0,0.0,35.0,20.0,8.0,2021.0,475
6.0,0.7200000000000002,26.0,0.0,0.0,1.0,0.0,0.0,0.0,1.0,0.0,0.0,1197831.0,0.0,0.0,1.0,0.0,0.0,0.0,1.0,0.0,23.0,9.0,2021.0,190
22.0,0.3,40.0,0.0,0.0,0.0,0.0,0.0,0.0,1.0,0.0,0.0,1197831.0,0.0,0.0,1.0,0.0,0.0,0.0,1.0,42.0,23.0,7.0,2020.0,550
6.0,0.7000000000000002,47.0,0.0,0.0,1.0,0.0,0.0,0.0,1.0,0.0,0.0,1197831.0,0.0,0.0,1.0,0.0,0.0,0.0,1.0,0.0,11.0,9.0,2021.0,280
22.0,0.5,37.0,0.0,0.0,0.0,1.0,0.0,0.0,1.0,0.0,0.0,1197831.0,0.0,0.0,0.0,1.0,0.0,0.0,1.0,42.0,8.0,9.0,2020.0,200
24.0,0.49,58.0,1.0,0.0,0.0,0.0,0.0,0.0,1.0,0.0,0.0,1185732.0,0.0,0.0,1.0,0.0,0.0,1.0,0.0,23.0,16.0,12.0,2021.0,155
34.0,0.39999999999999997,80.00000000000003,1.0,0.0,0.0,0.0,0.0,0.0,1.0,0.0,0.0,1128299.0,0.0,0.0,0.0,0.0,1.0,1.0,0.0,17.0,16.0,12.0,2021.0,800
24.0,0.44999999999999996,42.0,1.0,0.0,0.0,0.0,0.0,0.0,1.0,0.0,0.0,1185732.0,0.0,0.0,0.0,1.0,0.0,1.0,0.0,23.0,16.0,9.0,2021.0,147
25.0,0.44999999999999996,40.0,0.0,0.0,0.0,0.0,1.0,0.0,1.0,0.0,0.0,1197831.0,0.0,0.0,1.0,0.0,0.0,0.0,1.0,41.0,5.0,5.0,2021.0,525
25.0,0.5,50.0,0.0,0.0,0.0,0.0,0.0,0.0,1.0,0.0,0.0,1197831.0,0.0,0.0,1.0,0.0,0.0,1.0,0.0,41.0,19.0,5.0,2021.0,140
37.0,0.41,43.0,0.0,0.0,0.0,0.0,0.0,0.0,1.0,0.0,0.0,1197831.0,0.0,0.0,0.0,0.0,1.0,0.0,1.0,35.0,19.0,7.0,2021.0,116
22.0,0.37,39.0,0.0,0.0,0.0,0.0,1.0,0.0,1.0,0.0,0.0,1197831.0,0.0,0.0,0.0,1.0,0.0,0.0,1.0,42.0,13.0,9.0,2020.0,255
25.0,0.55,50.0,0.0,0.0,1.0,0.0,0.0,0.0,1.0,0.0,0.0,1197831.0,0.0,0.0,1.0,0.0,0.0,0.0,1.0,41.0,14.0,4.0,2021.0,875
27.0,0.4,60.00000000000001,0.0,0.0,0.0,0.0,1.0,0.0,1.0,0.0,0.0,1197831.0,0.0,0.0,0.0,0.0,1.0,1.0,0.0,3.0,19.0,12.0,2021.0,450
24.0,0.4,15.000000000000002,0.0,0.0,0.0,0.0,1.0,0.0,1.0,0.0,0.0,1185732.0,1.0,0.0,0.0,0.0,0.0,1.0,0.0,23.0,17.0,4.0,2021.0,375
27.0,0.35,40.0,0.0,0.0,0.0,0.0,0.0,0.0,1.0,0.0,0.0,1197831.0,0.0,0.0,0.0,1.0,0.0,1.0,0.0,3.0,20.0,4.0,2021.0,250
27.0,0.42000000000000004,16.0,0.0,0.0,1.0,0.0,0.0,0.0,1.0,0.0,0.0,1197831.0,0.0,0.0,0.0,1.0,0.0,0.0,1.0,3.0,21.0,2.0,2021.0,145
25.0,0.5599999999999999,50.0,0.0,0.0,0.0,0.0,1.0,0.0,1.0,0.0,0.0,1197831.0,0.0,0.0,1.0,0.0,0.0,1.0,0.0,41.0,11.0,5.0,2021.0,174
22.0,0.55,27.0,0.0,0.0,1.0,0.0,0.0,0.0,1.0,0.0,0.0,1197831.0,0.0,0.0,0.0,1.0,0.0,0.0,1.0,42.0,11.0,8.0,2020.0,272
27.0,0.5,14.0,1.0,0.0,0.0,0.0,0.0,0.0,1.0,0.0,0.0,1197831.0,0.0,0.0,0.0,0.0,1.0,1.0,0.0,3.0,20.0,11.0,2021.0,94
6.0,0.49999999999999994,30.000000000000004,1.0,0.0,0.0,0.0,0.0,0.0,1.0,0.0,0.0,1197831.0,0.0,0.0,1.0,0.0,0.0,0.0,1.0,0.0,25.0,9.0,2021.0,525
37.0,0.4,35.0,0.0,0.0,0.0,0.0,1.0,0.0,1.0,0.0,0.0,1197831.0,0.0,0.0,0.0,0.0,1.0,1.0,0.0,35.0,19.0,5.0,2021.0,275
25.0,0.56,29.0,0.0,0.0,0.0,1.0,0.0,0.0,1.0,0.0,0.0,1197831.0,0.0,0.0,1.0,0.0,0.0,0.0,1.0,41.0,12.0,4.0,2021.0,198
37.0,0.4,30.00000000000001,0.0,1.0,0.0,0.0,0.0,0.0,1.0,0.0,0.0,1197831.0,0.0,0.0,0.0,0.0,1.0,1.0,0.0,35.0,21.0,10.0,2021.0,525
25.0,0.5,30.000000000000004,0.0,0.0,0.0,1.0,0.0,0.0,1.0,0.0,0.0,1197831.0,0.0,0.0,1.0,0.0,0.0,0.0,1.0,41.0,6.0,4.0,2021.0,525
15.0,0.35,20.0,0.0,1.0,0.0,0.0,0.0,0.0,1.0,0.0,0.0,1197831.0,0.0,0.0,1.0,0.0,0.0,0.0,1.0,42.0,4.0,9.0,2021.0,750
15.0,0.5,65.0,0.0,0.0,0.0,1.0,0.0,0.0,1.0,0.0,0.0,1197831.0,0.0,0.0,1.0,0.0,0.0,0.0,1.0,42.0,13.0,10.0,2021.0,500
27.0,0.42000000000000004,22.0,0.0,0.0,1.0,0.0,0.0,0.0,1.0,0.0,0.0,1197831.0,0.0,0.0,0.0,1.0,0.0,0.0,1.0,3.0,19.0,9.0,2021.0,140
6.0,0.47,38.0,0.0,0.0,0.0,0.0,0.0,0.0,1.0,0.0,0.0,1197831.0,0.0,0.0,1.0,0.0,0.0,0.0,1.0,0.0,4.0,9.0,2021.0,165
6.0,0.6000000000000001,45.00000000000001,0.0,0.0,0.0,1.0,0.0,0.0,1.0,0.0,0.0,1197831.0,0.0,0.0,1.0,0.0,0.0,0.0,1.0,0.0,3.0,10.0,2021.0,450
15.0,0.35,30.0,0.0,0.0,0.0,0.0,1.0,0.0,1.0,0.0,0.0,1197831.0,0.0,0.0,1.0,0.0,0.0,0.0,1.0,42.0,25.0,8.0,2021.0,500
24.0,0.4,25.00000000000001,0.0,0.0,0.0,1.0,0.0,0.0,1.0,0.0,0.0,1185732.0,0.0,0.0,0.0,1.0,0.0,1.0,0.0,23.0,18.0,10.0,2021.0,350
34.0,0.45999999999999996,40.0,0.0,0.0,0.0,1.0,0.0,0.0,1.0,0.0,0.0,1128299.0,0.0,0.0,0.0,0.0,1.0,0.0,1.0,17.0,17.0,11.0,2021.0,155
25.0,0.5900000000000001,32.0,0.0,0.0,0.0,1.0,0.0,0.0,1.0,0.0,0.0,1197831.0,0.0,0.0,1.0,0.0,0.0,0.0,1.0,41.0,24.0,4.0,2021.0,162
15.0,0.35,24.999999999999996,0.0,0.0,0.0,0.0,1.0,0.0,1.0,0.0,0.0,1197831.0,0.0,0.0,1.0,0.0,0.0,0.0,1.0,42.0,6.0,9.0,2021.0,625
34.0,0.6,34.0,0.0,0.0,1.0,0.0,0.0,0.0,1.0,0.0,0.0,1197831.0,0.0,0.0,0.0,0.0,1.0,1.0,0.0,17.0,5.0,1.0,2021.0,143
24.0,0.35,50.0,0.0,0.0,0.0,0.0,0.0,0.0,1.0,0.0,0.0,1185732.0,0.0,0.0,0.0,1.0,0.0,1.0,0.0,23.0,17.0,8.0,2021.0,450
24.0,0.55,42.0,0.0,0.0,1.0,0.0,0.0,0.0,1.0,0.0,0.0,1185732.0,0.0,0.0,0.0,1.0,0.0,0.0,1.0,23.0,17.0,8.0,2021.0,206
37.0,0.47000000000000003,16.0,0.0,0.0,0.0,1.0,0.0,0.0,1.0,0.0,0.0,1197831.0,0.0,0.0,0.0,0.0,1.0,0.0,1.0,35.0,19.0,3.0,2021.0,39
6.0,0.5299999999999999,40.0,1.0,0.0,0.0,0.0,0.0,0.0,1.0,0.0,0.0,1197831.0,0.0,0.0,1.0,0.0,0.0,0.0,1.0,0.0,7.0,10.0,2021.0,248
24.0,0.52,48.0,0.0,0.0,0.0,0.0,1.0,0.0,1.0,0.0,0.0,1185732.0,0.0,0.0,0.0,1.0,0.0,1.0,0.0,23.0,17.0,8.0,2021.0,147
22.0,0.56,25.0,0.0,0.0,1.0,0.0,0.0,0.0,1.0,0.0,0.0,1197831.0,0.0,0.0,1.0,0.0,0.0,0.0,1.0,42.0,24.0,7.0,2020.0,224
34.0,0.33999999999999997,14.0,0.0,1.0,0.0,0.0,0.0,0.0,1.0,0.0,0.0,1197831.0,1.0,0.0,0.0,0.0,0.0,0.0,1.0,17.0,5.0,1.0,2021.0,223
34.0,0.43,19.0,0.0,1.0,0.0,0.0,0.0,0.0,1.0,0.0,0.0,1197831.0,1.0,0.0,0.0,0.0,0.0,1.0,0.0,17.0,5.0,1.0,2021.0,182
22.0,0.48,26.0,0.0,0.0,0.0,1.0,0.0,0.0,1.0,0.0,0.0,1197831.0,0.0,0.0,0.0,1.0,0.0,0.0,1.0,42.0,21.0,8.0,2020.0,263
6.0,0.42,19.0,0.0,0.0,0.0,0.0,0.0,0.0,1.0,0.0,0.0,1197831.0,0.0,0.0,1.0,0.0,0.0,0.0,1.0,0.0,23.0,8.0,2021.0,88
15.0,0.35,60.0,0.0,0.0,0.0,0.0,0.0,0.0,1.0,0.0,0.0,1197831.0,0.0,0.0,1.0,0.0,0.0,0.0,1.0,42.0,14.0,10.0,2021.0,475
25.0,0.41,27.0,0.0,0.0,0.0,0.0,0.0,0.0,1.0,0.0,0.0,1197831.0,0.0,0.0,1.0,0.0,0.0,0.0,1.0,41.0,26.0,3.0,2021.0,88
34.0,0.52,69.0,0.0,0.0,0.0,0.0,1.0,0.0,1.0,0.0,0.0,1128299.0,1.0,0.0,0.0,0.0,0.0,1.0,0.0,17.0,16.0,12.0,2021.0,162
24.0,0.5,65.0,0.0,0.0,1.0,0.0,0.0,0.0,1.0,0.0,0.0,1185732.0,0.0,0.0,0.0,1.0,0.0,1.0,0.0,23.0,16.0,7.0,2021.0,675
34.0,0.44999999999999996,87.0,0.0,0.0,1.0,0.0,0.0,0.0,1.0,0.0,0.0,1128299.0,1.0,0.0,0.0,0.0,0.0,1.0,0.0,17.0,16.0,12.0,2021.0,175
25.0,0.6900000000000001,54.0,0.0,0.0,0.0,1.0,0.0,0.0,1.0,0.0,0.0,1197831.0,0.0,0.0,1.0,0.0,0.0,1.0,0.0,41.0,18.0,5.0,2021.0,149
25.0,0.6,46.0,0.0,0.0,0.0,0.0,1.0,0.0,1.0,0.0,0.0,1197831.0,0.0,0.0,1.0,0.0,0.0,1.0,0.0,41.0,23.0,4.0,2021.0,285
15.0,0.39999999999999997,55.00000000000001,0.0,1.0,0.0,0.0,0.0,0.0,1.0,0.0,0.0,1197831.0,0.0,0.0,1.0,0.0,0.0,0.0,1.0,42.0,28.0,9.0,2021.0,725
15.0,0.63,53.0,0.0,0.0,1.0,0.0,0.0,0.0,1.0,0.0,0.0,1197831.0,0.0,0.0,1.0,0.0,0.0,1.0,0.0,42.0,15.0,9.0,2021.0,263
34.0,0.49,73.0,0.0,0.0,0.0,0.0,0.0,0.0,1.0,0.0,0.0,1128299.0,0.0,0.0,0.0,0.0,1.0,0.0,1.0,17.0,16.0,7.0,2021.0,221
27.0,0.4,15.000000000000007,0.0,0.0,0.0,0.0,1.0,0.0,1.0,0.0,0.0,1197831.0,0.0,0.0,0.0,1.0,0.0,1.0,0.0,3.0,19.0,9.0,2021.0,350
25.0,0.6,27.0,0.0,0.0,0.0,1.0,0.0,0.0,1.0,0.0,0.0,1197831.0,0.0,0.0,1.0,0.0,0.0,1.0,0.0,41.0,6.0,4.0,2021.0,142
6.0,0.7000000000000001,32.0,0.0,0.0,1.0,0.0,0.0,0.0,1.0,0.0,0.0,1197831.0,0.0,0.0,1.0,0.0,0.0,1.0,0.0,0.0,6.0,8.0,2021.0,138
24.0,0.5,48.0,0.0,0.0,0.0,0.0,1.0,0.0,1.0,0.0,0.0,1185732.0,0.0,0.0,0.0,1.0,0.0,1.0,0.0,23.0,16.0,7.0,2021.0,142
27.0,0.35,40.0,1.0,0.0,0.0,0.0,0.0,0.0,1.0,0.0,0.0,1197831.0,0.0,0.0,0.0,1.0,0.0,1.0,0.0,3.0,19.0,5.0,2021.0,375
27.0,0.4,15.000000000000002,0.0,0.0,0.0,0.0,1.0,0.0,1.0,0.0,0.0,1197831.0,0.0,0.0,0.0,1.0,0.0,1.0,0.0,3.0,20.0,4.0,2021.0,300
25.0,0.68,24.0,0.0,0.0,1.0,0.0,0.0,0.0,1.0,0.0,0.0,1197831.0,0.0,0.0,1.0,0.0,0.0,1.0,0.0,41.0,2.0,4.0,2021.0,161
15.0,0.35,27.0,0.0,0.0,0.0,0.0,1.0,0.0,1.0,0.0,0.0,1197831.0,0.0,0.0,1.0,0.0,0.0,0.0,1.0,42.0,19.0,8.0,2021.0,143
15.0,0.55,60.0,0.0,0.0,1.0,0.0,0.0,0.0,1.0,0.0,0.0,1197831.0,0.0,0.0,1.0,0.0,0.0,0.0,1.0,42.0,27.0,9.0,2021.0,775
24.0,0.46,47.0,0.0,1.0,0.0,0.0,0.0,0.0,1.0,0.0,0.0,1185732.0,1.0,0.0,0.0,0.0,0.0,0.0,1.0,23.0,16.0,7.0,2021.0,289
27.0,0.35,50.0,0.0,0.0,0.0,0.0,0.0,0.0,1.0,0.0,0.0,1197831.0,0.0,0.0,0.0,1.0,0.0,1.0,0.0,3.0,20.0,8.0,2021.0,375
6.0,0.51,35.0,0.0,0.0,0.0,0.0,1.0,0.0,1.0,0.0,0.0,1197831.0,0.0,0.0,1.0,0.0,0.0,0.0,1.0,0.0,2.0,9.0,2021.0,228
27.0,0.44999999999999996,19.0,1.0,0.0,0.0,0.0,0.0,0.0,1.0,0.0,0.0,1197831.0,0.0,0.0,0.0,1.0,0.0,1.0,0.0,3.0,21.0,10.0,2021.0,106
34.0,0.39999999999999997,50.000000000000014,0.0,0.0,0.0,1.0,0.0,0.0,1.0,0.0,0.0,1128299.0,0.0,0.0,0.0,0.0,1.0,1.0,0.0,17.0,17.0,11.0,2021.0,500
15.0,0.48,28.0,1.0,0.0,0.0,0.0,0.0,0.0,1.0,0.0,0.0,1197831.0,0.0,0.0,1.0,0.0,0.0,1.0,0.0,42.0,30.0,8.0,2021.0,175
6.0,0.49999999999999994,35.0,0.0,0.0,0.0,0.0,1.0,0.0,1.0,0.0,0.0,1197831.0,0.0,0.0,1.0,0.0,0.0,0.0,1.0,0.0,26.0,9.0,2021.0,475
15.0,0.5,30.000000000000004,0.0,0.0,1.0,0.0,0.0,0.0,1.0,0.0,0.0,1197831.0,0.0,0.0,1.0,0.0,0.0,0.0,1.0,42.0,3.0,9.0,2021.0,600
22.0,0.45999999999999996,41.0,1.0,0.0,0.0,0.0,0.0,0.0,1.0,0.0,0.0,1197831.0,0.0,0.0,0.0,1.0,0.0,1.0,0.0,42.0,6.0,9.0,2020.0,213
15.0,0.42999999999999994,31.0,0.0,1.0,0.0,0.0,0.0,0.0,1.0,0.0,0.0,1197831.0,0.0,0.0,1.0,0.0,0.0,0.0,1.0,42.0,10.0,10.0,2021.0,225
24.0,0.4,25.000000000000007,0.0,1.0,0.0,0.0,0.0,0.0,1.0,0.0,0.0,1197831.0,0.0,0.0,1.0,0.0,0.0,1.0,0.0,23.0,21.0,2.0,2021.0,700
27.0,0.44,32.0,0.0,0.0,0.0,0.0,1.0,0.0,1.0,0.0,0.0,1197831.0,0.0,0.0,0.0,1.0,0.0,0.0,1.0,3.0,19.0,7.0,2021.0,140
6.0,0.5599999999999999,58.0,0.0,0.0,0.0,0.0,0.0,0.0,1.0,0.0,0.0,1197831.0,0.0,0.0,1.0,0.0,0.0,1.0,0.0,0.0,10.0,10.0,2021.0,145
6.0,0.6299999999999999,56.0,0.0,1.0,0.0,0.0,0.0,0.0,1.0,0.0,0.0,1197831.0,0.0,0.0,1.0,0.0,0.0,1.0,0.0,0.0,6.0,10.0,2021.0,233
6.0,0.6,51.0,0.0,1.0,0.0,0.0,0.0,0.0,1.0,0.0,0.0,1197831.0,0.0,0.0,1.0,0.0,0.0,1.0,0.0,0.0,18.0,9.0,2021.0,175
24.0,0.5,14.0,0.0,0.0,0.0,0.0,1.0,0.0,1.0,0.0,0.0,1197831.0,0.0,0.0,1.0,0.0,0.0,1.0,0.0,23.0,21.0,2.0,2021.0,120
27.0,0.52,24.0,0.0,1.0,0.0,0.0,0.0,0.0,1.0,0.0,0.0,1197831.0,0.0,0.0,0.0,0.0,1.0,1.0,0.0,3.0,21.0,2.0,2021.0,169
22.0,0.2,50.0,1.0,0.0,0.0,0.0,0.0,0.0,1.0,0.0,0.0,1128299.0,0.0,0.0,0.0,0.0,1.0,0.0,1.0,42.0,2.0,11.0,2020.0,775
34.0,0.39999999999999997,75.00000000000001,0.0,0.0,0.0,0.0,1.0,0.0,1.0,0.0,0.0,1128299.0,0.0,0.0,0.0,0.0,1.0,1.0,0.0,17.0,17.0,8.0,2021.0,700
27.0,0.55,44.0,0.0,0.0,1.0,0.0,0.0,0.0,1.0,0.0,0.0,1197831.0,0.0,0.0,0.0,1.0,0.0,1.0,0.0,3.0,19.0,5.0,2021.0,111
15.0,0.5,45.0,0.0,0.0,1.0,0.0,0.0,0.0,1.0,0.0,0.0,1197831.0,0.0,0.0,1.0,0.0,0.0,0.0,1.0,42.0,9.0,9.0,2021.0,800
22.0,0.49,37.0,0.0,1.0,0.0,0.0,0.0,0.0,1.0,0.0,0.0,1197831.0,0.0,0.0,0.0,1.0,0.0,1.0,0.0,42.0,30.0,8.0,2020.0,268
25.0,0.7400000000000001,61.0,0.0,0.0,1.0,0.0,0.0,0.0,1.0,0.0,0.0,1197831.0,0.0,0.0,1.0,0.0,0.0,1.0,0.0,41.0,20.0,5.0,2021.0,225
37.0,0.45,44.0,0.0,0.0,0.0,0.0,1.0,0.0,1.0,0.0,0.0,1197831.0,0.0,1.0,0.0,0.0,0.0,0.0,1.0,35.0,19.0,12.0,2021.0,131
34.0,0.39999999999999997,90.0,0.0,0.0,0.0,1.0,0.0,0.0,1.0,0.0,0.0,1128299.0,0.0,0.0,0.0,0.0,1.0,1.0,0.0,17.0,16.0,7.0,2021.0,600
34.0,0.53,86.0,0.0,1.0,0.0,0.0,0.0,0.0,1.0,0.0,0.0,1128299.0,0.0,0.0,0.0,0.0,1.0,1.0,0.0,17.0,16.0,7.0,2021.0,270
6.0,0.48999999999999994,16.0,1.0,0.0,0.0,0.0,0.0,0.0,1.0,0.0,0.0,1197831.0,0.0,0.0,1.0,0.0,0.0,0.0,1.0,0.0,26.0,8.0,2021.0,218
6.0,0.5,38.0,0.0,1.0,0.0,0.0,0.0,0.0,1.0,0.0,0.0,1185732.0,0.0,0.0,0.0,0.0,0.0,1.0,0.0,0.0,12.0,10.0,2021.0,117
24.0,0.53,14.0,0.0,0.0,0.0,0.0,1.0,0.0,1.0,0.0,0.0,1185732.0,1.0,0.0,0.0,0.0,0.0,1.0,0.0,23.0,16.0,3.0,2021.0,128
24.0,0.45,41.0,0.0,1.0,0.0,0.0,0.0,0.0,1.0,0.0,0.0,1185732.0,0.0,0.0,0.0,1.0,0.0,0.0,1.0,23.0,17.0,8.0,2021.0,256
24.0,0.48,29.0,0.0,0.0,0.0,0.0,0.0,0.0,1.0,0.0,0.0,1185732.0,0.0,0.0,0.0,1.0,0.0,1.0,0.0,23.0,16.0,9.0,2021.0,108
15.0,0.39999999999999997,55.00000000000001,1.0,0.0,0.0,0.0,0.0,0.0,1.0,0.0,0.0,1197831.0,0.0,0.0,1.0,0.0,0.0,0.0,1.0,42.0,23.0,9.0,2021.0,800
6.0,0.6500000000000001,40.0,0.0,0.0,1.0,0.0,0.0,0.0,1.0,0.0,0.0,1197831.0,0.0,0.0,1.0,0.0,0.0,0.0,1.0,0.0,29.0,9.0,2021.0,475
37.0,0.42000000000000004,55.0,0.0,1.0,0.0,0.0,0.0,0.0,1.0,0.0,0.0,1197831.0,0.0,1.0,0.0,0.0,0.0,0.0,1.0,35.0,19.0,12.0,2021.0,200
24.0,0.6,24.0,0.0,0.0,1.0,0.0,0.0,0.0,1.0,0.0,0.0,1185732.0,1.0,0.0,0.0,0.0,0.0,1.0,0.0,23.0,18.0,2.0,2021.0,125
25.0,0.6200000000000001,38.0,0.0,0.0,0.0,1.0,0.0,0.0,1.0,0.0,0.0,1197831.0,0.0,0.0,1.0,0.0,0.0,0.0,1.0,41.0,12.0,5.0,2021.0,157
15.0,0.3,25.0,0.0,1.0,0.0,0.0,0.0,0.0,1.0,0.0,0.0,1197831.0,0.0,0.0,1.0,0.0,0.0,0.0,1.0,42.0,17.0,8.0,2021.0,675
34.0,0.5,52.0,1.0,0.0,0.0,0.0,0.0,0.0,1.0,0.0,0.0,1128299.0,0.0,0.0,0.0,0.0,1.0,1.0,0.0,17.0,17.0,4.0,2021.0,88
25.0,0.44999999999999996,35.0,0.0,0.0,0.0,0.0,0.0,0.0,1.0,0.0,0.0,1197831.0,0.0,0.0,1.0,0.0,0.0,0.0,1.0,41.0,25.0,4.0,2021.0,143
22.0,0.45,40.0,0.0,0.0,0.0,1.0,0.0,0.0,1.0,0.0,0.0,1197831.0,0.0,0.0,1.0,0.0,0.0,0.0,1.0,42.0,9.0,8.0,2020.0,625
22.0,0.35,50.0,0.0,0.0,0.0,0.0,1.0,0.0,1.0,0.0,0.0,1197831.0,0.0,0.0,0.0,1.0,0.0,0.0,1.0,42.0,13.0,9.0,2020.0,750
24.0,0.43000000000000005,33.0,0.0,0.0,0.0,1.0,0.0,0.0,1.0,0.0,0.0,1185732.0,0.0,0.0,0.0,1.0,0.0,0.0,1.0,23.0,16.0,7.0,2021.0,143
34.0,0.5499999999999999,70.0,0.0,0.0,0.0,0.0,1.0,0.0,1.0,0.0,0.0,1128299.0,0.0,0.0,0.0,0.0,1.0,1.0,0.0,17.0,17.0,8.0,2021.0,189
25.0,0.6100000000000001,18.0,0.0,0.0,1.0,0.0,0.0,0.0,1.0,0.0,0.0,1197831.0,0.0,0.0,1.0,0.0,0.0,0.0,1.0,41.0,2.0,4.0,2021.0,196
27.0,0.49,48.0,0.0,0.0,0.0,0.0,0.0,0.0,1.0,0.0,0.0,1197831.0,0.0,0.0,0.0,1.0,0.0,1.0,0.0,3.0,20.0,8.0,2021.0,113
27.0,0.52,48.0,0.0,1.0,0.0,0.0,0.0,0.0,1.0,0.0,0.0,1197831.0,0.0,0.0,0.0,1.0,0.0,1.0,0.0,3.0,19.0,9.0,2021.0,182
24.0,0.53,49.0,0.0,0.0,1.0,0.0,0.0,0.0,1.0,0.0,0.0,1185732.0,0.0,0.0,0.0,1.0,0.0,0.0,1.0,23.0,16.0,7.0,2021.0,209
24.0,0.35,55.00000000000001,1.0,0.0,0.0,0.0,0.0,0.0,1.0,0.0,0.0,1185732.0,0.0,0.0,0.0,1.0,0.0,1.0,0.0,23.0,17.0,8.0,2021.0,600
6.0,0.7200000000000002,56.0,0.0,0.0,1.0,0.0,0.0,0.0,1.0,0.0,0.0,1197831.0,0.0,0.0,1.0,0.0,0.0,0.0,1.0,0.0,11.0,10.0,2021.0,225
37.0,0.46,20.0,0.0,1.0,0.0,0.0,0.0,0.0,1.0,0.0,0.0,1197831.0,0.0,0.0,0.0,0.0,1.0,0.0,1.0,35.0,20.0,4.0,2021.0,184
25.0,0.44999999999999996,45.0,0.0,1.0,0.0,0.0,0.0,0.0,1.0,0.0,0.0,1197831.0,0.0,0.0,1.0,0.0,0.0,0.0,1.0,41.0,21.0,4.0,2021.0,775
6.0,0.54,33.0,1.0,0.0,0.0,0.0,0.0,0.0,1.0,0.0,0.0,1197831.0,0.0,0.0,1.0,0.0,0.0,1.0,0.0,0.0,8.0,8.0,2021.0,174
27.0,0.54,23.0,0.0,1.0,0.0,0.0,0.0,0.0,1.0,0.0,0.0,1197831.0,0.0,0.0,0.0,1.0,0.0,1.0,0.0,3.0,20.0,4.0,2021.0,174
34.0,0.51,49.0,0.0,0.0,0.0,0.0,1.0,0.0,1.0,0.0,0.0,1128299.0,0.0,0.0,0.0,0.0,1.0,1.0,0.0,17.0,18.0,5.0,2021.0,112
27.0,0.4,30.000000000000004,0.0,0.0,1.0,0.0,0.0,0.0,1.0,0.0,0.0,1197831.0,0.0,0.0,0.0,1.0,0.0,1.0,0.0,3.0,20.0,4.0,2021.0,400
6.0,0.38999999999999996,27.0,0.0,1.0,0.0,0.0,0.0,0.0,1.0,0.0,0.0,1185732.0,0.0,0.0,0.0,0.0,0.0,0.0,1.0,0.0,12.0,10.0,2021.0,140
24.0,0.5,23.0,0.0,0.0,0.0,1.0,0.0,0.0,1.0,0.0,0.0,1185732.0,0.0,0.0,0.0,1.0,0.0,1.0,0.0,23.0,18.0,10.0,2021.0,105
37.0,0.51,14.0,0.0,0.0,0.0,1.0,0.0,0.0,1.0,0.0,0.0,1197831.0,0.0,0.0,0.0,0.0,1.0,1.0,0.0,35.0,19.0,9.0,2021.0,63
27.0,0.4,15.000000000000007,0.0,0.0,0.0,1.0,0.0,0.0,1.0,0.0,0.0,1197831.0,0.0,0.0,0.0,1.0,0.0,1.0,0.0,3.0,19.0,9.0,2021.0,325
22.0,0.35,30.0,0.0,1.0,0.0,0.0,0.0,0.0,1.0,0.0,0.0,1197831.0,0.0,0.0,0.0,1.0,0.0,0.0,1.0,42.0,12.0,8.0,2020.0,925
6.0,0.7500000000000001,63.0,0.0,0.0,0.0,1.0,0.0,0.0,1.0,0.0,0.0,1197831.0,0.0,0.0,1.0,0.0,0.0,1.0,0.0,0.0,9.0,10.0,2021.0,143
15.0,0.39999999999999997,50.0,1.0,0.0,0.0,0.0,0.0,0.0,1.0,0.0,0.0,1197831.0,0.0,0.0,1.0,0.0,0.0,0.0,1.0,42.0,17.0,9.0,2021.0,825
22.0,0.47,39.0,0.0,1.0,0.0,0.0,0.0,0.0,1.0,0.0,0.0,1197831.0,0.0,0.0,0.0,1.0,0.0,1.0,0.0,42.0,18.0,8.0,2020.0,238
15.0,0.54,48.0,1.0,0.0,0.0,0.0,0.0,0.0,1.0,0.0,0.0,1197831.0,0.0,0.0,1.0,0.0,0.0,1.0,0.0,42.0,17.0,9.0,2021.0,215
34.0,0.44999999999999996,27.0,0.0,0.0,0.0,1.0,0.0,0.0,1.0,0.0,0.0,1128299.0,0.0,0.0,0.0,0.0,1.0,0.0,1.0,17.0,17.0,4.0,2021.0,91
34.0,0.41,80.0,0.0,0.0,1.0,0.0,0.0,0.0,1.0,0.0,0.0,1128299.0,0.0,0.0,0.0,0.0,1.0,0.0,1.0,17.0,17.0,6.0,2021.0,248
15.0,0.5,29.0,0.0,1.0,0.0,0.0,0.0,0.0,1.0,0.0,0.0,1197831.0,0.0,0.0,1.0,0.0,0.0,1.0,0.0,42.0,23.0,8.0,2021.0,182
22.0,0.45999999999999996,39.0,0.0,0.0,0.0,0.0,1.0,0.0,1.0,0.0,0.0,1197831.0,0.0,0.0,0.0,1.0,0.0,1.0,0.0,42.0,1.0,9.0,2020.0,297
22.0,0.38,33.0,1.0,0.0,0.0,0.0,0.0,0.0,1.0,0.0,0.0,1197831.0,0.0,0.0,0.0,1.0,0.0,0.0,1.0,42.0,31.0,8.0,2020.0,305
34.0,0.3,25.0,0.0,1.0,0.0,0.0,0.0,0.0,1.0,0.0,0.0,1197831.0,1.0,0.0,0.0,0.0,0.0,1.0,0.0,17.0,4.0,2.0,2021.0,625
6.0,0.6400000000000001,37.0,0.0,0.0,0.0,1.0,0.0,0.0,1.0,0.0,0.0,1197831.0,0.0,0.0,1.0,0.0,0.0,0.0,1.0,0.0,15.0,9.0,2021.0,140
22.0,0.35,40.0,1.0,0.0,0.0,0.0,0.0,0.0,1.0,0.0,0.0,1197831.0,0.0,0.0,1.0,0.0,0.0,0.0,1.0,42.0,1.0,8.0,2020.0,875
15.0,0.25,40.0,0.0,0.0,0.0,0.0,0.0,0.0,1.0,0.0,0.0,1197831.0,0.0,0.0,1.0,0.0,0.0,0.0,1.0,42.0,21.0,8.0,2021.0,300
6.0,0.7500000000000001,36.0,0.0,0.0,1.0,0.0,0.0,0.0,1.0,0.0,0.0,1197831.0,0.0,0.0,1.0,0.0,0.0,1.0,0.0,0.0,29.0,9.0,2021.0,143
15.0,0.49,20.0,0.0,0.0,0.0,1.0,0.0,0.0,1.0,0.0,0.0,1197831.0,0.0,0.0,1.0,0.0,0.0,0.0,1.0,42.0,1.0,9.0,2021.0,149
25.0,0.64,32.0,0.0,0.0,1.0,0.0,0.0,0.0,1.0,0.0,0.0,1197831.0,0.0,0.0,1.0,0.0,0.0,1.0,0.0,41.0,21.0,3.0,2021.0,133
34.0,0.48,100.0,0.0,0.0,1.0,0.0,0.0,0.0,1.0,0.0,0.0,1128299.0,0.0,0.0,0.0,0.0,1.0,1.0,0.0,17.0,17.0,6.0,2021.0,195
15.0,0.63,32.0,0.0,0.0,1.0,0.0,0.0,0.0,1.0,0.0,0.0,1197831.0,0.0,0.0,1.0,0.0,0.0,1.0,0.0,42.0,28.0,8.0,2021.0,135
24.0,0.5,43.0,0.0,0.0,0.0,1.0,0.0,0.0,1.0,0.0,0.0,1185732.0,1.0,0.0,0.0,0.0,0.0,1.0,0.0,23.0,18.0,6.0,2021.0,117
34.0,0.45,35.0,0.0,0.0,1.0,0.0,0.0,0.0,1.0,0.0,0.0,1197831.0,0.0,0.0,0.0,0.0,1.0,1.0,0.0,17.0,5.0,1.0,2021.0,475
6.0,0.5,37.0,0.0,0.0,0.0,0.0,0.0,0.0,1.0,0.0,0.0,1197831.0,0.0,0.0,1.0,0.0,0.0,1.0,0.0,0.0,17.0,8.0,2021.0,73
27.0,0.4,65.0,0.0,0.0,1.0,0.0,0.0,0.0,1.0,0.0,0.0,1197831.0,0.0,0.0,0.0,1.0,0.0,1.0,0.0,3.0,19.0,7.0,2021.0,600
34.0,0.6,56.0,0.0,0.0,0.0,0.0,0.0,0.0,1.0,0.0,0.0,1128299.0,0.0,0.0,0.0,0.0,1.0,1.0,0.0,17.0,16.0,3.0,2021.0,39
27.0,0.45,29.0,0.0,0.0,0.0,1.0,0.0,0.0,1.0,0.0,0.0,1197831.0,0.0,0.0,0.0,1.0,0.0,0.0,1.0,3.0,20.0,8.0,2021.0,132
15.0,0.42999999999999994,28.0,0.0,0.0,0.0,1.0,0.0,0.0,1.0,0.0,0.0,1185732.0,1.0,0.0,0.0,0.0,0.0,0.0,1.0,42.0,25.0,10.0,2021.0,23
37.0,0.35,44.99999999999999,0.0,0.0,0.0,0.0,0.0,0.0,1.0,0.0,0.0,1197831.0,0.0,0.0,0.0,0.0,1.0,1.0,0.0,35.0,19.0,5.0,2021.0,250
22.0,0.4,41.0,0.0,0.0,0.0,0.0,0.0,0.0,1.0,0.0,0.0,1197831.0,0.0,0.0,0.0,1.0,0.0,1.0,0.0,42.0,28.0,8.0,2020.0,196
37.0,0.5,68.0,0.0,0.0,1.0,0.0,0.0,0.0,1.0,0.0,0.0,1197831.0,0.0,1.0,0.0,0.0,0.0,1.0,0.0,35.0,19.0,12.0,2021.0,123
34.0,0.37,39.0,0.0,0.0,1.0,0.0,0.0,0.0,1.0,0.0,0.0,1128299.0,0.0,0.0,0.0,0.0,1.0,0.0,1.0,17.0,17.0,4.0,2021.0,123
34.0,0.51,46.0,1.0,0.0,0.0,0.0,0.0,0.0,1.0,0.0,0.0,1128299.0,0.0,0.0,0.0,0.0,1.0,1.0,0.0,17.0,18.0,9.0,2021.0,125
34.0,0.55,51.0,0.0,0.0,0.0,0.0,0.0,0.0,1.0,0.0,0.0,1128299.0,0.0,0.0,0.0,0.0,1.0,1.0,0.0,17.0,18.0,9.0,2021.0,77
37.0,0.35,25.000000000000007,0.0,1.0,0.0,0.0,0.0,0.0,1.0,0.0,0.0,1197831.0,0.0,1.0,0.0,0.0,0.0,1.0,0.0,35.0,14.0,2.0,2021.0,600
6.0,0.6600000000000001,26.0,0.0,0.0,1.0,0.0,0.0,0.0,1.0,0.0,0.0,1197831.0,0.0,0.0,1.0,0.0,0.0,0.0,1.0,0.0,18.0,8.0,2021.0,120
22.0,0.35,45.0,1.0,0.0,0.0,0.0,0.0,0.0,1.0,0.0,0.0,1197831.0,0.0,0.0,0.0,1.0,0.0,0.0,1.0,42.0,19.0,8.0,2020.0,950
15.0,0.55,45.0,0.0,1.0,0.0,0.0,0.0,0.0,1.0,0.0,0.0,1185732.0,1.0,0.0,0.0,0.0,0.0,0.0,1.0,42.0,22.0,10.0,2021.0,425
24.0,0.4,15.000000000000007,0.0,0.0,0.0,0.0,1.0,0.0,1.0,0.0,0.0,1197831.0,0.0,0.0,1.0,0.0,0.0,1.0,0.0,23.0,21.0,2.0,2021.0,400
6.0,0.57,14.0,0.0,1.0,0.0,0.0,0.0,0.0,1.0,0.0,0.0,1197831.0,0.0,0.0,1.0,0.0,0.0,0.0,1.0,0.0,30.0,9.0,2021.0,188
37.0,0.39999999999999997,55.0,0.0,0.0,0.0,0.0,0.0,0.0,1.0,0.0,0.0,1197831.0,0.0,1.0,0.0,0.0,0.0,0.0,1.0,35.0,19.0,12.0,2021.0,98
27.0,0.44,27.0,0.0,0.0,0.0,0.0,1.0,0.0,1.0,0.0,0.0,1197831.0,0.0,0.0,0.0,1.0,0.0,0.0,1.0,3.0,19.0,5.0,2021.0,119
27.0,0.53,20.0,0.0,0.0,0.0,1.0,0.0,0.0,1.0,0.0,0.0,1197831.0,0.0,0.0,0.0,1.0,0.0,1.0,0.0,3.0,20.0,4.0,2021.0,63
34.0,0.5,48.0,0.0,0.0,0.0,1.0,0.0,0.0,1.0,0.0,0.0,1128299.0,0.0,0.0,0.0,0.0,1.0,1.0,0.0,17.0,17.0,11.0,2021.0,125
34.0,0.42,33.0,0.0,1.0,0.0,0.0,0.0,0.0,1.0,0.0,0.0,1128299.0,0.0,0.0,0.0,0.0,1.0,0.0,1.0,17.0,18.0,9.0,2021.0,175
37.0,0.4,15.000000000000007,0.0,0.0,0.0,1.0,0.0,0.0,1.0,0.0,0.0,1197831.0,0.0,0.0,0.0,0.0,1.0,1.0,0.0,35.0,19.0,9.0,2021.0,250
25.0,0.38999999999999996,23.0,0.0,0.0,0.0,0.0,1.0,0.0,1.0,0.0,0.0,1197831.0,0.0,0.0,1.0,0.0,0.0,0.0,1.0,41.0,18.0,3.0,2021.0,140
15.0,0.7000000000000001,56.0,0.0,0.0,1.0,0.0,0.0,0.0,1.0,0.0,0.0,1197831.0,0.0,0.0,1.0,0.0,0.0,1.0,0.0,42.0,27.0,9.0,2021.0,233
27.0,0.44,18.0,0.0,1.0,0.0,0.0,0.0,0.0,1.0,0.0,0.0,1197831.0,0.0,0.0,0.0,0.0,1.0,0.0,1.0,3.0,21.0,2.0,2021.0,206
25.0,0.35,35.0,1.0,0.0,0.0,0.0,0.0,0.0,1.0,0.0,0.0,1185732.0,1.0,0.0,0.0,0.0,0.0,0.0,1.0,41.0,22.0,5.0,2021.0,225
25.0,0.47,31.0,1.0,0.0,0.0,0.0,0.0,0.0,1.0,0.0,0.0,1197831.0,0.0,0.0,1.0,0.0,0.0,0.0,1.0,41.0,23.0,3.0,2021.0,195
25.0,0.5900000000000001,37.0,0.0,0.0,1.0,0.0,0.0,0.0,1.0,0.0,0.0,1197831.0,0.0,0.0,1.0,0.0,0.0,0.0,1.0,41.0,14.0,4.0,2021.0,306
34.0,0.42,37.0,0.0,0.0,0.0,0.0,1.0,0.0,1.0,0.0,0.0,1128299.0,0.0,0.0,0.0,0.0,1.0,0.0,1.0,17.0,18.0,5.0,2021.0,136
27.0,0.44,24.0,0.0,0.0,1.0,0.0,0.0,0.0,1.0,0.0,0.0,1197831.0,0.0,0.0,0.0,1.0,0.0,0.0,1.0,3.0,20.0,4.0,2021.0,120
25.0,0.4,30.000000000000004,0.0,0.0,0.0,1.0,0.0,0.0,1.0,0.0,0.0,1185732.0,1.0,0.0,0.0,0.0,0.0,0.0,1.0,41.0,24.0,5.0,2021.0,75
6.0,0.44999999999999996,30.0,0.0,1.0,0.0,0.0,0.0,0.0,1.0,0.0,0.0,1197831.0,0.0,0.0,1.0,0.0,0.0,0.0,1.0,0.0,13.0,8.0,2021.0,625
22.0,0.37,35.0,0.0,0.0,0.0,0.0,0.0,0.0,1.0,0.0,0.0,1197831.0,0.0,0.0,0.0,1.0,0.0,0.0,1.0,42.0,15.0,9.0,2020.0,184
15.0,0.49,29.0,1.0,0.0,0.0,0.0,0.0,0.0,1.0,0.0,0.0,1197831.0,0.0,0.0,1.0,0.0,0.0,1.0,0.0,42.0,5.0,9.0,2021.0,194
25.0,0.35,45.0,0.0,0.0,0.0,0.0,0.0,0.0,1.0,0.0,0.0,1197831.0,0.0,0.0,1.0,0.0,0.0,0.0,1.0,41.0,13.0,4.0,2021.0,500
25.0,0.7000000000000001,52.0,0.0,0.0,1.0,0.0,0.0,0.0,1.0,0.0,0.0,1197831.0,0.0,0.0,1.0,0.0,0.0,1.0,0.0,41.0,20.0,4.0,2021.0,223
24.0,0.37,46.0,0.0,0.0,0.0,0.0,0.0,0.0,1.0,0.0,0.0,1185732.0,0.0,0.0,0.0,1.0,0.0,0.0,1.0,23.0,16.0,7.0,2021.0,150
6.0,0.5499999999999999,36.0,1.0,0.0,0.0,0.0,0.0,0.0,1.0,0.0,0.0,1197831.0,0.0,0.0,1.0,0.0,0.0,0.0,1.0,0.0,19.0,9.0,2021.0,173
24.0,0.4,35.0,0.0,0.0,0.0,1.0,0.0,0.0,1.0,0.0,0.0,1185732.0,1.0,0.0,0.0,0.0,0.0,1.0,0.0,23.0,16.0,5.0,2021.0,375
27.0,0.4,45.0,0.0,0.0,0.0,1.0,0.0,0.0,1.0,0.0,0.0,1197831.0,0.0,0.0,0.0,1.0,0.0,1.0,0.0,3.0,19.0,7.0,2021.0,400
25.0,0.38,20.0,0.0,0.0,0.0,0.0,0.0,0.0,1.0,0.0,0.0,1197831.0,0.0,0.0,1.0,0.0,0.0,0.0,1.0,41.0,1.0,4.0,2021.0,105
34.0,0.5499999999999999,82.0,0.0,0.0,0.0,1.0,0.0,0.0,1.0,0.0,0.0,1128299.0,0.0,0.0,0.0,0.0,1.0,1.0,0.0,17.0,17.0,6.0,2021.0,161
27.0,0.38999999999999996,18.0,0.0,0.0,0.0,0.0,0.0,0.0,1.0,0.0,0.0,1197831.0,0.0,0.0,0.0,1.0,0.0,0.0,1.0,3.0,19.0,9.0,2021.0,111
22.0,0.39,30.0,0.0,1.0,0.0,0.0,0.0,0.0,1.0,0.0,0.0,1128299.0,0.0,0.0,0.0,0.0,1.0,0.0,1.0,42.0,1.0,11.0,2020.0,264
24.0,0.54,17.0,0.0,0.0,1.0,0.0,0.0,0.0,1.0,0.0,0.0,1185732.0,1.0,0.0,0.0,0.0,0.0,0.0,1.0,23.0,16.0,3.0,2021.0,136
15.0,0.35,30.000000000000004,1.0,0.0,0.0,0.0,0.0,0.0,1.0,0.0,0.0,1197831.0,0.0,0.0,1.0,0.0,0.0,0.0,1.0,42.0,30.0,8.0,2021.0,700
25.0,0.6600000000000001,43.0,0.0,0.0,1.0,0.0,0.0,0.0,1.0,0.0,0.0,1197831.0,0.0,0.0,1.0,0.0,0.0,0.0,1.0,41.0,14.0,5.0,2021.0,202
15.0,0.27,26.0,0.0,0.0,0.0,0.0,0.0,0.0,1.0,0.0,0.0,1197831.0,0.0,0.0,1.0,0.0,0.0,0.0,1.0,42.0,15.0,8.0,2021.0,113
34.0,0.42,34.0,0.0,0.0,0.0,1.0,0.0,0.0,1.0,0.0,0.0,1128299.0,0.0,0.0,0.0,0.0,1.0,0.0,1.0,17.0,18.0,9.0,2021.0,80
34.0,0.48,81.0,0.0,0.0,1.0,0.0,0.0,0.0,1.0,0.0,0.0,1128299.0,0.0,0.0,0.0,0.0,1.0,1.0,0.0,17.0,17.0,11.0,2021.0,174
15.0,0.65,56.0,0.0,0.0,0.0,1.0,0.0,0.0,1.0,0.0,0.0,1197831.0,0.0,0.0,1.0,0.0,0.0,1.0,0.0,42.0,1.0,10.0,2021.0,126
27.0,0.37,23.0,0.0,0.0,0.0,0.0,0.0,0.0,1.0,0.0,0.0,1197831.0,0.0,0.0,0.0,1.0,0.0,0.0,1.0,3.0,21.0,2.0,2021.0,111
24.0,0.45,11.0,0.0,0.0,0.0,0.0,1.0,0.0,1.0,0.0,0.0,1185732.0,1.0,0.0,0.0,0.0,0.0,0.0,1.0,23.0,17.0,4.0,2021.0,124
27.0,0.37,14.0,1.0,0.0,0.0,0.0,0.0,0.0,1.0,0.0,0.0,1197831.0,0.0,0.0,0.0,1.0,0.0,0.0,1.0,3.0,19.0,3.0,2021.0,107
34.0,0.4,35.0,0.0,0.0,0.0,1.0,0.0,0.0,1.0,0.0,0.0,1197831.0,1.0,0.0,0.0,0.0,0.0,1.0,0.0,17.0,5.0,1.0,2021.0,475
25.0,0.51,44.0,0.0,0.0,0.0,0.0,1.0,0.0,1.0,0.0,0.0,1197831.0,0.0,0.0,1.0,0.0,0.0,0.0,1.0,41.0,17.0,5.0,2021.0,210
22.0,0.5,50.0,0.0,0.0,1.0,0.0,0.0,0.0,1.0,0.0,0.0,1197831.0,0.0,0.0,0.0,1.0,0.0,0.0,1.0,42.0,4.0,9.0,2020.0,900
37.0,0.41,33.0,0.0,0.0,0.0,0.0,0.0,0.0,1.0,0.0,0.0,1197831.0,0.0,0.0,0.0,0.0,1.0,0.0,1.0,35.0,19.0,5.0,2021.0,80
37.0,0.43000000000000005,27.0,0.0,0.0,0.0,0.0,1.0,0.0,1.0,0.0,0.0,1197831.0,0.0,0.0,0.0,0.0,1.0,0.0,1.0,35.0,21.0,6.0,2021.0,107
25.0,0.53,43.0,0.0,0.0,0.0,0.0,0.0,0.0,1.0,0.0,0.0,1197831.0,0.0,0.0,1.0,0.0,0.0,1.0,0.0,41.0,19.0,4.0,2021.0,165
27.0,0.46,20.0,0.0,0.0,1.0,0.0,0.0,0.0,1.0,0.0,0.0,1197831.0,0.0,0.0,0.0,1.0,0.0,0.0,1.0,3.0,19.0,3.0,2021.0,112
24.0,0.5,55.00000000000001,0.0,0.0,1.0,0.0,0.0,0.0,1.0,0.0,0.0,1185732.0,0.0,0.0,0.0,1.0,0.0,1.0,0.0,23.0,17.0,8.0,2021.0,625
22.0,0.45,40.0,0.0,0.0,0.0,1.0,0.0,0.0,1.0,0.0,0.0,1197831.0,0.0,0.0,0.0,1.0,0.0,0.0,1.0,42.0,21.0,8.0,2020.0,750
22.0,0.35,40.0,0.0,1.0,0.0,0.0,0.0,0.0,1.0,0.0,0.0,1197831.0,0.0,0.0,0.0,1.0,0.0,0.0,1.0,42.0,30.0,8.0,2020.0,925
34.0,0.37,29.0,0.0,0.0,1.0,0.0,0.0,0.0,1.0,0.0,0.0,1128299.0,0.0,0.0,0.0,0.0,1.0,0.0,1.0,17.0,16.0,3.0,2021.0,109
24.0,0.44999999999999996,25.0,1.0,0.0,0.0,0.0,0.0,0.0,1.0,0.0,0.0,1197831.0,0.0,0.0,1.0,0.0,0.0,1.0,0.0,23.0,23.0,1.0,2021.0,131
25.0,0.47,37.0,0.0,0.0,0.0,0.0,1.0,0.0,1.0,0.0,0.0,1197831.0,0.0,0.0,1.0,0.0,0.0,0.0,1.0,41.0,11.0,5.0,2021.0,204
24.0,0.4,60.0,0.0,1.0,0.0,0.0,0.0,0.0,1.0,0.0,0.0,1185732.0,1.0,0.0,0.0,0.0,0.0,1.0,0.0,23.0,16.0,7.0,2021.0,850
6.0,0.59,14.0,0.0,0.0,0.0,0.0,1.0,0.0,1.0,0.0,0.0,1197831.0,0.0,0.0,1.0,0.0,0.0,1.0,0.0,0.0,21.0,8.0,2021.0,119
37.0,0.5,45.0,1.0,0.0,0.0,0.0,0.0,0.0,1.0,0.0,0.0,1197831.0,0.0,0.0,0.0,0.0,1.0,1.0,0.0,35.0,19.0,7.0,2021.0,117
22.0,0.35,40.0,0.0,0.0,0.0,0.0,1.0,0.0,1.0,0.0,0.0,1197831.0,0.0,0.0,0.0,1.0,0.0,0.0,1.0,42.0,20.0,8.0,2020.0,800
15.0,0.48,24.0,0.0,0.0,1.0,0.0,0.0,0.0,1.0,0.0,0.0,1197831.0,0.0,0.0,1.0,0.0,0.0,0.0,1.0,42.0,16.0,8.0,2021.0,163
22.0,0.3,45.0,0.0,0.0,0.0,0.0,0.0,0.0,1.0,0.0,0.0,1197831.0,0.0,0.0,0.0,1.0,0.0,0.0,1.0,42.0,15.0,9.0,2020.0,575
37.0,0.54,44.0,0.0,0.0,0.0,0.0,1.0,0.0,1.0,0.0,0.0,1197831.0,0.0,0.0,0.0,0.0,1.0,1.0,0.0,35.0,19.0,7.0,2021.0,94
37.0,0.51,14.0,0.0,0.0,0.0,0.0,1.0,0.0,1.0,0.0,0.0,1197831.0,0.0,0.0,0.0,0.0,1.0,1.0,0.0,35.0,19.0,9.0,2021.0,69
15.0,0.4,35.0,0.0,0.0,0.0,1.0,0.0,0.0,1.0,0.0,0.0,1197831.0,0.0,0.0,1.0,0.0,0.0,0.0,1.0,42.0,20.0,8.0,2021.0,425
15.0,0.55,70.0,0.0,0.0,1.0,0.0,0.0,0.0,1.0,0.0,0.0,1197831.0,0.0,0.0,1.0,0.0,0.0,0.0,1.0,42.0,21.0,10.0,2021.0,775
24.0,0.53,51.0,0.0,0.0,1.0,0.0,0.0,0.0,1.0,0.0,0.0,1185732.0,1.0,0.0,0.0,0.0,0.0,0.0,1.0,23.0,18.0,6.0,2021.0,219
24.0,0.47,41.0,0.0,0.0,0.0,0.0,0.0,0.0,1.0,0.0,0.0,1185732.0,1.0,0.0,0.0,0.0,0.0,1.0,0.0,23.0,16.0,5.0,2021.0,116
34.0,0.39999999999999997,70.00000000000001,0.0,1.0,0.0,0.0,0.0,0.0,1.0,0.0,0.0,1128299.0,0.0,0.0,0.0,0.0,1.0,1.0,0.0,17.0,16.0,12.0,2021.0,800
25.0,0.51,24.0,1.0,0.0,0.0,0.0,0.0,0.0,1.0,0.0,0.0,1197831.0,0.0,0.0,1.0,0.0,0.0,1.0,0.0,41.0,29.0,3.0,2021.0,176
6.0,0.41,30.0,1.0,0.0,0.0,0.0,0.0,0.0,1.0,0.0,0.0,1185732.0,0.0,0.0,0.0,0.0,0.0,0.0,1.0,0.0,13.0,10.0,2021.0,88
6.0,0.39999999999999997,50.0,0.0,0.0,0.0,0.0,0.0,0.0,1.0,0.0,0.0,1197831.0,0.0,0.0,1.0,0.0,0.0,0.0,1.0,0.0,4.0,9.0,2021.0,500
34.0,0.5,55.0,0.0,0.0,1.0,0.0,0.0,0.0,1.0,0.0,0.0,1128299.0,0.0,0.0,0.0,0.0,1.0,1.0,0.0,17.0,17.0,4.0,2021.0,105
24.0,0.4,50.0,0.0,0.0,0.0,1.0,0.0,0.0,1.0,0.0,0.0,1185732.0,0.0,0.0,0.0,1.0,0.0,1.0,0.0,23.0,16.0,7.0,2021.0,475
34.0,0.39999999999999997,60.0,0.0,0.0,0.0,0.0,1.0,0.0,1.0,0.0,0.0,1128299.0,0.0,0.0,0.0,0.0,1.0,0.0,0.0,17.0,16.0,3.0,2021.0,400
6.0,0.7200000000000002,26.0,0.0,0.0,1.0,0.0,0.0,0.0,1.0,0.0,0.0,1197831.0,0.0,0.0,1.0,0.0,0.0,0.0,1.0,0.0,29.0,9.0,2021.0,147
24.0,0.4,15.000000000000002,0.0,0.0,0.0,0.0,1.0,0.0,1.0,0.0,0.0,1185732.0,1.0,0.0,0.0,0.0,0.0,1.0,0.0,23.0,16.0,3.0,2021.0,425
22.0,0.3,45.0,0.0,0.0,0.0,0.0,0.0,0.0,1.0,0.0,0.0,1197831.0,0.0,0.0,0.0,1.0,0.0,0.0,1.0,42.0,9.0,9.0,2020.0,625
25.0,0.39999999999999997,25.000000000000007,1.0,0.0,0.0,0.0,0.0,0.0,1.0,0.0,0.0,1197831.0,0.0,0.0,1.0,0.0,0.0,0.0,1.0,41.0,4.0,4.0,2021.0,750
24.0,0.44999999999999996,57.0,0.0,0.0,0.0,0.0,0.0,0.0,1.0,0.0,0.0,1185732.0,1.0,0.0,0.0,0.0,0.0,1.0,0.0,23.0,18.0,6.0,2021.0,135
22.0,0.5900000000000001,38.0,0.0,0.0,0.0,1.0,0.0,0.0,1.0,0.0,0.0,1197831.0,0.0,0.0,0.0,1.0,0.0,1.0,0.0,42.0,2.0,9.0,2020.0,189
15.0,0.36,26.0,0.0,0.0,0.0,0.0,0.0,0.0,1.0,0.0,0.0,1197831.0,0.0,0.0,1.0,0.0,0.0,0.0,1.0,42.0,2.0,9.0,2021.0,107
6.0,0.44999999999999996,20.0,0.0,1.0,0.0,0.0,0.0,0.0,1.0,0.0,0.0,1197831.0,0.0,0.0,1.0,0.0,0.0,0.0,1.0,0.0,19.0,8.0,2021.0,650
24.0,0.38999999999999996,29.0,1.0,0.0,0.0,0.0,0.0,0.0,1.0,0.0,0.0,1185732.0,1.0,0.0,0.0,0.0,0.0,0.0,1.0,23.0,18.0,6.0,2021.0,150
25.0,0.35,35.0,1.0,0.0,0.0,0.0,0.0,0.0,1.0,0.0,0.0,1197831.0,0.0,0.0,1.0,0.0,0.0,0.0,1.0,41.0,17.0,3.0,2021.0,625
25.0,0.55,40.0,0.0,0.0,1.0,0.0,0.0,0.0,1.0,0.0,0.0,1197831.0,0.0,0.0,1.0,0.0,0.0,0.0,1.0,41.0,8.0,4.0,2021.0,775
34.0,0.45,55.00000000000001,0.0,0.0,0.0,0.0,0.0,0.0,1.0,0.0,0.0,1128299.0,0.0,0.0,0.0,0.0,1.0,1.0,0.0,17.0,18.0,9.0,2021.0,275
34.0,0.48,41.0,0.0,0.0,0.0,0.0,0.0,0.0,1.0,0.0,0.0,1128299.0,0.0,0.0,0.0,0.0,1.0,0.0,1.0,17.0,18.0,9.0,2021.0,83
34.0,0.39999999999999997,59.0,0.0,0.0,1.0,0.0,0.0,0.0,1.0,0.0,0.0,1128299.0,1.0,0.0,0.0,0.0,0.0,0.0,1.0,17.0,16.0,12.0,2021.0,194
27.0,0.42000000000000004,39.0,0.0,1.0,0.0,0.0,0.0,0.0,1.0,0.0,0.0,1197831.0,0.0,0.0,0.0,1.0,0.0,0.0,1.0,3.0,19.0,7.0,2021.0,271
15.0,0.47,46.0,0.0,1.0,0.0,0.0,0.0,0.0,1.0,0.0,0.0,1197831.0,0.0,0.0,1.0,0.0,0.0,0.0,1.0,42.0,16.0,10.0,2021.0,281
15.0,0.5800000000000001,39.0,0.0,0.0,1.0,0.0,0.0,0.0,1.0,0.0,0.0,1197831.0,0.0,0.0,1.0,0.0,0.0,0.0,1.0,42.0,9.0,10.0,2021.0,190
22.0,0.44999999999999996,37.0,0.0,0.0,0.0,0.0,1.0,0.0,1.0,0.0,0.0,1197831.0,0.0,0.0,0.0,1.0,0.0,1.0,0.0,42.0,26.0,8.0,2020.0,319
37.0,0.38,29.0,1.0,0.0,0.0,0.0,0.0,0.0,1.0,0.0,0.0,1197831.0,0.0,0.0,0.0,0.0,1.0,0.0,1.0,35.0,19.0,5.0,2021.0,93
25.0,0.3,40.0,0.0,0.0,0.0,0.0,0.0,0.0,1.0,0.0,0.0,1197831.0,0.0,0.0,1.0,0.0,0.0,0.0,1.0,41.0,14.0,3.0,2021.0,350
22.0,0.35,45.0,1.0,0.0,0.0,0.0,0.0,0.0,1.0,0.0,0.0,1197831.0,0.0,0.0,0.0,1.0,0.0,0.0,1.0,42.0,6.0,9.0,2020.0,850
6.0,0.49999999999999994,45.0,0.0,0.0,0.0,0.0,1.0,0.0,1.0,0.0,0.0,1197831.0,0.0,0.0,1.0,0.0,0.0,0.0,1.0,0.0,8.0,9.0,2021.0,975
34.0,0.3,30.0,1.0,0.0,0.0,0.0,0.0,0.0,1.0,0.0,0.0,1197831.0,1.0,0.0,0.0,0.0,0.0,1.0,0.0,17.0,5.0,1.0,2021.0,675
37.0,0.55,28.0,0.0,0.0,1.0,0.0,0.0,0.0,1.0,0.0,0.0,1197831.0,0.0,0.0,0.0,0.0,1.0,1.0,0.0,35.0,20.0,4.0,2021.0,94
27.0,0.55,34.0,0.0,0.0,0.0,0.0,1.0,0.0,1.0,0.0,0.0,1197831.0,0.0,0.0,0.0,1.0,0.0,1.0,0.0,3.0,19.0,5.0,2021.0,91
15.0,0.6000000000000001,43.0,0.0,0.0,1.0,0.0,0.0,0.0,1.0,0.0,0.0,1197831.0,0.0,0.0,1.0,0.0,0.0,0.0,1.0,42.0,27.0,9.0,2021.0,240
27.0,0.46,16.0,0.0,0.0,0.0,0.0,1.0,0.0,1.0,0.0,0.0,1197831.0,0.0,0.0,0.0,1.0,0.0,0.0,1.0,3.0,21.0,10.0,2021.0,99
24.0,0.4,20.0,0.0,0.0,0.0,1.0,0.0,0.0,1.0,0.0,0.0,1197831.0,0.0,0.0,1.0,0.0,0.0,1.0,0.0,23.0,23.0,1.0,2021.0,300
24.0,0.51,14.0,0.0,0.0,0.0,0.0,1.0,0.0,1.0,0.0,0.0,1197831.0,0.0,0.0,1.0,0.0,0.0,1.0,0.0,23.0,23.0,1.0,2021.0,117
22.0,0.51,31.0,0.0,0.0,0.0,1.0,0.0,0.0,1.0,0.0,0.0,1197831.0,0.0,0.0,0.0,1.0,0.0,0.0,1.0,42.0,15.0,8.0,2020.0,245
25.0,0.37,18.0,0.0,1.0,0.0,0.0,0.0,0.0,1.0,0.0,0.0,1197831.0,0.0,0.0,1.0,0.0,0.0,0.0,1.0,41.0,16.0,3.0,2021.0,202
24.0,0.43000000000000005,16.0,0.0,0.0,0.0,1.0,0.0,0.0,1.0,0.0,0.0,1185732.0,1.0,0.0,0.0,0.0,0.0,0.0,1.0,23.0,17.0,4.0,2021.0,96
15.0,0.44999999999999996,18.0,0.0,1.0,0.0,0.0,0.0,0.0,1.0,0.0,0.0,1197831.0,0.0,0.0,1.0,0.0,0.0,1.0,0.0,42.0,29.0,8.0,2021.0,182
34.0,0.42999999999999994,43.0,0.0,0.0,0.0,1.0,0.0,0.0,1.0,0.0,0.0,1128299.0,0.0,0.0,0.0,0.0,1.0,0.0,1.0,17.0,16.0,3.0,2021.0,96
37.0,0.4,50.0,0.0,1.0,0.0,0.0,0.0,0.0,1.0,0.0,0.0,1197831.0,0.0,0.0,0.0,0.0,1.0,1.0,0.0,35.0,19.0,9.0,2021.0,575
37.0,0.35,40.000000000000014,1.0,0.0,0.0,0.0,0.0,0.0,1.0,0.0,0.0,1197831.0,0.0,0.0,0.0,0.0,1.0,1.0,0.0,35.0,19.0,9.0,2021.0,375
15.0,0.45,35.0,0.0,0.0,0.0,1.0,0.0,0.0,1.0,0.0,0.0,1197831.0,0.0,0.0,1.0,0.0,0.0,0.0,1.0,42.0,26.0,8.0,2021.0,400
6.0,0.6500000000000001,60.0,0.0,0.0,1.0,0.0,0.0,0.0,1.0,0.0,0.0,1197831.0,0.0,0.0,1.0,0.0,0.0,0.0,1.0,0.0,11.0,9.0,2021.0,800
37.0,0.43000000000000005,33.0,0.0,0.0,0.0,0.0,1.0,0.0,1.0,0.0,0.0,1197831.0,0.0,0.0,0.0,0.0,1.0,0.0,1.0,35.0,19.0,7.0,2021.0,131
22.0,0.48,27.0,0.0,1.0,0.0,0.0,0.0,0.0,1.0,0.0,0.0,1197831.0,0.0,0.0,1.0,0.0,0.0,1.0,0.0,42.0,6.0,8.0,2020.0,234
37.0,0.49,71.0,0.0,0.0,0.0,0.0,0.0,0.0,1.0,0.0,0.0,1197831.0,0.0,1.0,0.0,0.0,0.0,1.0,0.0,35.0,20.0,11.0,2021.0,77
37.0,0.42000000000000004,41.0,0.0,1.0,0.0,0.0,0.0,0.0,1.0,0.0,0.0,1197831.0,0.0,0.0,0.0,0.0,1.0,0.0,1.0,35.0,20.0,8.0,2021.0,230
37.0,0.46,15.0,0.0,0.0,0.0,1.0,0.0,0.0,1.0,0.0,0.0,1197831.0,0.0,0.0,0.0,0.0,1.0,0.0,1.0,35.0,21.0,2.0,2021.0,58
34.0,0.5900000000000001,47.0,0.0,0.0,0.0,0.0,0.0,0.0,1.0,0.0,0.0,1128299.0,0.0,0.0,0.0,0.0,1.0,1.0,0.0,17.0,17.0,10.0,2021.0,95
22.0,0.5,55.00000000000001,0.0,0.0,1.0,0.0,0.0,0.0,1.0,0.0,0.0,1197831.0,0.0,0.0,0.0,1.0,0.0,0.0,1.0,42.0,16.0,9.0,2020.0,750
37.0,0.47000000000000003,20.0,0.0,1.0,0.0,0.0,0.0,0.0,1.0,0.0,0.0,1197831.0,0.0,0.0,0.0,0.0,1.0,0.0,1.0,35.0,21.0,10.0,2021.0,173
24.0,0.44,37.0,0.0,0.0,0.0,0.0,1.0,0.0,1.0,0.0,0.0,1185732.0,0.0,0.0,0.0,1.0,0.0,0.0,1.0,23.0,17.0,8.0,2021.0,179
22.0,0.5,55.00000000000001,0.0,0.0,1.0,0.0,0.0,0.0,1.0,0.0,0.0,1197831.0,0.0,0.0,0.0,1.0,0.0,0.0,1.0,42.0,25.0,10.0,2020.0,850
25.0,0.42,17.0,1.0,0.0,0.0,0.0,0.0,0.0,1.0,0.0,0.0,1197831.0,0.0,0.0,1.0,0.0,0.0,0.0,1.0,41.0,29.0,3.0,2021.0,203
24.0,0.35,30.000000000000004,0.0,0.0,0.0,0.0,0.0,0.0,1.0,0.0,0.0,1185732.0,0.0,0.0,0.0,1.0,0.0,1.0,0.0,23.0,16.0,9.0,2021.0,400
34.0,0.47,33.0,0.0,0.0,0.0,1.0,0.0,0.0,1.0,0.0,0.0,1128299.0,0.0,0.0,0.0,0.0,1.0,0.0,1.0,17.0,17.0,2.0,2021.0,75
22.0,0.6,34.0,0.0,0.0,0.0,1.0,0.0,0.0,1.0,0.0,0.0,1197831.0,0.0,0.0,1.0,0.0,0.0,1.0,0.0,42.0,28.0,7.0,2020.0,175
37.0,0.4,65.0,0.0,0.0,1.0,0.0,0.0,0.0,1.0,0.0,0.0,1197831.0,0.0,0.0,0.0,0.0,1.0,1.0,0.0,35.0,19.0,7.0,2021.0,525
24.0,0.54,33.0,0.0,0.0,0.0,0.0,1.0,0.0,1.0,0.0,0.0,1185732.0,1.0,0.0,0.0,0.0,0.0,1.0,0.0,23.0,16.0,5.0,2021.0,119
37.0,0.4,19.999999999999996,0.0,0.0,0.0,1.0,0.0,0.0,1.0,0.0,0.0,1197831.0,0.0,0.0,0.0,0.0,1.0,1.0,0.0,35.0,19.0,3.0,2021.0,125
24.0,0.45,17.0,0.0,1.0,0.0,0.0,0.0,0.0,1.0,0.0,0.0,1197831.0,0.0,0.0,1.0,0.0,0.0,0.0,1.0,23.0,21.0,2.0,2021.0,210
37.0,0.35,50.0,0.0,0.0,0.0,0.0,0.0,0.0,1.0,0.0,0.0,1197831.0,0.0,0.0,0.0,0.0,1.0,1.0,0.0,35.0,20.0,8.0,2021.0,300
6.0,0.53,23.0,0.0,0.0,0.0,0.0,0.0,0.0,1.0,0.0,0.0,1197831.0,0.0,0.0,1.0,0.0,0.0,1.0,0.0,0.0,23.0,8.0,2021.0,74
34.0,0.5499999999999999,45.0,1.0,0.0,0.0,0.0,0.0,0.0,1.0,0.0,0.0,1128299.0,0.0,0.0,0.0,0.0,1.0,1.0,0.0,17.0,17.0,10.0,2021.0,155
34.0,0.28,28.0,0.0,0.0,0.0,0.0,0.0,0.0,1.0,0.0,0.0,1197831.0,1.0,0.0,0.0,0.0,0.0,0.0,1.0,17.0,5.0,1.0,2021.0,111
34.0,0.52,47.0,1.0,0.0,0.0,0.0,0.0,0.0,1.0,0.0,0.0,1128299.0,0.0,0.0,0.0,0.0,1.0,1.0,0.0,17.0,18.0,5.0,2021.0,100
34.0,0.39999999999999997,55.00000000000001,1.0,0.0,0.0,0.0,0.0,0.0,1.0,0.0,0.0,1128299.0,0.0,0.0,0.0,0.0,1.0,0.0,0.0,17.0,17.0,4.0,2021.0,325
15.0,0.6,34.0,0.0,0.0,0.0,1.0,0.0,0.0,1.0,0.0,0.0,1197831.0,0.0,0.0,1.0,0.0,0.0,1.0,0.0,42.0,7.0,9.0,2021.0,154
37.0,0.46,35.0,0.0,1.0,0.0,0.0,0.0,0.0,1.0,0.0,0.0,1197831.0,0.0,0.0,0.0,0.0,1.0,0.0,1.0,35.0,19.0,9.0,2021.0,196
6.0,0.44999999999999996,49.99999999999999,0.0,0.0,0.0,0.0,0.0,0.0,1.0,0.0,0.0,1197831.0,0.0,0.0,1.0,0.0,0.0,0.0,1.0,0.0,4.0,10.0,2021.0,425
27.0,0.35,54.99999999999999,0.0,0.0,0.0,0.0,0.0,0.0,1.0,0.0,0.0,1197831.0,0.0,0.0,0.0,1.0,0.0,1.0,0.0,3.0,21.0,6.0,2021.0,375
15.0,0.38999999999999996,21.0,0.0,1.0,0.0,0.0,0.0,0.0,1.0,0.0,0.0,1197831.0,0.0,0.0,1.0,0.0,0.0,0.0,1.0,42.0,23.0,8.0,2021.0,203
34.0,0.49,47.0,0.0,0.0,0.0,0.0,0.0,0.0,1.0,0.0,0.0,1128299.0,0.0,0.0,0.0,0.0,1.0,0.0,1.0,17.0,17.0,8.0,2021.0,152
37.0,0.4,19.999999999999996,0.0,0.0,0.0,1.0,0.0,0.0,1.0,0.0,0.0,1197831.0,0.0,0.0,0.0,0.0,1.0,1.0,0.0,35.0,20.0,4.0,2021.0,150
25.0,0.39999999999999997,30.0,0.0,0.0,0.0,0.0,1.0,0.0,1.0,0.0,0.0,1197831.0,0.0,0.0,1.0,0.0,0.0,0.0,1.0,41.0,24.0,3.0,2021.0,475
22.0,0.41,29.0,1.0,0.0,0.0,0.0,0.0,0.0,1.0,0.0,0.0,1197831.0,0.0,0.0,1.0,0.0,0.0,0.0,1.0,42.0,7.0,8.0,2020.0,306
27.0,0.53,18.0,0.0,1.0,0.0,0.0,0.0,0.0,1.0,0.0,0.0,1197831.0,0.0,0.0,0.0,1.0,0.0,1.0,0.0,3.0,19.0,3.0,2021.0,181
22.0,0.35,45.0,0.0,1.0,0.0,0.0,0.0,0.0,1.0,0.0,0.0,1197831.0,0.0,0.0,0.0,1.0,0.0,0.0,1.0,42.0,5.0,9.0,2020.0,850
22.0,0.45,40.0,0.0,0.0,0.0,1.0,0.0,0.0,1.0,0.0,0.0,1197831.0,0.0,0.0,0.0,1.0,0.0,0.0,1.0,42.0,27.0,8.0,2020.0,700
25.0,0.6000000000000001,45.0,0.0,0.0,1.0,0.0,0.0,0.0,1.0,0.0,0.0,1197831.0,0.0,0.0,1.0,0.0,0.0,0.0,1.0,41.0,2.0,5.0,2021.0,625
27.0,0.4,35.0,0.0,0.0,0.0,1.0,0.0,0.0,1.0,0.0,0.0,1197831.0,0.0,0.0,0.0,1.0,0.0,1.0,0.0,3.0,19.0,5.0,2021.0,300
27.0,0.53,29.0,0.0,0.0,1.0,0.0,0.0,0.0,1.0,0.0,0.0,1197831.0,0.0,0.0,0.0,0.0,1.0,1.0,0.0,3.0,21.0,10.0,2021.0,104
25.0,0.49999999999999994,40.0,0.0,1.0,0.0,0.0,0.0,0.0,1.0,0.0,0.0,1197831.0,0.0,0.0,1.0,0.0,0.0,0.0,1.0,41.0,27.0,4.0,2021.0,209
37.0,0.35,30.00000000000001,0.0,0.0,0.0,0.0,0.0,0.0,1.0,0.0,0.0,1197831.0,0.0,0.0,0.0,0.0,1.0,1.0,0.0,35.0,21.0,10.0,2021.0,200
27.0,0.43000000000000005,13.0,0.0,0.0,0.0,1.0,0.0,0.0,1.0,0.0,0.0,1197831.0,0.0,0.0,0.0,0.0,1.0,0.0,1.0,3.0,23.0,1.0,2021.0,74
25.0,0.5,35.0,0.0,0.0,1.0,0.0,0.0,0.0,1.0,0.0,0.0,1197831.0,0.0,0.0,1.0,0.0,0.0,0.0,1.0,41.0,15.0,3.0,2021.0,500
25.0,0.51,32.0,0.0,0.0,0.0,0.0,0.0,0.0,1.0,0.0,0.0,1197831.0,0.0,0.0,1.0,0.0,0.0,1.0,0.0,41.0,7.0,5.0,2021.0,88
6.0,0.5499999999999999,23.0,1.0,0.0,0.0,0.0,0.0,0.0,1.0,0.0,0.0,1197831.0,0.0,0.0,1.0,0.0,0.0,0.0,1.0,0.0,25.0,9.0,2021.0,173
34.0,0.45,50.000000000000014,0.0,0.0,0.0,0.0,0.0,0.0,1.0,0.0,0.0,1128299.0,0.0,0.0,0.0,0.0,1.0,0.0,0.0,17.0,17.0,2.0,2021.0,175
27.0,0.35,44.99999999999999,0.0,0.0,0.0,0.0,0.0,0.0,1.0,0.0,0.0,1197831.0,0.0,0.0,0.0,1.0,0.0,1.0,0.0,3.0,19.0,5.0,2021.0,325
15.0,0.52,56.0,1.0,0.0,0.0,0.0,0.0,0.0,1.0,0.0,0.0,1197831.0,0.0,0.0,1.0,0.0,0.0,1.0,0.0,42.0,17.0,10.0,2021.0,231
34.0,0.47,47.0,0.0,1.0,0.0,0.0,0.0,0.0,1.0,0.0,0.0,1128299.0,0.0,0.0,0.0,0.0,1.0,0.0,1.0,17.0,17.0,6.0,2021.0,256
37.0,0.53,24.0,0.0,1.0,0.0,0.0,0.0,0.0,1.0,0.0,0.0,1197831.0,0.0,0.0,0.0,0.0,1.0,1.0,0.0,35.0,20.0,4.0,2021.0,152
34.0,0.35,40.0,0.0,0.0,1.0,0.0,0.0,0.0,1.0,0.0,0.0,1128299.0,0.0,0.0,0.0,0.0,1.0,1.0,0.0,17.0,18.0,9.0,2021.0,300
34.0,0.37,21.0,0.0,0.0,0.0,0.0,1.0,0.0,1.0,0.0,0.0,1197831.0,1.0,0.0,0.0,0.0,0.0,0.0,1.0,17.0,5.0,1.0,2021.0,162
37.0,0.42,37.0,1.0,0.0,0.0,0.0,0.0,0.0,1.0,0.0,0.0,1197831.0,0.0,0.0,0.0,0.0,1.0,0.0,1.0,35.0,20.0,8.0,2021.0,140
34.0,0.5,23.0,0.0,0.0,1.0,0.0,0.0,0.0,1.0,0.0,0.0,1197831.0,0.0,0.0,0.0,0.0,1.0,0.0,1.0,17.0,5.0,1.0,2021.0,147
6.0,0.6600000000000001,36.0,0.0,0.0,1.0,0.0,0.0,0.0,1.0,0.0,0.0,1197831.0,0.0,0.0,1.0,0.0,0.0,0.0,1.0,0.0,30.0,8.0,2021.0,263
24.0,0.35,40.0,1.0,0.0,0.0,0.0,0.0,0.0,1.0,0.0,0.0,1185732.0,1.0,0.0,0.0,0.0,0.0,1.0,0.0,23.0,18.0,6.0,2021.0,500
22.0,0.5,26.0,0.0,0.0,0.0,1.0,0.0,0.0,1.0,0.0,0.0,1197831.0,0.0,0.0,1.0,0.0,0.0,0.0,1.0,42.0,28.0,7.0,2020.0,213
15.0,0.39999999999999997,55.00000000000001,1.0,0.0,0.0,0.0,0.0,0.0,1.0,0.0,0.0,1197831.0,0.0,0.0,1.0,0.0,0.0,0.0,1.0,42.0,29.0,9.0,2021.0,675
22.0,0.37,27.0,0.0,1.0,0.0,0.0,0.0,0.0,1.0,0.0,0.0,1197831.0,0.0,0.0,0.0,1.0,0.0,0.0,1.0,42.0,30.0,8.0,2020.0,305
22.0,0.4,42.0,0.0,0.0,0.0,0.0,0.0,0.0,1.0,0.0,0.0,1197831.0,0.0,0.0,0.0,1.0,0.0,1.0,0.0,42.0,16.0,8.0,2020.0,168
24.0,0.45,20.0,0.0,0.0,0.0,1.0,0.0,0.0,1.0,0.0,0.0,1185732.0,0.0,0.0,0.0,1.0,0.0,0.0,1.0,23.0,18.0,10.0,2021.0,109
22.0,0.5800000000000001,45.0,0.0,0.0,0.0,1.0,0.0,0.0,1.0,0.0,0.0,1197831.0,0.0,0.0,0.0,1.0,0.0,1.0,0.0,42.0,14.0,9.0,2020.0,168
27.0,0.4,20.0,0.0,0.0,0.0,1.0,0.0,0.0,1.0,0.0,0.0,1197831.0,0.0,0.0,0.0,1.0,0.0,1.0,0.0,3.0,21.0,2.0,2021.0,250
37.0,0.44999999999999996,33.0,1.0,0.0,0.0,0.0,0.0,0.0,1.0,0.0,0.0,1197831.0,0.0,0.0,0.0,0.0,1.0,1.0,0.0,35.0,21.0,6.0,2021.0,88
37.0,0.43000000000000005,19.0,0.0,0.0,0.0,0.0,1.0,0.0,1.0,0.0,0.0,1197831.0,0.0,1.0,0.0,0.0,0.0,0.0,1.0,35.0,20.0,11.0,2021.0,81
37.0,0.48,29.0,0.0,0.0,0.0,0.0,0.0,0.0,1.0,0.0,0.0,1197831.0,0.0,0.0,0.0,0.0,1.0,1.0,0.0,35.0,21.0,10.0,2021.0,50
6.0,0.61,19.0,1.0,0.0,0.0,0.0,0.0,0.0,1.0,0.0,0.0,1197831.0,0.0,0.0,1.0,0.0,0.0,1.0,0.0,0.0,1.0,10.0,2021.0,169
24.0,0.4,30.000000000000014,0.0,0.0,0.0,0.0,1.0,0.0,1.0,0.0,0.0,1185732.0,0.0,0.0,1.0,0.0,0.0,1.0,0.0,23.0,17.0,11.0,2021.0,395
15.0,0.43999999999999995,30.0,0.0,1.0,0.0,0.0,0.0,0.0,1.0,0.0,0.0,1197831.0,0.0,0.0,1.0,0.0,0.0,0.0,1.0,42.0,4.0,10.0,2021.0,213
34.0,0.37,32.0,0.0,0.0,1.0,0.0,0.0,0.0,1.0,0.0,0.0,1128299.0,0.0,0.0,0.0,0.0,1.0,0.0,1.0,17.0,17.0,2.0,2021.0,131
24.0,0.44999999999999996,25.0,1.0,0.0,0.0,0.0,0.0,0.0,1.0,0.0,0.0,1185732.0,0.0,0.0,0.0,1.0,0.0,1.0,0.0,23.0,18.0,10.0,2021.0,145
34.0,0.39999999999999997,55.00000000000001,0.0,0.0,0.0,0.0,1.0,0.0,1.0,0.0,0.0,1128299.0,0.0,0.0,0.0,0.0,1.0,0.0,0.0,17.0,17.0,4.0,2021.0,375
27.0,0.44,28.0,0.0,1.0,0.0,0.0,0.0,0.0,1.0,0.0,0.0,1197831.0,0.0,0.0,0.0,1.0,0.0,0.0,1.0,3.0,21.0,6.0,2021.0,236
22.0,0.55,47.0,0.0,0.0,0.0,1.0,0.0,0.0,1.0,0.0,0.0,1197831.0,0.0,0.0,0.0,1.0,0.0,1.0,0.0,42.0,8.0,9.0,2020.0,181
15.0,0.49,25.0,0.0,0.0,0.0,0.0,1.0,0.0,1.0,0.0,0.0,1197831.0,0.0,0.0,1.0,0.0,0.0,1.0,0.0,42.0,31.0,8.0,2021.0,152
37.0,0.53,14.0,0.0,0.0,0.0,0.0,1.0,0.0,1.0,0.0,0.0,1197831.0,0.0,0.0,0.0,0.0,1.0,1.0,0.0,35.0,20.0,4.0,2021.0,68
27.0,0.5,15.0,0.0,0.0,0.0,0.0,1.0,0.0,1.0,0.0,0.0,1197831.0,0.0,0.0,0.0,0.0,1.0,1.0,0.0,3.0,21.0,2.0,2021.0,91
34.0,0.42999999999999994,33.0,0.0,0.0,0.0,1.0,0.0,0.0,1.0,0.0,0.0,1128299.0,0.0,0.0,0.0,0.0,1.0,0.0,1.0,17.0,18.0,5.0,2021.0,101
25.0,0.51,47.0,0.0,0.0,0.0,0.0,0.0,0.0,1.0,0.0,0.0,1197831.0,0.0,0.0,1.0,0.0,0.0,1.0,0.0,41.0,1.0,5.0,2021.0,120
34.0,0.53,39.0,0.0,0.0,0.0,1.0,0.0,0.0,1.0,0.0,0.0,1128299.0,0.0,0.0,0.0,0.0,1.0,1.0,0.0,17.0,17.0,4.0,2021.0,74
34.0,0.42,32.0,1.0,0.0,0.0,0.0,0.0,0.0,1.0,0.0,0.0,1197831.0,1.0,0.0,0.0,0.0,0.0,1.0,0.0,17.0,4.0,2.0,2021.0,174
25.0,0.7100000000000001,43.0,0.0,0.0,1.0,0.0,0.0,0.0,1.0,0.0,0.0,1197831.0,0.0,0.0,1.0,0.0,0.0,1.0,0.0,41.0,8.0,5.0,2021.0,131
25.0,0.48,32.0,0.0,0.0,0.0,0.0,1.0,0.0,1.0,0.0,0.0,1197831.0,0.0,0.0,1.0,0.0,0.0,1.0,0.0,41.0,18.0,3.0,2021.0,122
27.0,0.5,24.0,0.0,1.0,0.0,0.0,0.0,0.0,1.0,0.0,0.0,1197831.0,0.0,0.0,0.0,0.0,1.0,1.0,0.0,3.0,20.0,11.0,2021.0,143
25.0,0.5700000000000001,40.0,0.0,0.0,0.0,1.0,0.0,0.0,1.0,0.0,0.0,1197831.0,0.0,0.0,1.0,0.0,0.0,0.0,1.0,41.0,30.0,4.0,2021.0,136
34.0,0.39999999999999997,40.00000000000001,0.0,0.0,0.0,0.0,1.0,0.0,1.0,0.0,0.0,1128299.0,0.0,0.0,0.0,0.0,1.0,1.0,0.0,17.0,17.0,11.0,2021.0,525
22.0,0.45,50.0,0.0,0.0,0.0,1.0,0.0,0.0,1.0,0.0,0.0,1197831.0,0.0,0.0,0.0,1.0,0.0,0.0,1.0,42.0,29.0,10.0,2020.0,700
15.0,0.39999999999999997,40.0,1.0,0.0,0.0,0.0,0.0,0.0,1.0,0.0,0.0,1197831.0,0.0,0.0,1.0,0.0,0.0,0.0,1.0,42.0,5.0,10.0,2021.0,625
6.0,0.58,19.0,1.0,0.0,0.0,0.0,0.0,0.0,1.0,0.0,0.0,1197831.0,0.0,0.0,1.0,0.0,0.0,1.0,0.0,0.0,20.0,8.0,2021.0,189
34.0,0.35,45.0,0.0,0.0,1.0,0.0,0.0,0.0,1.0,0.0,0.0,1128299.0,0.0,0.0,0.0,0.0,1.0,0.0,0.0,17.0,16.0,3.0,2021.0,350
34.0,0.47,69.0,0.0,0.0,0.0,0.0,1.0,0.0,1.0,0.0,0.0,1128299.0,0.0,0.0,0.0,0.0,1.0,0.0,1.0,17.0,16.0,7.0,2021.0,210
37.0,0.38999999999999996,11.0,0.0,0.0,0.0,0.0,1.0,0.0,1.0,0.0,0.0,1197831.0,0.0,1.0,0.0,0.0,0.0,0.0,1.0,35.0,14.0,2.0,2021.0,90
34.0,0.39999999999999997,85.0,0.0,0.0,0.0,0.0,1.0,0.0,1.0,0.0,0.0,1128299.0,0.0,0.0,0.0,0.0,1.0,1.0,0.0,17.0,17.0,6.0,2021.0,700
37.0,0.46,36.0,0.0,0.0,0.0,1.0,0.0,0.0,1.0,0.0,0.0,1197831.0,0.0,0.0,0.0,0.0,1.0,0.0,1.0,35.0,19.0,7.0,2021.0,107
24.0,0.41,28.0,1.0,0.0,0.0,0.0,0.0,0.0,1.0,0.0,0.0,1185732.0,1.0,0.0,0.0,0.0,0.0,0.0,1.0,23.0,16.0,5.0,2021.0,140
37.0,0.48,19.0,1.0,0.0,0.0,0.0,0.0,0.0,1.0,0.0,0.0,1197831.0,0.0,0.0,0.0,0.0,1.0,1.0,0.0,35.0,19.0,3.0,2021.0,73
25.0,0.41,23.0,1.0,0.0,0.0,0.0,0.0,0.0,1.0,0.0,0.0,1185732.0,1.0,0.0,0.0,0.0,0.0,0.0,1.0,41.0,22.0,5.0,2021.0,70
22.0,0.45000000000000007,46.0,0.0,0.0,0.0,0.0,1.0,0.0,1.0,0.0,0.0,1128299.0,0.0,0.0,0.0,0.0,1.0,1.0,0.0,42.0,3.0,11.0,2020.0,217
15.0,0.47,38.0,1.0,0.0,0.0,0.0,0.0,0.0,1.0,0.0,0.0,1197831.0,0.0,0.0,1.0,0.0,0.0,0.0,1.0,42.0,29.0,9.0,2021.0,203
22.0,0.35,35.0,0.0,0.0,0.0,0.0,1.0,0.0,1.0,0.0,0.0,1197831.0,0.0,0.0,1.0,0.0,0.0,0.0,1.0,42.0,2.0,8.0,2020.0,700
6.0,0.7500000000000001,20.0,0.0,0.0,1.0,0.0,0.0,0.0,1.0,0.0,0.0,1197831.0,0.0,0.0,1.0,0.0,0.0,1.0,0.0,0.0,24.0,8.0,2021.0,149
15.0,0.42,22.0,1.0,0.0,0.0,0.0,0.0,0.0,1.0,0.0,0.0,1197831.0,0.0,0.0,1.0,0.0,0.0,0.0,1.0,42.0,5.0,9.0,2021.0,248
6.0,0.42,39.0,0.0,0.0,0.0,0.0,0.0,0.0,1.0,0.0,0.0,1197831.0,0.0,0.0,1.0,0.0,0.0,0.0,1.0,0.0,29.0,8.0,2021.0,132
6.0,0.47,35.0,1.0,0.0,0.0,0.0,0.0,0.0,1.0,0.0,0.0,1197831.0,0.0,0.0,1.0,0.0,0.0,0.0,1.0,0.0,1.0,9.0,2021.0,233
34.0,0.39999999999999997,95.0,0.0,1.0,0.0,0.0,0.0,0.0,1.0,0.0,0.0,1128299.0,0.0,0.0,0.0,0.0,1.0,1.0,0.0,17.0,17.0,8.0,2021.0,850
24.0,0.54,56.0,0.0,1.0,0.0,0.0,0.0,0.0,1.0,0.0,0.0,1185732.0,0.0,0.0,0.0,1.0,0.0,1.0,0.0,23.0,17.0,8.0,2021.0,215
15.0,0.45,30.000000000000004,0.0,0.0,0.0,1.0,0.0,0.0,1.0,0.0,0.0,1197831.0,0.0,0.0,1.0,0.0,0.0,0.0,1.0,42.0,1.0,9.0,2021.0,425
25.0,0.39999999999999997,50.0,0.0,0.0,0.0,0.0,0.0,0.0,1.0,0.0,0.0,1197831.0,0.0,0.0,1.0,0.0,0.0,0.0,1.0,41.0,1.0,5.0,2021.0,400
34.0,0.45,95.0,0.0,0.0,0.0,0.0,0.0,0.0,1.0,0.0,0.0,1128299.0,0.0,0.0,0.0,0.0,1.0,1.0,0.0,17.0,16.0,7.0,2021.0,650
34.0,0.54,34.0,0.0,1.0,0.0,0.0,0.0,0.0,1.0,0.0,0.0,1128299.0,0.0,0.0,0.0,0.0,1.0,1.0,0.0,17.0,17.0,10.0,2021.0,112
24.0,0.44,22.0,0.0,1.0,0.0,0.0,0.0,0.0,1.0,0.0,0.0,1185732.0,0.0,0.0,1.0,0.0,0.0,0.0,1.0,23.0,17.0,11.0,2021.0,206
25.0,0.55,45.0,0.0,0.0,0.0,1.0,0.0,0.0,1.0,0.0,0.0,1197831.0,0.0,0.0,1.0,0.0,0.0,0.0,1.0,41.0,24.0,4.0,2021.0,475
6.0,0.57,41.0,0.0,0.0,0.0,0.0,0.0,0.0,1.0,0.0,0.0,1197831.0,0.0,0.0,1.0,0.0,0.0,1.0,0.0,0.0,22.0,9.0,2021.0,88
24.0,0.38,42.0,1.0,0.0,0.0,0.0,0.0,0.0,1.0,0.0,0.0,1185732.0,0.0,0.0,0.0,1.0,0.0,0.0,1.0,23.0,16.0,7.0,2021.0,192
22.0,0.45,50.0,0.0,0.0,0.0,1.0,0.0,0.0,1.0,0.0,0.0,1197831.0,0.0,0.0,0.0,1.0,0.0,0.0,1.0,42.0,23.0,10.0,2020.0,675
34.0,0.5800000000000001,86.0,0.0,0.0,0.0,0.0,0.0,0.0,1.0,0.0,0.0,1128299.0,0.0,0.0,0.0,0.0,1.0,1.0,0.0,17.0,16.0,7.0,2021.0,189
15.0,0.54,62.0,0.0,0.0,0.0,0.0,1.0,0.0,1.0,0.0,0.0,1197831.0,0.0,0.0,1.0,0.0,0.0,1.0,0.0,42.0,18.0,10.0,2021.0,189
22.0,0.44999999999999996,42.0,0.0,0.0,0.0,0.0,0.0,0.0,1.0,0.0,0.0,1197831.0,0.0,0.0,0.0,1.0,0.0,1.0,0.0,42.0,24.0,10.0,2020.0,195
25.0,0.44999999999999996,33.0,0.0,0.0,0.0,0.0,0.0,0.0,1.0,0.0,0.0,1197831.0,0.0,0.0,1.0,0.0,0.0,0.0,1.0,41.0,19.0,4.0,2021.0,182
25.0,0.6900000000000001,42.0,0.0,0.0,0.0,1.0,0.0,0.0,1.0,0.0,0.0,1197831.0,0.0,0.0,1.0,0.0,0.0,1.0,0.0,41.0,24.0,4.0,2021.0,133
24.0,0.53,19.0,0.0,0.0,0.0,1.0,0.0,0.0,1.0,0.0,0.0,1197831.0,0.0,0.0,1.0,0.0,0.0,1.0,0.0,23.0,23.0,1.0,2021.0,78
37.0,0.37,17.0,0.0,0.0,1.0,0.0,0.0,0.0,1.0,0.0,0.0,1197831.0,0.0,1.0,0.0,0.0,0.0,0.0,1.0,35.0,16.0,1.0,2021.0,119
22.0,0.49,47.0,0.0,0.0,0.0,0.0,1.0,0.0,1.0,0.0,0.0,1197831.0,0.0,0.0,0.0,1.0,0.0,1.0,0.0,42.0,28.0,10.0,2020.0,255
6.0,0.6000000000000001,65.0,0.0,0.0,0.0,1.0,0.0,0.0,1.0,0.0,0.0,1197831.0,0.0,0.0,1.0,0.0,0.0,0.0,1.0,0.0,9.0,10.0,2021.0,550
25.0,0.42999999999999994,20.0,0.0,1.0,0.0,0.0,0.0,0.0,1.0,0.0,0.0,1197831.0,0.0,0.0,1.0,0.0,0.0,0.0,1.0,41.0,22.0,3.0,2021.0,221
15.0,0.61,43.0,0.0,0.0,0.0,1.0,0.0,0.0,1.0,0.0,0.0,1197831.0,0.0,0.0,1.0,0.0,0.0,1.0,0.0,42.0,19.0,9.0,2021.0,150
24.0,0.51,24.0,0.0,1.0,0.0,0.0,0.0,0.0,1.0,0.0,0.0,1197831.0,0.0,0.0,1.0,0.0,0.0,1.0,0.0,23.0,23.0,1.0,2021.0,176
27.0,0.45,55.0,0.0,0.0,1.0,0.0,0.0,0.0,1.0,0.0,0.0,1197831.0,0.0,0.0,0.0,0.0,1.0,0.0,1.0,3.0,19.0,12.0,2021.0,170
24.0,0.55,53.0,0.0,0.0,1.0,0.0,0.0,0.0,1.0,0.0,0.0,1185732.0,0.0,0.0,1.0,0.0,0.0,0.0,1.0,23.0,16.0,12.0,2021.0,178
27.0,0.49,24.0,1.0,0.0,0.0,0.0,0.0,0.0,1.0,0.0,0.0,1197831.0,0.0,0.0,0.0,1.0,0.0,1.0,0.0,3.0,20.0,4.0,2021.0,81
15.0,0.35,37.0,0.0,0.0,0.0,0.0,0.0,0.0,1.0,0.0,0.0,1197831.0,0.0,0.0,1.0,0.0,0.0,1.0,0.0,42.0,15.0,8.0,2021.0,94
6.0,0.49999999999999994,60.0,1.0,0.0,0.0,0.0,0.0,0.0,1.0,0.0,0.0,1197831.0,0.0,0.0,1.0,0.0,0.0,0.0,1.0,0.0,7.0,10.0,2021.0,775
6.0,0.44999999999999996,50.0,0.0,0.0,0.0,0.0,0.0,0.0,1.0,0.0,0.0,1197831.0,0.0,0.0,1.0,0.0,0.0,0.0,1.0,0.0,10.0,9.0,2021.0,525
6.0,0.5299999999999999,36.0,0.0,0.0,0.0,0.0,1.0,0.0,1.0,0.0,0.0,1197831.0,0.0,0.0,1.0,0.0,0.0,0.0,1.0,0.0,14.0,9.0,2021.0,278
27.0,0.42,28.0,1.0,0.0,0.0,0.0,0.0,0.0,1.0,0.0,0.0,1197831.0,0.0,0.0,0.0,1.0,0.0,0.0,1.0,3.0,19.0,5.0,2021.0,116
15.0,0.5700000000000001,47.0,0.0,0.0,1.0,0.0,0.0,0.0,1.0,0.0,0.0,1197831.0,0.0,0.0,1.0,0.0,0.0,0.0,1.0,42.0,21.0,9.0,2021.0,272
15.0,0.3,35.0,1.0,0.0,0.0,0.0,0.0,0.0,1.0,0.0,0.0,1197831.0,0.0,0.0,1.0,0.0,0.0,0.0,1.0,42.0,18.0,8.0,2021.0,650
22.0,0.65,46.0,0.0,0.0,1.0,0.0,0.0,0.0,1.0,0.0,0.0,1197831.0,0.0,0.0,0.0,1.0,0.0,1.0,0.0,42.0,4.0,9.0,2020.0,225
25.0,0.44999999999999996,55.00000000000001,0.0,0.0,0.0,0.0,1.0,0.0,1.0,0.0,0.0,1197831.0,0.0,0.0,1.0,0.0,0.0,0.0,1.0,41.0,11.0,5.0,2021.0,600
15.0,0.44999999999999996,27.0,1.0,0.0,0.0,0.0,0.0,0.0,1.0,0.0,0.0,1197831.0,0.0,0.0,1.0,0.0,0.0,0.0,1.0,42.0,11.0,10.0,2021.0,218
27.0,0.47000000000000003,15.0,0.0,1.0,0.0,0.0,0.0,0.0,1.0,0.0,0.0,1197831.0,0.0,0.0,0.0,1.0,0.0,0.0,1.0,3.0,19.0,3.0,2021.0,206
22.0,0.38,34.0,0.0,1.0,0.0,0.0,0.0,0.0,1.0,0.0,0.0,1197831.0,0.0,0.0,0.0,1.0,0.0,0.0,1.0,42.0,20.0,10.0,2020.0,270
37.0,0.47000000000000003,23.0,0.0,0.0,1.0,0.0,0.0,0.0,1.0,0.0,0.0,1197831.0,0.0,0.0,0.0,0.0,1.0,0.0,1.0,35.0,19.0,9.0,2021.0,119
22.0,0.38999999999999996,31.0,0.0,1.0,0.0,0.0,0.0,0.0,1.0,0.0,0.0,1197831.0,0.0,0.0,0.0,1.0,0.0,0.0,1.0,42.0,11.0,9.0,2020.0,272
37.0,0.4,60.0,0.0,1.0,0.0,0.0,0.0,0.0,1.0,0.0,0.0,1197831.0,0.0,0.0,0.0,0.0,1.0,1.0,0.0,35.0,20.0,8.0,2021.0,675
24.0,0.37,44.0,1.0,0.0,0.0,0.0,0.0,0.0,1.0,0.0,0.0,1185732.0,0.0,0.0,1.0,0.0,0.0,0.0,1.0,23.0,16.0,12.0,2021.0,201
24.0,0.38,22.0,0.0,0.0,0.0,0.0,0.0,0.0,1.0,0.0,0.0,1185732.0,0.0,0.0,0.0,1.0,0.0,0.0,1.0,23.0,16.0,9.0,2021.0,132
27.0,0.46,50.0,0.0,0.0,1.0,0.0,0.0,0.0,1.0,0.0,0.0,1197831.0,0.0,0.0,0.0,1.0,0.0,0.0,1.0,3.0,19.0,7.0,2021.0,198
27.0,0.4,25.00000000000001,0.0,1.0,0.0,0.0,0.0,0.0,1.0,0.0,0.0,1197831.0,0.0,0.0,0.0,0.0,1.0,1.0,0.0,3.0,20.0,11.0,2021.0,550
27.0,0.44,41.0,0.0,0.0,0.0,1.0,0.0,0.0,1.0,0.0,0.0,1197831.0,0.0,0.0,0.0,0.0,1.0,0.0,1.0,3.0,20.0,11.0,2021.0,128
24.0,0.5,32.0,0.0,0.0,0.0,0.0,0.0,0.0,1.0,0.0,0.0,1185732.0,0.0,0.0,0.0,1.0,0.0,1.0,0.0,23.0,18.0,10.0,2021.0,98
34.0,0.45999999999999996,30.0,0.0,0.0,0.0,0.0,1.0,0.0,1.0,0.0,0.0,1128299.0,0.0,0.0,0.0,0.0,1.0,0.0,1.0,17.0,18.0,9.0,2021.0,96
15.0,0.51,54.0,1.0,0.0,0.0,0.0,0.0,0.0,1.0,0.0,0.0,1197831.0,0.0,0.0,1.0,0.0,0.0,1.0,0.0,42.0,29.0,9.0,2021.0,176
15.0,0.35,45.0,0.0,0.0,0.0,0.0,1.0,0.0,1.0,0.0,0.0,1197831.0,0.0,0.0,1.0,0.0,0.0,0.0,1.0,42.0,12.0,9.0,2021.0,650
37.0,0.35,54.99999999999999,0.0,0.0,0.0,0.0,0.0,0.0,1.0,0.0,0.0,1197831.0,0.0,0.0,0.0,0.0,1.0,1.0,0.0,35.0,21.0,6.0,2021.0,300
25.0,0.6700000000000002,40.0,0.0,0.0,1.0,0.0,0.0,0.0,1.0,0.0,0.0,1197831.0,0.0,0.0,1.0,0.0,0.0,0.0,1.0,41.0,26.0,4.0,2021.0,232
27.0,0.55,15.0,0.0,0.0,0.0,0.0,1.0,0.0,1.0,0.0,0.0,1197831.0,0.0,0.0,0.0,0.0,1.0,1.0,0.0,3.0,23.0,1.0,2021.0,98
27.0,0.4,75.0,0.0,0.0,1.0,0.0,0.0,0.0,1.0,0.0,0.0,1197831.0,0.0,0.0,0.0,0.0,1.0,1.0,0.0,3.0,19.0,12.0,2021.0,500
22.0,0.35,45.0,1.0,0.0,0.0,0.0,0.0,0.0,1.0,0.0,0.0,1197831.0,0.0,0.0,0.0,1.0,0.0,0.0,1.0,42.0,21.0,10.0,2020.0,900
6.0,0.48,37.0,0.0,0.0,0.0,0.0,0.0,0.0,1.0,0.0,0.0,1197831.0,0.0,0.0,1.0,0.0,0.0,1.0,0.0,0.0,5.0,8.0,2021.0,88
15.0,0.44999999999999996,47.0,0.0,0.0,0.0,0.0,1.0,0.0,1.0,0.0,0.0,1197831.0,0.0,0.0,1.0,0.0,0.0,0.0,1.0,42.0,30.0,9.0,2021.0,254
22.0,0.54,39.0,0.0,0.0,1.0,0.0,0.0,0.0,1.0,0.0,0.0,1197831.0,0.0,0.0,0.0,1.0,0.0,0.0,1.0,42.0,4.0,9.0,2020.0,270
6.0,0.6700000000000002,36.0,0.0,0.0,0.0,1.0,0.0,0.0,1.0,0.0,0.0,1197831.0,0.0,0.0,1.0,0.0,0.0,0.0,1.0,0.0,3.0,10.0,2021.0,135
6.0,0.48999999999999994,22.0,0.0,0.0,0.0,0.0,0.0,0.0,1.0,0.0,0.0,1197831.0,0.0,0.0,1.0,0.0,0.0,0.0,1.0,0.0,28.0,9.0,2021.0,105
6.0,0.59,44.0,0.0,0.0,0.0,0.0,1.0,0.0,1.0,0.0,0.0,1197831.0,0.0,0.0,1.0,0.0,0.0,1.0,0.0,0.0,2.0,9.0,2021.0,189
24.0,0.4,50.0,0.0,0.0,0.0,0.0,1.0,0.0,1.0,0.0,0.0,1185732.0,0.0,0.0,0.0,1.0,0.0,1.0,0.0,23.0,17.0,8.0,2021.0,525
27.0,0.45,15.0,0.0,0.0,0.0,1.0,0.0,0.0,1.0,0.0,0.0,1197831.0,0.0,0.0,0.0,1.0,0.0,0.0,1.0,3.0,21.0,10.0,2021.0,94
27.0,0.5,19.0,0.0,0.0,0.0,0.0,1.0,0.0,1.0,0.0,0.0,1197831.0,0.0,0.0,0.0,1.0,0.0,1.0,0.0,3.0,21.0,10.0,2021.0,78
15.0,0.42,28.0,0.0,0.0,0.0,0.0,1.0,0.0,1.0,0.0,0.0,1185732.0,1.0,0.0,0.0,0.0,0.0,0.0,1.0,42.0,24.0,10.0,2021.0,72
25.0,0.6,47.0,1.0,0.0,0.0,0.0,0.0,0.0,1.0,0.0,0.0,1197831.0,0.0,0.0,1.0,0.0,0.0,1.0,0.0,41.0,28.0,4.0,2021.0,169
37.0,0.52,34.0,0.0,0.0,0.0,0.0,1.0,0.0,1.0,0.0,0.0,1197831.0,0.0,0.0,0.0,0.0,1.0,1.0,0.0,35.0,19.0,5.0,2021.0,72
27.0,0.4,44.99999999999999,0.0,0.0,1.0,0.0,0.0,0.0,1.0,0.0,0.0,1197831.0,0.0,0.0,0.0,1.0,0.0,1.0,0.0,3.0,19.0,5.0,2021.0,425
24.0,0.43000000000000005,34.0,0.0,0.0,0.0,1.0,0.0,0.0,1.0,0.0,0.0,1185732.0,1.0,0.0,0.0,0.0,0.0,0.0,1.0,23.0,18.0,6.0,2021.0,149
15.0,0.47,28.0,0.0,0.0,0.0,0.0,1.0,0.0,1.0,0.0,0.0,1197831.0,0.0,0.0,1.0,0.0,0.0,1.0,0.0,42.0,25.0,8.0,2021.0,145
24.0,0.55,23.0,0.0,1.0,0.0,0.0,0.0,0.0,1.0,0.0,0.0,1185732.0,1.0,0.0,0.0,0.0,0.0,1.0,0.0,23.0,16.0,3.0,2021.0,187
22.0,0.41,20.0,0.0,1.0,0.0,0.0,0.0,0.0,1.0,0.0,0.0,1197831.0,0.0,0.0,1.0,0.0,0.0,0.0,1.0,42.0,25.0,7.0,2020.0,255
34.0,0.44999999999999996,55.0,1.0,0.0,0.0,0.0,0.0,0.0,1.0,0.0,0.0,1128299.0,0.0,0.0,0.0,0.0,1.0,0.0,1.0,17.0,17.0,6.0,2021.0,224
6.0,0.48999999999999994,23.0,0.0,1.0,0.0,0.0,0.0,0.0,1.0,0.0,0.0,1197831.0,0.0,0.0,1.0,0.0,0.0,0.0,1.0,0.0,13.0,8.0,2021.0,194
6.0,0.39999999999999997,25.0,0.0,0.0,0.0,0.0,0.0,0.0,1.0,0.0,0.0,1197831.0,0.0,0.0,1.0,0.0,0.0,0.0,1.0,0.0,23.0,8.0,2021.0,275
15.0,0.39999999999999997,19.0,0.0,0.0,0.0,0.0,1.0,0.0,1.0,0.0,0.0,1197831.0,0.0,0.0,1.0,0.0,0.0,0.0,1.0,42.0,6.0,9.0,2021.0,200
34.0,0.52,69.0,0.0,1.0,0.0,0.0,0.0,0.0,1.0,0.0,0.0,1128299.0,0.0,0.0,0.0,0.0,1.0,1.0,0.0,17.0,16.0,12.0,2021.0,240
37.0,0.5,72.0,0.0,0.0,1.0,0.0,0.0,0.0,1.0,0.0,0.0,1197831.0,0.0,1.0,0.0,0.0,0.0,1.0,0.0,35.0,20.0,11.0,2021.0,105
37.0,0.54,23.0,0.0,0.0,0.0,0.0,1.0,0.0,1.0,0.0,0.0,1197831.0,0.0,1.0,0.0,0.0,0.0,1.0,0.0,35.0,20.0,11.0,2021.0,74
6.0,0.55,20.000000000000007,0.0,0.0,0.0,1.0,0.0,0.0,1.0,0.0,0.0,1197831.0,0.0,0.0,1.0,0.0,0.0,0.0,1.0,0.0,22.0,8.0,2021.0,375
34.0,0.42999999999999994,62.0,0.0,1.0,0.0,0.0,0.0,0.0,1.0,0.0,0.0,1128299.0,0.0,0.0,0.0,0.0,1.0,0.0,1.0,17.0,16.0,7.0,2021.0,306
34.0,0.45,64.99999999999999,0.0,0.0,0.0,0.0,0.0,0.0,1.0,0.0,0.0,1128299.0,0.0,0.0,0.0,0.0,1.0,1.0,0.0,17.0,17.0,8.0,2021.0,475
15.0,0.54,59.0,0.0,1.0,0.0,0.0,0.0,0.0,1.0,0.0,0.0,1197831.0,0.0,0.0,1.0,0.0,0.0,1.0,0.0,42.0,16.0,10.0,2021.0,223
15.0,0.53,32.0,0.0,0.0,0.0,1.0,0.0,0.0,1.0,0.0,0.0,1197831.0,0.0,0.0,1.0,0.0,0.0,1.0,0.0,42.0,20.0,8.0,2021.0,128
22.0,0.36,33.0,0.0,0.0,0.0,0.0,0.0,0.0,1.0,0.0,0.0,1197831.0,0.0,0.0,0.0,1.0,0.0,0.0,1.0,42.0,28.0,8.0,2020.0,217
24.0,0.55,19.0,0.0,0.0,0.0,1.0,0.0,0.0,1.0,0.0,0.0,1185732.0,0.0,0.0,0.0,1.0,0.0,1.0,0.0,23.0,16.0,9.0,2021.0,100
24.0,0.44999999999999996,46.0,0.0,0.0,0.0,0.0,0.0,0.0,1.0,0.0,0.0,1185732.0,0.0,0.0,0.0,1.0,0.0,1.0,0.0,23.0,17.0,8.0,2021.0,122
37.0,0.35,35.00000000000001,0.0,0.0,0.0,0.0,0.0,0.0,1.0,0.0,0.0,1197831.0,0.0,0.0,0.0,0.0,1.0,1.0,0.0,35.0,19.0,3.0,2021.0,175
27.0,0.53,24.0,0.0,1.0,0.0,0.0,0.0,0.0,1.0,0.0,0.0,1197831.0,0.0,0.0,0.0,0.0,1.0,1.0,0.0,3.0,23.0,1.0,2021.0,167
27.0,0.4,45.0,0.0,0.0,0.0,0.0,1.0,0.0,1.0,0.0,0.0,1197831.0,0.0,0.0,0.0,1.0,0.0,1.0,0.0,3.0,19.0,7.0,2021.0,450
15.0,0.62,59.0,0.0,0.0,0.0,1.0,0.0,0.0,1.0,0.0,0.0,1197831.0,0.0,0.0,1.0,0.0,0.0,1.0,0.0,42.0,13.0,10.0,2021.0,145
6.0,0.6399999999999999,58.0,1.0,0.0,0.0,0.0,0.0,0.0,1.0,0.0,0.0,1197831.0,0.0,0.0,1.0,0.0,0.0,1.0,0.0,0.0,7.0,10.0,2021.0,225
15.0,0.39999999999999997,60.0,0.0,0.0,0.0,0.0,1.0,0.0,1.0,0.0,0.0,1197831.0,0.0,0.0,1.0,0.0,0.0,0.0,1.0,42.0,30.0,9.0,2021.0,725
15.0,0.45,35.0,0.0,0.0,1.0,0.0,0.0,0.0,1.0,0.0,0.0,1197831.0,0.0,0.0,1.0,0.0,0.0,0.0,1.0,42.0,22.0,8.0,2021.0,500
6.0,0.6000000000000001,20.000000000000007,0.0,0.0,1.0,0.0,0.0,0.0,1.0,0.0,0.0,1197831.0,0.0,0.0,1.0,0.0,0.0,0.0,1.0,0.0,24.0,8.0,2021.0,550
15.0,0.45,35.0,0.0,0.0,1.0,0.0,0.0,0.0,1.0,0.0,0.0,1197831.0,0.0,0.0,1.0,0.0,0.0,0.0,1.0,42.0,16.0,8.0,2021.0,525
27.0,0.39999999999999997,14.0,1.0,0.0,0.0,0.0,0.0,0.0,1.0,0.0,0.0,1197831.0,0.0,0.0,0.0,1.0,0.0,0.0,1.0,3.0,21.0,10.0,2021.0,132
15.0,0.39999999999999997,35.0,0.0,0.0,0.0,0.0,1.0,0.0,1.0,0.0,0.0,1185732.0,1.0,0.0,0.0,0.0,0.0,0.0,1.0,42.0,24.0,10.0,2021.0,225
6.0,0.44999999999999996,14.999999999999996,0.0,0.0,0.0,0.0,1.0,0.0,1.0,0.0,0.0,1197831.0,0.0,0.0,1.0,0.0,0.0,0.0,1.0,0.0,27.0,8.0,2021.0,575
37.0,0.47,51.0,0.0,0.0,0.0,0.0,0.0,0.0,1.0,0.0,0.0,1197831.0,0.0,0.0,0.0,0.0,1.0,1.0,0.0,35.0,21.0,6.0,2021.0,87
27.0,0.47000000000000003,24.0,0.0,0.0,0.0,1.0,0.0,0.0,1.0,0.0,0.0,1197831.0,0.0,0.0,0.0,1.0,0.0,0.0,1.0,3.0,19.0,5.0,2021.0,90
24.0,0.5,75.0,0.0,0.0,1.0,0.0,0.0,0.0,1.0,0.0,0.0,1185732.0,0.0,0.0,1.0,0.0,0.0,1.0,0.0,23.0,17.0,11.0,2021.0,525
37.0,0.52,50.0,0.0,0.0,1.0,0.0,0.0,0.0,1.0,0.0,0.0,1197831.0,0.0,0.0,0.0,0.0,1.0,1.0,0.0,35.0,20.0,8.0,2021.0,124
15.0,0.4,32.0,1.0,0.0,0.0,0.0,0.0,0.0,1.0,0.0,0.0,1197831.0,0.0,0.0,1.0,0.0,0.0,1.0,0.0,42.0,18.0,8.0,2021.0,163
27.0,0.35,30.00000000000001,0.0,0.0,0.0,0.0,0.0,0.0,1.0,0.0,0.0,1197831.0,0.0,0.0,0.0,1.0,0.0,1.0,0.0,3.0,21.0,10.0,2021.0,275
22.0,0.44999999999999996,38.0,0.0,0.0,0.0,0.0,0.0,0.0,1.0,0.0,0.0,1197831.0,0.0,0.0,1.0,0.0,0.0,1.0,0.0,42.0,29.0,7.0,2020.0,125
27.0,0.5,36.0,0.0,1.0,0.0,0.0,0.0,0.0,1.0,0.0,0.0,1197831.0,0.0,0.0,0.0,1.0,0.0,1.0,0.0,3.0,21.0,6.0,2021.0,203
34.0,0.35,55.00000000000001,0.0,0.0,1.0,0.0,0.0,0.0,1.0,0.0,0.0,1128299.0,0.0,0.0,0.0,0.0,1.0,1.0,0.0,17.0,17.0,10.0,2021.0,400
37.0,0.52,37.0,0.0,0.0,0.0,1.0,0.0,0.0,1.0,0.0,0.0,1197831.0,0.0,0.0,0.0,0.0,1.0,1.0,0.0,35.0,20.0,8.0,2021.0,88
34.0,0.42999999999999994,53.0,0.0,0.0,0.0,0.0,1.0,0.0,1.0,0.0,0.0,1128299.0,1.0,0.0,0.0,0.0,0.0,0.0,1.0,17.0,16.0,12.0,2021.0,192
37.0,0.4,40.0,0.0,1.0,0.0,0.0,0.0,0.0,1.0,0.0,0.0,1197831.0,0.0,0.0,0.0,0.0,1.0,1.0,0.0,35.0,19.0,5.0,2021.0,595
37.0,0.42000000000000004,32.0,0.0,0.0,0.0,1.0,0.0,0.0,1.0,0.0,0.0,1197831.0,0.0,0.0,0.0,0.0,1.0,0.0,1.0,35.0,20.0,8.0,2021.0,111
22.0,0.42,23.0,0.0,0.0,0.0,0.0,1.0,0.0,1.0,0.0,0.0,1197831.0,0.0,0.0,1.0,0.0,0.0,0.0,1.0,42.0,2.0,8.0,2020.0,224
24.0,0.47,37.0,1.0,0.0,0.0,0.0,0.0,0.0,1.0,0.0,0.0,1185732.0,1.0,0.0,0.0,0.0,0.0,1.0,0.0,23.0,18.0,6.0,2021.0,125
34.0,0.5499999999999999,50.0,0.0,0.0,0.0,1.0,0.0,0.0,1.0,0.0,0.0,1128299.0,0.0,0.0,0.0,0.0,1.0,1.0,0.0,17.0,16.0,3.0,2021.0,84
15.0,0.41,40.0,1.0,0.0,0.0,0.0,0.0,0.0,1.0,0.0,0.0,1197831.0,0.0,0.0,1.0,0.0,0.0,0.0,1.0,42.0,11.0,9.0,2021.0,280
24.0,0.5,65.0,0.0,0.0,0.0,0.0,0.0,0.0,1.0,0.0,0.0,1185732.0,0.0,0.0,1.0,0.0,0.0,1.0,0.0,23.0,16.0,12.0,2021.0,124
6.0,0.6000000000000001,55.00000000000001,0.0,0.0,1.0,0.0,0.0,0.0,1.0,0.0,0.0,1197831.0,0.0,0.0,1.0,0.0,0.0,0.0,1.0,0.0,5.0,9.0,2021.0,875
27.0,0.45,28.0,0.0,0.0,0.0,0.0,1.0,0.0,1.0,0.0,0.0,1197831.0,0.0,0.0,0.0,1.0,0.0,0.0,1.0,3.0,21.0,6.0,2021.0,124
6.0,0.6399999999999999,43.0,0.0,0.0,0.0,0.0,1.0,0.0,1.0,0.0,0.0,1197831.0,0.0,0.0,1.0,0.0,0.0,1.0,0.0,0.0,2.0,10.0,2021.0,144
37.0,0.41,28.0,1.0,0.0,0.0,0.0,0.0,0.0,1.0,0.0,0.0,1197831.0,0.0,0.0,0.0,0.0,1.0,0.0,1.0,35.0,19.0,9.0,2021.0,128
25.0,0.7000000000000001,38.0,0.0,0.0,0.0,1.0,0.0,0.0,1.0,0.0,0.0,1197831.0,0.0,0.0,1.0,0.0,0.0,1.0,0.0,41.0,6.0,5.0,2021.0,98
37.0,0.43000000000000005,51.0,0.0,0.0,1.0,0.0,0.0,0.0,1.0,0.0,0.0,1197831.0,0.0,1.0,0.0,0.0,0.0,0.0,1.0,35.0,19.0,12.0,2021.0,128
25.0,0.7100000000000001,59.0,0.0,0.0,1.0,0.0,0.0,0.0,1.0,0.0,0.0,1197831.0,0.0,0.0,1.0,0.0,0.0,1.0,0.0,41.0,14.0,5.0,2021.0,169
22.0,0.47000000000000003,36.0,0.0,0.0,0.0,1.0,0.0,0.0,1.0,0.0,0.0,1197831.0,0.0,0.0,0.0,1.0,0.0,0.0,1.0,42.0,14.0,9.0,2020.0,204
25.0,0.57,54.0,1.0,0.0,0.0,0.0,0.0,0.0,1.0,0.0,0.0,1197831.0,0.0,0.0,1.0,0.0,0.0,1.0,0.0,41.0,22.0,4.0,2021.0,233
25.0,0.44999999999999996,45.0,1.0,0.0,0.0,0.0,0.0,0.0,1.0,0.0,0.0,1197831.0,0.0,0.0,1.0,0.0,0.0,0.0,1.0,41.0,16.0,4.0,2021.0,825
34.0,0.52,65.0,1.0,0.0,0.0,0.0,0.0,0.0,1.0,0.0,0.0,1128299.0,0.0,0.0,0.0,0.0,1.0,1.0,0.0,17.0,17.0,6.0,2021.0,210
22.0,0.3,45.0,0.0,0.0,0.0,0.0,0.0,0.0,1.0,0.0,0.0,1197831.0,0.0,0.0,0.0,1.0,0.0,0.0,1.0,42.0,16.0,8.0,2020.0,600
22.0,0.45,40.0,0.0,0.0,0.0,1.0,0.0,0.0,1.0,0.0,0.0,1197831.0,0.0,0.0,1.0,0.0,0.0,0.0,1.0,42.0,3.0,8.0,2020.0,600
34.0,0.39999999999999997,55.00000000000001,0.0,0.0,0.0,1.0,0.0,0.0,1.0,0.0,0.0,1128299.0,0.0,0.0,0.0,0.0,1.0,0.0,0.0,17.0,16.0,3.0,2021.0,300
6.0,0.7300000000000001,32.0,0.0,0.0,0.0,1.0,0.0,0.0,1.0,0.0,0.0,1197831.0,0.0,0.0,1.0,0.0,0.0,1.0,0.0,0.0,27.0,9.0,2021.0,91
22.0,0.49,46.0,0.0,0.0,0.0,0.0,1.0,0.0,1.0,0.0,0.0,1197831.0,0.0,0.0,0.0,1.0,0.0,1.0,0.0,42.0,7.0,9.0,2020.0,234
6.0,0.55,35.0,0.0,0.0,0.0,1.0,0.0,0.0,1.0,0.0,0.0,1197831.0,0.0,0.0,1.0,0.0,0.0,0.0,1.0,0.0,28.0,8.0,2021.0,500
6.0,0.49999999999999994,30.000000000000004,0.0,1.0,0.0,0.0,0.0,0.0,1.0,0.0,0.0,1197831.0,0.0,0.0,1.0,0.0,0.0,0.0,1.0,0.0,24.0,9.0,2021.0,525
37.0,0.4,20.0,0.0,0.0,1.0,0.0,0.0,0.0,1.0,0.0,0.0,1197831.0,0.0,0.0,0.0,0.0,1.0,1.0,0.0,35.0,21.0,2.0,2021.0,350
37.0,0.46,10.0,0.0,0.0,0.0,0.0,1.0,0.0,1.0,0.0,0.0,1197831.0,0.0,0.0,0.0,0.0,1.0,0.0,1.0,35.0,20.0,4.0,2021.0,70
25.0,0.6000000000000001,65.0,0.0,0.0,1.0,0.0,0.0,0.0,1.0,0.0,0.0,1197831.0,0.0,0.0,1.0,0.0,0.0,0.0,1.0,41.0,20.0,5.0,2021.0,750
25.0,0.44999999999999996,54.99999999999999,1.0,0.0,0.0,0.0,0.0,0.0,1.0,0.0,0.0,1197831.0,0.0,0.0,1.0,0.0,0.0,0.0,1.0,41.0,16.0,5.0,2021.0,800
24.0,0.61,68.0,0.0,0.0,1.0,0.0,0.0,0.0,1.0,0.0,0.0,1185732.0,0.0,0.0,1.0,0.0,0.0,1.0,0.0,23.0,17.0,11.0,2021.0,158
22.0,0.42,23.0,1.0,0.0,0.0,0.0,0.0,0.0,1.0,0.0,0.0,1197831.0,0.0,0.0,1.0,0.0,0.0,0.0,1.0,42.0,26.0,7.0,2020.0,289
6.0,0.5499999999999999,33.0,0.0,0.0,0.0,0.0,1.0,0.0,1.0,0.0,0.0,1197831.0,0.0,0.0,1.0,0.0,0.0,0.0,1.0,0.0,2.0,10.0,2021.0,196
25.0,0.55,55.00000000000001,0.0,0.0,0.0,1.0,0.0,0.0,1.0,0.0,0.0,1197831.0,0.0,0.0,1.0,0.0,0.0,0.0,1.0,41.0,12.0,5.0,2021.0,475
37.0,0.35,35.0,0.0,0.0,0.0,0.0,0.0,0.0,1.0,0.0,0.0,1197831.0,0.0,1.0,0.0,0.0,0.0,1.0,0.0,35.0,16.0,1.0,2021.0,250
24.0,0.5,75.0,0.0,0.0,1.0,0.0,0.0,0.0,1.0,0.0,0.0,1185732.0,0.0,0.0,1.0,0.0,0.0,1.0,0.0,23.0,16.0,12.0,2021.0,575
27.0,0.44999999999999996,20.0,1.0,0.0,0.0,0.0,0.0,0.0,1.0,0.0,0.0,1197831.0,0.0,0.0,0.0,1.0,0.0,1.0,0.0,3.0,19.0,3.0,2021.0,98
6.0,0.6399999999999999,18.0,0.0,1.0,0.0,0.0,0.0,0.0,1.0,0.0,0.0,1197831.0,0.0,0.0,1.0,0.0,0.0,1.0,0.0,0.0,30.0,9.0,2021.0,169
37.0,0.4,40.0,0.0,0.0,0.0,1.0,0.0,0.0,1.0,0.0,0.0,1197831.0,0.0,0.0,0.0,0.0,1.0,1.0,0.0,35.0,20.0,8.0,2021.0,325
22.0,0.48,41.0,0.0,1.0,0.0,0.0,0.0,0.0,1.0,0.0,0.0,1197831.0,0.0,0.0,0.0,1.0,0.0,1.0,0.0,42.0,26.0,10.0,2020.0,238
15.0,0.5900000000000001,33.0,0.0,0.0,1.0,0.0,0.0,0.0,1.0,0.0,0.0,1197831.0,0.0,0.0,1.0,0.0,0.0,0.0,1.0,42.0,3.0,10.0,2021.0,236
15.0,0.39999999999999997,45.0,0.0,0.0,0.0,0.0,1.0,0.0,1.0,0.0,0.0,1197831.0,0.0,0.0,1.0,0.0,0.0,0.0,1.0,42.0,6.0,10.0,2021.0,575
15.0,0.41,43.0,0.0,0.0,0.0,0.0,0.0,0.0,1.0,0.0,0.0,1197831.0,0.0,0.0,1.0,0.0,0.0,0.0,1.0,42.0,26.0,9.0,2021.0,158
24.0,0.51,24.0,0.0,1.0,0.0,0.0,0.0,0.0,1.0,0.0,0.0,1197831.0,0.0,0.0,1.0,0.0,0.0,1.0,0.0,23.0,21.0,2.0,2021.0,189
6.0,0.49999999999999994,20.000000000000004,0.0,1.0,0.0,0.0,0.0,0.0,1.0,0.0,0.0,1197831.0,0.0,0.0,1.0,0.0,0.0,0.0,1.0,0.0,30.0,9.0,2021.0,625
27.0,0.4,20.0,0.0,0.0,1.0,0.0,0.0,0.0,1.0,0.0,0.0,1197831.0,0.0,0.0,0.0,1.0,0.0,1.0,0.0,3.0,21.0,2.0,2021.0,425
22.0,0.42,20.0,0.0,1.0,0.0,0.0,0.0,0.0,1.0,0.0,0.0,1197831.0,0.0,0.0,1.0,0.0,0.0,0.0,1.0,42.0,31.0,7.0,2020.0,306
37.0,0.4,15.000000000000002,0.0,0.0,0.0,0.0,1.0,0.0,1.0,0.0,0.0,1197831.0,0.0,0.0,0.0,0.0,1.0,1.0,0.0,35.0,20.0,4.0,2021.0,225
22.0,0.3,45.0,0.0,0.0,0.0,0.0,0.0,0.0,1.0,0.0,0.0,1197831.0,0.0,0.0,0.0,1.0,0.0,0.0,1.0,42.0,3.0,9.0,2020.0,650
15.0,0.65,43.0,0.0,0.0,1.0,0.0,0.0,0.0,1.0,0.0,0.0,1197831.0,0.0,0.0,1.0,0.0,0.0,1.0,0.0,42.0,9.0,9.0,2021.0,224
15.0,0.37,47.0,0.0,0.0,0.0,0.0,0.0,0.0,1.0,0.0,0.0,1197831.0,0.0,0.0,1.0,0.0,0.0,0.0,1.0,42.0,20.0,10.0,2021.0,168
27.0,0.51,23.0,0.0,0.0,0.0,0.0,1.0,0.0,1.0,0.0,0.0,1197831.0,0.0,0.0,0.0,0.0,1.0,1.0,0.0,3.0,20.0,11.0,2021.0,90
15.0,0.51,38.0,1.0,0.0,0.0,0.0,0.0,0.0,1.0,0.0,0.0,1197831.0,0.0,0.0,1.0,0.0,0.0,1.0,0.0,42.0,5.0,10.0,2021.0,169
34.0,0.45,60.00000000000001,0.0,0.0,0.0,0.0,0.0,0.0,1.0,0.0,0.0,1128299.0,0.0,0.0,0.0,0.0,1.0,0.0,0.0,17.0,16.0,3.0,2021.0,150
24.0,0.4,25.0,0.0,1.0,0.0,0.0,0.0,0.0,1.0,0.0,0.0,1185732.0,1.0,0.0,0.0,0.0,0.0,1.0,0.0,23.0,16.0,3.0,2021.0,720
15.0,0.55,33.0,0.0,0.0,1.0,0.0,0.0,0.0,1.0,0.0,0.0,1197831.0,0.0,0.0,1.0,0.0,0.0,1.0,0.0,42.0,16.0,8.0,2021.0,147
37.0,0.47,34.0,0.0,0.0,0.0,0.0,0.0,0.0,1.0,0.0,0.0,1197831.0,0.0,0.0,0.0,0.0,1.0,1.0,0.0,35.0,19.0,3.0,2021.0,49
34.0,0.39999999999999997,85.0,0.0,0.0,0.0,1.0,0.0,0.0,1.0,0.0,0.0,1128299.0,0.0,0.0,0.0,0.0,1.0,1.0,0.0,17.0,17.0,6.0,2021.0,575
27.0,0.55,67.0,0.0,1.0,0.0,0.0,0.0,0.0,1.0,0.0,0.0,1197831.0,0.0,0.0,0.0,0.0,1.0,1.0,0.0,3.0,19.0,12.0,2021.0,203
24.0,0.38,54.0,0.0,0.0,0.0,0.0,0.0,0.0,1.0,0.0,0.0,1185732.0,0.0,0.0,1.0,0.0,0.0,0.0,1.0,23.0,16.0,12.0,2021.0,157
27.0,0.52,50.0,0.0,0.0,1.0,0.0,0.0,0.0,1.0,0.0,0.0,1197831.0,0.0,0.0,0.0,1.0,0.0,1.0,0.0,3.0,20.0,8.0,2021.0,143
6.0,0.47,16.0,1.0,0.0,0.0,0.0,0.0,0.0,1.0,0.0,0.0,1197831.0,0.0,0.0,1.0,0.0,0.0,0.0,1.0,0.0,20.0,8.0,2021.0,202
15.0,0.35,45.0,1.0,0.0,0.0,0.0,0.0,0.0,1.0,0.0,0.0,1185732.0,1.0,0.0,0.0,0.0,0.0,0.0,1.0,42.0,23.0,10.0,2021.0,225
6.0,0.5499999999999999,38.0,0.0,1.0,0.0,0.0,0.0,0.0,1.0,0.0,0.0,1197831.0,0.0,0.0,1.0,0.0,0.0,0.0,1.0,0.0,18.0,9.0,2021.0,206
25.0,0.35,45.0,0.0,0.0,0.0,0.0,0.0,0.0,1.0,0.0,0.0,1197831.0,0.0,0.0,1.0,0.0,0.0,0.0,1.0,41.0,7.0,4.0,2021.0,425
37.0,0.42000000000000004,14.0,0.0,0.0,0.0,0.0,1.0,0.0,1.0,0.0,0.0,1197831.0,0.0,0.0,0.0,0.0,1.0,0.0,1.0,35.0,21.0,10.0,2021.0,74
15.0,0.4,34.0,0.0,0.0,0.0,0.0,0.0,0.0,1.0,0.0,0.0,1197831.0,0.0,0.0,1.0,0.0,0.0,1.0,0.0,42.0,2.0,9.0,2021.0,85
27.0,0.35,35.0,0.0,0.0,0.0,0.0,0.0,0.0,1.0,0.0,0.0,1197831.0,0.0,0.0,0.0,1.0,0.0,1.0,0.0,3.0,21.0,2.0,2021.0,325
24.0,0.4,60.00000000000001,0.0,0.0,0.0,1.0,0.0,0.0,1.0,0.0,0.0,1185732.0,0.0,0.0,1.0,0.0,0.0,1.0,0.0,23.0,16.0,12.0,2021.0,475
37.0,0.38,11.0,1.0,0.0,0.0,0.0,0.0,0.0,1.0,0.0,0.0,1197831.0,0.0,1.0,0.0,0.0,0.0,0.0,1.0,35.0,20.0,11.0,2021.0,96
6.0,0.43999999999999995,26.0,0.0,0.0,0.0,0.0,1.0,0.0,1.0,0.0,0.0,1197831.0,0.0,0.0,1.0,0.0,0.0,0.0,1.0,0.0,9.0,8.0,2021.0,136
15.0,0.49,29.0,0.0,0.0,0.0,1.0,0.0,0.0,1.0,0.0,0.0,1197831.0,0.0,0.0,1.0,0.0,0.0,0.0,1.0,42.0,13.0,9.0,2021.0,192
37.0,0.38999999999999996,25.0,1.0,0.0,0.0,0.0,0.0,0.0,1.0,0.0,0.0,1197831.0,0.0,0.0,0.0,0.0,1.0,0.0,1.0,35.0,21.0,6.0,2021.0,123
15.0,0.37,29.0,0.0,0.0,0.0,0.0,0.0,0.0,1.0,0.0,0.0,1197831.0,0.0,0.0,1.0,0.0,0.0,0.0,1.0,42.0,27.0,8.0,2021.0,96
27.0,0.35,35.0,0.0,0.0,0.0,0.0,0.0,0.0,1.0,0.0,0.0,1197831.0,0.0,0.0,0.0,0.0,1.0,1.0,0.0,3.0,23.0,1.0,2021.0,275
27.0,0.39999999999999997,24.0,0.0,0.0,0.0,0.0,0.0,0.0,1.0,0.0,0.0,1197831.0,0.0,0.0,0.0,1.0,0.0,0.0,1.0,3.0,19.0,3.0,2021.0,88
22.0,0.35,45.0,1.0,0.0,0.0,0.0,0.0,0.0,1.0,0.0,0.0,1197831.0,0.0,0.0,0.0,1.0,0.0,0.0,1.0,42.0,25.0,8.0,2020.0,950
34.0,0.53,74.0,0.0,0.0,0.0,1.0,0.0,0.0,1.0,0.0,0.0,1128299.0,0.0,0.0,0.0,0.0,1.0,1.0,0.0,17.0,17.0,8.0,2021.0,128
37.0,0.49,19.0,0.0,0.0,0.0,1.0,0.0,0.0,1.0,0.0,0.0,1197831.0,0.0,1.0,0.0,0.0,0.0,1.0,0.0,35.0,16.0,1.0,2021.0,56
34.0,0.3,35.0,1.0,0.0,0.0,0.0,0.0,0.0,1.0,0.0,0.0,1197831.0,1.0,0.0,0.0,0.0,0.0,1.0,0.0,17.0,4.0,2.0,2021.0,600
37.0,0.35,15.000000000000014,1.0,0.0,0.0,0.0,0.0,0.0,1.0,0.0,0.0,1197831.0,0.0,1.0,0.0,0.0,0.0,1.0,0.0,35.0,20.0,11.0,2021.0,300
25.0,0.44999999999999996,60.0,0.0,0.0,0.0,0.0,1.0,0.0,1.0,0.0,0.0,1197831.0,0.0,0.0,1.0,0.0,0.0,0.0,1.0,41.0,17.0,5.0,2021.0,700
34.0,0.4,28.0,0.0,0.0,0.0,0.0,1.0,0.0,1.0,0.0,0.0,1197831.0,1.0,0.0,0.0,0.0,0.0,1.0,0.0,17.0,5.0,1.0,2021.0,119
37.0,0.35,40.0,1.0,0.0,0.0,0.0,0.0,0.0,1.0,0.0,0.0,1197831.0,0.0,0.0,0.0,0.0,1.0,1.0,0.0,35.0,19.0,5.0,2021.0,300
24.0,0.35,35.00000000000001,0.0,0.0,0.0,0.0,0.0,0.0,1.0,0.0,0.0,1185732.0,0.0,0.0,0.0,1.0,0.0,1.0,0.0,23.0,18.0,10.0,2021.0,350
37.0,0.43000000000000005,15.0,0.0,0.0,0.0,1.0,0.0,0.0,1.0,0.0,0.0,1197831.0,0.0,0.0,0.0,0.0,1.0,0.0,1.0,35.0,20.0,4.0,2021.0,47
22.0,0.35000000000000003,40.0,0.0,1.0,0.0,0.0,0.0,0.0,1.0,0.0,0.0,1128299.0,0.0,0.0,0.0,0.0,1.0,0.0,1.0,42.0,1.0,11.0,2020.0,775
25.0,0.48,25.0,1.0,0.0,0.0,0.0,0.0,0.0,1.0,0.0,0.0,1197831.0,0.0,0.0,1.0,0.0,0.0,0.0,1.0,41.0,4.0,5.0,2021.0,178
22.0,0.43,36.0,0.0,0.0,0.0,0.0,0.0,0.0,1.0,0.0,0.0,1197831.0,0.0,0.0,1.0,0.0,0.0,1.0,0.0,42.0,23.0,7.0,2020.0,154
37.0,0.54,49.0,0.0,1.0,0.0,0.0,0.0,0.0,1.0,0.0,0.0,1197831.0,0.0,0.0,0.0,0.0,1.0,1.0,0.0,35.0,19.0,9.0,2021.0,150
27.0,0.54,55.0,0.0,1.0,0.0,0.0,0.0,0.0,1.0,0.0,0.0,1197831.0,0.0,0.0,0.0,1.0,0.0,1.0,0.0,3.0,20.0,8.0,2021.0,210
27.0,0.35,25.0,1.0,0.0,0.0,0.0,0.0,0.0,1.0,0.0,0.0,1197831.0,0.0,0.0,0.0,1.0,0.0,1.0,0.0,3.0,20.0,4.0,2021.0,300
22.0,0.5,35.0,0.0,0.0,1.0,0.0,0.0,0.0,1.0,0.0,0.0,1197831.0,0.0,0.0,1.0,0.0,0.0,0.0,1.0,42.0,30.0,7.0,2020.0,700
24.0,0.44999999999999996,53.0,1.0,0.0,0.0,0.0,0.0,0.0,1.0,0.0,0.0,1185732.0,0.0,0.0,0.0,1.0,0.0,1.0,0.0,23.0,16.0,7.0,2021.0,156
37.0,0.45,33.0,0.0,0.0,1.0,0.0,0.0,0.0,1.0,0.0,0.0,1197831.0,0.0,0.0,0.0,0.0,1.0,0.0,1.0,35.0,19.0,5.0,2021.0,116
24.0,0.5,35.00000000000001,0.0,0.0,1.0,0.0,0.0,0.0,1.0,0.0,0.0,1185732.0,0.0,0.0,0.0,1.0,0.0,1.0,0.0,23.0,16.0,9.0,2021.0,500
22.0,0.5,36.0,0.0,0.0,0.0,1.0,0.0,0.0,1.0,0.0,0.0,1197831.0,0.0,0.0,0.0,1.0,0.0,0.0,1.0,42.0,23.0,10.0,2020.0,230
25.0,0.55,40.0,0.0,0.0,0.0,1.0,0.0,0.0,1.0,0.0,0.0,1197831.0,0.0,0.0,1.0,0.0,0.0,0.0,1.0,41.0,6.0,5.0,2021.0,375
25.0,0.5599999999999999,29.0,0.0,1.0,0.0,0.0,0.0,0.0,1.0,0.0,0.0,1197831.0,0.0,0.0,1.0,0.0,0.0,1.0,0.0,41.0,9.0,5.0,2021.0,196
25.0,0.39999999999999997,14.999999999999996,0.0,1.0,0.0,0.0,0.0,0.0,1.0,0.0,0.0,1197831.0,0.0,0.0,1.0,0.0,0.0,0.0,1.0,41.0,3.0,4.0,2021.0,725
37.0,0.49,14.0,0.0,0.0,0.0,0.0,1.0,0.0,1.0,0.0,0.0,1197831.0,0.0,1.0,0.0,0.0,0.0,1.0,0.0,35.0,14.0,2.0,2021.0,75
15.0,0.38,39.0,0.0,0.0,0.0,0.0,0.0,0.0,1.0,0.0,0.0,1197831.0,0.0,0.0,1.0,0.0,0.0,0.0,1.0,42.0,20.0,9.0,2021.0,184
6.0,0.55,45.0,0.0,0.0,0.0,1.0,0.0,0.0,1.0,0.0,0.0,1197831.0,0.0,0.0,1.0,0.0,0.0,0.0,1.0,0.0,3.0,9.0,2021.0,600
22.0,0.48,28.0,0.0,0.0,0.0,1.0,0.0,0.0,1.0,0.0,0.0,1197831.0,0.0,0.0,1.0,0.0,0.0,0.0,1.0,42.0,9.0,8.0,2020.0,213
15.0,0.47,41.0,1.0,0.0,0.0,0.0,0.0,0.0,1.0,0.0,0.0,1185732.0,1.0,0.0,0.0,0.0,0.0,1.0,0.0,42.0,23.0,10.0,2021.0,68
15.0,0.35,38.0,0.0,0.0,0.0,0.0,0.0,0.0,1.0,0.0,0.0,1197831.0,0.0,0.0,1.0,0.0,0.0,1.0,0.0,42.0,21.0,8.0,2021.0,75
34.0,0.43999999999999995,52.0,1.0,0.0,0.0,0.0,0.0,0.0,1.0,0.0,0.0,1128299.0,0.0,0.0,0.0,0.0,1.0,0.0,1.0,17.0,16.0,12.0,2021.0,248
6.0,0.49999999999999994,55.00000000000001,0.0,1.0,0.0,0.0,0.0,0.0,1.0,0.0,0.0,1197831.0,0.0,0.0,1.0,0.0,0.0,0.0,1.0,0.0,18.0,9.0,2021.0,625
22.0,0.33999999999999997,26.0,0.0,0.0,0.0,0.0,0.0,0.0,1.0,0.0,0.0,1197831.0,0.0,0.0,1.0,0.0,0.0,0.0,1.0,42.0,23.0,7.0,2020.0,176
37.0,0.4,25.000000000000018,0.0,0.0,0.0,0.0,1.0,0.0,1.0,0.0,0.0,1197831.0,0.0,1.0,0.0,0.0,0.0,1.0,0.0,35.0,20.0,11.0,2021.0,245
25.0,0.5,14.0,0.0,1.0,0.0,0.0,0.0,0.0,1.0,0.0,0.0,1197831.0,0.0,0.0,1.0,0.0,0.0,1.0,0.0,41.0,3.0,4.0,2021.0,189
6.0,0.6299999999999999,59.0,0.0,0.0,0.0,0.0,1.0,0.0,1.0,0.0,0.0,1197831.0,0.0,0.0,1.0,0.0,0.0,1.0,0.0,0.0,20.0,9.0,2021.0,188
24.0,0.47,24.0,1.0,0.0,0.0,0.0,0.0,0.0,1.0,0.0,0.0,1185732.0,1.0,0.0,0.0,0.0,0.0,1.0,0.0,23.0,16.0,3.0,2021.0,100
24.0,0.35,40.0,0.0,0.0,0.0,0.0,0.0,0.0,1.0,0.0,0.0,1185732.0,1.0,0.0,0.0,0.0,0.0,1.0,0.0,23.0,17.0,4.0,2021.0,325
22.0,0.5,50.0,0.0,0.0,1.0,0.0,0.0,0.0,1.0,0.0,0.0,1197831.0,0.0,0.0,0.0,1.0,0.0,0.0,1.0,42.0,29.0,8.0,2020.0,975
25.0,0.39999999999999997,40.0,1.0,0.0,0.0,0.0,0.0,0.0,1.0,0.0,0.0,1197831.0,0.0,0.0,1.0,0.0,0.0,0.0,1.0,41.0,23.0,3.0,2021.0,650
6.0,0.52,15.0,0.0,1.0,0.0,0.0,0.0,0.0,1.0,0.0,0.0,1197831.0,0.0,0.0,1.0,0.0,0.0,0.0,1.0,0.0,19.0,8.0,2021.0,215
6.0,0.44999999999999996,30.000000000000004,0.0,0.0,0.0,0.0,0.0,0.0,1.0,0.0,0.0,1197831.0,0.0,0.0,1.0,0.0,0.0,0.0,1.0,0.0,28.0,9.0,2021.0,300
22.0,0.38,36.0,0.0,0.0,0.0,0.0,1.0,0.0,1.0,0.0,0.0,1197831.0,0.0,0.0,0.0,1.0,0.0,0.0,1.0,42.0,7.0,9.0,2020.0,315
34.0,0.3,35.0,0.0,0.0,0.0,0.0,1.0,0.0,1.0,0.0,0.0,1197831.0,1.0,0.0,0.0,0.0,0.0,1.0,0.0,17.0,4.0,2.0,2021.0,425
15.0,0.48,56.0,0.0,0.0,0.0,0.0,0.0,0.0,1.0,0.0,0.0,1197831.0,0.0,0.0,1.0,0.0,0.0,1.0,0.0,42.0,14.0,10.0,2021.0,138
34.0,0.39999999999999997,45.0,0.0,1.0,0.0,0.0,0.0,0.0,1.0,0.0,0.0,1128299.0,0.0,0.0,0.0,0.0,1.0,0.0,0.0,17.0,16.0,3.0,2021.0,525
25.0,0.44999999999999996,30.000000000000004,1.0,0.0,0.0,0.0,0.0,0.0,1.0,0.0,0.0,1197831.0,0.0,0.0,1.0,0.0,0.0,0.0,1.0,41.0,10.0,5.0,2021.0,675
25.0,0.6,49.0,0.0,1.0,0.0,0.0,0.0,0.0,1.0,0.0,0.0,1197831.0,0.0,0.0,1.0,0.0,0.0,1.0,0.0,41.0,27.0,4.0,2021.0,182
37.0,0.52,18.0,0.0,0.0,0.0,1.0,0.0,0.0,1.0,0.0,0.0,1197831.0,0.0,0.0,0.0,0.0,1.0,1.0,0.0,35.0,21.0,10.0,2021.0,52
6.0,0.6399999999999999,44.0,0.0,1.0,0.0,0.0,0.0,0.0,1.0,0.0,0.0,1197831.0,0.0,0.0,1.0,0.0,0.0,1.0,0.0,0.0,6.0,9.0,2021.0,206
34.0,0.5499999999999999,51.0,1.0,0.0,0.0,0.0,0.0,0.0,1.0,0.0,0.0,1128299.0,0.0,0.0,0.0,0.0,1.0,1.0,0.0,17.0,16.0,3.0,2021.0,101
6.0,0.44999999999999996,60.0,0.0,0.0,0.0,0.0,0.0,0.0,1.0,0.0,0.0,1197831.0,0.0,0.0,1.0,0.0,0.0,0.0,1.0,0.0,10.0,10.0,2021.0,500
22.0,0.33999999999999997,35.0,0.0,0.0,0.0,0.0,0.0,0.0,1.0,0.0,0.0,1197831.0,0.0,0.0,0.0,1.0,0.0,0.0,1.0,42.0,3.0,9.0,2020.0,228
15.0,0.39999999999999997,40.0,0.0,0.0,0.0,1.0,0.0,0.0,1.0,0.0,0.0,1185732.0,1.0,0.0,0.0,0.0,0.0,0.0,1.0,42.0,25.0,10.0,2021.0,75
37.0,0.45,7.0,0.0,0.0,0.0,0.0,1.0,0.0,1.0,0.0,0.0,1197831.0,0.0,0.0,0.0,0.0,1.0,0.0,1.0,35.0,19.0,3.0,2021.0,83
34.0,0.39999999999999997,45.000000000000014,1.0,0.0,0.0,0.0,0.0,0.0,1.0,0.0,0.0,1128299.0,0.0,0.0,0.0,0.0,1.0,1.0,0.0,17.0,17.0,11.0,2021.0,700
22.0,0.44999999999999996,37.0,0.0,1.0,0.0,0.0,0.0,0.0,1.0,0.0,0.0,1197831.0,0.0,0.0,0.0,1.0,0.0,1.0,0.0,42.0,24.0,8.0,2020.0,238
27.0,0.55,18.0,0.0,0.0,0.0,1.0,0.0,0.0,1.0,0.0,0.0,1197831.0,0.0,0.0,0.0,0.0,1.0,1.0,0.0,3.0,23.0,1.0,2021.0,65
34.0,0.5700000000000001,92.0,0.0,0.0,0.0,0.0,0.0,0.0,1.0,0.0,0.0,1128299.0,0.0,0.0,0.0,0.0,1.0,1.0,0.0,17.0,17.0,6.0,2021.0,117
34.0,0.39999999999999997,75.00000000000003,0.0,0.0,0.0,0.0,1.0,0.0,1.0,0.0,0.0,1128299.0,1.0,0.0,0.0,0.0,0.0,1.0,0.0,17.0,16.0,12.0,2021.0,600
6.0,0.52,28.0,0.0,0.0,0.0,0.0,1.0,0.0,1.0,0.0,0.0,1185732.0,0.0,0.0,0.0,0.0,0.0,1.0,0.0,0.0,14.0,10.0,2021.0,63
6.0,0.6499999999999999,52.0,1.0,0.0,0.0,0.0,0.0,0.0,1.0,0.0,0.0,1197831.0,0.0,0.0,1.0,0.0,0.0,1.0,0.0,0.0,13.0,9.0,2021.0,210
37.0,0.4,60.0,0.0,0.0,1.0,0.0,0.0,0.0,1.0,0.0,0.0,1197831.0,0.0,0.0,0.0,0.0,1.0,1.0,0.0,35.0,21.0,6.0,2021.0,475
27.0,0.52,14.0,0.0,0.0,0.0,0.0,1.0,0.0,1.0,0.0,0.0,1197831.0,0.0,0.0,0.0,1.0,0.0,1.0,0.0,3.0,19.0,9.0,2021.0,88
15.0,0.5,53.0,1.0,0.0,0.0,0.0,0.0,0.0,1.0,0.0,0.0,1197831.0,0.0,0.0,1.0,0.0,0.0,1.0,0.0,42.0,23.0,9.0,2021.0,208
22.0,0.32999999999999996,28.0,0.0,0.0,0.0,0.0,0.0,0.0,1.0,0.0,0.0,1197831.0,0.0,0.0,1.0,0.0,0.0,0.0,1.0,42.0,29.0,7.0,2020.0,160
25.0,0.51,36.0,0.0,1.0,0.0,0.0,0.0,0.0,1.0,0.0,0.0,1197831.0,0.0,0.0,1.0,0.0,0.0,1.0,0.0,41.0,9.0,4.0,2021.0,217
24.0,0.47000000000000003,11.0,0.0,0.0,0.0,0.0,1.0,0.0,1.0,0.0,0.0,1185732.0,1.0,0.0,0.0,0.0,0.0,0.0,1.0,23.0,16.0,3.0,2021.0,136
37.0,0.42000000000000004,15.0,0.0,0.0,0.0,1.0,0.0,0.0,1.0,0.0,0.0,1197831.0,0.0,0.0,0.0,0.0,1.0,0.0,1.0,35.0,21.0,10.0,2021.0,62
6.0,0.49999999999999994,55.00000000000001,0.0,0.0,0.0,0.0,1.0,0.0,1.0,0.0,0.0,1197831.0,0.0,0.0,1.0,0.0,0.0,0.0,1.0,0.0,14.0,9.0,2021.0,925
6.0,0.3,35.0,0.0,0.0,0.0,1.0,0.0,0.0,1.0,0.0,0.0,1185732.0,0.0,0.0,0.0,0.0,0.0,0.0,1.0,0.0,15.0,10.0,2021.0,100
24.0,0.56,26.0,0.0,0.0,1.0,0.0,0.0,0.0,1.0,0.0,0.0,1185732.0,0.0,0.0,0.0,1.0,0.0,0.0,1.0,23.0,16.0,9.0,2021.0,160
37.0,0.4,25.0,0.0,1.0,0.0,0.0,0.0,0.0,1.0,0.0,0.0,1197831.0,0.0,0.0,0.0,0.0,1.0,1.0,0.0,35.0,20.0,4.0,2021.0,525
24.0,0.4,30.00000000000001,0.0,1.0,0.0,0.0,0.0,0.0,1.0,0.0,0.0,1185732.0,0.0,0.0,1.0,0.0,0.0,1.0,0.0,23.0,17.0,11.0,2021.0,625
15.0,0.35,20.0,0.0,1.0,0.0,0.0,0.0,0.0,1.0,0.0,0.0,1197831.0,0.0,0.0,1.0,0.0,0.0,0.0,1.0,42.0,29.0,8.0,2021.0,700
6.0,0.44999999999999996,40.0,1.0,0.0,0.0,0.0,0.0,0.0,1.0,0.0,0.0,1197831.0,0.0,0.0,1.0,0.0,0.0,0.0,1.0,0.0,14.0,8.0,2021.0,625
15.0,0.3,35.0,0.0,0.0,0.0,0.0,0.0,0.0,1.0,0.0,0.0,1197831.0,0.0,0.0,1.0,0.0,0.0,0.0,1.0,42.0,2.0,9.0,2021.0,325
15.0,0.39999999999999997,50.0,0.0,0.0,0.0,0.0,1.0,0.0,1.0,0.0,0.0,1197831.0,0.0,0.0,1.0,0.0,0.0,0.0,1.0,42.0,24.0,9.0,2021.0,975
34.0,0.5499999999999999,83.0,0.0,0.0,0.0,0.0,1.0,0.0,1.0,0.0,0.0,1128299.0,0.0,0.0,0.0,0.0,1.0,1.0,0.0,17.0,17.0,6.0,2021.0,203
25.0,0.44999999999999996,55.00000000000001,1.0,0.0,0.0,0.0,0.0,0.0,1.0,0.0,0.0,1197831.0,0.0,0.0,1.0,0.0,0.0,0.0,1.0,41.0,22.0,4.0,2021.0,775
25.0,0.6000000000000001,44.0,0.0,0.0,0.0,1.0,0.0,0.0,1.0,0.0,0.0,1197831.0,0.0,0.0,1.0,0.0,0.0,0.0,1.0,41.0,18.0,5.0,2021.0,176
27.0,0.54,19.0,0.0,0.0,1.0,0.0,0.0,0.0,1.0,0.0,0.0,1197831.0,0.0,0.0,0.0,1.0,0.0,1.0,0.0,3.0,21.0,2.0,2021.0,115
24.0,0.62,24.0,0.0,0.0,1.0,0.0,0.0,0.0,1.0,0.0,0.0,1185732.0,1.0,0.0,0.0,0.0,0.0,1.0,0.0,23.0,16.0,3.0,2021.0,123
15.0,0.35,30.000000000000004,1.0,0.0,0.0,0.0,0.0,0.0,1.0,0.0,0.0,1197831.0,0.0,0.0,1.0,0.0,0.0,0.0,1.0,42.0,5.0,9.0,2021.0,775
15.0,0.39999999999999997,37.0,0.0,0.0,0.0,0.0,0.0,0.0,1.0,0.0,0.0,1197831.0,0.0,0.0,1.0,0.0,0.0,0.0,1.0,42.0,2.0,10.0,2021.0,149
15.0,0.39999999999999997,40.0,1.0,0.0,0.0,0.0,0.0,0.0,1.0,0.0,0.0,1197831.0,0.0,0.0,1.0,0.0,0.0,0.0,1.0,42.0,11.0,10.0,2021.0,725
37.0,0.35,75.00000000000001,0.0,0.0,0.0,0.0,0.0,0.0,1.0,0.0,0.0,1197831.0,0.0,1.0,0.0,0.0,0.0,1.0,0.0,35.0,20.0,11.0,2021.0,275
24.0,0.5,19.0,0.0,0.0,0.0,0.0,1.0,0.0,1.0,0.0,0.0,1185732.0,0.0,0.0,0.0,1.0,0.0,1.0,0.0,23.0,16.0,9.0,2021.0,123
22.0,0.44999999999999996,41.0,1.0,0.0,0.0,0.0,0.0,0.0,1.0,0.0,0.0,1197831.0,0.0,0.0,0.0,1.0,0.0,1.0,0.0,42.0,31.0,8.0,2020.0,259
15.0,0.5499999999999999,46.0,0.0,0.0,0.0,0.0,1.0,0.0,1.0,0.0,0.0,1197831.0,0.0,0.0,1.0,0.0,0.0,1.0,0.0,42.0,24.0,9.0,2021.0,273
34.0,0.39999999999999997,75.00000000000001,0.0,0.0,0.0,1.0,0.0,0.0,1.0,0.0,0.0,1128299.0,0.0,0.0,0.0,0.0,1.0,1.0,0.0,17.0,17.0,8.0,2021.0,475
6.0,0.66,18.0,0.0,0.0,0.0,1.0,0.0,0.0,1.0,0.0,0.0,1197831.0,0.0,0.0,1.0,0.0,0.0,1.0,0.0,0.0,22.0,8.0,2021.0,113
25.0,0.6000000000000001,54.99999999999999,0.0,0.0,1.0,0.0,0.0,0.0,1.0,0.0,0.0,1197831.0,0.0,0.0,1.0,0.0,0.0,0.0,1.0,41.0,26.0,4.0,2021.0,725
34.0,0.5,72.0,1.0,0.0,0.0,0.0,0.0,0.0,1.0,0.0,0.0,1128299.0,0.0,0.0,0.0,0.0,1.0,1.0,0.0,17.0,16.0,12.0,2021.0,216
22.0,0.35,40.0,0.0,1.0,0.0,0.0,0.0,0.0,1.0,0.0,0.0,1197831.0,0.0,0.0,0.0,1.0,0.0,0.0,1.0,42.0,24.0,8.0,2020.0,950
15.0,0.62,59.0,0.0,0.0,0.0,1.0,0.0,0.0,1.0,0.0,0.0,1197831.0,0.0,0.0,1.0,0.0,0.0,1.0,0.0,42.0,19.0,10.0,2021.0,173
27.0,0.4,20.0,0.0,0.0,0.0,1.0,0.0,0.0,1.0,0.0,0.0,1197831.0,0.0,0.0,0.0,0.0,1.0,1.0,0.0,3.0,23.0,1.0,2021.0,225
34.0,0.52,38.0,0.0,0.0,0.0,0.0,1.0,0.0,1.0,0.0,0.0,1128299.0,0.0,0.0,0.0,0.0,1.0,1.0,0.0,17.0,17.0,11.0,2021.0,137
37.0,0.4,15.000000000000007,0.0,0.0,0.0,0.0,1.0,0.0,1.0,0.0,0.0,1197831.0,0.0,0.0,0.0,0.0,1.0,1.0,0.0,35.0,19.0,9.0,2021.0,275
15.0,0.36,38.0,0.0,0.0,0.0,0.0,0.0,0.0,1.0,0.0,0.0,1197831.0,0.0,0.0,1.0,0.0,0.0,0.0,1.0,42.0,8.0,9.0,2021.0,153
24.0,0.5700000000000001,51.0,0.0,0.0,1.0,0.0,0.0,0.0,1.0,0.0,0.0,1185732.0,0.0,0.0,1.0,0.0,0.0,0.0,1.0,23.0,17.0,11.0,2021.0,168
15.0,0.35,24.999999999999996,0.0,0.0,0.0,0.0,1.0,0.0,1.0,0.0,0.0,1197831.0,0.0,0.0,1.0,0.0,0.0,0.0,1.0,42.0,31.0,8.0,2021.0,525
15.0,0.45,28.0,0.0,0.0,0.0,1.0,0.0,0.0,1.0,0.0,0.0,1197831.0,0.0,0.0,1.0,0.0,0.0,0.0,1.0,42.0,20.0,8.0,2021.0,136
37.0,0.42,14.0,1.0,0.0,0.0,0.0,0.0,0.0,1.0,0.0,0.0,1197831.0,0.0,0.0,0.0,0.0,1.0,0.0,1.0,35.0,21.0,10.0,2021.0,112
27.0,0.49,55.0,0.0,0.0,0.0,0.0,0.0,0.0,1.0,0.0,0.0,1197831.0,0.0,0.0,0.0,1.0,0.0,1.0,0.0,3.0,19.0,7.0,2021.0,119
6.0,0.6199999999999999,64.0,0.0,0.0,0.0,0.0,1.0,0.0,1.0,0.0,0.0,1197831.0,0.0,0.0,1.0,0.0,0.0,1.0,0.0,0.0,8.0,10.0,2021.0,175
15.0,0.42,33.0,0.0,0.0,0.0,0.0,1.0,0.0,1.0,0.0,0.0,1197831.0,0.0,0.0,1.0,0.0,0.0,0.0,1.0,42.0,18.0,9.0,2021.0,322
37.0,0.38999999999999996,27.0,0.0,0.0,0.0,0.0,0.0,0.0,1.0,0.0,0.0,1197831.0,0.0,0.0,0.0,0.0,1.0,0.0,1.0,35.0,20.0,4.0,2021.0,54
22.0,0.37,24.0,0.0,0.0,0.0,0.0,1.0,0.0,1.0,0.0,0.0,1197831.0,0.0,0.0,1.0,0.0,0.0,0.0,1.0,42.0,8.0,8.0,2020.0,232
15.0,0.38999999999999996,30.0,0.0,0.0,0.0,0.0,1.0,0.0,1.0,0.0,0.0,1197831.0,0.0,0.0,1.0,0.0,0.0,0.0,1.0,42.0,12.0,9.0,2021.0,215
37.0,0.54,23.0,0.0,0.0,1.0,0.0,0.0,0.0,1.0,0.0,0.0,1197831.0,0.0,0.0,0.0,0.0,1.0,1.0,0.0,35.0,19.0,3.0,2021.0,69
34.0,0.47,38.0,0.0,1.0,0.0,0.0,0.0,0.0,1.0,0.0,0.0,1128299.0,0.0,0.0,0.0,0.0,1.0,0.0,1.0,17.0,17.0,4.0,2021.0,168
37.0,0.35,70.0,0.0,0.0,0.0,0.0,0.0,0.0,1.0,0.0,0.0,1197831.0,0.0,1.0,0.0,0.0,0.0,1.0,0.0,35.0,19.0,12.0,2021.0,325
25.0,0.53,49.0,0.0,0.0,0.0,0.0,0.0,0.0,1.0,0.0,0.0,1197831.0,0.0,0.0,1.0,0.0,0.0,1.0,0.0,41.0,25.0,4.0,2021.0,133
22.0,0.62,53.0,0.0,0.0,1.0,0.0,0.0,0.0,1.0,0.0,0.0,1197831.0,0.0,0.0,0.0,1.0,0.0,1.0,0.0,42.0,31.0,10.0,2020.0,261
22.0,0.44999999999999996,42.0,0.0,0.0,0.0,0.0,0.0,0.0,1.0,0.0,0.0,1197831.0,0.0,0.0,0.0,1.0,0.0,1.0,0.0,42.0,30.0,10.0,2020.0,169
37.0,0.4,75.0,0.0,0.0,1.0,0.0,0.0,0.0,1.0,0.0,0.0,1197831.0,0.0,1.0,0.0,0.0,0.0,1.0,0.0,35.0,19.0,12.0,2021.0,425
37.0,0.35,40.0,0.0,0.0,0.0,0.0,0.0,0.0,1.0,0.0,0.0,1197831.0,0.0,0.0,0.0,0.0,1.0,1.0,0.0,35.0,20.0,4.0,2021.0,175
34.0,0.54,86.0,0.0,0.0,0.0,1.0,0.0,0.0,1.0,0.0,0.0,1128299.0,0.0,0.0,0.0,0.0,1.0,1.0,0.0,17.0,16.0,7.0,2021.0,168
6.0,0.6500000000000001,60.0,0.0,0.0,1.0,0.0,0.0,0.0,1.0,0.0,0.0,1197831.0,0.0,0.0,1.0,0.0,0.0,0.0,1.0,0.0,17.0,9.0,2021.0,675
24.0,0.5,65.0,0.0,0.0,1.0,0.0,0.0,0.0,1.0,0.0,0.0,1185732.0,1.0,0.0,0.0,0.0,0.0,1.0,0.0,23.0,18.0,6.0,2021.0,625
25.0,0.41,37.0,0.0,0.0,0.0,0.0,0.0,0.0,1.0,0.0,0.0,1197831.0,0.0,0.0,1.0,0.0,0.0,1.0,0.0,41.0,20.0,3.0,2021.0,83
25.0,0.5900000000000001,31.0,0.0,0.0,1.0,0.0,0.0,0.0,1.0,0.0,0.0,1197831.0,0.0,0.0,1.0,0.0,0.0,0.0,1.0,41.0,8.0,4.0,2021.0,271
37.0,0.42,26.0,0.0,0.0,0.0,0.0,0.0,0.0,1.0,0.0,0.0,1197831.0,0.0,0.0,0.0,0.0,1.0,0.0,1.0,35.0,19.0,3.0,2021.0,61
22.0,0.62,53.0,0.0,0.0,1.0,0.0,0.0,0.0,1.0,0.0,0.0,1197831.0,0.0,0.0,0.0,1.0,0.0,1.0,0.0,42.0,16.0,9.0,2020.0,210
24.0,0.54,32.0,0.0,1.0,0.0,0.0,0.0,0.0,1.0,0.0,0.0,1185732.0,0.0,0.0,0.0,1.0,0.0,1.0,0.0,23.0,18.0,10.0,2021.0,176
15.0,0.35,55.00000000000001,0.0,0.0,0.0,0.0,0.0,0.0,1.0,0.0,0.0,1197831.0,0.0,0.0,1.0,0.0,0.0,0.0,1.0,42.0,2.0,10.0,2021.0,450
22.0,0.61,39.0,0.0,0.0,1.0,0.0,0.0,0.0,1.0,0.0,0.0,1197831.0,0.0,0.0,0.0,1.0,0.0,1.0,0.0,42.0,11.0,8.0,2020.0,232
25.0,0.5,25.000000000000007,0.0,0.0,0.0,1.0,0.0,0.0,1.0,0.0,0.0,1197831.0,0.0,0.0,1.0,0.0,0.0,0.0,1.0,41.0,31.0,3.0,2021.0,400
37.0,0.4,75.0,0.0,0.0,1.0,0.0,0.0,0.0,1.0,0.0,0.0,1197831.0,0.0,1.0,0.0,0.0,0.0,1.0,0.0,35.0,20.0,11.0,2021.0,375
27.0,0.4,25.0,0.0,1.0,0.0,0.0,0.0,0.0,1.0,0.0,0.0,1197831.0,0.0,0.0,0.0,1.0,0.0,1.0,0.0,3.0,20.0,4.0,2021.0,600
27.0,0.49,32.0,1.0,0.0,0.0,0.0,0.0,0.0,1.0,0.0,0.0,1197831.0,0.0,0.0,0.0,1.0,0.0,1.0,0.0,3.0,21.0,6.0,2021.0,106
6.0,0.38999999999999996,29.0,0.0,0.0,0.0,0.0,0.0,0.0,1.0,0.0,0.0,1197831.0,0.0,0.0,1.0,0.0,0.0,0.0,1.0,0.0,11.0,8.0,2021.0,85
15.0,0.55,41.0,0.0,0.0,0.0,1.0,0.0,0.0,1.0,0.0,0.0,1197831.0,0.0,0.0,1.0,0.0,0.0,0.0,1.0,42.0,1.0,10.0,2021.0,135
24.0,0.52,56.0,0.0,0.0,0.0,1.0,0.0,0.0,1.0,0.0,0.0,1185732.0,0.0,0.0,1.0,0.0,0.0,1.0,0.0,23.0,16.0,12.0,2021.0,133
24.0,0.44999999999999996,24.0,1.0,0.0,0.0,0.0,0.0,0.0,1.0,0.0,0.0,1197831.0,0.0,0.0,1.0,0.0,0.0,1.0,0.0,23.0,21.0,2.0,2021.0,105
24.0,0.44,17.0,0.0,1.0,0.0,0.0,0.0,0.0,1.0,0.0,0.0,1197831.0,0.0,0.0,1.0,0.0,0.0,0.0,1.0,23.0,23.0,1.0,2021.0,215
15.0,0.35,30.0,0.0,1.0,0.0,0.0,0.0,0.0,1.0,0.0,0.0,1197831.0,0.0,0.0,1.0,0.0,0.0,0.0,1.0,42.0,23.0,8.0,2021.0,675
24.0,0.35,45.000000000000014,1.0,0.0,0.0,0.0,0.0,0.0,1.0,0.0,0.0,1185732.0,0.0,0.0,0.0,1.0,0.0,1.0,0.0,23.0,16.0,9.0,2021.0,525
24.0,0.35,25.00000000000001,1.0,0.0,0.0,0.0,0.0,0.0,1.0,0.0,0.0,1185732.0,0.0,0.0,0.0,1.0,0.0,1.0,0.0,23.0,18.0,10.0,2021.0,500
15.0,0.47,44.0,0.0,0.0,0.0,0.0,1.0,0.0,1.0,0.0,0.0,1197831.0,0.0,0.0,1.0,0.0,0.0,1.0,0.0,42.0,12.0,9.0,2021.0,176
22.0,0.45,40.0,0.0,0.0,0.0,1.0,0.0,0.0,1.0,0.0,0.0,1197831.0,0.0,0.0,0.0,1.0,0.0,0.0,1.0,42.0,15.0,8.0,2020.0,700
15.0,0.43999999999999995,46.0,0.0,0.0,0.0,0.0,1.0,0.0,1.0,0.0,0.0,1197831.0,0.0,0.0,1.0,0.0,0.0,0.0,1.0,42.0,18.0,10.0,2021.0,239
22.0,0.3,45.0,0.0,0.0,0.0,0.0,0.0,0.0,1.0,0.0,0.0,1197831.0,0.0,0.0,0.0,1.0,0.0,0.0,1.0,42.0,28.0,8.0,2020.0,700
22.0,0.48,33.0,0.0,0.0,0.0,0.0,1.0,0.0,1.0,0.0,0.0,1197831.0,0.0,0.0,0.0,1.0,0.0,1.0,0.0,42.0,14.0,8.0,2020.0,225
24.0,0.64,33.0,0.0,0.0,1.0,0.0,0.0,0.0,1.0,0.0,0.0,1185732.0,0.0,0.0,1.0,0.0,0.0,1.0,0.0,23.0,18.0,10.0,2021.0,124
27.0,0.35,70.0,0.0,0.0,0.0,0.0,0.0,0.0,1.0,0.0,0.0,1197831.0,0.0,0.0,0.0,0.0,1.0,1.0,0.0,3.0,19.0,12.0,2021.0,400
6.0,0.49999999999999994,65.0,0.0,0.0,0.0,0.0,1.0,0.0,1.0,0.0,0.0,1197831.0,0.0,0.0,1.0,0.0,0.0,0.0,1.0,0.0,8.0,10.0,2021.0,700
37.0,0.4,60.00000000000001,0.0,0.0,0.0,1.0,0.0,0.0,1.0,0.0,0.0,1197831.0,0.0,1.0,0.0,0.0,0.0,1.0,0.0,35.0,19.0,12.0,2021.0,325
25.0,0.3,40.0,0.0,0.0,0.0,0.0,0.0,0.0,1.0,0.0,0.0,1197831.0,0.0,0.0,1.0,0.0,0.0,0.0,1.0,41.0,20.0,3.0,2021.0,275
27.0,0.4,19.999999999999996,0.0,0.0,0.0,1.0,0.0,0.0,1.0,0.0,0.0,1197831.0,0.0,0.0,0.0,1.0,0.0,1.0,0.0,3.0,19.0,3.0,2021.0,200
15.0,0.32,19.0,0.0,1.0,0.0,0.0,0.0,0.0,1.0,0.0,0.0,1197831.0,0.0,0.0,1.0,0.0,0.0,0.0,1.0,42.0,17.0,8.0,2021.0,230
37.0,0.38,41.0,0.0,0.0,0.0,0.0,0.0,0.0,1.0,0.0,0.0,1197831.0,0.0,0.0,0.0,0.0,1.0,0.0,1.0,35.0,21.0,6.0,2021.0,105
15.0,0.35,55.00000000000001,0.0,0.0,0.0,0.0,0.0,0.0,1.0,0.0,0.0,1197831.0,0.0,0.0,1.0,0.0,0.0,0.0,1.0,42.0,26.0,9.0,2021.0,525
25.0,0.5499999999999999,19.0,0.0,0.0,0.0,0.0,1.0,0.0,1.0,0.0,0.0,1197831.0,0.0,0.0,1.0,0.0,0.0,1.0,0.0,41.0,30.0,3.0,2021.0,135
37.0,0.35,25.0,1.0,0.0,0.0,0.0,0.0,0.0,1.0,0.0,0.0,1197831.0,0.0,0.0,0.0,0.0,1.0,1.0,0.0,35.0,20.0,4.0,2021.0,225
22.0,0.3,50.0,0.0,0.0,0.0,1.0,0.0,0.0,1.0,0.0,0.0,1128299.0,0.0,0.0,0.0,0.0,1.0,0.0,1.0,42.0,4.0,11.0,2020.0,625
34.0,0.39999999999999997,45.000000000000014,0.0,0.0,0.0,0.0,1.0,0.0,1.0,0.0,0.0,1128299.0,0.0,0.0,0.0,0.0,1.0,1.0,0.0,17.0,18.0,9.0,2021.0,300
27.0,0.5,39.0,0.0,0.0,0.0,1.0,0.0,0.0,1.0,0.0,0.0,1197831.0,0.0,0.0,0.0,1.0,0.0,1.0,0.0,3.0,20.0,8.0,2021.0,104
22.0,0.42,33.0,0.0,1.0,0.0,0.0,0.0,0.0,1.0,0.0,0.0,1197831.0,0.0,0.0,0.0,1.0,0.0,0.0,1.0,42.0,5.0,9.0,2020.0,264
22.0,0.5,55.00000000000001,0.0,0.0,1.0,0.0,0.0,0.0,1.0,0.0,0.0,1197831.0,0.0,0.0,0.0,1.0,0.0,0.0,1.0,42.0,31.0,10.0,2020.0,900
6.0,0.5199999999999999,14.0,1.0,0.0,0.0,0.0,0.0,0.0,1.0,0.0,0.0,1197831.0,0.0,0.0,1.0,0.0,0.0,0.0,1.0,0.0,1.0,10.0,2021.0,200
22.0,0.45999999999999996,34.0,0.0,0.0,0.0,0.0,1.0,0.0,1.0,0.0,0.0,1197831.0,0.0,0.0,1.0,0.0,0.0,1.0,0.0,42.0,8.0,8.0,2020.0,203
6.0,0.5499999999999999,37.0,1.0,0.0,0.0,0.0,0.0,0.0,1.0,0.0,0.0,1197831.0,0.0,0.0,1.0,0.0,0.0,0.0,1.0,0.0,7.0,9.0,2021.0,264
15.0,0.56,44.0,0.0,0.0,0.0,1.0,0.0,0.0,1.0,0.0,0.0,1197831.0,0.0,0.0,1.0,0.0,0.0,0.0,1.0,42.0,19.0,10.0,2021.0,190
24.0,0.4,40.0,0.0,1.0,0.0,0.0,0.0,0.0,1.0,0.0,0.0,1185732.0,1.0,0.0,0.0,0.0,0.0,1.0,0.0,23.0,16.0,5.0,2021.0,745
37.0,0.48,33.0,0.0,0.0,0.0,0.0,0.0,0.0,1.0,0.0,0.0,1197831.0,0.0,1.0,0.0,0.0,0.0,1.0,0.0,35.0,16.0,1.0,2021.0,65
15.0,0.55,50.0,0.0,0.0,1.0,0.0,0.0,0.0,1.0,0.0,0.0,1197831.0,0.0,0.0,1.0,0.0,0.0,0.0,1.0,42.0,3.0,10.0,2021.0,675
27.0,0.4,20.00000000000001,0.0,0.0,0.0,0.0,1.0,0.0,1.0,0.0,0.0,1197831.0,0.0,0.0,0.0,1.0,0.0,1.0,0.0,3.0,21.0,10.0,2021.0,300
37.0,0.35,60.00000000000001,1.0,0.0,0.0,0.0,0.0,0.0,1.0,0.0,0.0,1197831.0,0.0,1.0,0.0,0.0,0.0,1.0,0.0,35.0,19.0,12.0,2021.0,425
37.0,0.38,35.0,1.0,0.0,0.0,0.0,0.0,0.0,1.0,0.0,0.0,1197831.0,0.0,0.0,0.0,0.0,1.0,0.0,1.0,35.0,19.0,7.0,2021.0,135
22.0,0.31,49.0,1.0,0.0,0.0,0.0,0.0,0.0,1.0,0.0,0.0,1128299.0,0.0,0.0,0.0,0.0,1.0,1.0,0.0,42.0,2.0,11.0,2020.0,194
6.0,0.6299999999999999,50.0,1.0,0.0,0.0,0.0,0.0,0.0,1.0,0.0,0.0,1197831.0,0.0,0.0,1.0,0.0,0.0,1.0,0.0,0.0,19.0,9.0,2021.0,144
27.0,0.47,69.0,0.0,0.0,0.0,0.0,0.0,0.0,1.0,0.0,0.0,1197831.0,0.0,0.0,0.0,0.0,1.0,1.0,0.0,3.0,20.0,11.0,2021.0,91
6.0,0.35,40.0,0.0,0.0,0.0,0.0,0.0,0.0,1.0,0.0,0.0,1197831.0,0.0,0.0,1.0,0.0,0.0,0.0,1.0,0.0,5.0,8.0,2021.0,325
25.0,0.44999999999999996,50.0,0.0,1.0,0.0,0.0,0.0,0.0,1.0,0.0,0.0,1197831.0,0.0,0.0,1.0,0.0,0.0,0.0,1.0,41.0,27.0,4.0,2021.0,675
25.0,0.5,40.0,0.0,0.0,0.0,1.0,0.0,0.0,1.0,0.0,0.0,1197831.0,0.0,0.0,1.0,0.0,0.0,0.0,1.0,41.0,12.0,4.0,2021.0,600
6.0,0.49999999999999994,42.0,0.0,0.0,0.0,0.0,0.0,0.0,1.0,0.0,0.0,1197831.0,0.0,0.0,1.0,0.0,0.0,0.0,1.0,0.0,16.0,9.0,2021.0,140
24.0,0.45,43.0,0.0,0.0,0.0,0.0,1.0,0.0,1.0,0.0,0.0,1185732.0,0.0,0.0,1.0,0.0,0.0,0.0,1.0,23.0,16.0,12.0,2021.0,158
25.0,0.39999999999999997,45.0,1.0,0.0,0.0,0.0,0.0,0.0,1.0,0.0,0.0,1197831.0,0.0,0.0,1.0,0.0,0.0,0.0,1.0,41.0,10.0,4.0,2021.0,775
6.0,0.48,35.0,0.0,0.0,0.0,0.0,0.0,0.0,1.0,0.0,0.0,1197831.0,0.0,0.0,1.0,0.0,0.0,0.0,1.0,0.0,22.0,9.0,2021.0,116
22.0,0.44999999999999996,29.0,0.0,1.0,0.0,0.0,0.0,0.0,1.0,0.0,0.0,1197831.0,0.0,0.0,1.0,0.0,0.0,1.0,0.0,42.0,31.0,7.0,2020.0,254
27.0,0.47000000000000003,17.0,0.0,1.0,0.0,0.0,0.0,0.0,1.0,0.0,0.0,1197831.0,0.0,0.0,0.0,0.0,1.0,0.0,1.0,3.0,23.0,1.0,2021.0,178
22.0,0.35,40.0,0.0,1.0,0.0,0.0,0.0,0.0,1.0,0.0,0.0,1197831.0,0.0,0.0,0.0,1.0,0.0,0.0,1.0,42.0,18.0,8.0,2020.0,950
34.0,0.51,44.0,0.0,1.0,0.0,0.0,0.0,0.0,1.0,0.0,0.0,1128299.0,0.0,0.0,0.0,0.0,1.0,1.0,0.0,17.0,16.0,3.0,2021.0,147
15.0,0.5,58.0,0.0,0.0,0.0,0.0,0.0,0.0,1.0,0.0,0.0,1197831.0,0.0,0.0,1.0,0.0,0.0,1.0,0.0,42.0,20.0,10.0,2021.0,158
34.0,0.53,43.0,0.0,1.0,0.0,0.0,0.0,0.0,1.0,0.0,0.0,1128299.0,0.0,0.0,0.0,0.0,1.0,1.0,0.0,17.0,18.0,5.0,2021.0,160
27.0,0.52,19.0,0.0,0.0,0.0,1.0,0.0,0.0,1.0,0.0,0.0,1197831.0,0.0,0.0,0.0,1.0,0.0,1.0,0.0,3.0,19.0,3.0,2021.0,60
24.0,0.38999999999999996,26.0,0.0,0.0,0.0,0.0,0.0,0.0,1.0,0.0,0.0,1185732.0,1.0,0.0,0.0,0.0,0.0,0.0,1.0,23.0,18.0,2.0,2021.0,136
6.0,0.62,32.0,0.0,0.0,0.0,1.0,0.0,0.0,1.0,0.0,0.0,1197831.0,0.0,0.0,1.0,0.0,0.0,1.0,0.0,0.0,10.0,8.0,2021.0,98
24.0,0.44,19.0,0.0,1.0,0.0,0.0,0.0,0.0,1.0,0.0,0.0,1185732.0,1.0,0.0,0.0,0.0,0.0,0.0,1.0,23.0,17.0,4.0,2021.0,223
22.0,0.35,45.0,0.0,1.0,0.0,0.0,0.0,0.0,1.0,0.0,0.0,1197831.0,0.0,0.0,0.0,1.0,0.0,0.0,1.0,42.0,26.0,10.0,2020.0,950
37.0,0.4,70.0,0.0,1.0,0.0,0.0,0.0,0.0,1.0,0.0,0.0,1197831.0,0.0,1.0,0.0,0.0,0.0,1.0,0.0,35.0,19.0,12.0,2021.0,625
15.0,0.5499999999999999,53.0,0.0,1.0,0.0,0.0,0.0,0.0,1.0,0.0,0.0,1197831.0,0.0,0.0,1.0,0.0,0.0,1.0,0.0,42.0,28.0,9.0,2021.0,181
37.0,0.4,25.00000000000001,0.0,1.0,0.0,0.0,0.0,0.0,1.0,0.0,0.0,1197831.0,0.0,1.0,0.0,0.0,0.0,1.0,0.0,35.0,20.0,11.0,2021.0,475
22.0,0.36,30.0,0.0,0.0,0.0,0.0,0.0,0.0,1.0,0.0,0.0,1197831.0,0.0,0.0,0.0,1.0,0.0,0.0,1.0,42.0,30.0,10.0,2020.0,208
37.0,0.37,40.0,0.0,0.0,0.0,0.0,0.0,0.0,1.0,0.0,0.0,1197831.0,0.0,0.0,0.0,0.0,1.0,0.0,1.0,35.0,20.0,8.0,2021.0,105
34.0,0.48,44.0,0.0,0.0,1.0,0.0,0.0,0.0,1.0,0.0,0.0,1128299.0,0.0,0.0,0.0,0.0,1.0,1.0,0.0,17.0,17.0,2.0,2021.0,105
6.0,0.6,32.0,0.0,0.0,0.0,0.0,1.0,0.0,1.0,0.0,0.0,1197831.0,0.0,0.0,1.0,0.0,0.0,1.0,0.0,0.0,26.0,9.0,2021.0,124
6.0,0.49999999999999994,45.00000000000001,0.0,0.0,0.0,0.0,1.0,0.0,1.0,0.0,0.0,1197831.0,0.0,0.0,1.0,0.0,0.0,0.0,1.0,0.0,2.0,10.0,2021.0,575
6.0,0.68,34.0,0.0,0.0,0.0,1.0,0.0,0.0,1.0,0.0,0.0,1197831.0,0.0,0.0,1.0,0.0,0.0,1.0,0.0,0.0,28.0,8.0,2021.0,135
22.0,0.44999999999999996,33.0,1.0,0.0,0.0,0.0,0.0,0.0,1.0,0.0,0.0,1197831.0,0.0,0.0,1.0,0.0,0.0,1.0,0.0,42.0,26.0,7.0,2020.0,255
15.0,0.38,20.0,0.0,0.0,0.0,0.0,1.0,0.0,1.0,0.0,0.0,1197831.0,0.0,0.0,1.0,0.0,0.0,0.0,1.0,42.0,25.0,8.0,2021.0,155
25.0,0.44999999999999996,50.0,0.0,0.0,0.0,0.0,1.0,0.0,1.0,0.0,0.0,1197831.0,0.0,0.0,1.0,0.0,0.0,0.0,1.0,41.0,23.0,4.0,2021.0,950
22.0,0.45999999999999996,38.0,1.0,0.0,0.0,0.0,0.0,0.0,1.0,0.0,0.0,1197831.0,0.0,0.0,0.0,1.0,0.0,1.0,0.0,42.0,13.0,8.0,2020.0,259
24.0,0.48,50.0,1.0,0.0,0.0,0.0,0.0,0.0,1.0,0.0,0.0,1185732.0,0.0,0.0,0.0,1.0,0.0,1.0,0.0,23.0,17.0,8.0,2021.0,168
37.0,0.35,15.000000000000007,0.0,0.0,0.0,0.0,1.0,0.0,1.0,0.0,0.0,1197831.0,0.0,1.0,0.0,0.0,0.0,1.0,0.0,35.0,14.0,2.0,2021.0,300
22.0,0.32,30.0,0.0,0.0,0.0,0.0,0.0,0.0,1.0,0.0,0.0,1197831.0,0.0,0.0,0.0,1.0,0.0,0.0,1.0,42.0,24.0,10.0,2020.0,195
24.0,0.52,23.0,0.0,0.0,1.0,0.0,0.0,0.0,1.0,0.0,0.0,1197831.0,0.0,0.0,1.0,0.0,0.0,1.0,0.0,23.0,23.0,1.0,2021.0,122
37.0,0.5,20.0,0.0,0.0,0.0,1.0,0.0,0.0,1.0,0.0,0.0,1197831.0,0.0,0.0,0.0,0.0,1.0,1.0,0.0,35.0,19.0,3.0,2021.0,34
15.0,0.5,45.0,0.0,0.0,0.0,1.0,0.0,0.0,1.0,0.0,0.0,1197831.0,0.0,0.0,1.0,0.0,0.0,0.0,1.0,42.0,7.0,10.0,2021.0,425
27.0,0.35,60.00000000000001,1.0,0.0,0.0,0.0,0.0,0.0,1.0,0.0,0.0,1197831.0,0.0,0.0,0.0,0.0,1.0,1.0,0.0,3.0,19.0,12.0,2021.0,500
34.0,0.45999999999999996,36.0,1.0,0.0,0.0,0.0,0.0,0.0,1.0,0.0,0.0,1128299.0,0.0,0.0,0.0,0.0,1.0,0.0,1.0,17.0,17.0,4.0,2021.0,107
34.0,0.41,81.0,0.0,0.0,1.0,0.0,0.0,0.0,1.0,0.0,0.0,1128299.0,0.0,0.0,0.0,0.0,1.0,0.0,1.0,17.0,16.0,7.0,2021.0,208
37.0,0.44999999999999996,43.0,0.0,0.0,0.0,0.0,0.0,0.0,1.0,0.0,0.0,1197831.0,0.0,0.0,0.0,0.0,1.0,1.0,0.0,35.0,19.0,5.0,2021.0,75
34.0,0.5,36.0,0.0,0.0,0.0,1.0,0.0,0.0,1.0,0.0,0.0,1128299.0,0.0,0.0,0.0,0.0,1.0,1.0,0.0,17.0,17.0,10.0,2021.0,105
34.0,0.5499999999999999,92.0,1.0,0.0,0.0,0.0,0.0,0.0,1.0,0.0,0.0,1128299.0,0.0,0.0,0.0,0.0,1.0,1.0,0.0,17.0,16.0,7.0,2021.0,203
27.0,0.53,73.0,0.0,0.0,1.0,0.0,0.0,0.0,1.0,0.0,0.0,1197831.0,0.0,0.0,0.0,0.0,1.0,1.0,0.0,3.0,20.0,11.0,2021.0,117
25.0,0.5,35.0,0.0,0.0,1.0,0.0,0.0,0.0,1.0,0.0,0.0,1197831.0,0.0,0.0,1.0,0.0,0.0,0.0,1.0,41.0,21.0,3.0,2021.0,475
22.0,0.63,47.0,0.0,0.0,1.0,0.0,0.0,0.0,1.0,0.0,0.0,1197831.0,0.0,0.0,0.0,1.0,0.0,1.0,0.0,42.0,29.0,8.0,2020.0,293
22.0,0.35,50.0,0.0,0.0,0.0,0.0,1.0,0.0,1.0,0.0,0.0,1197831.0,0.0,0.0,0.0,1.0,0.0,0.0,1.0,42.0,7.0,9.0,2020.0,900
6.0,0.7300000000000001,44.0,0.0,0.0,0.0,1.0,0.0,0.0,1.0,0.0,0.0,1197831.0,0.0,0.0,1.0,0.0,0.0,1.0,0.0,0.0,3.0,10.0,2021.0,131
27.0,0.54,54.0,0.0,0.0,1.0,0.0,0.0,0.0,1.0,0.0,0.0,1197831.0,0.0,0.0,0.0,1.0,0.0,1.0,0.0,3.0,21.0,6.0,2021.0,160
25.0,0.48,27.0,0.0,0.0,0.0,0.0,1.0,0.0,1.0,0.0,0.0,1197831.0,0.0,0.0,1.0,0.0,0.0,0.0,1.0,41.0,5.0,5.0,2021.0,163
27.0,0.52,47.0,0.0,0.0,0.0,0.0,1.0,0.0,1.0,0.0,0.0,1197831.0,0.0,0.0,0.0,1.0,0.0,1.0,0.0,3.0,20.0,8.0,2021.0,126
27.0,0.35,25.000000000000007,1.0,0.0,0.0,0.0,0.0,0.0,1.0,0.0,0.0,1197831.0,0.0,0.0,0.0,0.0,1.0,1.0,0.0,3.0,23.0,1.0,2021.0,375
25.0,0.6100000000000001,25.0,0.0,0.0,1.0,0.0,0.0,0.0,1.0,0.0,0.0,1197831.0,0.0,0.0,1.0,0.0,0.0,0.0,1.0,41.0,27.0,3.0,2021.0,145
25.0,0.35,25.0,0.0,0.0,0.0,0.0,1.0,0.0,1.0,0.0,0.0,1185732.0,1.0,0.0,0.0,0.0,0.0,0.0,1.0,41.0,23.0,5.0,2021.0,225
6.0,0.54,49.0,0.0,0.0,0.0,0.0,0.0,0.0,1.0,0.0,0.0,1197831.0,0.0,0.0,1.0,0.0,0.0,1.0,0.0,0.0,29.0,8.0,2021.0,120
27.0,0.4,75.0,0.0,0.0,1.0,0.0,0.0,0.0,1.0,0.0,0.0,1197831.0,0.0,0.0,0.0,0.0,1.0,1.0,0.0,3.0,20.0,11.0,2021.0,450
27.0,0.44,29.0,0.0,0.0,0.0,1.0,0.0,0.0,1.0,0.0,0.0,1197831.0,0.0,0.0,0.0,1.0,0.0,0.0,1.0,3.0,21.0,6.0,2021.0,124
24.0,0.5,30.000000000000004,0.0,0.0,1.0,0.0,0.0,0.0,1.0,0.0,0.0,1185732.0,1.0,0.0,0.0,0.0,0.0,1.0,0.0,23.0,17.0,4.0,2021.0,475
6.0,0.49999999999999994,20.000000000000004,1.0,0.0,0.0,0.0,0.0,0.0,1.0,0.0,0.0,1197831.0,0.0,0.0,1.0,0.0,0.0,0.0,1.0,0.0,1.0,10.0,2021.0,625
6.0,0.5599999999999999,15.0,0.0,0.0,0.0,0.0,1.0,0.0,1.0,0.0,0.0,1197831.0,0.0,0.0,1.0,0.0,0.0,1.0,0.0,0.0,27.0,8.0,2021.0,173
6.0,0.54,24.0,0.0,1.0,0.0,0.0,0.0,0.0,1.0,0.0,0.0,1197831.0,0.0,0.0,1.0,0.0,0.0,1.0,0.0,0.0,7.0,8.0,2021.0,156
37.0,0.47,34.0,0.0,0.0,0.0,0.0,0.0,0.0,1.0,0.0,0.0,1197831.0,0.0,0.0,0.0,0.0,1.0,1.0,0.0,35.0,21.0,2.0,2021.0,75
6.0,0.6299999999999999,29.0,1.0,0.0,0.0,0.0,0.0,0.0,1.0,0.0,0.0,1197831.0,0.0,0.0,1.0,0.0,0.0,1.0,0.0,0.0,25.0,9.0,2021.0,158
24.0,0.35,25.000000000000007,1.0,0.0,0.0,0.0,0.0,0.0,1.0,0.0,0.0,1197831.0,0.0,0.0,1.0,0.0,0.0,1.0,0.0,23.0,23.0,1.0,2021.0,450
25.0,0.53,51.0,0.0,0.0,0.0,0.0,0.0,0.0,1.0,0.0,0.0,1197831.0,0.0,0.0,1.0,0.0,0.0,1.0,0.0,41.0,13.0,5.0,2021.0,113
25.0,0.6000000000000001,30.0,0.0,0.0,0.0,1.0,0.0,0.0,1.0,0.0,0.0,1197831.0,0.0,0.0,1.0,0.0,0.0,0.0,1.0,41.0,6.0,5.0,2021.0,131
27.0,0.47000000000000003,12.0,0.0,0.0,0.0,0.0,1.0,0.0,1.0,0.0,0.0,1197831.0,0.0,0.0,0.0,0.0,1.0,0.0,1.0,3.0,21.0,2.0,2021.0,98
25.0,0.39999999999999997,54.99999999999999,0.0,0.0,0.0,0.0,0.0,0.0,1.0,0.0,0.0,1197831.0,0.0,0.0,1.0,0.0,0.0,0.0,1.0,41.0,19.0,5.0,2021.0,500
6.0,0.6700000000000002,26.0,0.0,0.0,0.0,1.0,0.0,0.0,1.0,0.0,0.0,1197831.0,0.0,0.0,1.0,0.0,0.0,0.0,1.0,0.0,27.0,9.0,2021.0,98
22.0,0.63,37.0,0.0,0.0,1.0,0.0,0.0,0.0,1.0,0.0,0.0,1197831.0,0.0,0.0,0.0,1.0,0.0,1.0,0.0,42.0,17.0,8.0,2020.0,276
6.0,0.47,16.0,0.0,1.0,0.0,0.0,0.0,0.0,1.0,0.0,0.0,1197831.0,0.0,0.0,1.0,0.0,0.0,0.0,1.0,0.0,7.0,8.0,2021.0,206
15.0,0.5700000000000001,32.0,0.0,0.0,0.0,1.0,0.0,0.0,1.0,0.0,0.0,1197831.0,0.0,0.0,1.0,0.0,0.0,1.0,0.0,42.0,26.0,8.0,2021.0,116
37.0,0.5,55.0,0.0,0.0,0.0,0.0,1.0,0.0,1.0,0.0,0.0,1197831.0,0.0,1.0,0.0,0.0,0.0,1.0,0.0,35.0,19.0,12.0,2021.0,101
22.0,0.42,34.0,1.0,0.0,0.0,0.0,0.0,0.0,1.0,0.0,0.0,1197831.0,0.0,0.0,0.0,1.0,0.0,0.0,1.0,42.0,27.0,10.0,2020.0,333
24.0,0.4,25.00000000000001,0.0,0.0,0.0,0.0,1.0,0.0,1.0,0.0,0.0,1185732.0,0.0,0.0,0.0,1.0,0.0,1.0,0.0,23.0,18.0,10.0,2021.0,375
25.0,0.6200000000000001,30.0,0.0,0.0,1.0,0.0,0.0,0.0,1.0,0.0,0.0,1197831.0,0.0,0.0,1.0,0.0,0.0,0.0,1.0,41.0,2.0,5.0,2021.0,219
