City,Operating Margin,Price per Unit,Product_Men's Athletic Footwear,Product_Men's Street Footwear,Product_Women's Apparel,Product_Women's Athletic Footwear,Product_Women's Street Footwear,Region_Northeast,Region_South,Region_Southeast,Region_West,Retailer ID,Retailer_Foot Locker,Retailer_Kohl's,Retailer_Sports Direct,Retailer_Walmart,Retailer_West Gear,Sales Method_Online,Sales Method_Outlet,State,inv_day,inv_month,inv_year,Units Sold
26.0,0.5700000000000001,37.0,0.0,0.0,0.0,0.0,0.0,0.0,0.0,0.0,1.0,1128299.0,0.0,0.0,0.0,0.0,1.0,0.0,1.0,27.0,6.0,1.0,2020.0,80
45.0,0.38,30.0,0.0,0.0,0.0,1.0,0.0,0.0,0.0,0.0,1.0,1128299.0,0.0,0.0,0.0,0.0,1.0,0.0,1.0,43.0,24.0,1.0,2021.0,68
46.0,0.42000000000000004,51.0,0.0,1.0,0.0,0.0,0.0,0.0,0.0,0.0,1.0,1128299.0,0.0,0.0,0.0,0.0,1.0,1.0,0.0,4.0,24.0,1.0,2021.0,241
46.0,0.23,58.0,0.0,0.0,1.0,0.0,0.0,0.0,0.0,0.0,1.0,1128299.0,0.0,0.0,0.0,0.0,1.0,0.0,1.0,4.0,5.0,1.0,2021.0,225
46.0,0.5800000000000001,59.0,0.0,0.0,0.0,0.0,0.0,0.0,0.0,0.0,1.0,1128299.0,0.0,0.0,0.0,0.0,1.0,1.0,0.0,4.0,3.0,2.0,2021.0,182
7.0,0.5,48.0,0.0,1.0,0.0,0.0,0.0,0.0,0.0,0.0,1.0,1197831.0,0.0,0.0,0.0,0.0,1.0,1.0,0.0,11.0,6.0,7.0,2021.0,217
7.0,0.39999999999999997,43.0,0.0,0.0,0.0,0.0,0.0,0.0,0.0,0.0,1.0,1197831.0,0.0,0.0,0.0,0.0,1.0,0.0,1.0,11.0,6.0,7.0,2021.0,173
45.0,0.47000000000000003,24.0,0.0,1.0,0.0,0.0,0.0,0.0,0.0,0.0,1.0,1185732.0,0.0,0.0,0.0,0.0,1.0,0.0,1.0,43.0,11.0,10.0,2021.0,201
45.0,0.44999999999999996,36.0,0.0,0.0,0.0,0.0,1.0,0.0,0.0,0.0,1.0,1128299.0,0.0,0.0,0.0,0.0,1.0,1.0,0.0,43.0,24.0,2.0,2021.0,88
16.0,0.2,70.0,0.0,0.0,1.0,0.0,0.0,0.0,0.0,0.0,1.0,1128299.0,0.0,0.0,0.0,0.0,1.0,0.0,0.0,5.0,7.0,5.0,2020.0,425
42.0,0.4,50.000000000000014,0.0,0.0,0.0,0.0,0.0,0.0,0.0,0.0,1.0,1128299.0,0.0,0.0,0.0,0.0,1.0,0.0,0.0,36.0,24.0,4.0,2021.0,125
47.0,0.25,80.00000000000001,0.0,0.0,0.0,0.0,1.0,0.0,0.0,0.0,1.0,1128299.0,0.0,0.0,0.0,0.0,1.0,0.0,0.0,46.0,2.0,8.0,2020.0,550
45.0,0.52,29.0,0.0,1.0,0.0,0.0,0.0,0.0,0.0,0.0,1.0,1185732.0,0.0,0.0,0.0,0.0,1.0,1.0,0.0,43.0,10.0,3.0,2021.0,168
42.0,0.48,61.0,0.0,1.0,0.0,0.0,0.0,0.0,0.0,0.0,1.0,1128299.0,0.0,0.0,0.0,0.0,1.0,1.0,0.0,36.0,23.0,12.0,2021.0,188
7.0,0.48,46.0,1.0,0.0,0.0,0.0,0.0,0.0,0.0,0.0,1.0,1197831.0,0.0,0.0,0.0,0.0,1.0,1.0,0.0,11.0,4.0,6.0,2021.0,188
47.0,0.35,73.0,0.0,0.0,0.0,0.0,1.0,0.0,0.0,0.0,1.0,1128299.0,0.0,0.0,0.0,0.0,1.0,1.0,0.0,46.0,9.0,7.0,2020.0,163
26.0,0.39,64.0,1.0,0.0,0.0,0.0,0.0,0.0,0.0,0.0,1.0,1128299.0,0.0,0.0,0.0,0.0,1.0,1.0,0.0,27.0,14.0,2.0,2020.0,182
7.0,0.39999999999999997,55.00000000000001,1.0,0.0,0.0,0.0,0.0,0.0,0.0,0.0,1.0,1197831.0,0.0,0.0,0.0,0.0,1.0,1.0,0.0,11.0,6.0,7.0,2021.0,775
47.0,0.2,50.0,0.0,0.0,1.0,0.0,0.0,0.0,0.0,0.0,1.0,1128299.0,0.0,0.0,0.0,0.0,1.0,0.0,0.0,46.0,31.0,5.0,2020.0,500
45.0,0.5,44.999999999999986,0.0,0.0,1.0,0.0,0.0,0.0,0.0,0.0,1.0,1185732.0,0.0,0.0,0.0,0.0,1.0,0.0,0.0,43.0,10.0,12.0,2021.0,500
7.0,0.5,24.0,0.0,0.0,0.0,1.0,0.0,0.0,0.0,0.0,1.0,1197831.0,0.0,0.0,0.0,0.0,1.0,0.0,1.0,11.0,5.0,5.0,2021.0,155
16.0,0.35,54.0,1.0,0.0,0.0,0.0,0.0,0.0,0.0,0.0,1.0,1128299.0,0.0,0.0,0.0,0.0,1.0,1.0,0.0,5.0,9.0,5.0,2020.0,152
45.0,0.5,19.0,0.0,0.0,0.0,0.0,0.0,0.0,0.0,0.0,1.0,1185732.0,0.0,0.0,0.0,0.0,1.0,1.0,0.0,43.0,12.0,9.0,2021.0,88
45.0,0.42,28.0,1.0,0.0,0.0,0.0,0.0,0.0,0.0,0.0,1.0,1185732.0,0.0,0.0,0.0,0.0,1.0,0.0,1.0,43.0,11.0,8.0,2021.0,179
42.0,0.38999999999999996,53.0,0.0,0.0,0.0,0.0,1.0,0.0,0.0,0.0,1.0,1128299.0,0.0,0.0,0.0,0.0,1.0,0.0,1.0,36.0,24.0,6.0,2021.0,208
46.0,0.5,56.0,0.0,1.0,0.0,0.0,0.0,0.0,0.0,0.0,1.0,1128299.0,0.0,0.0,0.0,0.0,1.0,1.0,0.0,4.0,31.0,12.0,2020.0,252
46.0,0.30999999999999994,42.0,0.0,0.0,0.0,1.0,0.0,0.0,0.0,0.0,1.0,1128299.0,0.0,0.0,0.0,0.0,1.0,0.0,1.0,4.0,2.0,2.0,2021.0,223
26.0,0.38,41.0,0.0,1.0,0.0,0.0,0.0,0.0,0.0,0.0,1.0,1128299.0,0.0,0.0,0.0,0.0,1.0,0.0,1.0,27.0,19.0,2.0,2020.0,186
42.0,0.4,90.0,0.0,0.0,0.0,0.0,0.0,0.0,0.0,0.0,1.0,1128299.0,0.0,0.0,0.0,0.0,1.0,0.0,0.0,36.0,23.0,7.0,2021.0,600
45.0,0.55,42.0,0.0,0.0,0.0,0.0,0.0,0.0,0.0,0.0,1.0,1128299.0,0.0,0.0,0.0,0.0,1.0,1.0,0.0,43.0,24.0,1.0,2021.0,44
42.0,0.44,33.0,0.0,0.0,0.0,0.0,0.0,0.0,0.0,0.0,1.0,1128299.0,0.0,0.0,0.0,0.0,1.0,0.0,1.0,36.0,25.0,5.0,2021.0,58
26.0,0.34,78.0,0.0,0.0,1.0,0.0,0.0,0.0,0.0,0.0,1.0,1128299.0,0.0,0.0,0.0,0.0,1.0,1.0,0.0,27.0,25.0,1.0,2020.0,95
16.0,0.6500000000000001,70.0,0.0,0.0,0.0,0.0,0.0,0.0,0.0,0.0,1.0,1128299.0,0.0,0.0,0.0,0.0,1.0,0.0,0.0,5.0,18.0,4.0,2020.0,325
46.0,0.21000000000000002,36.0,0.0,0.0,1.0,0.0,0.0,0.0,0.0,0.0,1.0,1128299.0,0.0,0.0,0.0,0.0,1.0,0.0,1.0,4.0,6.0,11.0,2020.0,233
7.0,0.39999999999999997,50.0,0.0,0.0,0.0,0.0,1.0,0.0,0.0,0.0,1.0,1197831.0,0.0,0.0,0.0,0.0,1.0,1.0,0.0,11.0,6.0,7.0,2021.0,925
7.0,0.48,29.0,1.0,0.0,0.0,0.0,0.0,0.0,0.0,0.0,1.0,1197831.0,0.0,0.0,0.0,0.0,1.0,1.0,0.0,11.0,5.0,4.0,2021.0,195
26.0,0.25,65.0,1.0,0.0,0.0,0.0,0.0,0.0,0.0,0.0,1.0,1128299.0,0.0,0.0,0.0,0.0,1.0,0.0,1.0,27.0,8.0,2.0,2020.0,600
42.0,0.39999999999999997,45.0,0.0,0.0,0.0,1.0,0.0,0.0,0.0,0.0,1.0,1128299.0,0.0,0.0,0.0,0.0,1.0,0.0,0.0,36.0,17.0,1.0,2021.0,250
16.0,0.3,80.0,0.0,0.0,1.0,0.0,0.0,0.0,0.0,0.0,1.0,1128299.0,0.0,0.0,0.0,0.0,1.0,0.0,0.0,5.0,13.0,4.0,2020.0,475
46.0,0.63,51.0,0.0,0.0,0.0,0.0,0.0,0.0,0.0,0.0,1.0,1128299.0,0.0,0.0,0.0,0.0,1.0,1.0,0.0,4.0,5.0,11.0,2020.0,161
26.0,0.47000000000000003,58.0,0.0,1.0,0.0,0.0,0.0,0.0,0.0,0.0,1.0,1128299.0,0.0,0.0,0.0,0.0,1.0,1.0,0.0,27.0,9.0,3.0,2020.0,196
45.0,0.35,30.000000000000004,1.0,0.0,0.0,0.0,0.0,0.0,0.0,0.0,1.0,1185732.0,0.0,0.0,0.0,0.0,1.0,0.0,0.0,43.0,10.0,3.0,2021.0,350
46.0,0.3,40.0,0.0,0.0,0.0,1.0,0.0,0.0,0.0,0.0,1.0,1128299.0,0.0,0.0,0.0,0.0,1.0,0.0,1.0,4.0,14.0,2.0,2021.0,271
46.0,0.26,60.0,0.0,0.0,1.0,0.0,0.0,0.0,0.0,0.0,1.0,1128299.0,0.0,0.0,0.0,0.0,1.0,0.0,1.0,4.0,11.0,1.0,2021.0,306
42.0,0.38999999999999996,53.0,0.0,0.0,0.0,1.0,0.0,0.0,0.0,0.0,1.0,1128299.0,0.0,0.0,0.0,0.0,1.0,0.0,1.0,36.0,23.0,12.0,2021.0,165
45.0,0.54,32.0,0.0,0.0,1.0,0.0,0.0,0.0,0.0,0.0,1.0,1185732.0,0.0,0.0,0.0,0.0,1.0,0.0,1.0,43.0,11.0,6.0,2021.0,190
7.0,0.4,47.0,0.0,0.0,0.0,0.0,0.0,0.0,0.0,0.0,1.0,1197831.0,0.0,0.0,0.0,0.0,1.0,1.0,0.0,11.0,5.0,5.0,2021.0,120
45.0,0.42,22.0,1.0,0.0,0.0,0.0,0.0,0.0,0.0,0.0,1.0,1185732.0,0.0,0.0,0.0,0.0,1.0,0.0,1.0,43.0,12.0,5.0,2021.0,128
45.0,0.4,30.000000000000004,0.0,1.0,0.0,0.0,0.0,0.0,0.0,0.0,1.0,1185732.0,0.0,0.0,0.0,0.0,1.0,0.0,0.0,43.0,11.0,4.0,2021.0,625
7.0,0.35,30.000000000000004,1.0,0.0,0.0,0.0,0.0,0.0,0.0,0.0,1.0,1197831.0,0.0,0.0,0.0,0.0,1.0,1.0,0.0,11.0,5.0,5.0,2021.0,725
47.0,0.2,64.99999999999999,0.0,0.0,1.0,0.0,0.0,0.0,0.0,0.0,1.0,1128299.0,0.0,0.0,0.0,0.0,1.0,0.0,0.0,46.0,12.0,6.0,2020.0,375
45.0,0.5,44.999999999999986,0.0,0.0,1.0,0.0,0.0,0.0,0.0,0.0,1.0,1185732.0,0.0,0.0,0.0,0.0,1.0,0.0,0.0,43.0,11.0,11.0,2021.0,450
42.0,0.42,38.0,0.0,0.0,0.0,1.0,0.0,0.0,0.0,0.0,1.0,1128299.0,0.0,0.0,0.0,0.0,1.0,0.0,1.0,36.0,25.0,9.0,2021.0,62
26.0,0.35,59.0,1.0,0.0,0.0,0.0,0.0,0.0,0.0,0.0,1.0,1128299.0,0.0,0.0,0.0,0.0,1.0,1.0,0.0,27.0,26.0,2.0,2020.0,165
42.0,0.39999999999999997,56.0,1.0,0.0,0.0,0.0,0.0,0.0,0.0,0.0,1.0,1128299.0,0.0,0.0,0.0,0.0,1.0,0.0,1.0,36.0,23.0,12.0,2021.0,233
42.0,0.33999999999999997,49.0,0.0,0.0,1.0,0.0,0.0,0.0,0.0,0.0,1.0,1128299.0,0.0,0.0,0.0,0.0,1.0,0.0,1.0,36.0,24.0,4.0,2021.0,90
47.0,0.2,80.0,0.0,0.0,1.0,0.0,0.0,0.0,0.0,0.0,1.0,1128299.0,0.0,0.0,0.0,0.0,1.0,0.0,0.0,46.0,18.0,6.0,2020.0,350
46.0,0.29,37.0,0.0,0.0,0.0,1.0,0.0,0.0,0.0,0.0,1.0,1128299.0,0.0,0.0,0.0,0.0,1.0,0.0,1.0,4.0,8.0,2.0,2021.0,210
46.0,0.42000000000000004,47.0,0.0,0.0,0.0,0.0,1.0,0.0,0.0,0.0,1.0,1128299.0,0.0,0.0,0.0,0.0,1.0,0.0,1.0,4.0,15.0,11.0,2020.0,210
47.0,0.44,74.0,0.0,0.0,0.0,1.0,0.0,0.0,0.0,0.0,1.0,1128299.0,0.0,0.0,0.0,0.0,1.0,1.0,0.0,46.0,10.0,7.0,2020.0,155
47.0,0.25,85.00000000000001,0.0,0.0,0.0,0.0,0.0,0.0,0.0,0.0,1.0,1128299.0,0.0,0.0,0.0,0.0,1.0,0.0,0.0,46.0,5.0,7.0,2020.0,575
45.0,0.5700000000000001,21.0,0.0,0.0,1.0,0.0,0.0,0.0,0.0,0.0,1.0,1185732.0,0.0,0.0,0.0,0.0,1.0,0.0,1.0,43.0,10.0,3.0,2021.0,140
46.0,0.41,41.0,0.0,0.0,0.0,1.0,0.0,0.0,0.0,0.0,1.0,1128299.0,0.0,0.0,0.0,0.0,1.0,0.0,1.0,4.0,9.0,1.0,2021.0,224
16.0,0.44999999999999996,60.0,0.0,0.0,0.0,1.0,0.0,0.0,0.0,0.0,1.0,1128299.0,0.0,0.0,0.0,0.0,1.0,0.0,0.0,5.0,11.0,4.0,2020.0,275
16.0,0.5,60.0,0.0,0.0,0.0,0.0,1.0,0.0,0.0,0.0,1.0,1128299.0,0.0,0.0,0.0,0.0,1.0,1.0,0.0,5.0,4.0,5.0,2020.0,113
47.0,0.43,76.0,0.0,0.0,0.0,1.0,0.0,0.0,0.0,0.0,1.0,1128299.0,0.0,0.0,0.0,0.0,1.0,1.0,0.0,46.0,3.0,8.0,2020.0,138
46.0,0.27,72.0,0.0,0.0,1.0,0.0,0.0,0.0,0.0,0.0,1.0,1128299.0,0.0,0.0,0.0,0.0,1.0,1.0,0.0,4.0,30.0,12.0,2020.0,203
42.0,0.3,60.00000000000001,0.0,0.0,1.0,0.0,0.0,0.0,0.0,0.0,1.0,1128299.0,0.0,0.0,0.0,0.0,1.0,0.0,0.0,36.0,24.0,10.0,2021.0,350
45.0,0.52,34.0,0.0,1.0,0.0,0.0,0.0,0.0,0.0,0.0,1.0,1185732.0,0.0,0.0,0.0,0.0,1.0,1.0,0.0,43.0,10.0,7.0,2021.0,224
42.0,0.35,50.0,0.0,0.0,0.0,1.0,0.0,0.0,0.0,0.0,1.0,1128299.0,0.0,0.0,0.0,0.0,1.0,0.0,0.0,36.0,23.0,3.0,2021.0,250
16.0,0.5,45.0,0.0,0.0,0.0,0.0,0.0,0.0,0.0,0.0,1.0,1128299.0,0.0,0.0,0.0,0.0,1.0,0.0,0.0,5.0,19.0,3.0,2020.0,225
42.0,0.47,85.0,1.0,0.0,0.0,0.0,0.0,0.0,0.0,0.0,1.0,1128299.0,0.0,0.0,0.0,0.0,1.0,1.0,0.0,36.0,23.0,7.0,2021.0,196
46.0,0.4,65.0,0.0,0.0,0.0,0.0,1.0,0.0,0.0,0.0,1.0,1128299.0,0.0,0.0,0.0,0.0,1.0,0.0,1.0,4.0,2.0,1.0,2021.0,750
46.0,0.30000000000000004,55.00000000000001,0.0,0.0,0.0,0.0,1.0,0.0,0.0,0.0,1.0,1128299.0,0.0,0.0,0.0,0.0,1.0,0.0,1.0,4.0,26.0,1.0,2021.0,775
47.0,0.37,54.0,0.0,0.0,0.0,0.0,1.0,0.0,0.0,0.0,1.0,1128299.0,0.0,0.0,0.0,0.0,1.0,1.0,0.0,46.0,27.0,7.0,2020.0,124
42.0,0.37,34.0,0.0,1.0,0.0,0.0,0.0,0.0,0.0,0.0,1.0,1128299.0,0.0,0.0,0.0,0.0,1.0,0.0,1.0,36.0,25.0,9.0,2021.0,149
45.0,0.48,29.0,1.0,0.0,0.0,0.0,0.0,0.0,0.0,0.0,1.0,1185732.0,0.0,0.0,0.0,0.0,1.0,1.0,0.0,43.0,10.0,7.0,2021.0,160
45.0,0.35,40.0,0.0,0.0,0.0,0.0,1.0,0.0,0.0,0.0,1.0,1128299.0,0.0,0.0,0.0,0.0,1.0,0.0,0.0,43.0,24.0,2.0,2021.0,350
42.0,0.48,41.0,0.0,0.0,1.0,0.0,0.0,0.0,0.0,0.0,1.0,1128299.0,0.0,0.0,0.0,0.0,1.0,1.0,0.0,36.0,17.0,1.0,2021.0,122
46.0,0.5,75.0,0.0,0.0,0.0,0.0,0.0,0.0,0.0,0.0,1.0,1128299.0,0.0,0.0,0.0,0.0,1.0,0.0,1.0,4.0,22.0,1.0,2021.0,750
26.0,0.34,54.0,0.0,0.0,1.0,0.0,0.0,0.0,0.0,0.0,1.0,1128299.0,0.0,0.0,0.0,0.0,1.0,1.0,0.0,27.0,19.0,1.0,2020.0,94
46.0,0.45000000000000007,65.0,0.0,0.0,0.0,0.0,0.0,0.0,0.0,0.0,1.0,1128299.0,0.0,0.0,0.0,0.0,1.0,0.0,1.0,4.0,9.0,2.0,2021.0,650
7.0,0.45,35.0,0.0,0.0,0.0,1.0,0.0,0.0,0.0,0.0,1.0,1197831.0,0.0,0.0,0.0,0.0,1.0,1.0,0.0,11.0,5.0,5.0,2021.0,500
16.0,0.48,59.0,0.0,0.0,0.0,1.0,0.0,0.0,0.0,0.0,1.0,1128299.0,0.0,0.0,0.0,0.0,1.0,1.0,0.0,5.0,5.0,5.0,2020.0,100
26.0,0.45000000000000007,54.0,0.0,0.0,0.0,0.0,1.0,0.0,0.0,0.0,1.0,1128299.0,0.0,0.0,0.0,0.0,1.0,1.0,0.0,27.0,27.0,2.0,2020.0,109
45.0,0.41,16.0,0.0,0.0,0.0,0.0,0.0,0.0,0.0,0.0,1.0,1185732.0,0.0,0.0,0.0,0.0,1.0,0.0,1.0,43.0,12.0,9.0,2021.0,114
45.0,0.37,13.0,0.0,0.0,0.0,0.0,1.0,0.0,0.0,0.0,1.0,1185732.0,0.0,0.0,0.0,0.0,1.0,0.0,1.0,43.0,11.0,6.0,2021.0,128
26.0,0.3,60.00000000000001,0.0,0.0,0.0,1.0,0.0,0.0,0.0,0.0,1.0,1128299.0,0.0,0.0,0.0,0.0,1.0,0.0,0.0,27.0,22.0,2.0,2020.0,400
46.0,0.5700000000000001,49.0,0.0,0.0,0.0,0.0,0.0,0.0,0.0,0.0,1.0,1128299.0,0.0,0.0,0.0,0.0,1.0,0.0,1.0,4.0,4.0,1.0,2021.0,182
46.0,0.33000000000000007,36.0,0.0,1.0,0.0,0.0,0.0,0.0,0.0,0.0,1.0,1128299.0,0.0,0.0,0.0,0.0,1.0,0.0,1.0,4.0,30.0,1.0,2021.0,289
16.0,0.7000000000000001,67.0,0.0,0.0,0.0,0.0,0.0,0.0,0.0,0.0,1.0,1128299.0,0.0,0.0,0.0,0.0,1.0,1.0,0.0,5.0,24.0,4.0,2020.0,131
47.0,0.4,60.0,0.0,0.0,0.0,0.0,1.0,0.0,0.0,0.0,1.0,1128299.0,0.0,0.0,0.0,0.0,1.0,1.0,0.0,46.0,9.0,6.0,2020.0,115
7.0,0.35,45.0,0.0,1.0,0.0,0.0,0.0,0.0,0.0,0.0,1.0,1197831.0,0.0,0.0,0.0,0.0,1.0,1.0,0.0,11.0,4.0,6.0,2021.0,750
26.0,0.2,45.0,0.0,0.0,1.0,0.0,0.0,0.0,0.0,0.0,1.0,1128299.0,0.0,0.0,0.0,0.0,1.0,0.0,1.0,27.0,7.0,1.0,2020.0,475
7.0,0.3,35.0,0.0,0.0,0.0,0.0,0.0,0.0,0.0,0.0,1.0,1197831.0,0.0,0.0,0.0,0.0,1.0,1.0,0.0,11.0,5.0,4.0,2021.0,275
47.0,0.25,70.0,0.0,0.0,0.0,0.0,0.0,0.0,0.0,0.0,1.0,1128299.0,0.0,0.0,0.0,0.0,1.0,0.0,0.0,46.0,11.0,6.0,2020.0,175
45.0,0.6,38.0,0.0,0.0,1.0,0.0,0.0,0.0,0.0,0.0,1.0,1185732.0,0.0,0.0,0.0,0.0,1.0,1.0,0.0,43.0,11.0,6.0,2021.0,150
42.0,0.48,44.0,0.0,0.0,0.0,1.0,0.0,0.0,0.0,0.0,1.0,1128299.0,0.0,0.0,0.0,0.0,1.0,1.0,0.0,36.0,24.0,10.0,2021.0,81
45.0,0.4,30.0,0.0,1.0,0.0,0.0,0.0,0.0,0.0,0.0,1.0,1185732.0,0.0,0.0,0.0,0.0,1.0,0.0,0.0,43.0,11.0,10.0,2021.0,575
45.0,0.46,20.0,0.0,1.0,0.0,0.0,0.0,0.0,0.0,0.0,1.0,1185732.0,0.0,0.0,0.0,0.0,1.0,0.0,1.0,43.0,11.0,4.0,2021.0,194
46.0,0.56,44.0,0.0,0.0,0.0,0.0,0.0,0.0,0.0,0.0,1.0,1128299.0,0.0,0.0,0.0,0.0,1.0,0.0,1.0,4.0,16.0,1.0,2021.0,240
42.0,0.49,62.0,1.0,0.0,0.0,0.0,0.0,0.0,0.0,0.0,1.0,1128299.0,0.0,0.0,0.0,0.0,1.0,1.0,0.0,36.0,24.0,6.0,2021.0,169
26.0,0.2,65.00000000000001,1.0,0.0,0.0,0.0,0.0,0.0,0.0,0.0,1.0,1128299.0,0.0,0.0,0.0,0.0,1.0,0.0,0.0,27.0,10.0,3.0,2020.0,675
45.0,0.39999999999999997,29.0,1.0,0.0,0.0,0.0,0.0,0.0,0.0,0.0,1.0,1128299.0,0.0,0.0,0.0,0.0,1.0,0.0,1.0,43.0,24.0,1.0,2021.0,123
42.0,0.48,49.0,0.0,0.0,0.0,1.0,0.0,0.0,0.0,0.0,1.0,1128299.0,0.0,0.0,0.0,0.0,1.0,1.0,0.0,36.0,23.0,3.0,2021.0,65
46.0,0.4,52.0,0.0,0.0,0.0,0.0,1.0,0.0,0.0,0.0,1.0,1128299.0,0.0,0.0,0.0,0.0,1.0,1.0,0.0,4.0,13.0,2.0,2021.0,233
45.0,0.38999999999999996,16.0,0.0,0.0,0.0,0.0,1.0,0.0,0.0,0.0,1.0,1185732.0,0.0,0.0,0.0,0.0,1.0,0.0,1.0,43.0,10.0,3.0,2021.0,140
42.0,0.44,43.0,0.0,0.0,0.0,0.0,0.0,0.0,0.0,0.0,1.0,1128299.0,0.0,0.0,0.0,0.0,1.0,0.0,1.0,36.0,23.0,3.0,2021.0,30
26.0,0.39999999999999997,60.0,0.0,0.0,0.0,1.0,0.0,0.0,0.0,0.0,1.0,1128299.0,0.0,0.0,0.0,0.0,1.0,0.0,1.0,27.0,4.0,2.0,2020.0,425
16.0,0.5,61.0,0.0,0.0,0.0,0.0,1.0,0.0,0.0,0.0,1.0,1128299.0,0.0,0.0,0.0,0.0,1.0,1.0,0.0,5.0,4.0,4.0,2020.0,113
16.0,0.61,55.0,0.0,1.0,0.0,0.0,0.0,0.0,0.0,0.0,1.0,1128299.0,0.0,0.0,0.0,0.0,1.0,1.0,0.0,5.0,8.0,4.0,2020.0,131
26.0,0.7400000000000001,59.0,0.0,0.0,0.0,0.0,0.0,0.0,0.0,0.0,1.0,1128299.0,0.0,0.0,0.0,0.0,1.0,1.0,0.0,27.0,5.0,2.0,2020.0,81
42.0,0.48,45.0,1.0,0.0,0.0,0.0,0.0,0.0,0.0,0.0,1.0,1128299.0,0.0,0.0,0.0,0.0,1.0,1.0,0.0,36.0,23.0,3.0,2021.0,85
45.0,0.33999999999999997,28.0,0.0,0.0,1.0,0.0,0.0,0.0,0.0,0.0,1.0,1128299.0,0.0,0.0,0.0,0.0,1.0,0.0,1.0,43.0,24.0,1.0,2021.0,132
42.0,0.35,50.0,0.0,1.0,0.0,0.0,0.0,0.0,0.0,0.0,1.0,1128299.0,0.0,0.0,0.0,0.0,1.0,0.0,0.0,36.0,25.0,5.0,2021.0,500
42.0,0.49,38.0,0.0,1.0,0.0,0.0,0.0,0.0,0.0,0.0,1.0,1128299.0,0.0,0.0,0.0,0.0,1.0,1.0,0.0,36.0,23.0,3.0,2021.0,128
47.0,0.25,90.00000000000001,0.0,0.0,0.0,0.0,0.0,0.0,0.0,0.0,1.0,1128299.0,0.0,0.0,0.0,0.0,1.0,0.0,0.0,46.0,29.0,7.0,2020.0,425
42.0,0.37,34.0,0.0,0.0,0.0,1.0,0.0,0.0,0.0,0.0,1.0,1128299.0,0.0,0.0,0.0,0.0,1.0,0.0,1.0,36.0,24.0,4.0,2021.0,70
45.0,0.46,29.0,0.0,1.0,0.0,0.0,0.0,0.0,0.0,0.0,1.0,1185732.0,0.0,0.0,0.0,0.0,1.0,0.0,1.0,43.0,10.0,12.0,2021.0,231
47.0,0.3,64.99999999999999,0.0,0.0,0.0,1.0,0.0,0.0,0.0,0.0,1.0,1128299.0,0.0,0.0,0.0,0.0,1.0,0.0,0.0,46.0,10.0,6.0,2020.0,325
47.0,0.36,58.0,1.0,0.0,0.0,0.0,0.0,0.0,0.0,0.0,1.0,1128299.0,0.0,0.0,0.0,0.0,1.0,1.0,0.0,46.0,8.0,6.0,2020.0,115
47.0,0.25,85.00000000000001,1.0,0.0,0.0,0.0,0.0,0.0,0.0,0.0,1.0,1128299.0,0.0,0.0,0.0,0.0,1.0,0.0,0.0,46.0,2.0,7.0,2020.0,675
46.0,0.36,64.0,1.0,0.0,0.0,0.0,0.0,0.0,0.0,0.0,1.0,1128299.0,0.0,0.0,0.0,0.0,1.0,1.0,0.0,4.0,1.0,1.0,2021.0,225
7.0,0.35,24.999999999999996,0.0,0.0,0.0,0.0,1.0,0.0,0.0,0.0,1.0,1197831.0,0.0,0.0,0.0,0.0,1.0,1.0,0.0,11.0,5.0,5.0,2021.0,575
16.0,0.59,58.0,0.0,0.0,0.0,1.0,0.0,0.0,0.0,0.0,1.0,1128299.0,0.0,0.0,0.0,0.0,1.0,1.0,0.0,5.0,11.0,4.0,2020.0,69
26.0,0.6200000000000001,44.0,0.0,0.0,0.0,0.0,0.0,0.0,0.0,0.0,1.0,1128299.0,0.0,0.0,0.0,0.0,1.0,0.0,1.0,27.0,18.0,1.0,2020.0,60
16.0,0.45,70.0,0.0,1.0,0.0,0.0,0.0,0.0,0.0,0.0,1.0,1128299.0,0.0,0.0,0.0,0.0,1.0,0.0,0.0,5.0,26.0,4.0,2020.0,725
42.0,0.5900000000000001,46.0,0.0,0.0,0.0,0.0,0.0,0.0,0.0,0.0,1.0,1128299.0,0.0,0.0,0.0,0.0,1.0,1.0,0.0,36.0,17.0,1.0,2021.0,58
45.0,0.45,23.0,0.0,1.0,0.0,0.0,0.0,0.0,0.0,0.0,1.0,1185732.0,0.0,0.0,0.0,0.0,1.0,0.0,1.0,43.0,12.0,9.0,2021.0,228
47.0,0.39,47.0,0.0,0.0,0.0,0.0,1.0,0.0,0.0,0.0,1.0,1128299.0,0.0,0.0,0.0,0.0,1.0,1.0,0.0,46.0,3.0,6.0,2020.0,122
42.0,0.46,67.0,0.0,0.0,0.0,0.0,0.0,0.0,0.0,0.0,1.0,1128299.0,0.0,0.0,0.0,0.0,1.0,0.0,1.0,36.0,24.0,6.0,2021.0,140
42.0,0.45999999999999996,34.0,0.0,0.0,0.0,1.0,0.0,0.0,0.0,0.0,1.0,1128299.0,0.0,0.0,0.0,0.0,1.0,0.0,1.0,36.0,17.0,1.0,2021.0,78
47.0,0.3,80.0,0.0,1.0,0.0,0.0,0.0,0.0,0.0,0.0,1.0,1128299.0,0.0,0.0,0.0,0.0,1.0,0.0,0.0,46.0,1.0,7.0,2020.0,825
46.0,0.27,58.0,1.0,0.0,0.0,0.0,0.0,0.0,0.0,0.0,1.0,1128299.0,0.0,0.0,0.0,0.0,1.0,1.0,0.0,4.0,12.0,2.0,2021.0,273
16.0,0.6600000000000001,64.0,0.0,0.0,0.0,0.0,0.0,0.0,0.0,0.0,1.0,1128299.0,0.0,0.0,0.0,0.0,1.0,1.0,0.0,5.0,12.0,5.0,2020.0,75
46.0,0.43000000000000005,41.0,0.0,1.0,0.0,0.0,0.0,0.0,0.0,0.0,1.0,1128299.0,0.0,0.0,0.0,0.0,1.0,0.0,1.0,4.0,6.0,1.0,2021.0,341
16.0,0.39999999999999997,70.0,0.0,0.0,0.0,1.0,0.0,0.0,0.0,0.0,1.0,1128299.0,0.0,0.0,0.0,0.0,1.0,0.0,0.0,5.0,29.0,4.0,2020.0,500
42.0,0.35,55.00000000000001,0.0,1.0,0.0,0.0,0.0,0.0,0.0,0.0,1.0,1128299.0,0.0,0.0,0.0,0.0,1.0,0.0,0.0,36.0,24.0,4.0,2021.0,475
42.0,0.38,43.0,0.0,1.0,0.0,0.0,0.0,0.0,0.0,0.0,1.0,1128299.0,0.0,0.0,0.0,0.0,1.0,0.0,1.0,36.0,24.0,6.0,2021.0,240
7.0,0.35,30.000000000000004,1.0,0.0,0.0,0.0,0.0,0.0,0.0,0.0,1.0,1197831.0,0.0,0.0,0.0,0.0,1.0,1.0,0.0,11.0,5.0,4.0,2021.0,650
46.0,0.33000000000000007,44.0,0.0,0.0,0.0,0.0,1.0,0.0,0.0,0.0,1.0,1128299.0,0.0,0.0,0.0,0.0,1.0,0.0,1.0,4.0,13.0,2.0,2021.0,256
26.0,0.25,54.99999999999999,1.0,0.0,0.0,0.0,0.0,0.0,0.0,0.0,1.0,1128299.0,0.0,0.0,0.0,0.0,1.0,0.0,1.0,27.0,15.0,1.0,2020.0,400
45.0,0.53,19.0,0.0,0.0,0.0,1.0,0.0,0.0,0.0,0.0,1.0,1185732.0,0.0,0.0,0.0,0.0,1.0,1.0,0.0,43.0,11.0,8.0,2021.0,101
26.0,0.55,65.0,0.0,0.0,0.0,0.0,0.0,0.0,0.0,0.0,1.0,1128299.0,0.0,0.0,0.0,0.0,1.0,0.0,0.0,27.0,11.0,2.0,2020.0,500
46.0,0.30000000000000004,55.00000000000001,0.0,0.0,0.0,0.0,1.0,0.0,0.0,0.0,1.0,1128299.0,0.0,0.0,0.0,0.0,1.0,0.0,1.0,4.0,1.0,2.0,2021.0,700
7.0,0.3,55.00000000000001,0.0,0.0,0.0,0.0,0.0,0.0,0.0,0.0,1.0,1197831.0,0.0,0.0,0.0,0.0,1.0,1.0,0.0,11.0,4.0,6.0,2021.0,450
46.0,0.23,39.0,1.0,0.0,0.0,0.0,0.0,0.0,0.0,0.0,1.0,1128299.0,0.0,0.0,0.0,0.0,1.0,0.0,1.0,4.0,14.0,11.0,2020.0,231
7.0,0.35,50.0,0.0,0.0,0.0,0.0,1.0,0.0,0.0,0.0,1.0,1197831.0,0.0,0.0,0.0,0.0,1.0,1.0,0.0,11.0,4.0,6.0,2021.0,600
46.0,0.16999999999999998,42.0,1.0,0.0,0.0,0.0,0.0,0.0,0.0,0.0,1.0,1128299.0,0.0,0.0,0.0,0.0,1.0,0.0,1.0,4.0,25.0,1.0,2021.0,287
45.0,0.5,25.0,0.0,0.0,1.0,0.0,0.0,0.0,0.0,0.0,1.0,1185732.0,0.0,0.0,0.0,0.0,1.0,0.0,0.0,43.0,11.0,2.0,2021.0,450
45.0,0.39999999999999997,28.0,0.0,0.0,0.0,0.0,0.0,0.0,0.0,0.0,1.0,1185732.0,0.0,0.0,0.0,0.0,1.0,0.0,1.0,43.0,10.0,3.0,2021.0,90
45.0,0.6,32.0,0.0,0.0,1.0,0.0,0.0,0.0,0.0,0.0,1.0,1185732.0,0.0,0.0,0.0,0.0,1.0,1.0,0.0,43.0,11.0,8.0,2021.0,152
42.0,0.39999999999999997,50.0,0.0,0.0,0.0,0.0,1.0,0.0,0.0,0.0,1.0,1128299.0,0.0,0.0,0.0,0.0,1.0,0.0,1.0,36.0,24.0,8.0,2021.0,215
26.0,0.42000000000000004,26.0,0.0,0.0,0.0,0.0,1.0,0.0,0.0,0.0,1.0,1128299.0,0.0,0.0,0.0,0.0,1.0,0.0,1.0,27.0,17.0,3.0,2020.0,128
7.0,0.41,35.0,1.0,0.0,0.0,0.0,0.0,0.0,0.0,0.0,1.0,1197831.0,0.0,0.0,0.0,0.0,1.0,0.0,1.0,11.0,4.0,6.0,2021.0,263
46.0,0.45,42.0,0.0,0.0,0.0,0.0,1.0,0.0,0.0,0.0,1.0,1128299.0,0.0,0.0,0.0,0.0,1.0,0.0,1.0,4.0,8.0,1.0,2021.0,281
45.0,0.45999999999999996,39.0,0.0,0.0,0.0,1.0,0.0,0.0,0.0,0.0,1.0,1128299.0,0.0,0.0,0.0,0.0,1.0,1.0,0.0,43.0,24.0,1.0,2021.0,58
26.0,0.5700000000000001,63.0,0.0,0.0,0.0,0.0,1.0,0.0,0.0,0.0,1.0,1128299.0,0.0,0.0,0.0,0.0,1.0,1.0,0.0,27.0,28.0,1.0,2020.0,116
46.0,0.27,51.0,1.0,0.0,0.0,0.0,0.0,0.0,0.0,0.0,1.0,1128299.0,0.0,0.0,0.0,0.0,1.0,0.0,1.0,4.0,1.0,1.0,2021.0,233
45.0,0.5,29.0,0.0,1.0,0.0,0.0,0.0,0.0,0.0,0.0,1.0,1185732.0,0.0,0.0,0.0,0.0,1.0,1.0,0.0,43.0,11.0,11.0,2021.0,149
45.0,0.38999999999999996,19.0,0.0,0.0,0.0,0.0,1.0,0.0,0.0,0.0,1.0,1185732.0,0.0,0.0,0.0,0.0,1.0,0.0,1.0,43.0,10.0,7.0,2021.0,157
26.0,0.5,57.0,0.0,0.0,0.0,0.0,1.0,0.0,0.0,0.0,1.0,1128299.0,0.0,0.0,0.0,0.0,1.0,1.0,0.0,27.0,21.0,2.0,2020.0,117
45.0,0.55,23.0,0.0,0.0,0.0,1.0,0.0,0.0,0.0,0.0,1.0,1185732.0,0.0,0.0,0.0,0.0,1.0,1.0,0.0,43.0,12.0,5.0,2021.0,72
45.0,0.35,25.00000000000001,1.0,0.0,0.0,0.0,0.0,0.0,0.0,0.0,1.0,1185732.0,0.0,0.0,0.0,0.0,1.0,0.0,0.0,43.0,11.0,6.0,2021.0,400
42.0,0.47,38.0,0.0,1.0,0.0,0.0,0.0,0.0,0.0,0.0,1.0,1128299.0,0.0,0.0,0.0,0.0,1.0,1.0,0.0,36.0,24.0,10.0,2021.0,102
42.0,0.33999999999999997,55.0,0.0,0.0,1.0,0.0,0.0,0.0,0.0,0.0,1.0,1128299.0,0.0,0.0,0.0,0.0,1.0,0.0,1.0,36.0,23.0,12.0,2021.0,201
42.0,0.35,45.0,0.0,0.0,1.0,0.0,0.0,0.0,0.0,0.0,1.0,1128299.0,0.0,0.0,0.0,0.0,1.0,0.0,0.0,36.0,17.0,1.0,2021.0,450
45.0,0.5,28.0,1.0,0.0,0.0,0.0,0.0,0.0,0.0,0.0,1.0,1185732.0,0.0,0.0,0.0,0.0,1.0,1.0,0.0,43.0,10.0,3.0,2021.0,102
45.0,0.52,29.0,0.0,0.0,1.0,0.0,0.0,0.0,0.0,0.0,1.0,1185732.0,0.0,0.0,0.0,0.0,1.0,0.0,1.0,43.0,10.0,12.0,2021.0,170
26.0,0.15000000000000002,75.00000000000001,0.0,0.0,1.0,0.0,0.0,0.0,0.0,0.0,1.0,1128299.0,0.0,0.0,0.0,0.0,1.0,0.0,0.0,27.0,24.0,2.0,2020.0,450
42.0,0.4,70.0,0.0,0.0,0.0,0.0,0.0,0.0,0.0,0.0,1.0,1128299.0,0.0,0.0,0.0,0.0,1.0,0.0,0.0,36.0,24.0,8.0,2021.0,425
45.0,0.55,32.0,0.0,0.0,1.0,0.0,0.0,0.0,0.0,0.0,1.0,1185732.0,0.0,0.0,0.0,0.0,1.0,0.0,1.0,43.0,10.0,7.0,2021.0,204
46.0,0.22000000000000003,60.0,0.0,0.0,1.0,0.0,0.0,0.0,0.0,0.0,1.0,1128299.0,0.0,0.0,0.0,0.0,1.0,0.0,1.0,4.0,23.0,1.0,2021.0,254
42.0,0.44999999999999996,49.0,0.0,0.0,0.0,0.0,1.0,0.0,0.0,0.0,1.0,1128299.0,0.0,0.0,0.0,0.0,1.0,1.0,0.0,36.0,25.0,9.0,2021.0,75
45.0,0.35,35.0,0.0,0.0,0.0,0.0,0.0,0.0,0.0,0.0,1.0,1185732.0,0.0,0.0,0.0,0.0,1.0,0.0,0.0,43.0,11.0,4.0,2021.0,275
42.0,0.45999999999999996,49.0,0.0,0.0,0.0,1.0,0.0,0.0,0.0,0.0,1.0,1128299.0,0.0,0.0,0.0,0.0,1.0,1.0,0.0,36.0,25.0,9.0,2021.0,52
45.0,0.44999999999999996,29.0,0.0,1.0,0.0,0.0,0.0,0.0,0.0,0.0,1.0,1128299.0,0.0,0.0,0.0,0.0,1.0,1.0,0.0,43.0,24.0,2.0,2021.0,117
16.0,0.25,60.00000000000001,1.0,0.0,0.0,0.0,0.0,0.0,0.0,0.0,1.0,1128299.0,0.0,0.0,0.0,0.0,1.0,0.0,0.0,5.0,9.0,5.0,2020.0,525
47.0,0.2,75.00000000000001,0.0,0.0,1.0,0.0,0.0,0.0,0.0,0.0,1.0,1128299.0,0.0,0.0,0.0,0.0,1.0,0.0,0.0,46.0,24.0,7.0,2020.0,375
16.0,0.35000000000000003,40.0,0.0,1.0,0.0,0.0,0.0,0.0,0.0,0.0,1.0,1128299.0,0.0,0.0,0.0,0.0,1.0,0.0,0.0,5.0,27.0,3.0,2020.0,550
47.0,0.37,60.0,1.0,0.0,0.0,0.0,0.0,0.0,0.0,0.0,1.0,1128299.0,0.0,0.0,0.0,0.0,1.0,1.0,0.0,46.0,26.0,7.0,2020.0,188
42.0,0.38999999999999996,37.0,1.0,0.0,0.0,0.0,0.0,0.0,0.0,0.0,1.0,1128299.0,0.0,0.0,0.0,0.0,1.0,0.0,1.0,36.0,24.0,11.0,2021.0,202
46.0,0.39999999999999997,51.0,0.0,0.0,0.0,1.0,0.0,0.0,0.0,0.0,1.0,1128299.0,0.0,0.0,0.0,0.0,1.0,1.0,0.0,4.0,14.0,2.0,2021.0,194
26.0,0.51,58.0,0.0,0.0,0.0,1.0,0.0,0.0,0.0,0.0,1.0,1128299.0,0.0,0.0,0.0,0.0,1.0,1.0,0.0,27.0,4.0,2.0,2020.0,111
16.0,0.42,73.0,1.0,0.0,0.0,0.0,0.0,0.0,0.0,0.0,1.0,1128299.0,0.0,0.0,0.0,0.0,1.0,1.0,0.0,5.0,27.0,4.0,2020.0,189
46.0,0.4,65.0,0.0,0.0,0.0,0.0,1.0,0.0,0.0,0.0,1.0,1128299.0,0.0,0.0,0.0,0.0,1.0,0.0,1.0,4.0,8.0,1.0,2021.0,825
26.0,0.21000000000000002,54.0,0.0,0.0,1.0,0.0,0.0,0.0,0.0,0.0,1.0,1128299.0,0.0,0.0,0.0,0.0,1.0,0.0,1.0,27.0,24.0,2.0,2020.0,140
7.0,0.35,34.0,0.0,0.0,0.0,0.0,0.0,0.0,0.0,0.0,1.0,1197831.0,0.0,0.0,0.0,0.0,1.0,0.0,1.0,11.0,5.0,5.0,2021.0,120
42.0,0.32999999999999996,74.0,0.0,0.0,1.0,0.0,0.0,0.0,0.0,0.0,1.0,1128299.0,0.0,0.0,0.0,0.0,1.0,0.0,1.0,36.0,24.0,6.0,2021.0,231
47.0,0.38,77.0,1.0,0.0,0.0,0.0,0.0,0.0,0.0,0.0,1.0,1128299.0,0.0,0.0,0.0,0.0,1.0,1.0,0.0,46.0,1.0,8.0,2020.0,195
45.0,0.35,20.0,0.0,0.0,0.0,0.0,1.0,0.0,0.0,0.0,1.0,1185732.0,0.0,0.0,0.0,0.0,1.0,0.0,0.0,43.0,11.0,10.0,2021.0,300
26.0,0.4,65.0,0.0,1.0,0.0,0.0,0.0,0.0,0.0,0.0,1.0,1128299.0,0.0,0.0,0.0,0.0,1.0,0.0,0.0,27.0,13.0,2.0,2020.0,700
26.0,0.33999999999999997,26.0,0.0,0.0,0.0,1.0,0.0,0.0,0.0,0.0,1.0,1128299.0,0.0,0.0,0.0,0.0,1.0,0.0,1.0,27.0,18.0,3.0,2020.0,96
47.0,0.39,77.0,1.0,0.0,0.0,0.0,0.0,0.0,0.0,0.0,1.0,1128299.0,0.0,0.0,0.0,0.0,1.0,1.0,0.0,46.0,8.0,7.0,2020.0,210
45.0,0.5,38.0,0.0,0.0,0.0,0.0,0.0,0.0,0.0,0.0,1.0,1185732.0,0.0,0.0,0.0,0.0,1.0,1.0,0.0,43.0,10.0,3.0,2021.0,75
42.0,0.42999999999999994,31.0,1.0,0.0,0.0,0.0,0.0,0.0,0.0,0.0,1.0,1128299.0,0.0,0.0,0.0,0.0,1.0,0.0,1.0,36.0,17.0,2.0,2021.0,124
42.0,0.5,50.0,0.0,0.0,0.0,0.0,1.0,0.0,0.0,0.0,1.0,1128299.0,0.0,0.0,0.0,0.0,1.0,1.0,0.0,36.0,25.0,5.0,2021.0,95
42.0,0.3,60.0,0.0,0.0,1.0,0.0,0.0,0.0,0.0,0.0,1.0,1128299.0,0.0,0.0,0.0,0.0,1.0,0.0,0.0,36.0,25.0,5.0,2021.0,525
46.0,0.25,36.0,1.0,0.0,0.0,0.0,0.0,0.0,0.0,0.0,1.0,1128299.0,0.0,0.0,0.0,0.0,1.0,0.0,1.0,4.0,8.0,11.0,2020.0,239
46.0,0.55,64.0,0.0,0.0,0.0,0.0,1.0,0.0,0.0,0.0,1.0,1128299.0,0.0,0.0,0.0,0.0,1.0,1.0,0.0,4.0,8.0,1.0,2021.0,206
45.0,0.35,40.0,1.0,0.0,0.0,0.0,0.0,0.0,0.0,0.0,1.0,1128299.0,0.0,0.0,0.0,0.0,1.0,0.0,0.0,43.0,24.0,1.0,2021.0,350
47.0,0.2,95.00000000000001,0.0,0.0,1.0,0.0,0.0,0.0,0.0,0.0,1.0,1128299.0,0.0,0.0,0.0,0.0,1.0,0.0,0.0,46.0,5.0,8.0,2020.0,575
46.0,0.33000000000000007,40.0,0.0,1.0,0.0,0.0,0.0,0.0,0.0,0.0,1.0,1128299.0,0.0,0.0,0.0,0.0,1.0,0.0,1.0,4.0,11.0,2.0,2021.0,322
42.0,0.35,40.0,0.0,1.0,0.0,0.0,0.0,0.0,0.0,0.0,1.0,1128299.0,0.0,0.0,0.0,0.0,1.0,0.0,0.0,36.0,24.0,10.0,2021.0,350
26.0,0.35000000000000003,30.0,0.0,1.0,0.0,0.0,0.0,0.0,0.0,0.0,1.0,1128299.0,0.0,0.0,0.0,0.0,1.0,0.0,0.0,27.0,15.0,3.0,2020.0,425
46.0,0.35000000000000003,40.0,0.0,1.0,0.0,0.0,0.0,0.0,0.0,0.0,1.0,1128299.0,0.0,0.0,0.0,0.0,1.0,0.0,1.0,4.0,7.0,11.0,2020.0,825
26.0,0.35000000000000003,60.00000000000001,0.0,0.0,0.0,0.0,1.0,0.0,0.0,0.0,1.0,1128299.0,0.0,0.0,0.0,0.0,1.0,0.0,0.0,27.0,27.0,2.0,2020.0,375
46.0,0.44000000000000006,52.0,0.0,1.0,0.0,0.0,0.0,0.0,0.0,0.0,1.0,1128299.0,0.0,0.0,0.0,0.0,1.0,1.0,0.0,4.0,5.0,2.0,2021.0,263
42.0,0.4,37.0,0.0,0.0,1.0,0.0,0.0,0.0,0.0,0.0,1.0,1128299.0,0.0,0.0,0.0,0.0,1.0,1.0,0.0,36.0,24.0,2.0,2021.0,85
47.0,0.34,86.0,0.0,0.0,1.0,0.0,0.0,0.0,0.0,0.0,1.0,1128299.0,0.0,0.0,0.0,0.0,1.0,1.0,0.0,46.0,5.0,8.0,2020.0,150
42.0,0.35,50.0,1.0,0.0,0.0,0.0,0.0,0.0,0.0,0.0,1.0,1128299.0,0.0,0.0,0.0,0.0,1.0,0.0,0.0,36.0,23.0,3.0,2021.0,325
46.0,0.1,70.0,0.0,0.0,1.0,0.0,0.0,0.0,0.0,0.0,1.0,1128299.0,0.0,0.0,0.0,0.0,1.0,0.0,1.0,4.0,4.0,2.0,2021.0,700
42.0,0.4,45.00000000000001,0.0,0.0,0.0,0.0,0.0,0.0,0.0,0.0,1.0,1128299.0,0.0,0.0,0.0,0.0,1.0,0.0,0.0,36.0,24.0,2.0,2021.0,125
42.0,0.38,50.0,0.0,0.0,0.0,1.0,0.0,0.0,0.0,0.0,1.0,1128299.0,0.0,0.0,0.0,0.0,1.0,0.0,1.0,36.0,24.0,8.0,2021.0,128
47.0,0.3,70.00000000000001,0.0,0.0,0.0,1.0,0.0,0.0,0.0,0.0,1.0,1128299.0,0.0,0.0,0.0,0.0,1.0,0.0,0.0,46.0,28.0,7.0,2020.0,450
16.0,0.15000000000000002,80.0,0.0,0.0,1.0,0.0,0.0,0.0,0.0,0.0,1.0,1128299.0,0.0,0.0,0.0,0.0,1.0,0.0,0.0,5.0,7.0,4.0,2020.0,325
47.0,0.35,78.0,0.0,0.0,0.0,0.0,1.0,0.0,0.0,0.0,1.0,1128299.0,0.0,0.0,0.0,0.0,1.0,1.0,0.0,46.0,3.0,7.0,2020.0,175
26.0,0.5300000000000001,53.0,0.0,0.0,0.0,0.0,0.0,0.0,0.0,0.0,1.0,1128299.0,0.0,0.0,0.0,0.0,1.0,0.0,1.0,27.0,23.0,2.0,2020.0,128
26.0,0.4,43.0,1.0,0.0,0.0,0.0,0.0,0.0,0.0,0.0,1.0,1128299.0,0.0,0.0,0.0,0.0,1.0,1.0,0.0,27.0,9.0,1.0,2020.0,128
42.0,0.43,58.0,0.0,0.0,1.0,0.0,0.0,0.0,0.0,0.0,1.0,1128299.0,0.0,0.0,0.0,0.0,1.0,1.0,0.0,36.0,24.0,10.0,2021.0,105
26.0,0.42,46.0,0.0,0.0,0.0,1.0,0.0,0.0,0.0,0.0,1.0,1128299.0,0.0,0.0,0.0,0.0,1.0,0.0,1.0,27.0,10.0,2.0,2020.0,140
46.0,0.65,59.0,0.0,0.0,0.0,0.0,0.0,0.0,0.0,0.0,1.0,1128299.0,0.0,0.0,0.0,0.0,1.0,1.0,0.0,4.0,29.0,12.0,2020.0,152
16.0,0.25,80.0,0.0,0.0,1.0,0.0,0.0,0.0,0.0,0.0,1.0,1128299.0,0.0,0.0,0.0,0.0,1.0,0.0,0.0,5.0,1.0,5.0,2020.0,400
42.0,0.48,49.0,0.0,0.0,0.0,1.0,0.0,0.0,0.0,0.0,1.0,1128299.0,0.0,0.0,0.0,0.0,1.0,1.0,0.0,36.0,25.0,5.0,2021.0,83
26.0,0.2,65.00000000000001,1.0,0.0,0.0,0.0,0.0,0.0,0.0,0.0,1.0,1128299.0,0.0,0.0,0.0,0.0,1.0,0.0,0.0,27.0,20.0,2.0,2020.0,600
26.0,0.47,64.0,0.0,0.0,0.0,1.0,0.0,0.0,0.0,0.0,1.0,1128299.0,0.0,0.0,0.0,0.0,1.0,1.0,0.0,27.0,16.0,2.0,2020.0,124
42.0,0.35,45.00000000000001,0.0,0.0,0.0,1.0,0.0,0.0,0.0,0.0,1.0,1128299.0,0.0,0.0,0.0,0.0,1.0,0.0,0.0,36.0,24.0,10.0,2021.0,325
42.0,0.37,39.0,0.0,0.0,0.0,1.0,0.0,0.0,0.0,0.0,1.0,1128299.0,0.0,0.0,0.0,0.0,1.0,0.0,1.0,36.0,23.0,3.0,2021.0,75
26.0,0.29,56.0,1.0,0.0,0.0,0.0,0.0,0.0,0.0,0.0,1.0,1128299.0,0.0,0.0,0.0,0.0,1.0,0.0,1.0,27.0,14.0,2.0,2020.0,208
46.0,0.4,46.0,0.0,0.0,0.0,0.0,1.0,0.0,0.0,0.0,1.0,1128299.0,0.0,0.0,0.0,0.0,1.0,0.0,1.0,4.0,14.0,1.0,2021.0,264
42.0,0.41,47.0,0.0,0.0,0.0,0.0,1.0,0.0,0.0,0.0,1.0,1128299.0,0.0,0.0,0.0,0.0,1.0,0.0,1.0,36.0,24.0,4.0,2021.0,114
26.0,0.5000000000000001,70.0,0.0,0.0,0.0,0.0,0.0,0.0,0.0,0.0,1.0,1128299.0,0.0,0.0,0.0,0.0,1.0,0.0,0.0,27.0,7.0,3.0,2020.0,350
47.0,0.3,60.0,0.0,1.0,0.0,0.0,0.0,0.0,0.0,0.0,1.0,1128299.0,0.0,0.0,0.0,0.0,1.0,0.0,0.0,46.0,19.0,6.0,2020.0,550
46.0,0.5,55.00000000000001,0.0,0.0,0.0,0.0,0.0,0.0,0.0,0.0,1.0,1128299.0,0.0,0.0,0.0,0.0,1.0,0.0,1.0,4.0,11.0,11.0,2020.0,500
47.0,0.39,51.0,0.0,0.0,0.0,0.0,0.0,0.0,0.0,0.0,1.0,1128299.0,0.0,0.0,0.0,0.0,1.0,1.0,0.0,46.0,30.0,5.0,2020.0,73
7.0,0.43,34.0,0.0,0.0,0.0,0.0,0.0,0.0,0.0,0.0,1.0,1197831.0,0.0,0.0,0.0,0.0,1.0,1.0,0.0,11.0,5.0,4.0,2021.0,72
42.0,0.44999999999999996,54.0,0.0,0.0,0.0,0.0,1.0,0.0,0.0,0.0,1.0,1128299.0,0.0,0.0,0.0,0.0,1.0,1.0,0.0,36.0,23.0,3.0,2021.0,88
45.0,0.41,10.0,0.0,0.0,0.0,0.0,1.0,0.0,0.0,0.0,1.0,1185732.0,0.0,0.0,0.0,0.0,1.0,0.0,1.0,43.0,11.0,4.0,2021.0,107
26.0,0.35000000000000003,60.00000000000001,0.0,0.0,0.0,0.0,1.0,0.0,0.0,0.0,1.0,1128299.0,0.0,0.0,0.0,0.0,1.0,0.0,0.0,27.0,11.0,3.0,2020.0,475
7.0,0.43,52.0,0.0,0.0,0.0,0.0,0.0,0.0,0.0,0.0,1.0,1197831.0,0.0,0.0,0.0,0.0,1.0,1.0,0.0,11.0,4.0,6.0,2021.0,117
7.0,0.39999999999999997,50.0,0.0,1.0,0.0,0.0,0.0,0.0,0.0,0.0,1.0,1197831.0,0.0,0.0,0.0,0.0,1.0,1.0,0.0,11.0,6.0,7.0,2021.0,775
46.0,0.22,47.0,1.0,0.0,0.0,0.0,0.0,0.0,0.0,0.0,1.0,1128299.0,0.0,0.0,0.0,0.0,1.0,0.0,1.0,4.0,19.0,1.0,2021.0,278
26.0,0.53,62.0,0.0,1.0,0.0,0.0,0.0,0.0,0.0,0.0,1.0,1128299.0,0.0,0.0,0.0,0.0,1.0,1.0,0.0,27.0,13.0,2.0,2020.0,210
42.0,0.35,54.99999999999999,0.0,0.0,0.0,0.0,1.0,0.0,0.0,0.0,1.0,1128299.0,0.0,0.0,0.0,0.0,1.0,0.0,0.0,36.0,23.0,3.0,2021.0,350
42.0,0.5499999999999999,41.0,0.0,0.0,0.0,1.0,0.0,0.0,0.0,0.0,1.0,1128299.0,0.0,0.0,0.0,0.0,1.0,1.0,0.0,36.0,17.0,1.0,2021.0,68
46.0,0.39,51.0,0.0,0.0,0.0,0.0,1.0,0.0,0.0,0.0,1.0,1128299.0,0.0,0.0,0.0,0.0,1.0,0.0,1.0,4.0,20.0,1.0,2021.0,248
16.0,0.35000000000000003,54.99999999999999,0.0,0.0,0.0,0.0,1.0,0.0,0.0,0.0,1.0,1128299.0,0.0,0.0,0.0,0.0,1.0,0.0,0.0,5.0,29.0,3.0,2020.0,400
45.0,0.4,20.000000000000007,0.0,0.0,0.0,1.0,0.0,0.0,0.0,0.0,1.0,1185732.0,0.0,0.0,0.0,0.0,1.0,0.0,0.0,43.0,11.0,11.0,2021.0,375
26.0,0.35,78.0,0.0,0.0,1.0,0.0,0.0,0.0,0.0,0.0,1.0,1128299.0,0.0,0.0,0.0,0.0,1.0,1.0,0.0,27.0,31.0,1.0,2020.0,131
46.0,0.38,40.0,0.0,1.0,0.0,0.0,0.0,0.0,0.0,0.0,1.0,1128299.0,0.0,0.0,0.0,0.0,1.0,0.0,1.0,4.0,25.0,12.0,2020.0,271
45.0,0.64,29.0,0.0,0.0,1.0,0.0,0.0,0.0,0.0,0.0,1.0,1185732.0,0.0,0.0,0.0,0.0,1.0,1.0,0.0,43.0,10.0,3.0,2021.0,100
42.0,0.45999999999999996,68.0,0.0,0.0,0.0,1.0,0.0,0.0,0.0,0.0,1.0,1128299.0,0.0,0.0,0.0,0.0,1.0,1.0,0.0,36.0,24.0,8.0,2021.0,119
7.0,0.38999999999999996,21.0,1.0,0.0,0.0,0.0,0.0,0.0,0.0,0.0,1.0,1197831.0,0.0,0.0,0.0,0.0,1.0,0.0,1.0,11.0,5.0,4.0,2021.0,215
42.0,0.46,50.0,0.0,0.0,0.0,0.0,0.0,0.0,0.0,0.0,1.0,1128299.0,0.0,0.0,0.0,0.0,1.0,0.0,1.0,36.0,24.0,11.0,2021.0,145
46.0,0.4700000000000001,51.0,0.0,0.0,0.0,0.0,0.0,0.0,0.0,0.0,1.0,1128299.0,0.0,0.0,0.0,0.0,1.0,0.0,1.0,4.0,9.0,2.0,2021.0,228
46.0,0.2,70.0,1.0,0.0,0.0,0.0,0.0,0.0,0.0,0.0,1.0,1128299.0,0.0,0.0,0.0,0.0,1.0,0.0,1.0,4.0,19.0,1.0,2021.0,925
46.0,0.32,48.0,0.0,0.0,0.0,1.0,0.0,0.0,0.0,0.0,1.0,1128299.0,0.0,0.0,0.0,0.0,1.0,0.0,1.0,4.0,22.0,12.0,2020.0,204
42.0,0.35,45.00000000000001,0.0,1.0,0.0,0.0,0.0,0.0,0.0,0.0,1.0,1128299.0,0.0,0.0,0.0,0.0,1.0,0.0,0.0,36.0,24.0,11.0,2021.0,575
45.0,0.35,30.00000000000001,1.0,0.0,0.0,0.0,0.0,0.0,0.0,0.0,1.0,1185732.0,0.0,0.0,0.0,0.0,1.0,0.0,0.0,43.0,10.0,7.0,2021.0,550
26.0,0.66,63.0,0.0,0.0,0.0,0.0,0.0,0.0,0.0,0.0,1.0,1128299.0,0.0,0.0,0.0,0.0,1.0,1.0,0.0,27.0,24.0,1.0,2020.0,52
45.0,0.35,35.0,0.0,0.0,0.0,0.0,0.0,0.0,0.0,0.0,1.0,1185732.0,0.0,0.0,0.0,0.0,1.0,0.0,0.0,43.0,10.0,7.0,2021.0,425
16.0,0.35,65.00000000000001,0.0,0.0,0.0,1.0,0.0,0.0,0.0,0.0,1.0,1128299.0,0.0,0.0,0.0,0.0,1.0,0.0,0.0,5.0,5.0,5.0,2020.0,400
7.0,0.5,35.0,0.0,0.0,1.0,0.0,0.0,0.0,0.0,0.0,1.0,1197831.0,0.0,0.0,0.0,0.0,1.0,1.0,0.0,11.0,6.0,3.0,2021.0,400
47.0,0.38,60.0,1.0,0.0,0.0,0.0,0.0,0.0,0.0,0.0,1.0,1128299.0,0.0,0.0,0.0,0.0,1.0,1.0,0.0,46.0,20.0,6.0,2020.0,108
7.0,0.5,50.0,0.0,0.0,0.0,1.0,0.0,0.0,0.0,0.0,1.0,1197831.0,0.0,0.0,0.0,0.0,1.0,1.0,0.0,11.0,6.0,7.0,2021.0,525
16.0,0.3,50.0,0.0,0.0,0.0,1.0,0.0,0.0,0.0,0.0,1.0,1128299.0,0.0,0.0,0.0,0.0,1.0,0.0,0.0,5.0,29.0,5.0,2020.0,300
42.0,0.39999999999999997,34.0,0.0,0.0,1.0,0.0,0.0,0.0,0.0,0.0,1.0,1128299.0,0.0,0.0,0.0,0.0,1.0,0.0,1.0,36.0,17.0,1.0,2021.0,140
42.0,0.4,80.00000000000001,0.0,0.0,0.0,0.0,0.0,0.0,0.0,0.0,1.0,1128299.0,0.0,0.0,0.0,0.0,1.0,0.0,0.0,36.0,23.0,12.0,2021.0,475
26.0,0.5800000000000001,58.0,0.0,1.0,0.0,0.0,0.0,0.0,0.0,0.0,1.0,1128299.0,0.0,0.0,0.0,0.0,1.0,1.0,0.0,27.0,26.0,1.0,2020.0,149
26.0,0.35,60.0,0.0,0.0,0.0,1.0,0.0,0.0,0.0,0.0,1.0,1128299.0,0.0,0.0,0.0,0.0,1.0,0.0,0.0,27.0,10.0,2.0,2020.0,450
46.0,0.2,80.0,0.0,0.0,1.0,0.0,0.0,0.0,0.0,0.0,1.0,1128299.0,0.0,0.0,0.0,0.0,1.0,0.0,1.0,4.0,5.0,1.0,2021.0,725
16.0,0.25,50.0,1.0,0.0,0.0,0.0,0.0,0.0,0.0,0.0,1.0,1128299.0,0.0,0.0,0.0,0.0,1.0,0.0,0.0,5.0,27.0,5.0,2020.0,450
16.0,0.4,55.00000000000001,0.0,1.0,0.0,0.0,0.0,0.0,0.0,0.0,1.0,1128299.0,0.0,0.0,0.0,0.0,1.0,0.0,0.0,5.0,14.0,5.0,2020.0,575
47.0,0.39,47.0,1.0,0.0,0.0,0.0,0.0,0.0,0.0,0.0,1.0,1128299.0,0.0,0.0,0.0,0.0,1.0,1.0,0.0,46.0,2.0,6.0,2020.0,131
47.0,0.33,75.0,0.0,0.0,1.0,0.0,0.0,0.0,0.0,0.0,1.0,1128299.0,0.0,0.0,0.0,0.0,1.0,1.0,0.0,46.0,24.0,6.0,2020.0,125
26.0,0.47,50.0,0.0,0.0,0.0,1.0,0.0,0.0,0.0,0.0,1.0,1128299.0,0.0,0.0,0.0,0.0,1.0,1.0,0.0,27.0,17.0,1.0,2020.0,84
45.0,0.41,13.0,0.0,0.0,0.0,0.0,1.0,0.0,0.0,0.0,1.0,1185732.0,0.0,0.0,0.0,0.0,1.0,0.0,1.0,43.0,11.0,10.0,2021.0,90
42.0,0.42,60.0,0.0,1.0,0.0,0.0,0.0,0.0,0.0,0.0,1.0,1128299.0,0.0,0.0,0.0,0.0,1.0,0.0,1.0,36.0,23.0,7.0,2021.0,298
46.0,0.30000000000000004,55.00000000000001,0.0,1.0,0.0,0.0,0.0,0.0,0.0,0.0,1.0,1128299.0,0.0,0.0,0.0,0.0,1.0,0.0,1.0,4.0,5.0,2.0,2021.0,875
45.0,0.55,19.0,0.0,0.0,0.0,1.0,0.0,0.0,0.0,0.0,1.0,1185732.0,0.0,0.0,0.0,0.0,1.0,1.0,0.0,43.0,11.0,10.0,2021.0,72
7.0,0.33999999999999997,43.0,0.0,0.0,0.0,0.0,0.0,0.0,0.0,0.0,1.0,1197831.0,0.0,0.0,0.0,0.0,1.0,0.0,1.0,11.0,4.0,6.0,2021.0,158
45.0,0.35,30.00000000000001,1.0,0.0,0.0,0.0,0.0,0.0,0.0,0.0,1.0,1185732.0,0.0,0.0,0.0,0.0,1.0,0.0,0.0,43.0,12.0,5.0,2021.0,375
7.0,0.65,33.0,0.0,0.0,1.0,0.0,0.0,0.0,0.0,0.0,1.0,1197831.0,0.0,0.0,0.0,0.0,1.0,1.0,0.0,11.0,6.0,3.0,2021.0,116
42.0,0.41,39.0,0.0,0.0,0.0,1.0,0.0,0.0,0.0,0.0,1.0,1128299.0,0.0,0.0,0.0,0.0,1.0,0.0,1.0,36.0,24.0,11.0,2021.0,149
45.0,0.47,29.0,0.0,0.0,0.0,0.0,1.0,0.0,0.0,0.0,1.0,1185732.0,0.0,0.0,0.0,0.0,1.0,1.0,0.0,43.0,10.0,12.0,2021.0,113
47.0,0.2,80.0,0.0,0.0,1.0,0.0,0.0,0.0,0.0,0.0,1.0,1128299.0,0.0,0.0,0.0,0.0,1.0,0.0,0.0,46.0,24.0,6.0,2020.0,500
47.0,0.25,80.0,0.0,0.0,0.0,0.0,1.0,0.0,0.0,0.0,1.0,1128299.0,0.0,0.0,0.0,0.0,1.0,0.0,0.0,46.0,27.0,6.0,2020.0,625
16.0,0.6900000000000002,68.0,0.0,0.0,0.0,0.0,0.0,0.0,0.0,0.0,1.0,1128299.0,0.0,0.0,0.0,0.0,1.0,1.0,0.0,5.0,18.0,5.0,2020.0,105
16.0,0.64,41.0,0.0,0.0,0.0,0.0,0.0,0.0,0.0,0.0,1.0,1128299.0,0.0,0.0,0.0,0.0,1.0,1.0,0.0,5.0,19.0,3.0,2020.0,56
26.0,0.15000000000000002,75.00000000000001,0.0,0.0,1.0,0.0,0.0,0.0,0.0,0.0,1.0,1128299.0,0.0,0.0,0.0,0.0,1.0,0.0,0.0,27.0,14.0,3.0,2020.0,500
16.0,0.35,74.0,0.0,0.0,1.0,0.0,0.0,0.0,0.0,0.0,1.0,1128299.0,0.0,0.0,0.0,0.0,1.0,1.0,0.0,5.0,1.0,5.0,2020.0,100
42.0,0.45,40.0,0.0,0.0,0.0,0.0,0.0,0.0,0.0,0.0,1.0,1128299.0,0.0,0.0,0.0,0.0,1.0,0.0,1.0,36.0,24.0,10.0,2021.0,93
45.0,0.5,39.0,0.0,0.0,0.0,0.0,0.0,0.0,0.0,0.0,1.0,1185732.0,0.0,0.0,0.0,0.0,1.0,1.0,0.0,43.0,12.0,5.0,2021.0,75
45.0,0.4,40.0,0.0,1.0,0.0,0.0,0.0,0.0,0.0,0.0,1.0,1185732.0,0.0,0.0,0.0,0.0,1.0,0.0,0.0,43.0,10.0,12.0,2021.0,700
26.0,0.45999999999999996,44.0,0.0,0.0,0.0,1.0,0.0,0.0,0.0,0.0,1.0,1128299.0,0.0,0.0,0.0,0.0,1.0,1.0,0.0,27.0,11.0,1.0,2020.0,74
45.0,0.35,25.00000000000001,1.0,0.0,0.0,0.0,0.0,0.0,0.0,0.0,1.0,1185732.0,0.0,0.0,0.0,0.0,1.0,0.0,0.0,43.0,12.0,9.0,2021.0,450
7.0,0.38999999999999996,18.0,0.0,0.0,0.0,0.0,1.0,0.0,0.0,0.0,1.0,1197831.0,0.0,0.0,0.0,0.0,1.0,0.0,1.0,11.0,5.0,5.0,2021.0,184
46.0,0.25,76.0,0.0,0.0,1.0,0.0,0.0,0.0,0.0,0.0,1.0,1128299.0,0.0,0.0,0.0,0.0,1.0,1.0,0.0,4.0,23.0,1.0,2021.0,181
26.0,0.3,60.00000000000001,0.0,0.0,0.0,1.0,0.0,0.0,0.0,0.0,1.0,1128299.0,0.0,0.0,0.0,0.0,1.0,0.0,0.0,27.0,12.0,3.0,2020.0,475
26.0,0.2,80.0,0.0,0.0,1.0,0.0,0.0,0.0,0.0,0.0,1.0,1128299.0,0.0,0.0,0.0,0.0,1.0,0.0,0.0,27.0,12.0,2.0,2020.0,500
42.0,0.41,61.0,0.0,0.0,0.0,1.0,0.0,0.0,0.0,0.0,1.0,1128299.0,0.0,0.0,0.0,0.0,1.0,0.0,1.0,36.0,23.0,7.0,2021.0,171
45.0,0.35,15.000000000000007,0.0,0.0,0.0,0.0,1.0,0.0,0.0,0.0,1.0,1185732.0,0.0,0.0,0.0,0.0,1.0,0.0,0.0,43.0,11.0,4.0,2021.0,325
26.0,0.35,43.0,0.0,0.0,0.0,1.0,0.0,0.0,0.0,0.0,1.0,1128299.0,0.0,0.0,0.0,0.0,1.0,0.0,1.0,27.0,6.0,3.0,2020.0,132
45.0,0.38999999999999996,20.0,1.0,0.0,0.0,0.0,0.0,0.0,0.0,0.0,1.0,1185732.0,0.0,0.0,0.0,0.0,1.0,0.0,1.0,43.0,10.0,7.0,2021.0,182
26.0,0.23,31.0,0.0,0.0,1.0,0.0,0.0,0.0,0.0,0.0,1.0,1128299.0,0.0,0.0,0.0,0.0,1.0,0.0,1.0,27.0,13.0,1.0,2020.0,140
46.0,0.44,46.0,0.0,0.0,0.0,0.0,1.0,0.0,0.0,0.0,1.0,1128299.0,0.0,0.0,0.0,0.0,1.0,0.0,1.0,4.0,2.0,1.0,2021.0,225
42.0,0.35,70.0,0.0,0.0,0.0,1.0,0.0,0.0,0.0,0.0,1.0,1128299.0,0.0,0.0,0.0,0.0,1.0,0.0,0.0,36.0,24.0,8.0,2021.0,425
16.0,0.27,37.0,0.0,0.0,1.0,0.0,0.0,0.0,0.0,0.0,1.0,1128299.0,0.0,0.0,0.0,0.0,1.0,1.0,0.0,5.0,26.0,3.0,2020.0,116
26.0,0.30000000000000004,74.0,0.0,0.0,1.0,0.0,0.0,0.0,0.0,0.0,1.0,1128299.0,0.0,0.0,0.0,0.0,1.0,1.0,0.0,27.0,24.0,2.0,2020.0,113
26.0,0.3,60.00000000000001,0.0,0.0,0.0,1.0,0.0,0.0,0.0,0.0,1.0,1128299.0,0.0,0.0,0.0,0.0,1.0,0.0,0.0,27.0,28.0,2.0,2020.0,350
45.0,0.48,39.0,0.0,0.0,0.0,0.0,1.0,0.0,0.0,0.0,1.0,1128299.0,0.0,0.0,0.0,0.0,1.0,1.0,0.0,43.0,24.0,1.0,2021.0,105
47.0,0.25,65.0,1.0,0.0,0.0,0.0,0.0,0.0,0.0,0.0,1.0,1128299.0,0.0,0.0,0.0,0.0,1.0,0.0,0.0,46.0,20.0,6.0,2020.0,400
42.0,0.48,39.0,0.0,0.0,0.0,1.0,0.0,0.0,0.0,0.0,1.0,1128299.0,0.0,0.0,0.0,0.0,1.0,1.0,0.0,36.0,24.0,2.0,2021.0,58
47.0,0.4,58.0,0.0,1.0,0.0,0.0,0.0,0.0,0.0,0.0,1.0,1128299.0,0.0,0.0,0.0,0.0,1.0,1.0,0.0,46.0,19.0,7.0,2020.0,149
47.0,0.33,76.0,0.0,0.0,1.0,0.0,0.0,0.0,0.0,0.0,1.0,1128299.0,0.0,0.0,0.0,0.0,1.0,1.0,0.0,46.0,12.0,7.0,2020.0,108
46.0,0.25,65.0,1.0,0.0,0.0,0.0,0.0,0.0,0.0,0.0,1.0,1128299.0,0.0,0.0,0.0,0.0,1.0,0.0,1.0,4.0,7.0,1.0,2021.0,825
26.0,0.31,35.0,1.0,0.0,0.0,0.0,0.0,0.0,0.0,0.0,1.0,1128299.0,0.0,0.0,0.0,0.0,1.0,0.0,1.0,27.0,9.0,1.0,2020.0,145
16.0,0.2,80.00000000000001,0.0,0.0,1.0,0.0,0.0,0.0,0.0,0.0,1.0,1128299.0,0.0,0.0,0.0,0.0,1.0,0.0,0.0,5.0,19.0,5.0,2020.0,500
46.0,0.35000000000000003,60.0,0.0,1.0,0.0,0.0,0.0,0.0,0.0,0.0,1.0,1128299.0,0.0,0.0,0.0,0.0,1.0,0.0,1.0,4.0,12.0,1.0,2021.0,1025
47.0,0.37,74.0,1.0,0.0,0.0,0.0,0.0,0.0,0.0,0.0,1.0,1128299.0,0.0,0.0,0.0,0.0,1.0,1.0,0.0,46.0,26.0,6.0,2020.0,188
26.0,0.32,54.0,0.0,0.0,1.0,0.0,0.0,0.0,0.0,0.0,1.0,1128299.0,0.0,0.0,0.0,0.0,1.0,0.0,1.0,27.0,31.0,1.0,2020.0,140
46.0,0.19000000000000003,56.0,0.0,0.0,1.0,0.0,0.0,0.0,0.0,0.0,1.0,1128299.0,0.0,0.0,0.0,0.0,1.0,0.0,1.0,4.0,17.0,1.0,2021.0,264
42.0,0.35,50.000000000000014,0.0,0.0,0.0,1.0,0.0,0.0,0.0,0.0,1.0,1128299.0,0.0,0.0,0.0,0.0,1.0,0.0,0.0,36.0,25.0,9.0,2021.0,200
42.0,0.38999999999999996,44.0,0.0,1.0,0.0,0.0,0.0,0.0,0.0,0.0,1.0,1128299.0,0.0,0.0,0.0,0.0,1.0,0.0,1.0,36.0,24.0,4.0,2021.0,166
42.0,0.35,90.0,0.0,0.0,0.0,0.0,1.0,0.0,0.0,0.0,1.0,1128299.0,0.0,0.0,0.0,0.0,1.0,0.0,0.0,36.0,23.0,7.0,2021.0,650
45.0,0.51,32.0,0.0,1.0,0.0,0.0,0.0,0.0,0.0,0.0,1.0,1185732.0,0.0,0.0,0.0,0.0,1.0,1.0,0.0,43.0,12.0,5.0,2021.0,174
42.0,0.38999999999999996,34.0,0.0,0.0,0.0,1.0,0.0,0.0,0.0,0.0,1.0,1128299.0,0.0,0.0,0.0,0.0,1.0,0.0,1.0,36.0,24.0,10.0,2021.0,114
42.0,0.45999999999999996,78.0,0.0,0.0,0.0,0.0,1.0,0.0,0.0,0.0,1.0,1128299.0,0.0,0.0,0.0,0.0,1.0,1.0,0.0,36.0,24.0,6.0,2021.0,189
7.0,0.55,33.0,0.0,0.0,0.0,1.0,0.0,0.0,0.0,0.0,1.0,1197831.0,0.0,0.0,0.0,0.0,1.0,1.0,0.0,11.0,5.0,5.0,2021.0,130
42.0,0.39999999999999997,28.0,0.0,1.0,0.0,0.0,0.0,0.0,0.0,0.0,1.0,1128299.0,0.0,0.0,0.0,0.0,1.0,0.0,1.0,36.0,23.0,3.0,2021.0,143
42.0,0.35,70.0,0.0,0.0,0.0,0.0,1.0,0.0,0.0,0.0,1.0,1128299.0,0.0,0.0,0.0,0.0,1.0,0.0,0.0,36.0,24.0,8.0,2021.0,650
45.0,0.4,20.000000000000007,0.0,0.0,0.0,1.0,0.0,0.0,0.0,0.0,1.0,1185732.0,0.0,0.0,0.0,0.0,1.0,0.0,0.0,43.0,11.0,6.0,2021.0,400
42.0,0.47,86.0,0.0,0.0,0.0,0.0,1.0,0.0,0.0,0.0,1.0,1128299.0,0.0,0.0,0.0,0.0,1.0,1.0,0.0,36.0,23.0,7.0,2021.0,163
45.0,0.5,23.0,0.0,0.0,0.0,1.0,0.0,0.0,0.0,0.0,1.0,1185732.0,0.0,0.0,0.0,0.0,1.0,1.0,0.0,43.0,10.0,7.0,2021.0,115
46.0,0.63,62.0,0.0,0.0,0.0,0.0,0.0,0.0,0.0,0.0,1.0,1128299.0,0.0,0.0,0.0,0.0,1.0,1.0,0.0,4.0,23.0,12.0,2020.0,145
45.0,0.4,30.000000000000004,0.0,1.0,0.0,0.0,0.0,0.0,0.0,0.0,1.0,1185732.0,0.0,0.0,0.0,0.0,1.0,0.0,0.0,43.0,11.0,11.0,2021.0,550
42.0,0.49,51.0,0.0,1.0,0.0,0.0,0.0,0.0,0.0,0.0,1.0,1128299.0,0.0,0.0,0.0,0.0,1.0,1.0,0.0,36.0,24.0,6.0,2021.0,225
7.0,0.5,18.0,0.0,1.0,0.0,0.0,0.0,0.0,0.0,0.0,1.0,1197831.0,0.0,0.0,0.0,0.0,1.0,1.0,0.0,11.0,5.0,5.0,2021.0,203
45.0,0.5,19.0,0.0,0.0,0.0,1.0,0.0,0.0,0.0,0.0,1.0,1185732.0,0.0,0.0,0.0,0.0,1.0,1.0,0.0,43.0,11.0,2.0,2021.0,87
42.0,0.35,78.0,0.0,0.0,1.0,0.0,0.0,0.0,0.0,0.0,1.0,1128299.0,0.0,0.0,0.0,0.0,1.0,0.0,1.0,36.0,23.0,7.0,2021.0,204
47.0,0.36,56.0,0.0,0.0,0.0,0.0,1.0,0.0,0.0,0.0,1.0,1128299.0,0.0,0.0,0.0,0.0,1.0,1.0,0.0,46.0,21.0,7.0,2020.0,113
45.0,0.51,27.0,0.0,0.0,0.0,1.0,0.0,0.0,0.0,0.0,1.0,1185732.0,0.0,0.0,0.0,0.0,1.0,1.0,0.0,43.0,10.0,12.0,2021.0,112
16.0,0.37,55.0,1.0,0.0,0.0,0.0,0.0,0.0,0.0,0.0,1.0,1128299.0,0.0,0.0,0.0,0.0,1.0,1.0,0.0,5.0,15.0,5.0,2020.0,150
46.0,0.5700000000000001,63.0,0.0,0.0,0.0,0.0,0.0,0.0,0.0,0.0,1.0,1128299.0,0.0,0.0,0.0,0.0,1.0,1.0,0.0,4.0,9.0,2.0,2021.0,163
42.0,0.35,65.00000000000001,0.0,1.0,0.0,0.0,0.0,0.0,0.0,0.0,1.0,1128299.0,0.0,0.0,0.0,0.0,1.0,0.0,0.0,36.0,23.0,12.0,2021.0,750
47.0,0.38,69.0,0.0,0.0,0.0,0.0,0.0,0.0,0.0,0.0,1.0,1128299.0,0.0,0.0,0.0,0.0,1.0,1.0,0.0,46.0,11.0,6.0,2020.0,46
45.0,0.42,7.0,0.0,0.0,0.0,0.0,1.0,0.0,0.0,0.0,1.0,1185732.0,0.0,0.0,0.0,0.0,1.0,0.0,1.0,43.0,12.0,9.0,2021.0,105
46.0,0.35000000000000003,65.0,0.0,1.0,0.0,0.0,0.0,0.0,0.0,0.0,1.0,1128299.0,0.0,0.0,0.0,0.0,1.0,0.0,1.0,4.0,18.0,1.0,2021.0,975
47.0,0.3,60.0,0.0,0.0,0.0,1.0,0.0,0.0,0.0,0.0,1.0,1128299.0,0.0,0.0,0.0,0.0,1.0,0.0,0.0,46.0,22.0,6.0,2020.0,300
16.0,0.5,59.0,1.0,0.0,0.0,0.0,0.0,0.0,0.0,0.0,1.0,1128299.0,0.0,0.0,0.0,0.0,1.0,1.0,0.0,5.0,15.0,4.0,2020.0,144
42.0,0.4,55.00000000000001,0.0,0.0,0.0,0.0,0.0,0.0,0.0,0.0,1.0,1128299.0,0.0,0.0,0.0,0.0,1.0,0.0,0.0,36.0,24.0,10.0,2021.0,300
26.0,0.25,31.0,1.0,0.0,0.0,0.0,0.0,0.0,0.0,0.0,1.0,1128299.0,0.0,0.0,0.0,0.0,1.0,0.0,1.0,27.0,16.0,3.0,2020.0,145
7.0,0.5499999999999999,46.0,0.0,0.0,0.0,0.0,1.0,0.0,0.0,0.0,1.0,1197831.0,0.0,0.0,0.0,0.0,1.0,1.0,0.0,11.0,6.0,7.0,2021.0,241
42.0,0.42,49.0,0.0,0.0,1.0,0.0,0.0,0.0,0.0,0.0,1.0,1128299.0,0.0,0.0,0.0,0.0,1.0,1.0,0.0,36.0,23.0,3.0,2021.0,87
16.0,0.35000000000000003,30.0,0.0,1.0,0.0,0.0,0.0,0.0,0.0,0.0,1.0,1128299.0,0.0,0.0,0.0,0.0,1.0,0.0,0.0,5.0,21.0,3.0,2020.0,525
16.0,0.35,55.00000000000001,0.0,0.0,0.0,1.0,0.0,0.0,0.0,0.0,1.0,1128299.0,0.0,0.0,0.0,0.0,1.0,0.0,0.0,5.0,11.0,5.0,2020.0,325
42.0,0.42,28.0,0.0,1.0,0.0,0.0,0.0,0.0,0.0,0.0,1.0,1128299.0,0.0,0.0,0.0,0.0,1.0,0.0,1.0,36.0,17.0,1.0,2021.0,120
7.0,0.47,23.0,0.0,0.0,0.0,0.0,1.0,0.0,0.0,0.0,1.0,1197831.0,0.0,0.0,0.0,0.0,1.0,1.0,0.0,11.0,5.0,5.0,2021.0,167
26.0,0.7000000000000001,60.0,0.0,0.0,0.0,0.0,0.0,0.0,0.0,0.0,1.0,1128299.0,0.0,0.0,0.0,0.0,1.0,1.0,0.0,27.0,30.0,1.0,2020.0,60
16.0,0.30000000000000004,65.0,0.0,0.0,1.0,0.0,0.0,0.0,0.0,0.0,1.0,1128299.0,0.0,0.0,0.0,0.0,1.0,1.0,0.0,5.0,13.0,5.0,2020.0,105
46.0,0.5,64.0,0.0,0.0,0.0,0.0,1.0,0.0,0.0,0.0,1.0,1128299.0,0.0,0.0,0.0,0.0,1.0,1.0,0.0,4.0,27.0,12.0,2020.0,210
26.0,0.45,60.0,0.0,1.0,0.0,0.0,0.0,0.0,0.0,0.0,1.0,1128299.0,0.0,0.0,0.0,0.0,1.0,0.0,1.0,27.0,26.0,1.0,2020.0,550
16.0,0.35,65.0,1.0,0.0,0.0,0.0,0.0,0.0,0.0,0.0,1.0,1128299.0,0.0,0.0,0.0,0.0,1.0,0.0,0.0,5.0,9.0,4.0,2020.0,375
47.0,0.25,60.00000000000001,0.0,0.0,0.0,0.0,1.0,0.0,0.0,0.0,1.0,1128299.0,0.0,0.0,0.0,0.0,1.0,0.0,0.0,46.0,21.0,7.0,2020.0,375
45.0,0.44999999999999996,34.0,0.0,0.0,0.0,0.0,0.0,0.0,0.0,0.0,1.0,1185732.0,0.0,0.0,0.0,0.0,1.0,1.0,0.0,43.0,11.0,6.0,2021.0,108
45.0,0.42000000000000004,20.0,0.0,0.0,0.0,1.0,0.0,0.0,0.0,0.0,1.0,1185732.0,0.0,0.0,0.0,0.0,1.0,0.0,1.0,43.0,10.0,3.0,2021.0,75
42.0,0.35,80.0,0.0,0.0,0.0,1.0,0.0,0.0,0.0,0.0,1.0,1128299.0,0.0,0.0,0.0,0.0,1.0,0.0,0.0,36.0,24.0,6.0,2021.0,525
42.0,0.51,41.0,1.0,0.0,0.0,0.0,0.0,0.0,0.0,0.0,1.0,1128299.0,0.0,0.0,0.0,0.0,1.0,1.0,0.0,36.0,17.0,2.0,2021.0,116
45.0,0.35,20.000000000000007,0.0,0.0,0.0,0.0,1.0,0.0,0.0,0.0,1.0,1185732.0,0.0,0.0,0.0,0.0,1.0,0.0,0.0,43.0,11.0,11.0,2021.0,345
7.0,0.35,20.0,0.0,1.0,0.0,0.0,0.0,0.0,0.0,0.0,1.0,1197831.0,0.0,0.0,0.0,0.0,1.0,1.0,0.0,11.0,5.0,4.0,2021.0,650
26.0,0.5400000000000001,49.0,0.0,0.0,0.0,0.0,0.0,0.0,0.0,0.0,1.0,1128299.0,0.0,0.0,0.0,0.0,1.0,0.0,1.0,27.0,13.0,3.0,2020.0,136
42.0,0.35,55.00000000000001,1.0,0.0,0.0,0.0,0.0,0.0,0.0,0.0,1.0,1128299.0,0.0,0.0,0.0,0.0,1.0,0.0,0.0,36.0,25.0,5.0,2021.0,350
46.0,0.15000000000000002,50.0,0.0,0.0,1.0,0.0,0.0,0.0,0.0,0.0,1.0,1128299.0,0.0,0.0,0.0,0.0,1.0,0.0,1.0,4.0,6.0,11.0,2020.0,775
45.0,0.43000000000000005,28.0,0.0,1.0,0.0,0.0,0.0,0.0,0.0,0.0,1.0,1185732.0,0.0,0.0,0.0,0.0,1.0,0.0,1.0,43.0,10.0,7.0,2021.0,248
47.0,0.3,70.0,0.0,1.0,0.0,0.0,0.0,0.0,0.0,0.0,1.0,1128299.0,0.0,0.0,0.0,0.0,1.0,0.0,0.0,46.0,13.0,6.0,2020.0,550
46.0,0.12000000000000001,46.0,0.0,0.0,1.0,0.0,0.0,0.0,0.0,0.0,1.0,1128299.0,0.0,0.0,0.0,0.0,1.0,0.0,1.0,4.0,4.0,2.0,2021.0,224
7.0,0.3,50.0,0.0,0.0,0.0,0.0,0.0,0.0,0.0,0.0,1.0,1197831.0,0.0,0.0,0.0,0.0,1.0,1.0,0.0,11.0,5.0,5.0,2021.0,400
42.0,0.37,53.0,0.0,0.0,1.0,0.0,0.0,0.0,0.0,0.0,1.0,1128299.0,0.0,0.0,0.0,0.0,1.0,0.0,1.0,36.0,24.0,8.0,2021.0,88
47.0,0.25,70.0,0.0,0.0,0.0,0.0,0.0,0.0,0.0,0.0,1.0,1128299.0,0.0,0.0,0.0,0.0,1.0,0.0,0.0,46.0,23.0,7.0,2020.0,325
7.0,0.35,55.00000000000001,0.0,0.0,0.0,0.0,0.0,0.0,0.0,0.0,1.0,1197831.0,0.0,0.0,0.0,0.0,1.0,1.0,0.0,11.0,6.0,7.0,2021.0,525
16.0,0.34,48.0,1.0,0.0,0.0,0.0,0.0,0.0,0.0,0.0,1.0,1128299.0,0.0,0.0,0.0,0.0,1.0,1.0,0.0,5.0,28.0,3.0,2020.0,112
16.0,0.6900000000000002,74.0,0.0,0.0,0.0,0.0,0.0,0.0,0.0,0.0,1.0,1128299.0,0.0,0.0,0.0,0.0,1.0,1.0,0.0,5.0,6.0,5.0,2020.0,120
45.0,0.49,39.0,0.0,0.0,0.0,0.0,0.0,0.0,0.0,0.0,1.0,1185732.0,0.0,0.0,0.0,0.0,1.0,1.0,0.0,43.0,11.0,11.0,2021.0,91
45.0,0.5,34.99999999999999,0.0,0.0,1.0,0.0,0.0,0.0,0.0,0.0,1.0,1185732.0,0.0,0.0,0.0,0.0,1.0,0.0,0.0,43.0,11.0,10.0,2021.0,400
47.0,0.44,59.0,0.0,0.0,0.0,1.0,0.0,0.0,0.0,0.0,1.0,1128299.0,0.0,0.0,0.0,0.0,1.0,1.0,0.0,46.0,22.0,6.0,2020.0,90
42.0,0.42,66.0,0.0,0.0,0.0,0.0,1.0,0.0,0.0,0.0,1.0,1128299.0,0.0,0.0,0.0,0.0,1.0,0.0,1.0,36.0,23.0,7.0,2021.0,221
45.0,0.5,40.0,0.0,0.0,1.0,0.0,0.0,0.0,0.0,0.0,1.0,1185732.0,0.0,0.0,0.0,0.0,1.0,0.0,0.0,43.0,10.0,7.0,2021.0,600
26.0,0.25,70.0,1.0,0.0,0.0,0.0,0.0,0.0,0.0,0.0,1.0,1128299.0,0.0,0.0,0.0,0.0,1.0,0.0,0.0,27.0,14.0,2.0,2020.0,650
46.0,0.5700000000000001,59.0,0.0,0.0,0.0,0.0,0.0,0.0,0.0,0.0,1.0,1128299.0,0.0,0.0,0.0,0.0,1.0,0.0,1.0,4.0,22.0,1.0,2021.0,263
45.0,0.4,30.000000000000004,0.0,1.0,0.0,0.0,0.0,0.0,0.0,0.0,1.0,1185732.0,0.0,0.0,0.0,0.0,1.0,0.0,0.0,43.0,12.0,9.0,2021.0,650
46.0,0.29000000000000004,59.0,1.0,0.0,0.0,0.0,0.0,0.0,0.0,0.0,1.0,1128299.0,0.0,0.0,0.0,0.0,1.0,1.0,0.0,4.0,31.0,1.0,2021.0,219
45.0,0.35,30.000000000000004,0.0,1.0,0.0,0.0,0.0,0.0,0.0,0.0,1.0,1128299.0,0.0,0.0,0.0,0.0,1.0,0.0,0.0,43.0,24.0,1.0,2021.0,350
16.0,0.61,62.0,0.0,0.0,0.0,0.0,0.0,0.0,0.0,0.0,1.0,1128299.0,0.0,0.0,0.0,0.0,1.0,1.0,0.0,5.0,6.0,4.0,2020.0,44
45.0,0.5,30.000000000000004,0.0,0.0,1.0,0.0,0.0,0.0,0.0,0.0,1.0,1185732.0,0.0,0.0,0.0,0.0,1.0,0.0,0.0,43.0,10.0,3.0,2021.0,400
16.0,0.25,70.00000000000001,1.0,0.0,0.0,0.0,0.0,0.0,0.0,0.0,1.0,1128299.0,0.0,0.0,0.0,0.0,1.0,0.0,0.0,5.0,3.0,5.0,2020.0,600
45.0,0.49,24.0,1.0,0.0,0.0,0.0,0.0,0.0,0.0,0.0,1.0,1185732.0,0.0,0.0,0.0,0.0,1.0,1.0,0.0,43.0,11.0,6.0,2021.0,112
42.0,0.37,53.0,0.0,0.0,1.0,0.0,0.0,0.0,0.0,0.0,1.0,1128299.0,0.0,0.0,0.0,0.0,1.0,0.0,1.0,36.0,24.0,11.0,2021.0,165
46.0,0.33999999999999997,52.0,0.0,0.0,0.0,1.0,0.0,0.0,0.0,0.0,1.0,1128299.0,0.0,0.0,0.0,0.0,1.0,0.0,1.0,4.0,21.0,1.0,2021.0,255
7.0,0.45999999999999996,35.0,0.0,1.0,0.0,0.0,0.0,0.0,0.0,0.0,1.0,1197831.0,0.0,0.0,0.0,0.0,1.0,0.0,1.0,11.0,6.0,7.0,2021.0,264
26.0,0.45,47.0,0.0,0.0,0.0,0.0,1.0,0.0,0.0,0.0,1.0,1128299.0,0.0,0.0,0.0,0.0,1.0,0.0,1.0,27.0,9.0,2.0,2020.0,171
16.0,0.5700000000000001,67.0,0.0,0.0,0.0,0.0,1.0,0.0,0.0,0.0,1.0,1128299.0,0.0,0.0,0.0,0.0,1.0,1.0,0.0,5.0,28.0,4.0,2020.0,143
26.0,0.35,65.0,0.0,0.0,0.0,1.0,0.0,0.0,0.0,0.0,1.0,1128299.0,0.0,0.0,0.0,0.0,1.0,0.0,0.0,27.0,16.0,2.0,2020.0,475
46.0,0.35000000000000003,40.0,0.0,1.0,0.0,0.0,0.0,0.0,0.0,0.0,1.0,1128299.0,0.0,0.0,0.0,0.0,1.0,0.0,1.0,4.0,24.0,1.0,2021.0,287
42.0,0.4,44.99999999999999,0.0,0.0,0.0,0.0,0.0,0.0,0.0,0.0,1.0,1128299.0,0.0,0.0,0.0,0.0,1.0,0.0,0.0,36.0,25.0,5.0,2021.0,175
47.0,0.44999999999999996,46.0,0.0,1.0,0.0,0.0,0.0,0.0,0.0,0.0,1.0,1128299.0,0.0,0.0,0.0,0.0,1.0,1.0,0.0,46.0,7.0,6.0,2020.0,167
42.0,0.35,60.00000000000001,1.0,0.0,0.0,0.0,0.0,0.0,0.0,0.0,1.0,1128299.0,0.0,0.0,0.0,0.0,1.0,0.0,0.0,36.0,24.0,4.0,2021.0,275
45.0,0.42,22.0,1.0,0.0,0.0,0.0,0.0,0.0,0.0,0.0,1.0,1185732.0,0.0,0.0,0.0,0.0,1.0,0.0,1.0,43.0,10.0,12.0,2021.0,170
47.0,0.44,58.0,0.0,0.0,0.0,1.0,0.0,0.0,0.0,0.0,1.0,1128299.0,0.0,0.0,0.0,0.0,1.0,1.0,0.0,46.0,22.0,7.0,2020.0,98
45.0,0.4,30.000000000000004,0.0,1.0,0.0,0.0,0.0,0.0,0.0,0.0,1.0,1185732.0,0.0,0.0,0.0,0.0,1.0,0.0,0.0,43.0,11.0,6.0,2021.0,650
46.0,0.35000000000000003,50.0,0.0,1.0,0.0,0.0,0.0,0.0,0.0,0.0,1.0,1128299.0,0.0,0.0,0.0,0.0,1.0,0.0,1.0,4.0,13.0,11.0,2020.0,850
26.0,0.5700000000000001,56.0,0.0,1.0,0.0,0.0,0.0,0.0,0.0,0.0,1.0,1128299.0,0.0,0.0,0.0,0.0,1.0,1.0,0.0,27.0,1.0,2.0,2020.0,189
42.0,0.36,46.0,0.0,0.0,1.0,0.0,0.0,0.0,0.0,0.0,1.0,1128299.0,0.0,0.0,0.0,0.0,1.0,0.0,1.0,36.0,25.0,5.0,2021.0,173
46.0,0.28,46.0,0.0,0.0,1.0,0.0,0.0,0.0,0.0,0.0,1.0,1128299.0,0.0,0.0,0.0,0.0,1.0,1.0,0.0,4.0,12.0,11.0,2020.0,182
46.0,0.46,62.0,0.0,0.0,0.0,0.0,1.0,0.0,0.0,0.0,1.0,1128299.0,0.0,0.0,0.0,0.0,1.0,1.0,0.0,4.0,14.0,1.0,2021.0,248
46.0,0.5700000000000001,42.0,0.0,0.0,0.0,0.0,0.0,0.0,0.0,0.0,1.0,1128299.0,0.0,0.0,0.0,0.0,1.0,0.0,1.0,4.0,11.0,11.0,2020.0,165
46.0,0.5,37.0,0.0,1.0,0.0,0.0,0.0,0.0,0.0,0.0,1.0,1128299.0,0.0,0.0,0.0,0.0,1.0,1.0,0.0,4.0,7.0,11.0,2020.0,223
26.0,0.36,51.0,1.0,0.0,0.0,0.0,0.0,0.0,0.0,0.0,1.0,1128299.0,0.0,0.0,0.0,0.0,1.0,0.0,1.0,27.0,2.0,2.0,2020.0,182
46.0,0.21,46.0,1.0,0.0,0.0,0.0,0.0,0.0,0.0,0.0,1.0,1128299.0,0.0,0.0,0.0,0.0,1.0,0.0,1.0,4.0,12.0,2.0,2021.0,332
45.0,0.43000000000000005,19.0,0.0,0.0,0.0,1.0,0.0,0.0,0.0,0.0,1.0,1185732.0,0.0,0.0,0.0,0.0,1.0,0.0,1.0,43.0,12.0,5.0,2021.0,94
45.0,0.46,35.0,0.0,0.0,0.0,0.0,0.0,0.0,0.0,0.0,1.0,1128299.0,0.0,0.0,0.0,0.0,1.0,0.0,1.0,43.0,24.0,1.0,2021.0,53
42.0,0.35,55.000000000000014,1.0,0.0,0.0,0.0,0.0,0.0,0.0,0.0,1.0,1128299.0,0.0,0.0,0.0,0.0,1.0,0.0,0.0,36.0,24.0,10.0,2021.0,525
16.0,0.5,65.0,0.0,0.0,0.0,0.0,0.0,0.0,0.0,0.0,1.0,1128299.0,0.0,0.0,0.0,0.0,1.0,0.0,0.0,5.0,6.0,4.0,2020.0,175
45.0,0.48,39.0,1.0,0.0,0.0,0.0,0.0,0.0,0.0,0.0,1.0,1128299.0,0.0,0.0,0.0,0.0,1.0,1.0,0.0,43.0,24.0,2.0,2021.0,91
26.0,0.25,50.0,1.0,0.0,0.0,0.0,0.0,0.0,0.0,0.0,1.0,1128299.0,0.0,0.0,0.0,0.0,1.0,0.0,1.0,27.0,10.0,3.0,2020.0,209
47.0,0.41,64.0,0.0,1.0,0.0,0.0,0.0,0.0,0.0,0.0,1.0,1128299.0,0.0,0.0,0.0,0.0,1.0,1.0,0.0,46.0,13.0,7.0,2020.0,156
16.0,0.62,43.0,0.0,0.0,0.0,0.0,0.0,0.0,0.0,0.0,1.0,1128299.0,0.0,0.0,0.0,0.0,1.0,1.0,0.0,5.0,25.0,3.0,2020.0,58
26.0,0.36,61.0,1.0,0.0,0.0,0.0,0.0,0.0,0.0,0.0,1.0,1128299.0,0.0,0.0,0.0,0.0,1.0,1.0,0.0,27.0,8.0,2.0,2020.0,174
16.0,0.55,67.0,0.0,0.0,0.0,0.0,1.0,0.0,0.0,0.0,1.0,1128299.0,0.0,0.0,0.0,0.0,1.0,1.0,0.0,5.0,22.0,4.0,2020.0,161
26.0,0.45999999999999996,47.0,0.0,0.0,0.0,1.0,0.0,0.0,0.0,0.0,1.0,1128299.0,0.0,0.0,0.0,0.0,1.0,0.0,1.0,27.0,29.0,1.0,2020.0,105
26.0,0.2,40.0,1.0,0.0,0.0,0.0,0.0,0.0,0.0,0.0,1.0,1128299.0,0.0,0.0,0.0,0.0,1.0,0.0,0.0,27.0,16.0,3.0,2020.0,425
42.0,0.4,90.0,0.0,0.0,0.0,0.0,0.0,0.0,0.0,0.0,1.0,1128299.0,0.0,0.0,0.0,0.0,1.0,0.0,0.0,36.0,24.0,6.0,2021.0,400
26.0,0.5000000000000001,70.0,0.0,0.0,0.0,0.0,0.0,0.0,0.0,0.0,1.0,1128299.0,0.0,0.0,0.0,0.0,1.0,0.0,0.0,27.0,23.0,2.0,2020.0,400
42.0,0.38,43.0,1.0,0.0,0.0,0.0,0.0,0.0,0.0,0.0,1.0,1128299.0,0.0,0.0,0.0,0.0,1.0,0.0,1.0,36.0,25.0,9.0,2021.0,158
42.0,0.39999999999999997,45.0,1.0,0.0,0.0,0.0,0.0,0.0,0.0,0.0,1.0,1128299.0,0.0,0.0,0.0,0.0,1.0,0.0,0.0,36.0,17.0,1.0,2021.0,400
42.0,0.35,50.0,0.0,0.0,0.0,1.0,0.0,0.0,0.0,0.0,1.0,1128299.0,0.0,0.0,0.0,0.0,1.0,0.0,0.0,36.0,25.0,5.0,2021.0,275
45.0,0.65,44.0,0.0,0.0,1.0,0.0,0.0,0.0,0.0,0.0,1.0,1185732.0,0.0,0.0,0.0,0.0,1.0,1.0,0.0,43.0,12.0,5.0,2021.0,120
45.0,0.47000000000000003,16.0,0.0,0.0,0.0,1.0,0.0,0.0,0.0,0.0,1.0,1185732.0,0.0,0.0,0.0,0.0,1.0,0.0,1.0,43.0,10.0,7.0,2021.0,128
26.0,0.35,60.0,0.0,0.0,0.0,1.0,0.0,0.0,0.0,0.0,1.0,1128299.0,0.0,0.0,0.0,0.0,1.0,0.0,1.0,27.0,23.0,1.0,2020.0,300
42.0,0.39999999999999997,45.0,0.0,0.0,0.0,0.0,1.0,0.0,0.0,0.0,1.0,1128299.0,0.0,0.0,0.0,0.0,1.0,0.0,0.0,36.0,17.0,2.0,2021.0,400
46.0,0.39,36.0,0.0,1.0,0.0,0.0,0.0,0.0,0.0,0.0,1.0,1128299.0,0.0,0.0,0.0,0.0,1.0,0.0,1.0,4.0,13.0,11.0,2020.0,272
45.0,0.46,7.0,0.0,0.0,0.0,1.0,0.0,0.0,0.0,0.0,1.0,1185732.0,0.0,0.0,0.0,0.0,1.0,0.0,1.0,43.0,12.0,9.0,2021.0,111
26.0,0.4,60.0,0.0,1.0,0.0,0.0,0.0,0.0,0.0,0.0,1.0,1128299.0,0.0,0.0,0.0,0.0,1.0,0.0,1.0,27.0,20.0,1.0,2020.0,550
47.0,0.25,60.00000000000001,0.0,0.0,0.0,0.0,1.0,0.0,0.0,0.0,1.0,1128299.0,0.0,0.0,0.0,0.0,1.0,0.0,0.0,46.0,27.0,7.0,2020.0,475
26.0,0.4,45.0,0.0,0.0,0.0,0.0,1.0,0.0,0.0,0.0,1.0,1128299.0,0.0,0.0,0.0,0.0,1.0,0.0,1.0,27.0,10.0,1.0,2020.0,425
45.0,0.43000000000000005,20.0,0.0,1.0,0.0,0.0,0.0,0.0,0.0,0.0,1.0,1185732.0,0.0,0.0,0.0,0.0,1.0,0.0,1.0,43.0,10.0,3.0,2021.0,228
46.0,0.55,65.0,0.0,0.0,0.0,0.0,0.0,0.0,0.0,0.0,1.0,1128299.0,0.0,0.0,0.0,0.0,1.0,0.0,1.0,4.0,4.0,1.0,2021.0,550
45.0,0.5,18.0,0.0,0.0,0.0,0.0,1.0,0.0,0.0,0.0,1.0,1185732.0,0.0,0.0,0.0,0.0,1.0,1.0,0.0,43.0,10.0,3.0,2021.0,112
26.0,0.42000000000000004,47.0,0.0,0.0,0.0,0.0,1.0,0.0,0.0,0.0,1.0,1128299.0,0.0,0.0,0.0,0.0,1.0,0.0,1.0,27.0,27.0,2.0,2020.0,113
42.0,0.48,55.0,0.0,0.0,0.0,0.0,1.0,0.0,0.0,0.0,1.0,1128299.0,0.0,0.0,0.0,0.0,1.0,1.0,0.0,36.0,24.0,4.0,2021.0,85
26.0,0.25,52.0,1.0,0.0,0.0,0.0,0.0,0.0,0.0,0.0,1.0,1128299.0,0.0,0.0,0.0,0.0,1.0,0.0,1.0,27.0,4.0,3.0,2020.0,201
16.0,0.4,65.00000000000001,0.0,1.0,0.0,0.0,0.0,0.0,0.0,0.0,1.0,1128299.0,0.0,0.0,0.0,0.0,1.0,0.0,0.0,5.0,20.0,5.0,2020.0,700
46.0,0.3,60.0,0.0,0.0,0.0,1.0,0.0,0.0,0.0,0.0,1.0,1128299.0,0.0,0.0,0.0,0.0,1.0,0.0,1.0,4.0,28.0,12.0,2020.0,625
46.0,0.61,50.0,0.0,0.0,0.0,0.0,0.0,0.0,0.0,0.0,1.0,1128299.0,0.0,0.0,0.0,0.0,1.0,1.0,0.0,4.0,11.0,11.0,2020.0,140
45.0,0.49,29.0,1.0,0.0,0.0,0.0,0.0,0.0,0.0,0.0,1.0,1185732.0,0.0,0.0,0.0,0.0,1.0,1.0,0.0,43.0,12.0,5.0,2021.0,101
45.0,0.38,28.0,0.0,0.0,0.0,0.0,0.0,0.0,0.0,0.0,1.0,1185732.0,0.0,0.0,0.0,0.0,1.0,0.0,1.0,43.0,11.0,11.0,2021.0,123
42.0,0.45999999999999996,50.0,1.0,0.0,0.0,0.0,0.0,0.0,0.0,0.0,1.0,1128299.0,0.0,0.0,0.0,0.0,1.0,1.0,0.0,36.0,25.0,5.0,2021.0,105
42.0,0.3,105.0,0.0,0.0,1.0,0.0,0.0,0.0,0.0,0.0,1.0,1128299.0,0.0,0.0,0.0,0.0,1.0,0.0,0.0,36.0,23.0,7.0,2021.0,600
42.0,0.35,40.0,0.0,0.0,1.0,0.0,0.0,0.0,0.0,0.0,1.0,1128299.0,0.0,0.0,0.0,0.0,1.0,0.0,1.0,36.0,23.0,3.0,2021.0,90
16.0,0.15000000000000002,40.0,0.0,0.0,1.0,0.0,0.0,0.0,0.0,0.0,1.0,1128299.0,0.0,0.0,0.0,0.0,1.0,0.0,0.0,5.0,20.0,3.0,2020.0,475
16.0,0.5,51.0,0.0,0.0,0.0,0.0,1.0,0.0,0.0,0.0,1.0,1128299.0,0.0,0.0,0.0,0.0,1.0,1.0,0.0,5.0,10.0,5.0,2020.0,102
45.0,0.35,20.000000000000007,1.0,0.0,0.0,0.0,0.0,0.0,0.0,0.0,1.0,1185732.0,0.0,0.0,0.0,0.0,1.0,0.0,0.0,43.0,11.0,11.0,2021.0,400
46.0,0.35000000000000003,50.0,0.0,0.0,0.0,0.0,1.0,0.0,0.0,0.0,1.0,1128299.0,0.0,0.0,0.0,0.0,1.0,0.0,1.0,4.0,9.0,11.0,2020.0,725
45.0,0.38999999999999996,14.0,1.0,0.0,0.0,0.0,0.0,0.0,0.0,0.0,1.0,1185732.0,0.0,0.0,0.0,0.0,1.0,0.0,1.0,43.0,11.0,11.0,2021.0,136
46.0,0.34,39.0,0.0,0.0,0.0,0.0,1.0,0.0,0.0,0.0,1.0,1128299.0,0.0,0.0,0.0,0.0,1.0,0.0,1.0,4.0,26.0,1.0,2021.0,248
46.0,0.45000000000000007,49.0,0.0,1.0,0.0,0.0,0.0,0.0,0.0,0.0,1.0,1128299.0,0.0,0.0,0.0,0.0,1.0,1.0,0.0,4.0,13.0,11.0,2020.0,230
26.0,0.30000000000000004,41.0,0.0,0.0,1.0,0.0,0.0,0.0,0.0,0.0,1.0,1128299.0,0.0,0.0,0.0,0.0,1.0,1.0,0.0,27.0,7.0,1.0,2020.0,128
42.0,0.48,79.0,0.0,1.0,0.0,0.0,0.0,0.0,0.0,0.0,1.0,1128299.0,0.0,0.0,0.0,0.0,1.0,1.0,0.0,36.0,23.0,7.0,2021.0,255
26.0,0.2,80.0,0.0,0.0,1.0,0.0,0.0,0.0,0.0,0.0,1.0,1128299.0,0.0,0.0,0.0,0.0,1.0,0.0,1.0,27.0,25.0,1.0,2020.0,350
42.0,0.45999999999999996,51.0,0.0,1.0,0.0,0.0,0.0,0.0,0.0,0.0,1.0,1128299.0,0.0,0.0,0.0,0.0,1.0,1.0,0.0,36.0,24.0,4.0,2021.0,124
45.0,0.38999999999999996,31.0,0.0,0.0,0.0,0.0,1.0,0.0,0.0,0.0,1.0,1128299.0,0.0,0.0,0.0,0.0,1.0,0.0,1.0,43.0,24.0,1.0,2021.0,105
46.0,0.64,64.0,0.0,0.0,0.0,0.0,0.0,0.0,0.0,0.0,1.0,1128299.0,0.0,0.0,0.0,0.0,1.0,1.0,0.0,4.0,16.0,1.0,2021.0,233
45.0,0.65,38.0,0.0,0.0,1.0,0.0,0.0,0.0,0.0,0.0,1.0,1185732.0,0.0,0.0,0.0,0.0,1.0,1.0,0.0,43.0,10.0,7.0,2021.0,150
26.0,0.27,51.0,1.0,0.0,0.0,0.0,0.0,0.0,0.0,0.0,1.0,1128299.0,0.0,0.0,0.0,0.0,1.0,0.0,1.0,27.0,20.0,2.0,2020.0,180
46.0,0.36,51.0,0.0,0.0,0.0,1.0,0.0,0.0,0.0,0.0,1.0,1128299.0,0.0,0.0,0.0,0.0,1.0,1.0,0.0,4.0,2.0,2.0,2021.0,203
16.0,0.7700000000000001,66.0,0.0,0.0,0.0,0.0,0.0,0.0,0.0,0.0,1.0,1128299.0,0.0,0.0,0.0,0.0,1.0,1.0,0.0,5.0,18.0,4.0,2020.0,91
45.0,0.39999999999999997,14.0,1.0,0.0,0.0,0.0,0.0,0.0,0.0,0.0,1.0,1185732.0,0.0,0.0,0.0,0.0,1.0,0.0,1.0,43.0,11.0,10.0,2021.0,132
46.0,0.29000000000000004,72.0,0.0,0.0,1.0,0.0,0.0,0.0,0.0,0.0,1.0,1128299.0,0.0,0.0,0.0,0.0,1.0,1.0,0.0,4.0,17.0,1.0,2021.0,233
42.0,0.52,41.0,0.0,0.0,0.0,0.0,1.0,0.0,0.0,0.0,1.0,1128299.0,0.0,0.0,0.0,0.0,1.0,1.0,0.0,36.0,17.0,2.0,2021.0,120
46.0,0.30000000000000004,58.0,1.0,0.0,0.0,0.0,0.0,0.0,0.0,0.0,1.0,1128299.0,0.0,0.0,0.0,0.0,1.0,1.0,0.0,4.0,14.0,11.0,2020.0,175
42.0,0.38,37.0,1.0,0.0,0.0,0.0,0.0,0.0,0.0,0.0,1.0,1128299.0,0.0,0.0,0.0,0.0,1.0,0.0,1.0,36.0,24.0,10.0,2021.0,179
26.0,0.55,43.0,0.0,1.0,0.0,0.0,0.0,0.0,0.0,0.0,1.0,1128299.0,0.0,0.0,0.0,0.0,1.0,1.0,0.0,27.0,14.0,1.0,2020.0,160
26.0,0.44,57.0,0.0,0.0,0.0,1.0,0.0,0.0,0.0,0.0,1.0,1128299.0,0.0,0.0,0.0,0.0,1.0,1.0,0.0,27.0,12.0,3.0,2020.0,133
16.0,0.5,45.0,0.0,0.0,0.0,0.0,0.0,0.0,0.0,0.0,1.0,1128299.0,0.0,0.0,0.0,0.0,1.0,0.0,0.0,5.0,25.0,3.0,2020.0,200
42.0,0.38,41.0,0.0,0.0,0.0,0.0,1.0,0.0,0.0,0.0,1.0,1128299.0,0.0,0.0,0.0,0.0,1.0,0.0,1.0,36.0,23.0,3.0,2021.0,112
42.0,0.42,62.0,1.0,0.0,0.0,0.0,0.0,0.0,0.0,0.0,1.0,1128299.0,0.0,0.0,0.0,0.0,1.0,0.0,1.0,36.0,24.0,8.0,2021.0,256
47.0,0.3,80.0,0.0,0.0,0.0,1.0,0.0,0.0,0.0,0.0,1.0,1128299.0,0.0,0.0,0.0,0.0,1.0,0.0,0.0,46.0,28.0,6.0,2020.0,500
45.0,0.37,20.0,1.0,0.0,0.0,0.0,0.0,0.0,0.0,0.0,1.0,1185732.0,0.0,0.0,0.0,0.0,1.0,0.0,1.0,43.0,11.0,4.0,2021.0,111
26.0,0.45,47.0,0.0,0.0,0.0,0.0,1.0,0.0,0.0,0.0,1.0,1128299.0,0.0,0.0,0.0,0.0,1.0,0.0,1.0,27.0,22.0,1.0,2020.0,120
16.0,0.45,70.0,0.0,0.0,0.0,0.0,1.0,0.0,0.0,0.0,1.0,1128299.0,0.0,0.0,0.0,0.0,1.0,0.0,0.0,5.0,22.0,4.0,2020.0,575
45.0,0.35,30.000000000000004,0.0,0.0,0.0,0.0,1.0,0.0,0.0,0.0,1.0,1185732.0,0.0,0.0,0.0,0.0,1.0,0.0,0.0,43.0,11.0,8.0,2021.0,450
26.0,0.15000000000000002,75.00000000000001,0.0,0.0,1.0,0.0,0.0,0.0,0.0,0.0,1.0,1128299.0,0.0,0.0,0.0,0.0,1.0,0.0,0.0,27.0,2.0,3.0,2020.0,375
45.0,0.54,25.0,0.0,0.0,1.0,0.0,0.0,0.0,0.0,0.0,1.0,1185732.0,0.0,0.0,0.0,0.0,1.0,0.0,1.0,43.0,11.0,10.0,2021.0,140
46.0,0.31,49.0,1.0,0.0,0.0,0.0,0.0,0.0,0.0,0.0,1.0,1128299.0,0.0,0.0,0.0,0.0,1.0,1.0,0.0,4.0,8.0,11.0,2020.0,210
46.0,0.42000000000000004,28.0,0.0,1.0,0.0,0.0,0.0,0.0,0.0,0.0,1.0,1128299.0,0.0,0.0,0.0,0.0,1.0,0.0,1.0,4.0,7.0,11.0,2020.0,289
16.0,0.43,51.0,0.0,0.0,0.0,1.0,0.0,0.0,0.0,0.0,1.0,1128299.0,0.0,0.0,0.0,0.0,1.0,1.0,0.0,5.0,30.0,3.0,2020.0,90
26.0,0.35000000000000003,60.00000000000001,0.0,1.0,0.0,0.0,0.0,0.0,0.0,0.0,1.0,1128299.0,0.0,0.0,0.0,0.0,1.0,0.0,0.0,27.0,19.0,2.0,2020.0,600
47.0,0.25,70.00000000000001,0.0,0.0,0.0,0.0,1.0,0.0,0.0,0.0,1.0,1128299.0,0.0,0.0,0.0,0.0,1.0,0.0,0.0,46.0,15.0,7.0,2020.0,450
26.0,0.42,42.0,0.0,0.0,0.0,1.0,0.0,0.0,0.0,0.0,1.0,1128299.0,0.0,0.0,0.0,0.0,1.0,0.0,1.0,27.0,16.0,2.0,2020.0,152
16.0,0.6000000000000001,70.0,0.0,0.0,0.0,0.0,0.0,0.0,0.0,0.0,1.0,1128299.0,0.0,0.0,0.0,0.0,1.0,0.0,0.0,5.0,24.0,4.0,2020.0,525
16.0,0.36,69.0,1.0,0.0,0.0,0.0,0.0,0.0,0.0,0.0,1.0,1128299.0,0.0,0.0,0.0,0.0,1.0,1.0,0.0,5.0,3.0,5.0,2020.0,168
7.0,0.45,50.0,0.0,0.0,0.0,1.0,0.0,0.0,0.0,0.0,1.0,1197831.0,0.0,0.0,0.0,0.0,1.0,1.0,0.0,11.0,4.0,6.0,2021.0,550
16.0,0.49000000000000005,51.0,0.0,0.0,0.0,0.0,1.0,0.0,0.0,0.0,1.0,1128299.0,0.0,0.0,0.0,0.0,1.0,1.0,0.0,5.0,29.0,3.0,2020.0,116
45.0,0.51,28.0,0.0,1.0,0.0,0.0,0.0,0.0,0.0,0.0,1.0,1185732.0,0.0,0.0,0.0,0.0,1.0,1.0,0.0,43.0,11.0,10.0,2021.0,173
16.0,0.7300000000000001,74.0,0.0,0.0,0.0,0.0,0.0,0.0,0.0,0.0,1.0,1128299.0,0.0,0.0,0.0,0.0,1.0,1.0,0.0,5.0,30.0,4.0,2020.0,140
26.0,0.35000000000000003,60.00000000000001,0.0,1.0,0.0,0.0,0.0,0.0,0.0,0.0,1.0,1128299.0,0.0,0.0,0.0,0.0,1.0,0.0,0.0,27.0,9.0,3.0,2020.0,675
26.0,0.4,65.0,0.0,0.0,0.0,0.0,1.0,0.0,0.0,0.0,1.0,1128299.0,0.0,0.0,0.0,0.0,1.0,0.0,0.0,27.0,9.0,2.0,2020.0,550
26.0,0.3,40.0,0.0,0.0,0.0,1.0,0.0,0.0,0.0,0.0,1.0,1128299.0,0.0,0.0,0.0,0.0,1.0,0.0,0.0,27.0,18.0,3.0,2020.0,275
7.0,0.55,39.0,0.0,0.0,1.0,0.0,0.0,0.0,0.0,0.0,1.0,1197831.0,0.0,0.0,0.0,0.0,1.0,0.0,1.0,11.0,4.0,6.0,2021.0,248
45.0,0.52,20.0,0.0,0.0,1.0,0.0,0.0,0.0,0.0,0.0,1.0,1185732.0,0.0,0.0,0.0,0.0,1.0,0.0,1.0,43.0,11.0,4.0,2021.0,136
45.0,0.42000000000000004,15.0,0.0,0.0,0.0,1.0,0.0,0.0,0.0,0.0,1.0,1185732.0,0.0,0.0,0.0,0.0,1.0,0.0,1.0,43.0,11.0,11.0,2021.0,124
46.0,0.15000000000000002,50.0,0.0,0.0,1.0,0.0,0.0,0.0,0.0,0.0,1.0,1128299.0,0.0,0.0,0.0,0.0,1.0,0.0,1.0,4.0,12.0,11.0,2020.0,700
26.0,0.34,41.0,0.0,0.0,1.0,0.0,0.0,0.0,0.0,0.0,1.0,1128299.0,0.0,0.0,0.0,0.0,1.0,1.0,0.0,27.0,13.0,1.0,2020.0,116
45.0,0.44999999999999996,25.0,1.0,0.0,0.0,0.0,0.0,0.0,0.0,0.0,1.0,1185732.0,0.0,0.0,0.0,0.0,1.0,1.0,0.0,43.0,11.0,4.0,2021.0,94
46.0,0.54,38.0,0.0,0.0,0.0,0.0,0.0,0.0,0.0,0.0,1.0,1128299.0,0.0,0.0,0.0,0.0,1.0,0.0,1.0,4.0,5.0,11.0,2020.0,173
46.0,0.41,54.0,0.0,0.0,0.0,1.0,0.0,0.0,0.0,0.0,1.0,1128299.0,0.0,0.0,0.0,0.0,1.0,1.0,0.0,4.0,28.0,12.0,2020.0,188
16.0,0.3,75.00000000000001,1.0,0.0,0.0,0.0,0.0,0.0,0.0,0.0,1.0,1128299.0,0.0,0.0,0.0,0.0,1.0,0.0,0.0,5.0,27.0,4.0,2020.0,675
42.0,0.5,84.0,0.0,0.0,0.0,0.0,0.0,0.0,0.0,0.0,1.0,1128299.0,0.0,0.0,0.0,0.0,1.0,1.0,0.0,36.0,23.0,7.0,2021.0,156
42.0,0.39999999999999997,45.0,0.0,0.0,0.0,0.0,1.0,0.0,0.0,0.0,1.0,1128299.0,0.0,0.0,0.0,0.0,1.0,0.0,0.0,36.0,17.0,1.0,2021.0,400
26.0,0.68,68.0,0.0,0.0,0.0,0.0,0.0,0.0,0.0,0.0,1.0,1128299.0,0.0,0.0,0.0,0.0,1.0,1.0,0.0,27.0,17.0,2.0,2020.0,138
47.0,0.3,40.0,0.0,1.0,0.0,0.0,0.0,0.0,0.0,0.0,1.0,1128299.0,0.0,0.0,0.0,0.0,1.0,0.0,0.0,46.0,1.0,6.0,2020.0,550
26.0,0.43,60.0,1.0,0.0,0.0,0.0,0.0,0.0,0.0,0.0,1.0,1128299.0,0.0,0.0,0.0,0.0,1.0,1.0,0.0,27.0,27.0,1.0,2020.0,104
47.0,0.34,62.0,0.0,0.0,1.0,0.0,0.0,0.0,0.0,0.0,1.0,1128299.0,0.0,0.0,0.0,0.0,1.0,1.0,0.0,46.0,12.0,6.0,2020.0,105
26.0,0.6600000000000001,43.0,0.0,0.0,0.0,0.0,0.0,0.0,0.0,0.0,1.0,1128299.0,0.0,0.0,0.0,0.0,1.0,0.0,1.0,27.0,30.0,1.0,2020.0,66
47.0,0.25,65.00000000000001,1.0,0.0,0.0,0.0,0.0,0.0,0.0,0.0,1.0,1128299.0,0.0,0.0,0.0,0.0,1.0,0.0,0.0,46.0,20.0,7.0,2020.0,550
46.0,0.34,40.0,0.0,0.0,0.0,0.0,1.0,0.0,0.0,0.0,1.0,1128299.0,0.0,0.0,0.0,0.0,1.0,0.0,1.0,4.0,7.0,2.0,2021.0,247
45.0,0.4,25.0,0.0,0.0,0.0,1.0,0.0,0.0,0.0,0.0,1.0,1185732.0,0.0,0.0,0.0,0.0,1.0,0.0,0.0,43.0,10.0,3.0,2021.0,250
46.0,0.33000000000000007,42.0,0.0,0.0,0.0,0.0,1.0,0.0,0.0,0.0,1.0,1128299.0,0.0,0.0,0.0,0.0,1.0,0.0,1.0,4.0,1.0,2.0,2021.0,210
46.0,0.24000000000000002,49.0,1.0,0.0,0.0,0.0,0.0,0.0,0.0,0.0,1.0,1128299.0,0.0,0.0,0.0,0.0,1.0,0.0,1.0,4.0,13.0,1.0,2021.0,263
42.0,0.51,33.0,0.0,0.0,0.0,0.0,0.0,0.0,0.0,0.0,1.0,1128299.0,0.0,0.0,0.0,0.0,1.0,0.0,1.0,36.0,17.0,1.0,2021.0,68
45.0,0.35,40.0,1.0,0.0,0.0,0.0,0.0,0.0,0.0,0.0,1.0,1128299.0,0.0,0.0,0.0,0.0,1.0,0.0,0.0,43.0,24.0,2.0,2021.0,350
42.0,0.41,47.0,1.0,0.0,0.0,0.0,0.0,0.0,0.0,0.0,1.0,1128299.0,0.0,0.0,0.0,0.0,1.0,0.0,1.0,36.0,24.0,6.0,2021.0,202
26.0,0.2,80.0,0.0,0.0,1.0,0.0,0.0,0.0,0.0,0.0,1.0,1128299.0,0.0,0.0,0.0,0.0,1.0,0.0,0.0,27.0,18.0,2.0,2020.0,400
42.0,0.53,54.0,0.0,0.0,0.0,0.0,0.0,0.0,0.0,0.0,1.0,1128299.0,0.0,0.0,0.0,0.0,1.0,1.0,0.0,36.0,23.0,3.0,2021.0,26
47.0,0.4,59.0,0.0,0.0,0.0,0.0,0.0,0.0,0.0,0.0,1.0,1128299.0,0.0,0.0,0.0,0.0,1.0,1.0,0.0,46.0,17.0,6.0,2020.0,56
46.0,0.23,67.0,0.0,0.0,1.0,0.0,0.0,0.0,0.0,0.0,1.0,1128299.0,0.0,0.0,0.0,0.0,1.0,1.0,0.0,4.0,16.0,2.0,2021.0,208
42.0,0.54,42.0,1.0,0.0,0.0,0.0,0.0,0.0,0.0,0.0,1.0,1128299.0,0.0,0.0,0.0,0.0,1.0,1.0,0.0,36.0,17.0,1.0,2021.0,100
16.0,0.4,48.0,1.0,0.0,0.0,0.0,0.0,0.0,0.0,0.0,1.0,1128299.0,0.0,0.0,0.0,0.0,1.0,1.0,0.0,5.0,27.0,5.0,2020.0,131
46.0,0.15000000000000002,80.0,0.0,0.0,1.0,0.0,0.0,0.0,0.0,0.0,1.0,1128299.0,0.0,0.0,0.0,0.0,1.0,0.0,1.0,4.0,23.0,1.0,2021.0,725
47.0,0.42,71.0,0.0,1.0,0.0,0.0,0.0,0.0,0.0,0.0,1.0,1128299.0,0.0,0.0,0.0,0.0,1.0,1.0,0.0,46.0,25.0,6.0,2020.0,195
45.0,0.65,43.0,0.0,0.0,1.0,0.0,0.0,0.0,0.0,0.0,1.0,1185732.0,0.0,0.0,0.0,0.0,1.0,1.0,0.0,43.0,11.0,11.0,2021.0,113
26.0,0.55,65.0,0.0,0.0,0.0,0.0,0.0,0.0,0.0,0.0,1.0,1128299.0,0.0,0.0,0.0,0.0,1.0,0.0,1.0,27.0,24.0,1.0,2020.0,200
7.0,0.47,19.0,0.0,1.0,0.0,0.0,0.0,0.0,0.0,0.0,1.0,1197831.0,0.0,0.0,0.0,0.0,1.0,1.0,0.0,11.0,5.0,4.0,2021.0,195
26.0,0.3,60.00000000000001,0.0,0.0,0.0,1.0,0.0,0.0,0.0,0.0,1.0,1128299.0,0.0,0.0,0.0,0.0,1.0,0.0,0.0,27.0,6.0,3.0,2020.0,400
16.0,0.3,60.0,0.0,0.0,0.0,1.0,0.0,0.0,0.0,0.0,1.0,1128299.0,0.0,0.0,0.0,0.0,1.0,0.0,0.0,5.0,5.0,4.0,2020.0,275
42.0,0.41,40.0,1.0,0.0,0.0,0.0,0.0,0.0,0.0,0.0,1.0,1128299.0,0.0,0.0,0.0,0.0,1.0,0.0,1.0,36.0,23.0,3.0,2021.0,98
45.0,0.42000000000000004,22.0,0.0,0.0,0.0,1.0,0.0,0.0,0.0,0.0,1.0,1185732.0,0.0,0.0,0.0,0.0,1.0,0.0,1.0,43.0,10.0,12.0,2021.0,136
42.0,0.35,55.000000000000014,1.0,0.0,0.0,0.0,0.0,0.0,0.0,0.0,1.0,1128299.0,0.0,0.0,0.0,0.0,1.0,0.0,0.0,36.0,25.0,9.0,2021.0,450
42.0,0.3,50.0,0.0,0.0,1.0,0.0,0.0,0.0,0.0,0.0,1.0,1128299.0,0.0,0.0,0.0,0.0,1.0,0.0,0.0,36.0,23.0,3.0,2021.0,300
42.0,0.5,48.0,0.0,0.0,0.0,0.0,0.0,0.0,0.0,0.0,1.0,1128299.0,0.0,0.0,0.0,0.0,1.0,1.0,0.0,36.0,24.0,4.0,2021.0,36
46.0,0.5,65.0,0.0,0.0,0.0,0.0,0.0,0.0,0.0,0.0,1.0,1128299.0,0.0,0.0,0.0,0.0,1.0,0.0,1.0,4.0,29.0,12.0,2020.0,525
47.0,0.39,74.0,0.0,0.0,0.0,0.0,1.0,0.0,0.0,0.0,1.0,1128299.0,0.0,0.0,0.0,0.0,1.0,1.0,0.0,46.0,15.0,6.0,2020.0,120
16.0,0.4,55.00000000000001,0.0,0.0,0.0,0.0,1.0,0.0,0.0,0.0,1.0,1128299.0,0.0,0.0,0.0,0.0,1.0,0.0,0.0,5.0,10.0,5.0,2020.0,350
7.0,0.61,28.0,0.0,0.0,1.0,0.0,0.0,0.0,0.0,0.0,1.0,1197831.0,0.0,0.0,0.0,0.0,1.0,1.0,0.0,11.0,5.0,4.0,2021.0,138
26.0,0.3,65.0,1.0,0.0,0.0,0.0,0.0,0.0,0.0,0.0,1.0,1128299.0,0.0,0.0,0.0,0.0,1.0,0.0,1.0,27.0,27.0,1.0,2020.0,400
45.0,0.35,40.0,0.0,0.0,0.0,0.0,0.0,0.0,0.0,0.0,1.0,1185732.0,0.0,0.0,0.0,0.0,1.0,0.0,0.0,43.0,10.0,3.0,2021.0,300
26.0,0.34,78.0,0.0,0.0,1.0,0.0,0.0,0.0,0.0,0.0,1.0,1128299.0,0.0,0.0,0.0,0.0,1.0,1.0,0.0,27.0,18.0,2.0,2020.0,108
26.0,0.42000000000000004,47.0,0.0,1.0,0.0,0.0,0.0,0.0,0.0,0.0,1.0,1128299.0,0.0,0.0,0.0,0.0,1.0,0.0,1.0,27.0,3.0,3.0,2020.0,196
46.0,0.22000000000000003,33.0,0.0,0.0,1.0,0.0,0.0,0.0,0.0,0.0,1.0,1128299.0,0.0,0.0,0.0,0.0,1.0,0.0,1.0,4.0,12.0,11.0,2020.0,210
16.0,0.35,65.0,1.0,0.0,0.0,0.0,0.0,0.0,0.0,0.0,1.0,1128299.0,0.0,0.0,0.0,0.0,1.0,0.0,0.0,5.0,15.0,4.0,2020.0,575
26.0,0.47000000000000003,43.0,0.0,0.0,0.0,0.0,1.0,0.0,0.0,0.0,1.0,1128299.0,0.0,0.0,0.0,0.0,1.0,0.0,1.0,27.0,16.0,1.0,2020.0,128
42.0,0.54,43.0,0.0,0.0,0.0,0.0,1.0,0.0,0.0,0.0,1.0,1128299.0,0.0,0.0,0.0,0.0,1.0,1.0,0.0,36.0,17.0,1.0,2021.0,112
26.0,0.6000000000000001,65.0,0.0,0.0,0.0,0.0,0.0,0.0,0.0,0.0,1.0,1128299.0,0.0,0.0,0.0,0.0,1.0,0.0,1.0,27.0,5.0,2.0,2020.0,300
46.0,0.3,65.0,0.0,0.0,0.0,1.0,0.0,0.0,0.0,0.0,1.0,1128299.0,0.0,0.0,0.0,0.0,1.0,0.0,1.0,4.0,21.0,1.0,2021.0,750
47.0,0.4,72.0,0.0,0.0,0.0,0.0,0.0,0.0,0.0,0.0,1.0,1128299.0,0.0,0.0,0.0,0.0,1.0,1.0,0.0,46.0,17.0,7.0,2020.0,111
16.0,0.6000000000000001,75.0,0.0,0.0,0.0,0.0,0.0,0.0,0.0,0.0,1.0,1128299.0,0.0,0.0,0.0,0.0,1.0,0.0,0.0,5.0,30.0,4.0,2020.0,500
47.0,0.25,75.0,0.0,0.0,0.0,0.0,0.0,0.0,0.0,0.0,1.0,1128299.0,0.0,0.0,0.0,0.0,1.0,0.0,0.0,46.0,11.0,7.0,2020.0,575
42.0,0.35,64.99999999999999,1.0,0.0,0.0,0.0,0.0,0.0,0.0,0.0,1.0,1128299.0,0.0,0.0,0.0,0.0,1.0,0.0,0.0,36.0,24.0,6.0,2021.0,650
16.0,0.3,40.0,0.0,1.0,0.0,0.0,0.0,0.0,0.0,0.0,1.0,1128299.0,0.0,0.0,0.0,0.0,1.0,0.0,0.0,5.0,26.0,5.0,2020.0,450
26.0,0.5400000000000001,48.0,0.0,0.0,0.0,0.0,0.0,0.0,0.0,0.0,1.0,1128299.0,0.0,0.0,0.0,0.0,1.0,0.0,1.0,27.0,1.0,3.0,2020.0,107
42.0,0.41,62.0,0.0,0.0,0.0,1.0,0.0,0.0,0.0,0.0,1.0,1128299.0,0.0,0.0,0.0,0.0,1.0,0.0,1.0,36.0,24.0,6.0,2021.0,179
45.0,0.45,14.0,0.0,0.0,0.0,1.0,0.0,0.0,0.0,0.0,1.0,1185732.0,0.0,0.0,0.0,0.0,1.0,0.0,1.0,43.0,11.0,4.0,2021.0,75
46.0,0.35,60.0,0.0,0.0,0.0,1.0,0.0,0.0,0.0,0.0,1.0,1128299.0,0.0,0.0,0.0,0.0,1.0,0.0,1.0,4.0,9.0,1.0,2021.0,700
45.0,0.35,20.000000000000007,0.0,0.0,0.0,0.0,1.0,0.0,0.0,0.0,1.0,1185732.0,0.0,0.0,0.0,0.0,1.0,0.0,0.0,43.0,10.0,3.0,2021.0,400
16.0,0.7600000000000001,63.0,0.0,0.0,0.0,0.0,0.0,0.0,0.0,0.0,1.0,1128299.0,0.0,0.0,0.0,0.0,1.0,1.0,0.0,5.0,12.0,4.0,2020.0,44
42.0,0.42000000000000004,36.0,0.0,0.0,0.0,0.0,0.0,0.0,0.0,0.0,1.0,1128299.0,0.0,0.0,0.0,0.0,1.0,0.0,1.0,36.0,24.0,4.0,2021.0,39
45.0,0.4,20.000000000000007,0.0,0.0,0.0,1.0,0.0,0.0,0.0,0.0,1.0,1185732.0,0.0,0.0,0.0,0.0,1.0,0.0,0.0,43.0,11.0,8.0,2021.0,375
26.0,0.24000000000000002,36.0,0.0,0.0,1.0,0.0,0.0,0.0,0.0,0.0,1.0,1128299.0,0.0,0.0,0.0,0.0,1.0,0.0,1.0,27.0,7.0,1.0,2020.0,166
42.0,0.3,44.99999999999999,0.0,0.0,1.0,0.0,0.0,0.0,0.0,0.0,1.0,1128299.0,0.0,0.0,0.0,0.0,1.0,0.0,0.0,36.0,25.0,9.0,2021.0,250
46.0,0.39999999999999997,53.0,0.0,0.0,0.0,1.0,0.0,0.0,0.0,0.0,1.0,1128299.0,0.0,0.0,0.0,0.0,1.0,1.0,0.0,4.0,8.0,2.0,2021.0,210
42.0,0.53,58.0,0.0,0.0,0.0,0.0,0.0,0.0,0.0,0.0,1.0,1128299.0,0.0,0.0,0.0,0.0,1.0,1.0,0.0,36.0,25.0,9.0,2021.0,59
46.0,0.25,65.0,1.0,0.0,0.0,0.0,0.0,0.0,0.0,0.0,1.0,1128299.0,0.0,0.0,0.0,0.0,1.0,0.0,1.0,4.0,1.0,1.0,2021.0,750
42.0,0.54,51.0,0.0,0.0,0.0,0.0,0.0,0.0,0.0,0.0,1.0,1128299.0,0.0,0.0,0.0,0.0,1.0,1.0,0.0,36.0,24.0,10.0,2021.0,75
7.0,0.42,14.0,0.0,1.0,0.0,0.0,0.0,0.0,0.0,0.0,1.0,1197831.0,0.0,0.0,0.0,0.0,1.0,0.0,1.0,11.0,5.0,5.0,2021.0,210
45.0,0.35,30.000000000000004,1.0,0.0,0.0,0.0,0.0,0.0,0.0,0.0,1.0,1185732.0,0.0,0.0,0.0,0.0,1.0,0.0,0.0,43.0,10.0,12.0,2021.0,500
46.0,0.45000000000000007,65.0,0.0,0.0,0.0,0.0,0.0,0.0,0.0,0.0,1.0,1128299.0,0.0,0.0,0.0,0.0,1.0,0.0,1.0,4.0,28.0,1.0,2021.0,725
47.0,0.25,75.00000000000003,1.0,0.0,0.0,0.0,0.0,0.0,0.0,0.0,1.0,1128299.0,0.0,0.0,0.0,0.0,1.0,0.0,0.0,46.0,14.0,7.0,2020.0,600
45.0,0.41,27.0,0.0,0.0,0.0,0.0,0.0,0.0,0.0,0.0,1.0,1185732.0,0.0,0.0,0.0,0.0,1.0,0.0,1.0,43.0,10.0,12.0,2021.0,124
46.0,0.6000000000000001,59.0,0.0,0.0,0.0,0.0,0.0,0.0,0.0,0.0,1.0,1128299.0,0.0,0.0,0.0,0.0,1.0,1.0,0.0,4.0,15.0,2.0,2021.0,175
47.0,0.2,65.0,0.0,0.0,1.0,0.0,0.0,0.0,0.0,0.0,1.0,1128299.0,0.0,0.0,0.0,0.0,1.0,0.0,0.0,46.0,18.0,7.0,2020.0,450
26.0,0.39999999999999997,60.0,0.0,0.0,0.0,1.0,0.0,0.0,0.0,0.0,1.0,1128299.0,0.0,0.0,0.0,0.0,1.0,0.0,1.0,27.0,29.0,1.0,2020.0,300
26.0,0.7000000000000001,60.0,0.0,0.0,0.0,0.0,0.0,0.0,0.0,0.0,1.0,1128299.0,0.0,0.0,0.0,0.0,1.0,1.0,0.0,27.0,11.0,2.0,2020.0,130
47.0,0.4,78.0,0.0,1.0,0.0,0.0,0.0,0.0,0.0,0.0,1.0,1128299.0,0.0,0.0,0.0,0.0,1.0,1.0,0.0,46.0,31.0,7.0,2020.0,188
45.0,0.35,35.00000000000001,1.0,0.0,0.0,0.0,0.0,0.0,0.0,0.0,1.0,1185732.0,0.0,0.0,0.0,0.0,1.0,0.0,0.0,43.0,11.0,8.0,2021.0,525
16.0,0.25,70.00000000000001,1.0,0.0,0.0,0.0,0.0,0.0,0.0,0.0,1.0,1128299.0,0.0,0.0,0.0,0.0,1.0,0.0,0.0,5.0,21.0,5.0,2020.0,700
42.0,0.3,105.0,0.0,0.0,1.0,0.0,0.0,0.0,0.0,0.0,1.0,1128299.0,0.0,0.0,0.0,0.0,1.0,0.0,0.0,36.0,24.0,6.0,2021.0,700
45.0,0.42,14.0,0.0,0.0,0.0,0.0,1.0,0.0,0.0,0.0,1.0,1185732.0,0.0,0.0,0.0,0.0,1.0,0.0,1.0,43.0,11.0,11.0,2021.0,107
46.0,0.2,50.0,1.0,0.0,0.0,0.0,0.0,0.0,0.0,0.0,1.0,1128299.0,0.0,0.0,0.0,0.0,1.0,0.0,1.0,4.0,8.0,11.0,2020.0,725
26.0,0.6100000000000001,47.0,0.0,0.0,0.0,0.0,0.0,0.0,0.0,0.0,1.0,1128299.0,0.0,0.0,0.0,0.0,1.0,0.0,1.0,27.0,24.0,1.0,2020.0,62
7.0,0.48,53.0,0.0,0.0,0.0,0.0,0.0,0.0,0.0,0.0,1.0,1197831.0,0.0,0.0,0.0,0.0,1.0,1.0,0.0,11.0,6.0,7.0,2021.0,131
42.0,0.43999999999999995,31.0,1.0,0.0,0.0,0.0,0.0,0.0,0.0,0.0,1.0,1128299.0,0.0,0.0,0.0,0.0,1.0,0.0,1.0,36.0,17.0,1.0,2021.0,124
16.0,0.2,80.00000000000001,0.0,0.0,1.0,0.0,0.0,0.0,0.0,0.0,1.0,1128299.0,0.0,0.0,0.0,0.0,1.0,0.0,0.0,5.0,25.0,5.0,2020.0,525
7.0,0.47,24.0,0.0,0.0,0.0,0.0,1.0,0.0,0.0,0.0,1.0,1197831.0,0.0,0.0,0.0,0.0,1.0,1.0,0.0,11.0,5.0,4.0,2021.0,138
42.0,0.37,34.0,0.0,1.0,0.0,0.0,0.0,0.0,0.0,0.0,1.0,1128299.0,0.0,0.0,0.0,0.0,1.0,0.0,1.0,36.0,24.0,11.0,2021.0,190
47.0,0.44,68.0,0.0,1.0,0.0,0.0,0.0,0.0,0.0,0.0,1.0,1128299.0,0.0,0.0,0.0,0.0,1.0,1.0,0.0,46.0,13.0,6.0,2020.0,160
46.0,0.55,65.0,0.0,0.0,0.0,0.0,0.0,0.0,0.0,0.0,1.0,1128299.0,0.0,0.0,0.0,0.0,1.0,0.0,1.0,4.0,10.0,1.0,2021.0,575
26.0,0.5,47.0,0.0,1.0,0.0,0.0,0.0,0.0,0.0,0.0,1.0,1128299.0,0.0,0.0,0.0,0.0,1.0,0.0,1.0,27.0,1.0,2.0,2020.0,245
47.0,0.4,85.0,0.0,0.0,0.0,0.0,0.0,0.0,0.0,0.0,1.0,1128299.0,0.0,0.0,0.0,0.0,1.0,1.0,0.0,46.0,29.0,7.0,2020.0,115
46.0,0.19000000000000003,62.0,0.0,0.0,1.0,0.0,0.0,0.0,0.0,0.0,1.0,1128299.0,0.0,0.0,0.0,0.0,1.0,0.0,1.0,4.0,30.0,12.0,2020.0,245
26.0,0.35,43.0,1.0,0.0,0.0,0.0,0.0,0.0,0.0,0.0,1.0,1128299.0,0.0,0.0,0.0,0.0,1.0,0.0,1.0,27.0,27.0,1.0,2020.0,120
16.0,0.35,46.0,0.0,0.0,0.0,0.0,1.0,0.0,0.0,0.0,1.0,1128299.0,0.0,0.0,0.0,0.0,1.0,1.0,0.0,5.0,28.0,5.0,2020.0,135
46.0,0.3,50.0,1.0,0.0,0.0,0.0,0.0,0.0,0.0,0.0,1.0,1128299.0,0.0,0.0,0.0,0.0,1.0,0.0,1.0,4.0,7.0,1.0,2021.0,256
46.0,0.4,52.0,0.0,0.0,0.0,0.0,1.0,0.0,0.0,0.0,1.0,1128299.0,0.0,0.0,0.0,0.0,1.0,1.0,0.0,4.0,26.0,1.0,2021.0,225
7.0,0.64,47.0,0.0,0.0,0.0,1.0,0.0,0.0,0.0,0.0,1.0,1197831.0,0.0,0.0,0.0,0.0,1.0,1.0,0.0,11.0,6.0,7.0,2021.0,137
42.0,0.41,29.0,0.0,0.0,0.0,1.0,0.0,0.0,0.0,0.0,1.0,1128299.0,0.0,0.0,0.0,0.0,1.0,0.0,1.0,36.0,24.0,2.0,2021.0,64
42.0,0.45999999999999996,44.0,0.0,1.0,0.0,0.0,0.0,0.0,0.0,0.0,1.0,1128299.0,0.0,0.0,0.0,0.0,1.0,1.0,0.0,36.0,24.0,11.0,2021.0,173
47.0,0.35,69.0,0.0,0.0,0.0,0.0,0.0,0.0,0.0,0.0,1.0,1128299.0,0.0,0.0,0.0,0.0,1.0,1.0,0.0,46.0,23.0,7.0,2020.0,94
46.0,0.28,56.0,1.0,0.0,0.0,0.0,0.0,0.0,0.0,0.0,1.0,1128299.0,0.0,0.0,0.0,0.0,1.0,1.0,0.0,4.0,25.0,1.0,2021.0,268
26.0,0.25,68.0,0.0,0.0,1.0,0.0,0.0,0.0,0.0,0.0,1.0,1128299.0,0.0,0.0,0.0,0.0,1.0,1.0,0.0,27.0,2.0,3.0,2020.0,94
16.0,0.35000000000000003,40.0,0.0,0.0,0.0,0.0,1.0,0.0,0.0,0.0,1.0,1128299.0,0.0,0.0,0.0,0.0,1.0,0.0,0.0,5.0,23.0,3.0,2020.0,425
46.0,0.24999999999999997,55.00000000000001,0.0,0.0,0.0,1.0,0.0,0.0,0.0,0.0,1.0,1128299.0,0.0,0.0,0.0,0.0,1.0,0.0,1.0,4.0,14.0,2.0,2021.0,775
46.0,0.35000000000000003,60.0,0.0,0.0,0.0,0.0,1.0,0.0,0.0,0.0,1.0,1128299.0,0.0,0.0,0.0,0.0,1.0,0.0,1.0,4.0,15.0,11.0,2020.0,700
47.0,0.3,50.0,0.0,1.0,0.0,0.0,0.0,0.0,0.0,0.0,1.0,1128299.0,0.0,0.0,0.0,0.0,1.0,0.0,0.0,46.0,7.0,6.0,2020.0,575
46.0,0.2,65.0,1.0,0.0,0.0,0.0,0.0,0.0,0.0,0.0,1.0,1128299.0,0.0,0.0,0.0,0.0,1.0,0.0,1.0,4.0,13.0,1.0,2021.0,875
47.0,0.25,80.00000000000001,1.0,0.0,0.0,0.0,0.0,0.0,0.0,0.0,1.0,1128299.0,0.0,0.0,0.0,0.0,1.0,0.0,0.0,46.0,8.0,7.0,2020.0,750
45.0,0.42000000000000004,16.0,0.0,0.0,0.0,1.0,0.0,0.0,0.0,0.0,1.0,1185732.0,0.0,0.0,0.0,0.0,1.0,0.0,1.0,43.0,11.0,2.0,2021.0,93
46.0,0.42,42.0,0.0,0.0,0.0,1.0,0.0,0.0,0.0,0.0,1.0,1128299.0,0.0,0.0,0.0,0.0,1.0,0.0,1.0,4.0,3.0,1.0,2021.0,228
26.0,0.35000000000000003,60.00000000000001,0.0,0.0,0.0,0.0,1.0,0.0,0.0,0.0,1.0,1128299.0,0.0,0.0,0.0,0.0,1.0,0.0,0.0,27.0,21.0,2.0,2020.0,450
47.0,0.25,65.0,0.0,0.0,0.0,0.0,1.0,0.0,0.0,0.0,1.0,1128299.0,0.0,0.0,0.0,0.0,1.0,0.0,0.0,46.0,21.0,6.0,2020.0,400
47.0,0.25,75.00000000000001,0.0,0.0,0.0,0.0,1.0,0.0,0.0,0.0,1.0,1128299.0,0.0,0.0,0.0,0.0,1.0,0.0,0.0,46.0,9.0,7.0,2020.0,625
16.0,0.4,65.00000000000001,0.0,0.0,0.0,0.0,1.0,0.0,0.0,0.0,1.0,1128299.0,0.0,0.0,0.0,0.0,1.0,0.0,0.0,5.0,22.0,5.0,2020.0,500
46.0,0.35000000000000003,65.0,0.0,0.0,0.0,0.0,1.0,0.0,0.0,0.0,1.0,1128299.0,0.0,0.0,0.0,0.0,1.0,0.0,1.0,4.0,27.0,12.0,2020.0,725
46.0,0.61,69.0,0.0,0.0,0.0,0.0,0.0,0.0,0.0,0.0,1.0,1128299.0,0.0,0.0,0.0,0.0,1.0,1.0,0.0,4.0,22.0,1.0,2021.0,188
26.0,0.6400000000000001,64.0,0.0,0.0,0.0,0.0,0.0,0.0,0.0,0.0,1.0,1128299.0,0.0,0.0,0.0,0.0,1.0,1.0,0.0,27.0,7.0,3.0,2020.0,88
46.0,0.27,54.0,0.0,0.0,1.0,0.0,0.0,0.0,0.0,0.0,1.0,1128299.0,0.0,0.0,0.0,0.0,1.0,1.0,0.0,4.0,24.0,12.0,2020.0,210
16.0,0.4,67.0,1.0,0.0,0.0,0.0,0.0,0.0,0.0,0.0,1.0,1128299.0,0.0,0.0,0.0,0.0,1.0,1.0,0.0,5.0,21.0,4.0,2020.0,188
47.0,0.37,63.0,0.0,0.0,0.0,0.0,1.0,0.0,0.0,0.0,1.0,1128299.0,0.0,0.0,0.0,0.0,1.0,1.0,0.0,46.0,15.0,7.0,2020.0,135
45.0,0.4,30.000000000000004,0.0,1.0,0.0,0.0,0.0,0.0,0.0,0.0,1.0,1185732.0,0.0,0.0,0.0,0.0,1.0,0.0,0.0,43.0,10.0,3.0,2021.0,670
46.0,0.54,51.0,0.0,0.0,0.0,0.0,0.0,0.0,0.0,0.0,1.0,1128299.0,0.0,0.0,0.0,0.0,1.0,0.0,1.0,4.0,23.0,12.0,2020.0,170
46.0,0.15000000000000002,60.0,0.0,0.0,1.0,0.0,0.0,0.0,0.0,0.0,1.0,1128299.0,0.0,0.0,0.0,0.0,1.0,0.0,1.0,4.0,24.0,12.0,2020.0,700
26.0,0.35000000000000003,40.0,0.0,0.0,0.0,0.0,1.0,0.0,0.0,0.0,1.0,1128299.0,0.0,0.0,0.0,0.0,1.0,0.0,0.0,27.0,17.0,3.0,2020.0,425
16.0,0.25,85.00000000000001,0.0,0.0,1.0,0.0,0.0,0.0,0.0,0.0,1.0,1128299.0,0.0,0.0,0.0,0.0,1.0,0.0,0.0,5.0,25.0,4.0,2020.0,525
46.0,0.15000000000000002,80.0,0.0,0.0,1.0,0.0,0.0,0.0,0.0,0.0,1.0,1128299.0,0.0,0.0,0.0,0.0,1.0,0.0,1.0,4.0,30.0,12.0,2020.0,700
42.0,0.35,80.0,1.0,0.0,0.0,0.0,0.0,0.0,0.0,0.0,1.0,1128299.0,0.0,0.0,0.0,0.0,1.0,0.0,0.0,36.0,24.0,8.0,2021.0,775
42.0,0.42999999999999994,34.0,0.0,0.0,0.0,0.0,1.0,0.0,0.0,0.0,1.0,1128299.0,0.0,0.0,0.0,0.0,1.0,0.0,1.0,36.0,17.0,2.0,2021.0,132
45.0,0.41,22.0,0.0,1.0,0.0,0.0,0.0,0.0,0.0,0.0,1.0,1128299.0,0.0,0.0,0.0,0.0,1.0,0.0,1.0,43.0,24.0,2.0,2021.0,153
45.0,0.45999999999999996,20.0,1.0,0.0,0.0,0.0,0.0,0.0,0.0,0.0,1.0,1185732.0,0.0,0.0,0.0,0.0,1.0,1.0,0.0,43.0,11.0,11.0,2021.0,108
16.0,0.64,54.0,0.0,1.0,0.0,0.0,0.0,0.0,0.0,0.0,1.0,1128299.0,0.0,0.0,0.0,0.0,1.0,1.0,0.0,5.0,14.0,4.0,2020.0,189
47.0,0.41,78.0,0.0,0.0,0.0,1.0,0.0,0.0,0.0,0.0,1.0,1128299.0,0.0,0.0,0.0,0.0,1.0,1.0,0.0,46.0,4.0,7.0,2020.0,137
45.0,0.35,25.000000000000007,0.0,0.0,0.0,0.0,1.0,0.0,0.0,0.0,1.0,1185732.0,0.0,0.0,0.0,0.0,1.0,0.0,0.0,43.0,12.0,5.0,2021.0,350
42.0,0.41,66.0,1.0,0.0,0.0,0.0,0.0,0.0,0.0,0.0,1.0,1128299.0,0.0,0.0,0.0,0.0,1.0,0.0,1.0,36.0,23.0,7.0,2021.0,217
26.0,0.53,61.0,0.0,0.0,0.0,0.0,1.0,0.0,0.0,0.0,1.0,1128299.0,0.0,0.0,0.0,0.0,1.0,1.0,0.0,27.0,9.0,2.0,2020.0,143
26.0,0.42,54.0,0.0,0.0,0.0,1.0,0.0,0.0,0.0,0.0,1.0,1128299.0,0.0,0.0,0.0,0.0,1.0,1.0,0.0,27.0,28.0,2.0,2020.0,105
42.0,0.39999999999999997,35.0,0.0,1.0,0.0,0.0,0.0,0.0,0.0,0.0,1.0,1128299.0,0.0,0.0,0.0,0.0,1.0,0.0,0.0,36.0,17.0,1.0,2021.0,400
26.0,0.4,35.0,0.0,1.0,0.0,0.0,0.0,0.0,0.0,0.0,1.0,1128299.0,0.0,0.0,0.0,0.0,1.0,0.0,1.0,27.0,8.0,1.0,2020.0,525
45.0,0.49,28.0,1.0,0.0,0.0,0.0,0.0,0.0,0.0,0.0,1.0,1185732.0,0.0,0.0,0.0,0.0,1.0,1.0,0.0,43.0,10.0,12.0,2021.0,145
7.0,0.3,40.0,0.0,0.0,0.0,0.0,0.0,0.0,0.0,0.0,1.0,1197831.0,0.0,0.0,0.0,0.0,1.0,1.0,0.0,11.0,6.0,3.0,2021.0,250
7.0,0.44999999999999996,37.0,0.0,0.0,0.0,0.0,0.0,0.0,0.0,0.0,1.0,1197831.0,0.0,0.0,0.0,0.0,1.0,1.0,0.0,11.0,6.0,3.0,2021.0,75
16.0,0.3,54.99999999999999,0.0,0.0,0.0,1.0,0.0,0.0,0.0,0.0,1.0,1128299.0,0.0,0.0,0.0,0.0,1.0,0.0,0.0,5.0,30.0,3.0,2020.0,300
26.0,0.26,55.0,0.0,0.0,1.0,0.0,0.0,0.0,0.0,0.0,1.0,1128299.0,0.0,0.0,0.0,0.0,1.0,0.0,1.0,27.0,18.0,2.0,2020.0,128
46.0,0.35,53.0,0.0,0.0,0.0,1.0,0.0,0.0,0.0,0.0,1.0,1128299.0,0.0,0.0,0.0,0.0,1.0,1.0,0.0,4.0,27.0,1.0,2021.0,203
46.0,0.4,51.0,0.0,1.0,0.0,0.0,0.0,0.0,0.0,0.0,1.0,1128299.0,0.0,0.0,0.0,0.0,1.0,1.0,0.0,4.0,11.0,2.0,2021.0,293
45.0,0.5,38.0,0.0,0.0,0.0,0.0,0.0,0.0,0.0,0.0,1.0,1185732.0,0.0,0.0,0.0,0.0,1.0,1.0,0.0,43.0,10.0,12.0,2021.0,112
45.0,0.4,35.0,0.0,1.0,0.0,0.0,0.0,0.0,0.0,0.0,1.0,1185732.0,0.0,0.0,0.0,0.0,1.0,0.0,0.0,43.0,11.0,8.0,2021.0,750
42.0,0.41,48.0,0.0,0.0,0.0,0.0,1.0,0.0,0.0,0.0,1.0,1128299.0,0.0,0.0,0.0,0.0,1.0,0.0,1.0,36.0,23.0,12.0,2021.0,193
42.0,0.3,65.00000000000001,0.0,0.0,1.0,0.0,0.0,0.0,0.0,0.0,1.0,1128299.0,0.0,0.0,0.0,0.0,1.0,0.0,0.0,36.0,24.0,4.0,2021.0,300
46.0,0.15,60.00000000000001,1.0,0.0,0.0,0.0,0.0,0.0,0.0,0.0,1.0,1128299.0,0.0,0.0,0.0,0.0,1.0,0.0,1.0,4.0,31.0,1.0,2021.0,875
45.0,0.55,35.0,0.0,0.0,1.0,0.0,0.0,0.0,0.0,0.0,1.0,1185732.0,0.0,0.0,0.0,0.0,1.0,0.0,1.0,43.0,11.0,11.0,2021.0,158
7.0,0.35,24.999999999999996,0.0,0.0,0.0,0.0,1.0,0.0,0.0,0.0,1.0,1197831.0,0.0,0.0,0.0,0.0,1.0,1.0,0.0,11.0,5.0,4.0,2021.0,475
46.0,0.26999999999999996,39.0,0.0,0.0,0.0,1.0,0.0,0.0,0.0,0.0,1.0,1128299.0,0.0,0.0,0.0,0.0,1.0,0.0,1.0,4.0,27.0,1.0,2021.0,247
16.0,0.26,37.0,0.0,0.0,1.0,0.0,0.0,0.0,0.0,0.0,1.0,1128299.0,0.0,0.0,0.0,0.0,1.0,1.0,0.0,5.0,20.0,3.0,2020.0,128
42.0,0.45999999999999996,50.0,1.0,0.0,0.0,0.0,0.0,0.0,0.0,0.0,1.0,1128299.0,0.0,0.0,0.0,0.0,1.0,1.0,0.0,36.0,24.0,10.0,2021.0,142
7.0,0.55,29.0,0.0,0.0,0.0,1.0,0.0,0.0,0.0,0.0,1.0,1197831.0,0.0,0.0,0.0,0.0,1.0,1.0,0.0,11.0,5.0,4.0,2021.0,113
45.0,0.35,10.000000000000002,0.0,0.0,0.0,0.0,1.0,0.0,0.0,0.0,1.0,1185732.0,0.0,0.0,0.0,0.0,1.0,0.0,0.0,43.0,12.0,9.0,2021.0,350
47.0,0.25,80.0,1.0,0.0,0.0,0.0,0.0,0.0,0.0,0.0,1.0,1128299.0,0.0,0.0,0.0,0.0,1.0,0.0,0.0,46.0,26.0,6.0,2020.0,625
45.0,0.35,20.0,1.0,0.0,0.0,0.0,0.0,0.0,0.0,0.0,1.0,1185732.0,0.0,0.0,0.0,0.0,1.0,0.0,0.0,43.0,11.0,10.0,2021.0,400
45.0,0.49,29.0,0.0,0.0,0.0,0.0,1.0,0.0,0.0,0.0,1.0,1185732.0,0.0,0.0,0.0,0.0,1.0,1.0,0.0,43.0,11.0,8.0,2021.0,113
16.0,0.48,60.0,0.0,0.0,0.0,1.0,0.0,0.0,0.0,0.0,1.0,1128299.0,0.0,0.0,0.0,0.0,1.0,1.0,0.0,5.0,17.0,5.0,2020.0,116
16.0,0.5,65.0,0.0,0.0,0.0,0.0,1.0,0.0,0.0,0.0,1.0,1128299.0,0.0,0.0,0.0,0.0,1.0,0.0,0.0,5.0,16.0,4.0,2020.0,575
46.0,0.46,62.0,0.0,1.0,0.0,0.0,0.0,0.0,0.0,0.0,1.0,1128299.0,0.0,0.0,0.0,0.0,1.0,1.0,0.0,4.0,18.0,1.0,2021.0,273
7.0,0.5,30.000000000000004,0.0,0.0,1.0,0.0,0.0,0.0,0.0,0.0,1.0,1197831.0,0.0,0.0,0.0,0.0,1.0,1.0,0.0,11.0,5.0,4.0,2021.0,550
16.0,0.43,74.0,0.0,0.0,1.0,0.0,0.0,0.0,0.0,0.0,1.0,1128299.0,0.0,0.0,0.0,0.0,1.0,1.0,0.0,5.0,13.0,4.0,2020.0,133
42.0,0.5,48.0,1.0,0.0,0.0,0.0,0.0,0.0,0.0,0.0,1.0,1128299.0,0.0,0.0,0.0,0.0,1.0,1.0,0.0,36.0,24.0,11.0,2021.0,195
45.0,0.5,27.0,0.0,1.0,0.0,0.0,0.0,0.0,0.0,0.0,1.0,1185732.0,0.0,0.0,0.0,0.0,1.0,1.0,0.0,43.0,11.0,4.0,2021.0,181
26.0,0.26,68.0,0.0,0.0,1.0,0.0,0.0,0.0,0.0,0.0,1.0,1128299.0,0.0,0.0,0.0,0.0,1.0,1.0,0.0,27.0,8.0,3.0,2020.0,133
45.0,0.5,29.0,0.0,0.0,0.0,0.0,0.0,0.0,0.0,0.0,1.0,1185732.0,0.0,0.0,0.0,0.0,1.0,1.0,0.0,43.0,11.0,10.0,2021.0,83
7.0,0.45,30.000000000000004,0.0,0.0,0.0,1.0,0.0,0.0,0.0,0.0,1.0,1197831.0,0.0,0.0,0.0,0.0,1.0,1.0,0.0,11.0,5.0,4.0,2021.0,375
26.0,0.51,58.0,0.0,1.0,0.0,0.0,0.0,0.0,0.0,0.0,1.0,1128299.0,0.0,0.0,0.0,0.0,1.0,1.0,0.0,27.0,20.0,1.0,2020.0,143
45.0,0.38999999999999996,20.0,0.0,0.0,0.0,0.0,0.0,0.0,0.0,0.0,1.0,1185732.0,0.0,0.0,0.0,0.0,1.0,0.0,1.0,43.0,11.0,10.0,2021.0,85
26.0,0.4,65.0,0.0,0.0,0.0,0.0,1.0,0.0,0.0,0.0,1.0,1128299.0,0.0,0.0,0.0,0.0,1.0,0.0,1.0,27.0,22.0,1.0,2020.0,400
26.0,0.29,46.0,1.0,0.0,0.0,0.0,0.0,0.0,0.0,0.0,1.0,1128299.0,0.0,0.0,0.0,0.0,1.0,0.0,1.0,27.0,21.0,1.0,2020.0,116
16.0,0.53,51.0,0.0,0.0,0.0,0.0,1.0,0.0,0.0,0.0,1.0,1128299.0,0.0,0.0,0.0,0.0,1.0,1.0,0.0,5.0,16.0,5.0,2020.0,128
47.0,0.3,80.00000000000001,0.0,0.0,0.0,1.0,0.0,0.0,0.0,0.0,1.0,1128299.0,0.0,0.0,0.0,0.0,1.0,0.0,0.0,46.0,3.0,8.0,2020.0,550
46.0,0.5800000000000001,63.0,0.0,0.0,0.0,0.0,0.0,0.0,0.0,0.0,1.0,1128299.0,0.0,0.0,0.0,0.0,1.0,1.0,0.0,4.0,28.0,1.0,2021.0,218
16.0,0.43,83.0,0.0,0.0,1.0,0.0,0.0,0.0,0.0,0.0,1.0,1128299.0,0.0,0.0,0.0,0.0,1.0,1.0,0.0,5.0,19.0,4.0,2020.0,181
42.0,0.42,76.0,0.0,0.0,1.0,0.0,0.0,0.0,0.0,0.0,1.0,1128299.0,0.0,0.0,0.0,0.0,1.0,1.0,0.0,36.0,24.0,11.0,2021.0,149
45.0,0.51,19.0,0.0,0.0,0.0,1.0,0.0,0.0,0.0,0.0,1.0,1185732.0,0.0,0.0,0.0,0.0,1.0,1.0,0.0,43.0,11.0,11.0,2021.0,113
46.0,0.18,39.0,1.0,0.0,0.0,0.0,0.0,0.0,0.0,0.0,1.0,1128299.0,0.0,0.0,0.0,0.0,1.0,0.0,1.0,4.0,31.0,1.0,2021.0,280
46.0,0.4,50.0,0.0,0.0,0.0,0.0,1.0,0.0,0.0,0.0,1.0,1128299.0,0.0,0.0,0.0,0.0,1.0,1.0,0.0,4.0,7.0,2.0,2021.0,210
45.0,0.48,27.0,0.0,1.0,0.0,0.0,0.0,0.0,0.0,0.0,1.0,1128299.0,0.0,0.0,0.0,0.0,1.0,1.0,0.0,43.0,24.0,1.0,2021.0,98
7.0,0.49,42.0,0.0,1.0,0.0,0.0,0.0,0.0,0.0,0.0,1.0,1197831.0,0.0,0.0,0.0,0.0,1.0,1.0,0.0,11.0,4.0,6.0,2021.0,195
42.0,0.5,41.0,0.0,0.0,0.0,1.0,0.0,0.0,0.0,0.0,1.0,1128299.0,0.0,0.0,0.0,0.0,1.0,1.0,0.0,36.0,24.0,4.0,2021.0,63
45.0,0.4,35.0,0.0,1.0,0.0,0.0,0.0,0.0,0.0,0.0,1.0,1185732.0,0.0,0.0,0.0,0.0,1.0,0.0,0.0,43.0,10.0,7.0,2021.0,800
45.0,0.55,18.0,0.0,0.0,1.0,0.0,0.0,0.0,0.0,0.0,1.0,1185732.0,0.0,0.0,0.0,0.0,1.0,0.0,1.0,43.0,11.0,2.0,2021.0,149
26.0,0.36,40.0,0.0,0.0,0.0,1.0,0.0,0.0,0.0,0.0,1.0,1128299.0,0.0,0.0,0.0,0.0,1.0,0.0,1.0,27.0,12.0,3.0,2020.0,166
46.0,0.25,51.0,1.0,0.0,0.0,0.0,0.0,0.0,0.0,0.0,1.0,1128299.0,0.0,0.0,0.0,0.0,1.0,0.0,1.0,4.0,26.0,12.0,2020.0,216
42.0,0.4,75.00000000000001,0.0,0.0,0.0,0.0,0.0,0.0,0.0,0.0,1.0,1128299.0,0.0,0.0,0.0,0.0,1.0,0.0,0.0,36.0,24.0,11.0,2021.0,425
26.0,0.5000000000000001,70.0,0.0,0.0,0.0,0.0,0.0,0.0,0.0,0.0,1.0,1128299.0,0.0,0.0,0.0,0.0,1.0,0.0,0.0,27.0,13.0,3.0,2020.0,400
7.0,0.5900000000000001,48.0,0.0,0.0,0.0,1.0,0.0,0.0,0.0,0.0,1.0,1197831.0,0.0,0.0,0.0,0.0,1.0,1.0,0.0,11.0,4.0,6.0,2021.0,143
42.0,0.35,85.0,0.0,0.0,0.0,1.0,0.0,0.0,0.0,0.0,1.0,1128299.0,0.0,0.0,0.0,0.0,1.0,0.0,0.0,36.0,23.0,7.0,2021.0,550
42.0,0.35,45.00000000000001,0.0,0.0,0.0,1.0,0.0,0.0,0.0,0.0,1.0,1128299.0,0.0,0.0,0.0,0.0,1.0,0.0,0.0,36.0,24.0,4.0,2021.0,225
16.0,0.47000000000000003,55.0,0.0,1.0,0.0,0.0,0.0,0.0,0.0,0.0,1.0,1128299.0,0.0,0.0,0.0,0.0,1.0,1.0,0.0,5.0,2.0,4.0,2020.0,131
45.0,0.5,25.000000000000007,0.0,0.0,1.0,0.0,0.0,0.0,0.0,0.0,1.0,1185732.0,0.0,0.0,0.0,0.0,1.0,0.0,0.0,43.0,12.0,9.0,2021.0,400
45.0,0.37,20.0,0.0,0.0,0.0,0.0,1.0,0.0,0.0,0.0,1.0,1185732.0,0.0,0.0,0.0,0.0,1.0,0.0,1.0,43.0,10.0,12.0,2021.0,153
26.0,0.38,62.0,1.0,0.0,0.0,0.0,0.0,0.0,0.0,0.0,1.0,1128299.0,0.0,0.0,0.0,0.0,1.0,1.0,0.0,27.0,21.0,1.0,2020.0,102
47.0,0.3,60.00000000000001,0.0,1.0,0.0,0.0,0.0,0.0,0.0,0.0,1.0,1128299.0,0.0,0.0,0.0,0.0,1.0,0.0,0.0,46.0,19.0,7.0,2020.0,550
45.0,0.38,19.0,1.0,0.0,0.0,0.0,0.0,0.0,0.0,0.0,1.0,1185732.0,0.0,0.0,0.0,0.0,1.0,0.0,1.0,43.0,12.0,9.0,2021.0,158
46.0,0.42000000000000004,50.0,0.0,0.0,0.0,0.0,1.0,0.0,0.0,0.0,1.0,1128299.0,0.0,0.0,0.0,0.0,1.0,1.0,0.0,4.0,1.0,2.0,2021.0,182
26.0,0.5,34.0,0.0,1.0,0.0,0.0,0.0,0.0,0.0,0.0,1.0,1128299.0,0.0,0.0,0.0,0.0,1.0,1.0,0.0,27.0,8.0,1.0,2020.0,158
16.0,0.2,65.0,1.0,0.0,0.0,0.0,0.0,0.0,0.0,0.0,1.0,1128299.0,0.0,0.0,0.0,0.0,1.0,0.0,0.0,5.0,3.0,4.0,2020.0,325
26.0,0.46,39.0,0.0,0.0,0.0,0.0,1.0,0.0,0.0,0.0,1.0,1128299.0,0.0,0.0,0.0,0.0,1.0,1.0,0.0,27.0,17.0,3.0,2020.0,115
42.0,0.52,42.0,0.0,0.0,0.0,0.0,0.0,0.0,0.0,0.0,1.0,1128299.0,0.0,0.0,0.0,0.0,1.0,1.0,0.0,36.0,24.0,2.0,2021.0,38
45.0,0.5,40.0,0.0,0.0,1.0,0.0,0.0,0.0,0.0,0.0,1.0,1185732.0,0.0,0.0,0.0,0.0,1.0,0.0,0.0,43.0,11.0,6.0,2021.0,575
46.0,0.56,47.0,0.0,0.0,0.0,0.0,0.0,0.0,0.0,0.0,1.0,1128299.0,0.0,0.0,0.0,0.0,1.0,0.0,1.0,4.0,29.0,12.0,2020.0,158
45.0,0.35,40.0,0.0,0.0,0.0,0.0,0.0,0.0,0.0,0.0,1.0,1185732.0,0.0,0.0,0.0,0.0,1.0,0.0,0.0,43.0,11.0,11.0,2021.0,350
46.0,0.47000000000000003,56.0,0.0,1.0,0.0,0.0,0.0,0.0,0.0,0.0,1.0,1128299.0,0.0,0.0,0.0,0.0,1.0,1.0,0.0,4.0,25.0,12.0,2020.0,228
26.0,0.2,65.00000000000001,1.0,0.0,0.0,0.0,0.0,0.0,0.0,0.0,1.0,1128299.0,0.0,0.0,0.0,0.0,1.0,0.0,0.0,27.0,4.0,3.0,2020.0,575
45.0,0.35,40.0,0.0,0.0,0.0,0.0,0.0,0.0,0.0,0.0,1.0,1185732.0,0.0,0.0,0.0,0.0,1.0,0.0,0.0,43.0,10.0,12.0,2021.0,400
47.0,0.3,60.0,0.0,0.0,0.0,1.0,0.0,0.0,0.0,0.0,1.0,1128299.0,0.0,0.0,0.0,0.0,1.0,0.0,0.0,46.0,16.0,6.0,2020.0,300
42.0,0.44999999999999996,24.0,0.0,1.0,0.0,0.0,0.0,0.0,0.0,0.0,1.0,1128299.0,0.0,0.0,0.0,0.0,1.0,0.0,1.0,36.0,17.0,2.0,2021.0,175
26.0,0.27,74.0,0.0,0.0,1.0,0.0,0.0,0.0,0.0,0.0,1.0,1128299.0,0.0,0.0,0.0,0.0,1.0,1.0,0.0,27.0,14.0,3.0,2020.0,150
7.0,0.35,50.0,1.0,0.0,0.0,0.0,0.0,0.0,0.0,0.0,1.0,1197831.0,0.0,0.0,0.0,0.0,1.0,1.0,0.0,11.0,4.0,6.0,2021.0,750
42.0,0.5,42.0,0.0,0.0,0.0,0.0,1.0,0.0,0.0,0.0,1.0,1128299.0,0.0,0.0,0.0,0.0,1.0,1.0,0.0,36.0,24.0,11.0,2021.0,128
46.0,0.4800000000000001,43.0,0.0,0.0,0.0,0.0,0.0,0.0,0.0,0.0,1.0,1128299.0,0.0,0.0,0.0,0.0,1.0,0.0,1.0,4.0,28.0,1.0,2021.0,225
42.0,0.49,68.0,0.0,0.0,0.0,0.0,1.0,0.0,0.0,0.0,1.0,1128299.0,0.0,0.0,0.0,0.0,1.0,1.0,0.0,36.0,24.0,8.0,2021.0,195
26.0,0.3,65.0,1.0,0.0,0.0,0.0,0.0,0.0,0.0,0.0,1.0,1128299.0,0.0,0.0,0.0,0.0,1.0,0.0,1.0,27.0,2.0,2.0,2020.0,550
46.0,0.5,65.0,0.0,0.0,0.0,0.0,0.0,0.0,0.0,0.0,1.0,1128299.0,0.0,0.0,0.0,0.0,1.0,0.0,1.0,4.0,16.0,1.0,2021.0,775
16.0,0.5,51.0,0.0,1.0,0.0,0.0,0.0,0.0,0.0,0.0,1.0,1128299.0,0.0,0.0,0.0,0.0,1.0,1.0,0.0,5.0,8.0,5.0,2020.0,137
7.0,0.42,34.0,0.0,0.0,0.0,0.0,1.0,0.0,0.0,0.0,1.0,1197831.0,0.0,0.0,0.0,0.0,1.0,0.0,1.0,11.0,6.0,7.0,2021.0,278
47.0,0.3,70.00000000000001,0.0,1.0,0.0,0.0,0.0,0.0,0.0,0.0,1.0,1128299.0,0.0,0.0,0.0,0.0,1.0,0.0,0.0,46.0,13.0,7.0,2020.0,600
45.0,0.35,30.000000000000004,0.0,0.0,0.0,0.0,1.0,0.0,0.0,0.0,1.0,1185732.0,0.0,0.0,0.0,0.0,1.0,0.0,0.0,43.0,10.0,12.0,2021.0,450
26.0,0.5900000000000001,47.0,0.0,0.0,0.0,0.0,0.0,0.0,0.0,0.0,1.0,1128299.0,0.0,0.0,0.0,0.0,1.0,0.0,1.0,27.0,11.0,2.0,2020.0,150
42.0,0.42999999999999994,33.0,0.0,0.0,0.0,0.0,1.0,0.0,0.0,0.0,1.0,1128299.0,0.0,0.0,0.0,0.0,1.0,0.0,1.0,36.0,17.0,1.0,2021.0,128
47.0,0.38,61.0,0.0,0.0,0.0,0.0,1.0,0.0,0.0,0.0,1.0,1128299.0,0.0,0.0,0.0,0.0,1.0,1.0,0.0,46.0,21.0,6.0,2020.0,120
46.0,0.30000000000000004,55.00000000000001,0.0,0.0,0.0,0.0,1.0,0.0,0.0,0.0,1.0,1128299.0,0.0,0.0,0.0,0.0,1.0,0.0,1.0,4.0,7.0,2.0,2021.0,725
26.0,0.53,41.0,0.0,0.0,0.0,0.0,1.0,0.0,0.0,0.0,1.0,1128299.0,0.0,0.0,0.0,0.0,1.0,1.0,0.0,27.0,10.0,1.0,2020.0,119
46.0,0.51,60.0,0.0,0.0,0.0,0.0,1.0,0.0,0.0,0.0,1.0,1128299.0,0.0,0.0,0.0,0.0,1.0,1.0,0.0,4.0,2.0,1.0,2021.0,218
42.0,0.44999999999999996,46.0,0.0,1.0,0.0,0.0,0.0,0.0,0.0,0.0,1.0,1128299.0,0.0,0.0,0.0,0.0,1.0,1.0,0.0,36.0,25.0,9.0,2021.0,122
26.0,0.34,64.0,1.0,0.0,0.0,0.0,0.0,0.0,0.0,0.0,1.0,1128299.0,0.0,0.0,0.0,0.0,1.0,1.0,0.0,27.0,4.0,3.0,2020.0,150
47.0,0.42,48.0,0.0,0.0,0.0,1.0,0.0,0.0,0.0,0.0,1.0,1128299.0,0.0,0.0,0.0,0.0,1.0,1.0,0.0,46.0,4.0,6.0,2020.0,87
26.0,0.6100000000000001,67.0,0.0,0.0,0.0,0.0,0.0,0.0,0.0,0.0,1.0,1128299.0,0.0,0.0,0.0,0.0,1.0,1.0,0.0,27.0,23.0,2.0,2020.0,120
7.0,0.5700000000000001,23.0,0.0,0.0,1.0,0.0,0.0,0.0,0.0,0.0,1.0,1197831.0,0.0,0.0,0.0,0.0,1.0,0.0,1.0,11.0,5.0,4.0,2021.0,176
26.0,0.65,47.0,0.0,0.0,0.0,0.0,0.0,0.0,0.0,0.0,1.0,1128299.0,0.0,0.0,0.0,0.0,1.0,1.0,0.0,27.0,6.0,1.0,2020.0,70
26.0,0.25,50.0,1.0,0.0,0.0,0.0,0.0,0.0,0.0,0.0,1.0,1128299.0,0.0,0.0,0.0,0.0,1.0,0.0,1.0,27.0,26.0,2.0,2020.0,193
46.0,0.2,80.0,0.0,0.0,1.0,0.0,0.0,0.0,0.0,0.0,1.0,1128299.0,0.0,0.0,0.0,0.0,1.0,0.0,1.0,4.0,11.0,1.0,2021.0,875
46.0,0.45000000000000007,51.0,0.0,1.0,0.0,0.0,0.0,0.0,0.0,0.0,1.0,1128299.0,0.0,0.0,0.0,0.0,1.0,1.0,0.0,4.0,30.0,1.0,2021.0,236
16.0,0.5,60.0,0.0,1.0,0.0,0.0,0.0,0.0,0.0,0.0,1.0,1128299.0,0.0,0.0,0.0,0.0,1.0,0.0,0.0,5.0,8.0,4.0,2020.0,525
26.0,0.41000000000000003,46.0,0.0,0.0,0.0,0.0,1.0,0.0,0.0,0.0,1.0,1128299.0,0.0,0.0,0.0,0.0,1.0,0.0,1.0,27.0,21.0,2.0,2020.0,144
16.0,0.25,60.00000000000001,1.0,0.0,0.0,0.0,0.0,0.0,0.0,0.0,1.0,1128299.0,0.0,0.0,0.0,0.0,1.0,0.0,0.0,5.0,15.0,5.0,2020.0,575
46.0,0.4,45.0,0.0,1.0,0.0,0.0,0.0,0.0,0.0,0.0,1.0,1128299.0,0.0,0.0,0.0,0.0,1.0,0.0,1.0,4.0,18.0,1.0,2021.0,302
47.0,0.25,65.0,0.0,0.0,0.0,0.0,0.0,0.0,0.0,0.0,1.0,1128299.0,0.0,0.0,0.0,0.0,1.0,0.0,0.0,46.0,17.0,6.0,2020.0,200
26.0,0.41,30.0,0.0,0.0,0.0,1.0,0.0,0.0,0.0,0.0,1.0,1128299.0,0.0,0.0,0.0,0.0,1.0,0.0,1.0,27.0,11.0,1.0,2020.0,85
45.0,0.39999999999999997,18.0,1.0,0.0,0.0,0.0,0.0,0.0,0.0,0.0,1.0,1185732.0,0.0,0.0,0.0,0.0,1.0,0.0,1.0,43.0,11.0,6.0,2021.0,132
26.0,0.46,55.0,0.0,0.0,0.0,0.0,1.0,0.0,0.0,0.0,1.0,1128299.0,0.0,0.0,0.0,0.0,1.0,1.0,0.0,27.0,5.0,3.0,2020.0,106
45.0,0.4,20.0,0.0,0.0,0.0,1.0,0.0,0.0,0.0,0.0,1.0,1185732.0,0.0,0.0,0.0,0.0,1.0,0.0,0.0,43.0,11.0,10.0,2021.0,275
42.0,0.35,28.0,0.0,0.0,1.0,0.0,0.0,0.0,0.0,0.0,1.0,1128299.0,0.0,0.0,0.0,0.0,1.0,0.0,1.0,36.0,24.0,2.0,2021.0,98
26.0,0.41,62.0,1.0,0.0,0.0,0.0,0.0,0.0,0.0,0.0,1.0,1128299.0,0.0,0.0,0.0,0.0,1.0,1.0,0.0,27.0,2.0,2.0,2020.0,165
26.0,0.55,60.0,0.0,0.0,0.0,0.0,0.0,0.0,0.0,0.0,1.0,1128299.0,0.0,0.0,0.0,0.0,1.0,0.0,1.0,27.0,18.0,1.0,2020.0,175
42.0,0.5,72.0,0.0,0.0,0.0,0.0,0.0,0.0,0.0,0.0,1.0,1128299.0,0.0,0.0,0.0,0.0,1.0,1.0,0.0,36.0,23.0,12.0,2021.0,133
16.0,0.4,55.00000000000001,0.0,1.0,0.0,0.0,0.0,0.0,0.0,0.0,1.0,1128299.0,0.0,0.0,0.0,0.0,1.0,0.0,0.0,5.0,8.0,5.0,2020.0,525
47.0,0.2,95.00000000000001,0.0,0.0,1.0,0.0,0.0,0.0,0.0,0.0,1.0,1128299.0,0.0,0.0,0.0,0.0,1.0,0.0,0.0,46.0,30.0,7.0,2020.0,550
7.0,0.5,60.00000000000001,0.0,0.0,1.0,0.0,0.0,0.0,0.0,0.0,1.0,1197831.0,0.0,0.0,0.0,0.0,1.0,1.0,0.0,11.0,4.0,6.0,2021.0,825
26.0,0.6100000000000001,63.0,0.0,0.0,0.0,0.0,0.0,0.0,0.0,0.0,1.0,1128299.0,0.0,0.0,0.0,0.0,1.0,1.0,0.0,27.0,1.0,3.0,2020.0,81
45.0,0.45999999999999996,33.0,0.0,0.0,0.0,0.0,0.0,0.0,0.0,0.0,1.0,1185732.0,0.0,0.0,0.0,0.0,1.0,1.0,0.0,43.0,11.0,4.0,2021.0,74
46.0,0.24999999999999997,55.00000000000001,0.0,0.0,0.0,1.0,0.0,0.0,0.0,0.0,1.0,1128299.0,0.0,0.0,0.0,0.0,1.0,0.0,1.0,4.0,2.0,2.0,2021.0,675
47.0,0.2,80.0,0.0,0.0,1.0,0.0,0.0,0.0,0.0,0.0,1.0,1128299.0,0.0,0.0,0.0,0.0,1.0,0.0,0.0,46.0,12.0,7.0,2020.0,400
26.0,0.48000000000000004,57.0,0.0,1.0,0.0,0.0,0.0,0.0,0.0,0.0,1.0,1128299.0,0.0,0.0,0.0,0.0,1.0,1.0,0.0,27.0,3.0,3.0,2020.0,155
47.0,0.4,75.0,0.0,0.0,0.0,1.0,0.0,0.0,0.0,0.0,1.0,1128299.0,0.0,0.0,0.0,0.0,1.0,1.0,0.0,46.0,28.0,6.0,2020.0,125
7.0,0.42,15.0,0.0,1.0,0.0,0.0,0.0,0.0,0.0,0.0,1.0,1197831.0,0.0,0.0,0.0,0.0,1.0,0.0,1.0,11.0,5.0,4.0,2021.0,215
45.0,0.55,39.0,0.0,1.0,0.0,0.0,0.0,0.0,0.0,0.0,1.0,1185732.0,0.0,0.0,0.0,0.0,1.0,1.0,0.0,43.0,10.0,12.0,2021.0,203
46.0,0.4,60.0,0.0,1.0,0.0,0.0,0.0,0.0,0.0,0.0,1.0,1128299.0,0.0,0.0,0.0,0.0,1.0,0.0,1.0,4.0,6.0,1.0,2021.0,975
26.0,0.5900000000000001,50.0,0.0,0.0,0.0,0.0,0.0,0.0,0.0,0.0,1.0,1128299.0,0.0,0.0,0.0,0.0,1.0,0.0,1.0,27.0,17.0,2.0,2020.0,152
47.0,0.25,80.00000000000001,0.0,0.0,0.0,0.0,0.0,0.0,0.0,0.0,1.0,1128299.0,0.0,0.0,0.0,0.0,1.0,0.0,0.0,46.0,17.0,7.0,2020.0,425
42.0,0.44999999999999996,48.0,0.0,1.0,0.0,0.0,0.0,0.0,0.0,0.0,1.0,1128299.0,0.0,0.0,0.0,0.0,1.0,1.0,0.0,36.0,25.0,5.0,2021.0,145
46.0,0.30000000000000004,62.0,1.0,0.0,0.0,0.0,0.0,0.0,0.0,0.0,1.0,1128299.0,0.0,0.0,0.0,0.0,1.0,1.0,0.0,4.0,26.0,12.0,2020.0,203
46.0,0.1,70.0,0.0,0.0,1.0,0.0,0.0,0.0,0.0,0.0,1.0,1128299.0,0.0,0.0,0.0,0.0,1.0,0.0,1.0,4.0,29.0,1.0,2021.0,775
42.0,0.37,41.0,0.0,0.0,1.0,0.0,0.0,0.0,0.0,0.0,1.0,1128299.0,0.0,0.0,0.0,0.0,1.0,0.0,1.0,36.0,24.0,10.0,2021.0,123
42.0,0.38999999999999996,33.0,0.0,0.0,0.0,1.0,0.0,0.0,0.0,0.0,1.0,1128299.0,0.0,0.0,0.0,0.0,1.0,0.0,1.0,36.0,25.0,5.0,2021.0,94
26.0,0.25,80.0,0.0,0.0,1.0,0.0,0.0,0.0,0.0,0.0,1.0,1128299.0,0.0,0.0,0.0,0.0,1.0,0.0,1.0,27.0,31.0,1.0,2020.0,450
26.0,0.15000000000000002,75.00000000000001,0.0,0.0,1.0,0.0,0.0,0.0,0.0,0.0,1.0,1128299.0,0.0,0.0,0.0,0.0,1.0,0.0,0.0,27.0,8.0,3.0,2020.0,475
26.0,0.45999999999999996,59.0,0.0,0.0,0.0,1.0,0.0,0.0,0.0,0.0,1.0,1128299.0,0.0,0.0,0.0,0.0,1.0,1.0,0.0,27.0,23.0,1.0,2020.0,75
7.0,0.41,34.0,0.0,0.0,0.0,0.0,1.0,0.0,0.0,0.0,1.0,1197831.0,0.0,0.0,0.0,0.0,1.0,0.0,1.0,11.0,4.0,6.0,2021.0,186
47.0,0.4,73.0,0.0,1.0,0.0,0.0,0.0,0.0,0.0,0.0,1.0,1128299.0,0.0,0.0,0.0,0.0,1.0,1.0,0.0,46.0,1.0,7.0,2020.0,239
42.0,0.3,85.00000000000001,0.0,0.0,1.0,0.0,0.0,0.0,0.0,0.0,1.0,1128299.0,0.0,0.0,0.0,0.0,1.0,0.0,0.0,36.0,23.0,12.0,2021.0,575
42.0,0.53,86.0,0.0,0.0,0.0,0.0,0.0,0.0,0.0,0.0,1.0,1128299.0,0.0,0.0,0.0,0.0,1.0,1.0,0.0,36.0,24.0,6.0,2021.0,108
46.0,0.41,59.0,0.0,0.0,0.0,1.0,0.0,0.0,0.0,0.0,1.0,1128299.0,0.0,0.0,0.0,0.0,1.0,1.0,0.0,4.0,21.0,1.0,2021.0,188
16.0,0.35,59.0,1.0,0.0,0.0,0.0,0.0,0.0,0.0,0.0,1.0,1128299.0,0.0,0.0,0.0,0.0,1.0,1.0,0.0,5.0,3.0,4.0,2020.0,94
42.0,0.49,76.0,1.0,0.0,0.0,0.0,0.0,0.0,0.0,0.0,1.0,1128299.0,0.0,0.0,0.0,0.0,1.0,1.0,0.0,36.0,24.0,8.0,2021.0,233
45.0,0.35,40.0,0.0,0.0,0.0,1.0,0.0,0.0,0.0,0.0,1.0,1128299.0,0.0,0.0,0.0,0.0,1.0,0.0,0.0,43.0,24.0,1.0,2021.0,200
26.0,0.48,43.0,0.0,1.0,0.0,0.0,0.0,0.0,0.0,0.0,1.0,1128299.0,0.0,0.0,0.0,0.0,1.0,0.0,1.0,27.0,26.0,1.0,2020.0,171
16.0,0.5,60.0,0.0,0.0,0.0,0.0,0.0,0.0,0.0,0.0,1.0,1128299.0,0.0,0.0,0.0,0.0,1.0,0.0,0.0,5.0,31.0,3.0,2020.0,150
26.0,0.53,61.0,0.0,0.0,0.0,0.0,1.0,0.0,0.0,0.0,1.0,1128299.0,0.0,0.0,0.0,0.0,1.0,1.0,0.0,27.0,22.0,1.0,2020.0,120
26.0,0.44999999999999996,47.0,0.0,0.0,0.0,1.0,0.0,0.0,0.0,0.0,1.0,1128299.0,0.0,0.0,0.0,0.0,1.0,0.0,1.0,27.0,4.0,2.0,2020.0,145
47.0,0.25,90.00000000000001,0.0,0.0,0.0,0.0,0.0,0.0,0.0,0.0,1.0,1128299.0,0.0,0.0,0.0,0.0,1.0,0.0,0.0,46.0,4.0,8.0,2020.0,475
45.0,0.5,44.99999999999999,0.0,0.0,1.0,0.0,0.0,0.0,0.0,0.0,1.0,1185732.0,0.0,0.0,0.0,0.0,1.0,0.0,0.0,43.0,12.0,5.0,2021.0,400
46.0,0.2,65.0,1.0,0.0,0.0,0.0,0.0,0.0,0.0,0.0,1.0,1128299.0,0.0,0.0,0.0,0.0,1.0,0.0,1.0,4.0,26.0,12.0,2020.0,675
46.0,0.35000000000000003,65.0,0.0,0.0,0.0,0.0,1.0,0.0,0.0,0.0,1.0,1128299.0,0.0,0.0,0.0,0.0,1.0,0.0,1.0,4.0,14.0,1.0,2021.0,825
16.0,0.25,72.0,0.0,0.0,1.0,0.0,0.0,0.0,0.0,0.0,1.0,1128299.0,0.0,0.0,0.0,0.0,1.0,1.0,0.0,5.0,7.0,4.0,2020.0,98
42.0,0.35,75.00000000000003,1.0,0.0,0.0,0.0,0.0,0.0,0.0,0.0,1.0,1128299.0,0.0,0.0,0.0,0.0,1.0,0.0,0.0,36.0,23.0,12.0,2021.0,750
46.0,0.45000000000000007,65.0,0.0,0.0,0.0,0.0,0.0,0.0,0.0,0.0,1.0,1128299.0,0.0,0.0,0.0,0.0,1.0,0.0,1.0,4.0,3.0,2.0,2021.0,650
47.0,0.39,73.0,0.0,0.0,0.0,0.0,1.0,0.0,0.0,0.0,1.0,1128299.0,0.0,0.0,0.0,0.0,1.0,1.0,0.0,46.0,2.0,8.0,2020.0,138
26.0,0.6500000000000001,47.0,0.0,0.0,0.0,0.0,0.0,0.0,0.0,0.0,1.0,1128299.0,0.0,0.0,0.0,0.0,1.0,0.0,1.0,27.0,5.0,2.0,2020.0,105
42.0,0.42000000000000004,48.0,0.0,0.0,0.0,0.0,0.0,0.0,0.0,0.0,1.0,1128299.0,0.0,0.0,0.0,0.0,1.0,0.0,1.0,36.0,25.0,9.0,2021.0,77
46.0,0.3,50.0,0.0,0.0,0.0,1.0,0.0,0.0,0.0,0.0,1.0,1128299.0,0.0,0.0,0.0,0.0,1.0,0.0,1.0,4.0,10.0,11.0,2020.0,575
7.0,0.41,22.0,1.0,0.0,0.0,0.0,0.0,0.0,0.0,0.0,1.0,1197831.0,0.0,0.0,0.0,0.0,1.0,0.0,1.0,11.0,5.0,5.0,2021.0,247
26.0,0.48,46.0,0.0,0.0,0.0,0.0,1.0,0.0,0.0,0.0,1.0,1128299.0,0.0,0.0,0.0,0.0,1.0,0.0,1.0,27.0,3.0,2.0,2020.0,176
26.0,0.25,80.0,0.0,0.0,1.0,0.0,0.0,0.0,0.0,0.0,1.0,1128299.0,0.0,0.0,0.0,0.0,1.0,0.0,1.0,27.0,6.0,2.0,2020.0,600
16.0,0.44999999999999996,36.0,0.0,0.0,0.0,1.0,0.0,0.0,0.0,0.0,1.0,1128299.0,0.0,0.0,0.0,0.0,1.0,1.0,0.0,5.0,24.0,3.0,2020.0,72
42.0,0.38999999999999996,29.0,0.0,1.0,0.0,0.0,0.0,0.0,0.0,0.0,1.0,1128299.0,0.0,0.0,0.0,0.0,1.0,0.0,1.0,36.0,24.0,10.0,2021.0,119
42.0,0.42,41.0,0.0,0.0,1.0,0.0,0.0,0.0,0.0,0.0,1.0,1128299.0,0.0,0.0,0.0,0.0,1.0,1.0,0.0,36.0,25.0,9.0,2021.0,73
42.0,0.35,50.000000000000014,0.0,1.0,0.0,0.0,0.0,0.0,0.0,0.0,1.0,1128299.0,0.0,0.0,0.0,0.0,1.0,0.0,0.0,36.0,25.0,9.0,2021.0,450
45.0,0.46,13.0,0.0,0.0,0.0,1.0,0.0,0.0,0.0,0.0,1.0,1185732.0,0.0,0.0,0.0,0.0,1.0,0.0,1.0,43.0,11.0,10.0,2021.0,94
45.0,0.49,19.0,0.0,0.0,0.0,0.0,1.0,0.0,0.0,0.0,1.0,1185732.0,0.0,0.0,0.0,0.0,1.0,1.0,0.0,43.0,11.0,6.0,2021.0,115
16.0,0.25,50.0,0.0,0.0,0.0,0.0,1.0,0.0,0.0,0.0,1.0,1128299.0,0.0,0.0,0.0,0.0,1.0,0.0,0.0,5.0,28.0,5.0,2020.0,450
26.0,0.55,50.0,0.0,0.0,0.0,0.0,0.0,0.0,0.0,0.0,1.0,1128299.0,0.0,0.0,0.0,0.0,1.0,0.0,1.0,27.0,6.0,1.0,2020.0,250
42.0,0.4,55.00000000000001,0.0,0.0,0.0,0.0,0.0,0.0,0.0,0.0,1.0,1128299.0,0.0,0.0,0.0,0.0,1.0,0.0,0.0,36.0,23.0,3.0,2021.0,100
42.0,0.42000000000000004,53.0,0.0,0.0,0.0,0.0,0.0,0.0,0.0,0.0,1.0,1128299.0,0.0,0.0,0.0,0.0,1.0,0.0,1.0,36.0,24.0,8.0,2021.0,136
46.0,0.4,55.0,0.0,0.0,0.0,1.0,0.0,0.0,0.0,0.0,1.0,1128299.0,0.0,0.0,0.0,0.0,1.0,1.0,0.0,4.0,15.0,1.0,2021.0,218
46.0,0.2,41.0,0.0,0.0,1.0,0.0,0.0,0.0,0.0,0.0,1.0,1128299.0,0.0,0.0,0.0,0.0,1.0,0.0,1.0,4.0,24.0,12.0,2020.0,245
42.0,0.35,80.0,0.0,0.0,0.0,0.0,1.0,0.0,0.0,0.0,1.0,1128299.0,0.0,0.0,0.0,0.0,1.0,0.0,0.0,36.0,24.0,6.0,2021.0,650
16.0,0.55,60.0,0.0,0.0,0.0,0.0,1.0,0.0,0.0,0.0,1.0,1128299.0,0.0,0.0,0.0,0.0,1.0,1.0,0.0,5.0,22.0,5.0,2020.0,125
16.0,0.44999999999999996,63.0,0.0,0.0,0.0,1.0,0.0,0.0,0.0,0.0,1.0,1128299.0,0.0,0.0,0.0,0.0,1.0,1.0,0.0,5.0,23.0,5.0,2020.0,125
42.0,0.42,97.0,0.0,0.0,1.0,0.0,0.0,0.0,0.0,0.0,1.0,1128299.0,0.0,0.0,0.0,0.0,1.0,1.0,0.0,36.0,23.0,7.0,2021.0,150
47.0,0.34,98.0,0.0,0.0,1.0,0.0,0.0,0.0,0.0,0.0,1.0,1128299.0,0.0,0.0,0.0,0.0,1.0,1.0,0.0,46.0,30.0,6.0,2020.0,182
47.0,0.3,60.00000000000001,0.0,0.0,0.0,1.0,0.0,0.0,0.0,0.0,1.0,1128299.0,0.0,0.0,0.0,0.0,1.0,0.0,0.0,46.0,22.0,7.0,2020.0,350
42.0,0.55,41.0,0.0,0.0,0.0,0.0,0.0,0.0,0.0,0.0,1.0,1128299.0,0.0,0.0,0.0,0.0,1.0,1.0,0.0,36.0,25.0,5.0,2021.0,44
47.0,0.3,70.00000000000001,0.0,0.0,0.0,1.0,0.0,0.0,0.0,0.0,1.0,1128299.0,0.0,0.0,0.0,0.0,1.0,0.0,0.0,46.0,16.0,7.0,2020.0,400
42.0,0.48,81.0,0.0,1.0,0.0,0.0,0.0,0.0,0.0,0.0,1.0,1128299.0,0.0,0.0,0.0,0.0,1.0,1.0,0.0,36.0,24.0,8.0,2021.0,200
26.0,0.35000000000000003,60.00000000000001,0.0,0.0,0.0,0.0,1.0,0.0,0.0,0.0,1.0,1128299.0,0.0,0.0,0.0,0.0,1.0,0.0,0.0,27.0,5.0,3.0,2020.0,425
47.0,0.31,46.0,0.0,0.0,1.0,0.0,0.0,0.0,0.0,0.0,1.0,1128299.0,0.0,0.0,0.0,0.0,1.0,1.0,0.0,46.0,31.0,5.0,2020.0,125
16.0,0.45999999999999996,60.0,1.0,0.0,0.0,0.0,0.0,0.0,0.0,0.0,1.0,1128299.0,0.0,0.0,0.0,0.0,1.0,1.0,0.0,5.0,9.0,4.0,2020.0,105
26.0,0.5900000000000001,62.0,0.0,0.0,0.0,0.0,1.0,0.0,0.0,0.0,1.0,1128299.0,0.0,0.0,0.0,0.0,1.0,1.0,0.0,27.0,3.0,2.0,2020.0,165
45.0,0.35,35.0,0.0,0.0,0.0,0.0,0.0,0.0,0.0,0.0,1.0,1185732.0,0.0,0.0,0.0,0.0,1.0,0.0,0.0,43.0,11.0,2.0,2021.0,375
16.0,0.2,49.99999999999999,1.0,0.0,0.0,0.0,0.0,0.0,0.0,0.0,1.0,1128299.0,0.0,0.0,0.0,0.0,1.0,0.0,0.0,5.0,28.0,3.0,2020.0,400
47.0,0.25,60.0,1.0,0.0,0.0,0.0,0.0,0.0,0.0,0.0,1.0,1128299.0,0.0,0.0,0.0,0.0,1.0,0.0,0.0,46.0,8.0,6.0,2020.0,425
45.0,0.48,24.0,0.0,0.0,0.0,0.0,1.0,0.0,0.0,0.0,1.0,1185732.0,0.0,0.0,0.0,0.0,1.0,1.0,0.0,43.0,10.0,7.0,2021.0,138
46.0,0.49000000000000005,49.0,0.0,0.0,0.0,0.0,1.0,0.0,0.0,0.0,1.0,1128299.0,0.0,0.0,0.0,0.0,1.0,1.0,0.0,4.0,9.0,11.0,2020.0,196
42.0,0.32,36.0,0.0,0.0,1.0,0.0,0.0,0.0,0.0,0.0,1.0,1128299.0,0.0,0.0,0.0,0.0,1.0,0.0,1.0,36.0,25.0,9.0,2021.0,85
45.0,0.43000000000000005,13.0,0.0,0.0,0.0,1.0,0.0,0.0,0.0,0.0,1.0,1185732.0,0.0,0.0,0.0,0.0,1.0,0.0,1.0,43.0,11.0,6.0,2021.0,132
26.0,0.21000000000000002,51.0,0.0,0.0,1.0,0.0,0.0,0.0,0.0,0.0,1.0,1128299.0,0.0,0.0,0.0,0.0,1.0,0.0,1.0,27.0,8.0,3.0,2020.0,162
45.0,0.5,19.0,1.0,0.0,0.0,0.0,0.0,0.0,0.0,0.0,1.0,1185732.0,0.0,0.0,0.0,0.0,1.0,1.0,0.0,43.0,11.0,10.0,2021.0,100
26.0,0.4,50.0,1.0,0.0,0.0,0.0,0.0,0.0,0.0,0.0,1.0,1128299.0,0.0,0.0,0.0,0.0,1.0,1.0,0.0,27.0,15.0,1.0,2020.0,120
26.0,0.4,20.0,0.0,1.0,0.0,0.0,0.0,0.0,0.0,0.0,1.0,1128299.0,0.0,0.0,0.0,0.0,1.0,0.0,1.0,27.0,15.0,3.0,2020.0,149
47.0,0.2,50.0,0.0,0.0,1.0,0.0,0.0,0.0,0.0,0.0,1.0,1128299.0,0.0,0.0,0.0,0.0,1.0,0.0,0.0,46.0,6.0,6.0,2020.0,425
7.0,0.5,45.0,0.0,0.0,1.0,0.0,0.0,0.0,0.0,0.0,1.0,1197831.0,0.0,0.0,0.0,0.0,1.0,1.0,0.0,11.0,5.0,5.0,2021.0,750
16.0,0.53,59.0,0.0,1.0,0.0,0.0,0.0,0.0,0.0,0.0,1.0,1128299.0,0.0,0.0,0.0,0.0,1.0,1.0,0.0,5.0,2.0,5.0,2020.0,162
45.0,0.43000000000000005,22.0,0.0,1.0,0.0,0.0,0.0,0.0,0.0,0.0,1.0,1185732.0,0.0,0.0,0.0,0.0,1.0,0.0,1.0,43.0,11.0,11.0,2021.0,165
47.0,0.31,88.0,0.0,0.0,1.0,0.0,0.0,0.0,0.0,0.0,1.0,1128299.0,0.0,0.0,0.0,0.0,1.0,1.0,0.0,46.0,30.0,7.0,2020.0,138
26.0,0.5,28.0,0.0,1.0,0.0,0.0,0.0,0.0,0.0,0.0,1.0,1128299.0,0.0,0.0,0.0,0.0,1.0,1.0,0.0,27.0,15.0,3.0,2020.0,123
46.0,0.21000000000000002,67.0,0.0,0.0,1.0,0.0,0.0,0.0,0.0,0.0,1.0,1128299.0,0.0,0.0,0.0,0.0,1.0,1.0,0.0,4.0,10.0,2.0,2021.0,202
26.0,0.44,48.0,0.0,1.0,0.0,0.0,0.0,0.0,0.0,0.0,1.0,1128299.0,0.0,0.0,0.0,0.0,1.0,0.0,1.0,27.0,7.0,2.0,2020.0,233
42.0,0.45999999999999996,51.0,0.0,0.0,0.0,1.0,0.0,0.0,0.0,0.0,1.0,1128299.0,0.0,0.0,0.0,0.0,1.0,1.0,0.0,36.0,24.0,11.0,2021.0,131
26.0,0.5000000000000001,70.0,0.0,0.0,0.0,0.0,0.0,0.0,0.0,0.0,1.0,1128299.0,0.0,0.0,0.0,0.0,1.0,0.0,0.0,27.0,1.0,3.0,2020.0,325
46.0,0.35,60.0,0.0,0.0,0.0,1.0,0.0,0.0,0.0,0.0,1.0,1128299.0,0.0,0.0,0.0,0.0,1.0,0.0,1.0,4.0,3.0,1.0,2021.0,650
16.0,0.5,60.0,0.0,1.0,0.0,0.0,0.0,0.0,0.0,0.0,1.0,1128299.0,0.0,0.0,0.0,0.0,1.0,0.0,0.0,5.0,14.0,4.0,2020.0,725
45.0,0.5700000000000001,27.0,0.0,0.0,1.0,0.0,0.0,0.0,0.0,0.0,1.0,1185732.0,0.0,0.0,0.0,0.0,1.0,0.0,1.0,43.0,11.0,8.0,2021.0,184
42.0,0.53,33.0,0.0,1.0,0.0,0.0,0.0,0.0,0.0,0.0,1.0,1128299.0,0.0,0.0,0.0,0.0,1.0,1.0,0.0,36.0,17.0,2.0,2021.0,140
16.0,0.31,73.0,0.0,0.0,1.0,0.0,0.0,0.0,0.0,0.0,1.0,1128299.0,0.0,0.0,0.0,0.0,1.0,1.0,0.0,5.0,19.0,5.0,2020.0,130
46.0,0.5,56.0,0.0,1.0,0.0,0.0,0.0,0.0,0.0,0.0,1.0,1128299.0,0.0,0.0,0.0,0.0,1.0,1.0,0.0,4.0,6.0,1.0,2021.0,273
47.0,0.41,55.0,0.0,1.0,0.0,0.0,0.0,0.0,0.0,0.0,1.0,1128299.0,0.0,0.0,0.0,0.0,1.0,1.0,0.0,46.0,19.0,6.0,2020.0,165
46.0,0.24999999999999997,55.00000000000001,0.0,0.0,0.0,1.0,0.0,0.0,0.0,0.0,1.0,1128299.0,0.0,0.0,0.0,0.0,1.0,0.0,1.0,4.0,27.0,1.0,2021.0,725
47.0,0.35,71.0,0.0,0.0,1.0,0.0,0.0,0.0,0.0,0.0,1.0,1128299.0,0.0,0.0,0.0,0.0,1.0,1.0,0.0,46.0,24.0,7.0,2020.0,101
42.0,0.53,65.0,0.0,0.0,0.0,0.0,0.0,0.0,0.0,0.0,1.0,1128299.0,0.0,0.0,0.0,0.0,1.0,1.0,0.0,36.0,24.0,8.0,2021.0,128
26.0,0.37000000000000005,47.0,0.0,1.0,0.0,0.0,0.0,0.0,0.0,0.0,1.0,1128299.0,0.0,0.0,0.0,0.0,1.0,0.0,1.0,27.0,9.0,3.0,2020.0,216
26.0,0.27,46.0,1.0,0.0,0.0,0.0,0.0,0.0,0.0,0.0,1.0,1128299.0,0.0,0.0,0.0,0.0,1.0,0.0,1.0,27.0,8.0,2.0,2020.0,204
47.0,0.4,52.0,0.0,0.0,0.0,0.0,0.0,0.0,0.0,0.0,1.0,1128299.0,0.0,0.0,0.0,0.0,1.0,1.0,0.0,46.0,5.0,6.0,2020.0,65
7.0,0.42999999999999994,40.0,1.0,0.0,0.0,0.0,0.0,0.0,0.0,0.0,1.0,1197831.0,0.0,0.0,0.0,0.0,1.0,0.0,1.0,11.0,6.0,7.0,2021.0,271
46.0,0.5,65.0,0.0,0.0,0.0,0.0,0.0,0.0,0.0,0.0,1.0,1128299.0,0.0,0.0,0.0,0.0,1.0,0.0,1.0,4.0,23.0,12.0,2020.0,500
26.0,0.6000000000000001,69.0,0.0,0.0,0.0,0.0,0.0,0.0,0.0,0.0,1.0,1128299.0,0.0,0.0,0.0,0.0,1.0,1.0,0.0,27.0,13.0,3.0,2020.0,112
42.0,0.35,54.99999999999999,0.0,1.0,0.0,0.0,0.0,0.0,0.0,0.0,1.0,1128299.0,0.0,0.0,0.0,0.0,1.0,0.0,0.0,36.0,24.0,6.0,2021.0,775
46.0,0.37,63.0,1.0,0.0,0.0,0.0,0.0,0.0,0.0,0.0,1.0,1128299.0,0.0,0.0,0.0,0.0,1.0,1.0,0.0,4.0,7.0,1.0,2021.0,248
46.0,0.39,46.0,0.0,0.0,0.0,0.0,1.0,0.0,0.0,0.0,1.0,1128299.0,0.0,0.0,0.0,0.0,1.0,0.0,1.0,4.0,27.0,12.0,2020.0,254
26.0,0.6100000000000001,37.0,0.0,0.0,0.0,0.0,0.0,0.0,0.0,0.0,1.0,1128299.0,0.0,0.0,0.0,0.0,1.0,0.0,1.0,27.0,12.0,1.0,2020.0,70
42.0,0.44999999999999996,67.0,0.0,0.0,0.0,0.0,1.0,0.0,0.0,0.0,1.0,1128299.0,0.0,0.0,0.0,0.0,1.0,1.0,0.0,36.0,23.0,12.0,2021.0,165
42.0,0.35,60.00000000000001,0.0,0.0,0.0,0.0,1.0,0.0,0.0,0.0,1.0,1128299.0,0.0,0.0,0.0,0.0,1.0,0.0,0.0,36.0,24.0,4.0,2021.0,325
46.0,0.42,47.0,0.0,0.0,0.0,1.0,0.0,0.0,0.0,0.0,1.0,1128299.0,0.0,0.0,0.0,0.0,1.0,1.0,0.0,4.0,10.0,11.0,2020.0,150
42.0,0.49,46.0,0.0,0.0,0.0,0.0,1.0,0.0,0.0,0.0,1.0,1128299.0,0.0,0.0,0.0,0.0,1.0,1.0,0.0,36.0,24.0,10.0,2021.0,91
26.0,0.53,58.0,0.0,1.0,0.0,0.0,0.0,0.0,0.0,0.0,1.0,1128299.0,0.0,0.0,0.0,0.0,1.0,1.0,0.0,27.0,7.0,2.0,2020.0,218
16.0,0.6,59.0,0.0,0.0,0.0,0.0,1.0,0.0,0.0,0.0,1.0,1128299.0,0.0,0.0,0.0,0.0,1.0,1.0,0.0,5.0,10.0,4.0,2020.0,98
42.0,0.35,70.00000000000001,0.0,0.0,0.0,1.0,0.0,0.0,0.0,0.0,1.0,1128299.0,0.0,0.0,0.0,0.0,1.0,0.0,0.0,36.0,23.0,12.0,2021.0,550
26.0,0.30000000000000004,78.0,0.0,0.0,1.0,0.0,0.0,0.0,0.0,0.0,1.0,1128299.0,0.0,0.0,0.0,0.0,1.0,1.0,0.0,27.0,12.0,2.0,2020.0,145
45.0,0.35,20.000000000000007,0.0,0.0,0.0,0.0,1.0,0.0,0.0,0.0,1.0,1185732.0,0.0,0.0,0.0,0.0,1.0,0.0,0.0,43.0,11.0,6.0,2021.0,425
16.0,0.5500000000000002,65.0,0.0,0.0,0.0,0.0,0.0,0.0,0.0,0.0,1.0,1128299.0,0.0,0.0,0.0,0.0,1.0,0.0,0.0,5.0,12.0,5.0,2020.0,300
47.0,0.38,60.0,0.0,0.0,0.0,0.0,0.0,0.0,0.0,0.0,1.0,1128299.0,0.0,0.0,0.0,0.0,1.0,1.0,0.0,46.0,23.0,6.0,2020.0,52
42.0,0.35,70.00000000000001,0.0,0.0,0.0,0.0,1.0,0.0,0.0,0.0,1.0,1128299.0,0.0,0.0,0.0,0.0,1.0,0.0,0.0,36.0,23.0,12.0,2021.0,550
42.0,0.4,60.00000000000001,0.0,0.0,0.0,0.0,0.0,0.0,0.0,0.0,1.0,1128299.0,0.0,0.0,0.0,0.0,1.0,0.0,0.0,36.0,25.0,9.0,2021.0,225
47.0,0.25,75.0,1.0,0.0,0.0,0.0,0.0,0.0,0.0,0.0,1.0,1128299.0,0.0,0.0,0.0,0.0,1.0,0.0,0.0,46.0,14.0,6.0,2020.0,350
45.0,0.53,18.0,0.0,0.0,0.0,1.0,0.0,0.0,0.0,0.0,1.0,1185732.0,0.0,0.0,0.0,0.0,1.0,1.0,0.0,43.0,11.0,4.0,2021.0,70
47.0,0.25,65.0,0.0,0.0,0.0,0.0,0.0,0.0,0.0,0.0,1.0,1128299.0,0.0,0.0,0.0,0.0,1.0,0.0,0.0,46.0,23.0,6.0,2020.0,200
26.0,0.44,58.0,0.0,0.0,0.0,1.0,0.0,0.0,0.0,0.0,1.0,1128299.0,0.0,0.0,0.0,0.0,1.0,1.0,0.0,27.0,22.0,2.0,2020.0,112
7.0,0.55,33.0,0.0,0.0,1.0,0.0,0.0,0.0,0.0,0.0,1.0,1197831.0,0.0,0.0,0.0,0.0,1.0,0.0,1.0,11.0,5.0,5.0,2021.0,240
42.0,0.35,40.0,0.0,0.0,0.0,1.0,0.0,0.0,0.0,0.0,1.0,1128299.0,0.0,0.0,0.0,0.0,1.0,0.0,0.0,36.0,24.0,2.0,2021.0,200
16.0,0.38,64.0,1.0,0.0,0.0,0.0,0.0,0.0,0.0,0.0,1.0,1128299.0,0.0,0.0,0.0,0.0,1.0,1.0,0.0,5.0,21.0,5.0,2020.0,182
47.0,0.35,95.0,0.0,0.0,1.0,0.0,0.0,0.0,0.0,0.0,1.0,1128299.0,0.0,0.0,0.0,0.0,1.0,1.0,0.0,46.0,6.0,7.0,2020.0,155
47.0,0.31,46.0,0.0,0.0,1.0,0.0,0.0,0.0,0.0,0.0,1.0,1128299.0,0.0,0.0,0.0,0.0,1.0,1.0,0.0,46.0,6.0,6.0,2020.0,123
16.0,0.6,64.0,0.0,1.0,0.0,0.0,0.0,0.0,0.0,0.0,1.0,1128299.0,0.0,0.0,0.0,0.0,1.0,1.0,0.0,5.0,20.0,4.0,2020.0,202
46.0,0.15,60.00000000000001,1.0,0.0,0.0,0.0,0.0,0.0,0.0,0.0,1.0,1128299.0,0.0,0.0,0.0,0.0,1.0,0.0,1.0,4.0,25.0,1.0,2021.0,925
26.0,0.2,54.99999999999999,0.0,0.0,1.0,0.0,0.0,0.0,0.0,0.0,1.0,1128299.0,0.0,0.0,0.0,0.0,1.0,0.0,1.0,27.0,19.0,1.0,2020.0,375
16.0,0.4,65.00000000000001,0.0,1.0,0.0,0.0,0.0,0.0,0.0,0.0,1.0,1128299.0,0.0,0.0,0.0,0.0,1.0,0.0,0.0,5.0,2.0,5.0,2020.0,600
42.0,0.35,55.000000000000014,0.0,0.0,0.0,1.0,0.0,0.0,0.0,0.0,1.0,1128299.0,0.0,0.0,0.0,0.0,1.0,0.0,0.0,36.0,24.0,11.0,2021.0,450
46.0,0.44999999999999996,56.0,0.0,0.0,0.0,1.0,0.0,0.0,0.0,0.0,1.0,1128299.0,0.0,0.0,0.0,0.0,1.0,1.0,0.0,4.0,3.0,1.0,2021.0,182
45.0,0.49,19.0,0.0,0.0,0.0,0.0,1.0,0.0,0.0,0.0,1.0,1185732.0,0.0,0.0,0.0,0.0,1.0,1.0,0.0,43.0,11.0,10.0,2021.0,87
26.0,0.43000000000000005,31.0,0.0,0.0,0.0,0.0,1.0,0.0,0.0,0.0,1.0,1128299.0,0.0,0.0,0.0,0.0,1.0,0.0,1.0,27.0,10.0,1.0,2020.0,140
7.0,0.48,47.0,0.0,0.0,0.0,0.0,1.0,0.0,0.0,0.0,1.0,1197831.0,0.0,0.0,0.0,0.0,1.0,1.0,0.0,11.0,4.0,6.0,2021.0,174
46.0,0.30000000000000004,55.00000000000001,0.0,1.0,0.0,0.0,0.0,0.0,0.0,0.0,1.0,1128299.0,0.0,0.0,0.0,0.0,1.0,0.0,1.0,4.0,11.0,2.0,2021.0,975
26.0,0.35,43.0,0.0,0.0,0.0,1.0,0.0,0.0,0.0,0.0,1.0,1128299.0,0.0,0.0,0.0,0.0,1.0,0.0,1.0,27.0,22.0,2.0,2020.0,124
26.0,0.4,60.0,0.0,1.0,0.0,0.0,0.0,0.0,0.0,0.0,1.0,1128299.0,0.0,0.0,0.0,0.0,1.0,0.0,1.0,27.0,7.0,2.0,2020.0,750
7.0,0.49,33.0,0.0,0.0,0.0,1.0,0.0,0.0,0.0,0.0,1.0,1197831.0,0.0,0.0,0.0,0.0,1.0,0.0,1.0,11.0,4.0,6.0,2021.0,187
46.0,0.1,70.0,0.0,0.0,1.0,0.0,0.0,0.0,0.0,0.0,1.0,1128299.0,0.0,0.0,0.0,0.0,1.0,0.0,1.0,4.0,16.0,2.0,2021.0,800
46.0,0.24999999999999997,55.00000000000001,0.0,0.0,0.0,1.0,0.0,0.0,0.0,0.0,1.0,1128299.0,0.0,0.0,0.0,0.0,1.0,0.0,1.0,4.0,8.0,2.0,2021.0,700
42.0,0.35,50.000000000000014,1.0,0.0,0.0,0.0,0.0,0.0,0.0,0.0,1.0,1128299.0,0.0,0.0,0.0,0.0,1.0,0.0,0.0,36.0,24.0,11.0,2021.0,650
7.0,0.32,27.0,0.0,0.0,0.0,0.0,0.0,0.0,0.0,0.0,1.0,1197831.0,0.0,0.0,0.0,0.0,1.0,0.0,1.0,11.0,5.0,4.0,2021.0,91
46.0,0.33,72.0,0.0,0.0,1.0,0.0,0.0,0.0,0.0,0.0,1.0,1128299.0,0.0,0.0,0.0,0.0,1.0,1.0,0.0,4.0,5.0,1.0,2021.0,189
7.0,0.53,25.0,0.0,0.0,1.0,0.0,0.0,0.0,0.0,0.0,1.0,1197831.0,0.0,0.0,0.0,0.0,1.0,0.0,1.0,11.0,6.0,3.0,2021.0,124
45.0,0.38,28.0,0.0,0.0,0.0,0.0,0.0,0.0,0.0,0.0,1.0,1185732.0,0.0,0.0,0.0,0.0,1.0,0.0,1.0,43.0,10.0,7.0,2021.0,140
42.0,0.44999999999999996,95.0,0.0,0.0,1.0,0.0,0.0,0.0,0.0,0.0,1.0,1128299.0,0.0,0.0,0.0,0.0,1.0,1.0,0.0,36.0,24.0,6.0,2021.0,189
26.0,0.55,50.0,0.0,0.0,0.0,0.0,0.0,0.0,0.0,0.0,1.0,1128299.0,0.0,0.0,0.0,0.0,1.0,0.0,1.0,27.0,12.0,1.0,2020.0,200
47.0,0.37,64.0,1.0,0.0,0.0,0.0,0.0,0.0,0.0,0.0,1.0,1128299.0,0.0,0.0,0.0,0.0,1.0,1.0,0.0,46.0,20.0,7.0,2020.0,138
47.0,0.38,82.0,0.0,0.0,0.0,0.0,0.0,0.0,0.0,0.0,1.0,1128299.0,0.0,0.0,0.0,0.0,1.0,1.0,0.0,46.0,4.0,8.0,2020.0,133
16.0,0.5,38.0,0.0,0.0,0.0,0.0,1.0,0.0,0.0,0.0,1.0,1128299.0,0.0,0.0,0.0,0.0,1.0,1.0,0.0,5.0,23.0,3.0,2020.0,123
16.0,0.4,65.00000000000001,0.0,0.0,0.0,0.0,1.0,0.0,0.0,0.0,1.0,1128299.0,0.0,0.0,0.0,0.0,1.0,0.0,0.0,5.0,4.0,5.0,2020.0,450
47.0,0.25,65.00000000000001,1.0,0.0,0.0,0.0,0.0,0.0,0.0,0.0,1.0,1128299.0,0.0,0.0,0.0,0.0,1.0,0.0,0.0,46.0,26.0,7.0,2020.0,625
46.0,0.5,55.00000000000001,0.0,0.0,0.0,0.0,0.0,0.0,0.0,0.0,1.0,1128299.0,0.0,0.0,0.0,0.0,1.0,0.0,1.0,4.0,5.0,11.0,2020.0,575
16.0,0.35,65.00000000000001,0.0,0.0,0.0,1.0,0.0,0.0,0.0,0.0,1.0,1128299.0,0.0,0.0,0.0,0.0,1.0,0.0,0.0,5.0,17.0,5.0,2020.0,400
46.0,0.15000000000000002,56.0,0.0,0.0,1.0,0.0,0.0,0.0,0.0,0.0,1.0,1128299.0,0.0,0.0,0.0,0.0,1.0,0.0,1.0,4.0,10.0,2.0,2021.0,256
47.0,0.2,100.0,0.0,0.0,1.0,0.0,0.0,0.0,0.0,0.0,1.0,1128299.0,0.0,0.0,0.0,0.0,1.0,0.0,0.0,46.0,30.0,6.0,2020.0,675
45.0,0.53,23.0,0.0,0.0,0.0,1.0,0.0,0.0,0.0,0.0,1.0,1185732.0,0.0,0.0,0.0,0.0,1.0,1.0,0.0,43.0,10.0,3.0,2021.0,73
16.0,0.48000000000000004,37.0,0.0,1.0,0.0,0.0,0.0,0.0,0.0,0.0,1.0,1128299.0,0.0,0.0,0.0,0.0,1.0,1.0,0.0,5.0,27.0,3.0,2020.0,165
16.0,0.45999999999999996,53.0,0.0,0.0,0.0,1.0,0.0,0.0,0.0,0.0,1.0,1128299.0,0.0,0.0,0.0,0.0,1.0,1.0,0.0,5.0,11.0,5.0,2020.0,85
45.0,0.45999999999999996,14.0,0.0,0.0,0.0,0.0,1.0,0.0,0.0,0.0,1.0,1185732.0,0.0,0.0,0.0,0.0,1.0,1.0,0.0,43.0,11.0,4.0,2021.0,98
42.0,0.39999999999999997,36.0,1.0,0.0,0.0,0.0,0.0,0.0,0.0,0.0,1.0,1128299.0,0.0,0.0,0.0,0.0,1.0,0.0,1.0,36.0,25.0,5.0,2021.0,109
42.0,0.5,74.0,0.0,0.0,0.0,1.0,0.0,0.0,0.0,0.0,1.0,1128299.0,0.0,0.0,0.0,0.0,1.0,1.0,0.0,36.0,24.0,6.0,2021.0,158
45.0,0.51,28.0,0.0,1.0,0.0,0.0,0.0,0.0,0.0,0.0,1.0,1185732.0,0.0,0.0,0.0,0.0,1.0,1.0,0.0,43.0,11.0,6.0,2021.0,182
45.0,0.35,40.0,0.0,0.0,0.0,0.0,1.0,0.0,0.0,0.0,1.0,1128299.0,0.0,0.0,0.0,0.0,1.0,0.0,0.0,43.0,24.0,1.0,2021.0,350
